Incident_ID,Year,Street_Name,Cross_Street,Distance,Junction_Relation,Total_Injuries,Total_Fatalities,Injury_Severity,Collision_Manner,Light_Condition,Weather,Surface_Condition,Age_1,Gender_1,Travel_One,UnitAction_One,Violation1_Drv1,AlcoholUse_ 1,DrugUse_1,Age_2,Gender_2,TravelDirection_2,UnitAction_2,Violation_2,AlcoholUse_2,DrugUse_2,Latitude,Longitude,Date,Time
3505310,2019,Rural Rd,6th St,0.0,Intersection 4 Way 202,0.0,0.0,No Injury,Left Turn,Daylight,Clear,Dry,31.0,Male,South,Making Left Turn,Failed To Yield Right Of Way,No Apparent Influence,No Apparent Influence,31.0,Male,North,Going Straight Ahead,No Improper Action,No Apparent Influence,No Apparent Influence,33.4245,-111.9263,2019-03-14,20:38:00
3501355,2019,Elliot Rd,Price Rd,0.0,Intersection 201,0.0,0.0,No Injury,Left Turn,Daylight,Unknown,Dry,56.0,Female,East,Going Straight Ahead,Disregarded Traffic Signal,No Apparent Influence,No Apparent Influence,39.0,Male,West,Making Left Turn,No Improper Action,No Apparent Influence,No Apparent Influence,33.34934,-111.89437,2019-03-14,20:59:00
3506321,2019,McClintock Dr,University Dr,45.0,Intersection Related 206,0.0,0.0,No Injury,Rear End,Daylight,Clear,Dry,43.0,Female,South,Going Straight Ahead,Speed To Fast For Conditions,No Apparent Influence,No Apparent Influence,24.0,Female,South,Stopped In Trafficway,No Improper Action,No Apparent Influence,No Apparent Influence,33.42211,-111.9091,2019-03-14,23:39:00
3501210,2019,Rural Rd,Alameda Dr,0.0,Intersection 4 Way 202,2.0,0.0,Possible Injury,Left Turn,Daylight,Clear,Dry,20.0,Female,South,Making Left Turn,Failed To Yield Right Of Way,No Apparent Influence,No Apparent Influence,69.0,Male,North,Going Straight Ahead,No Improper Action,No Apparent Influence,No Apparent Influence,33.40023,-111.92631,2019-03-15,00:11:00
3501252,2019,University Dr,Margo Dr,-100.0,Driveway Or Alley,0.0,0.0,No Injury,Angle - Other Than Left Turn 2,Daylight,Clear,Dry,22.0,Male,South,Other,Failed To Yield Right Of Way,No Apparent Influence,No Apparent Influence,24.0,Male,West,Going Straight Ahead,No Improper Action,No Apparent Influence,No Apparent Influence,33.42194,-111.95892,2019-03-15,00:54:00
3502295,2019,Broadway Rd,Roosevelt St,130.0,Not Junction Related,0.0,0.0,No Injury,Rear End,Dusk,Clear,Dry,40.0,Male,East,Going Straight Ahead,Speed To Fast For Conditions,No Apparent Influence,No Apparent Influence,75.0,Male,East,Stopped In Trafficway,No Improper Action,No Apparent Influence,No Apparent Influence,33.40738,-111.94743,2019-03-15,01:16:00
3501832,2019,Scottsdale Rd,Curry Rd,150.0,Intersection Related 206,0.0,0.0,No Injury,Rear End,Dark Lighted,Clear,Dry,19.0,Male,South,Going Straight Ahead,Followed Too Closely,No Apparent Influence,No Apparent Influence,30.0,Male,South,Stopped In Trafficway,No Improper Action,No Apparent Influence,No Apparent Influence,33.44071,-111.92634,2019-03-15,02:01:00
3484002,2019,University Dr,SR-101 Non-Cardinal Frontage,0.0,Intersection 201,0.0,0.0,No Injury,Sideswipe Same Direction,Dark Lighted,Clear,Dry,17.0,Female,West,Going Straight Ahead,Disregarded Traffic Signal,No Apparent Influence,No Apparent Influence,36.0,Female,West,Making Left Turn,No Improper Action,No Apparent Influence,No Apparent Influence,33.42202,-111.89031,2019-03-15,04:17:00
3502007,2019,Rio Salado Pkwy,Priest Dr,15.0,Intersection 4 Way 202,1.0,0.0,Suspected Minor Injury,Sideswipe Same Direction,Unknown 51,Unknown,Dry,58.0,Male,West,Making Right Turn,Made Improper Turn,No Apparent Influence,No Apparent Influence,22.0,Female,West,Stopped In Trafficway,No Improper Action,No Apparent Influence,No Apparent Influence,33.42958,-111.96092,2019-03-15,17:13:00
3506306,2019,Broadway Rd,McClintock Dr,45.0,Not Junction Related,0.0,0.0,No Injury,Sideswipe Same Direction,Daylight,Clear,Dry,55.0,Male,East,Changing Lanes,Unsafe Lane Change,No Apparent Influence,No Apparent Influence,18.0,Female,East,Going Straight Ahead,No Improper Action,No Apparent Influence,No Apparent Influence,33.4075,-111.90898,2019-03-15,18:19:00
3502052,2019,Southern Ave,La Corta Dr,0.0,Driveway Or Alley,1.0,0.0,Suspected Minor Injury,Left Turn,Daylight,Clear,Dry,68.0,Female,Southeast,Making Left Turn,Failed To Yield Right Of Way,No Apparent Influence,No Apparent Influence,21.0,Female,West,Going Straight Ahead,No Improper Action,No Apparent Influence,No Apparent Influence,33.39292,-111.93244,2019-03-15,19:19:00
3505283,2019,Lakeshore Dr,Commodore Pl,0.0,Intersection T Inter 203,1.0,0.0,Suspected Minor Injury,Left Turn,Daylight,Cloudy,Dry,36.0,Female,Northeast,Making Left Turn,Failed To Yield Right Of Way,No Apparent Influence,No Apparent Influence,78.0,Female,North,Going Straight Ahead,No Improper Action,No Apparent Influence,No Apparent Influence,33.37532,-111.91912,2019-03-15,22:04:00
3501192,2019,48th St,Hidalgo Ave,-200.0,Not Junction Related,2.0,0.0,Possible Injury,Rear End,Daylight,Clear,Dry,35.0,Female,North,Going Straight Ahead,Speed To Fast For Conditions,No Apparent Influence,No Apparent Influence,60.0,Female,North,Stopped In Trafficway,No Improper Action,No Apparent Influence,No Apparent Influence,33.39345,-111.97834,2019-03-15,22:06:00
3502384,2019,Southern Ave,Potter Dr,120.0,Not Junction Related,0.0,0.0,No Injury,Rear End,Daylight,Clear,Dry,31.0,Male,West,Going Straight Ahead,Speed To Fast For Conditions,Alcohol,No Apparent Influence,38.0,Male,West,Stopped In Trafficway,No Improper Action,No Apparent Influence,No Apparent Influence,33.3928,-111.97193,2019-03-15,22:31:00
3506172,2019,Baseline Rd,Wendler Dr,77.0,Intersection Related 206,0.0,0.0,No Injury,Rear End,Unknown 51,Unknown,Dry,18.0,Male,West,Changing Lanes,Unsafe Lane Change,No Apparent Influence,No Apparent Influence,31.0,Male,West,Stopped In Trafficway,No Improper Action,No Apparent Influence,No Apparent Influence,33.37826,-111.96953,2019-03-15,23:50:00
3502260,2019,Priest Dr,21st St,-73.0,Not Junction Related,1.0,0.0,Suspected Minor Injury,Rear End,Daylight,Clear,Dry,24.0,Male,South,Going Straight Ahead,Followed Too Closely,No Apparent Influence,No Apparent Influence,27.0,Male,South,Stopped In Trafficway,No Improper Action,No Apparent Influence,No Apparent Influence,33.40603,-111.96077,2019-03-16,00:03:00
3505322,2019,Scottsdale Rd,SR-202 Exit 7 L-Ramp,100.0,Not Junction Related,0.0,0.0,No Injury,Sideswipe Same Direction,Daylight,Clear,Dry,26.0,Male,South,Changing Lanes,Unsafe Lane Change,No Apparent Influence,No Apparent Influence,40.0,Female,South,Changing Lanes,Unsafe Lane Change,No Apparent Influence,No Apparent Influence,33.43694,-111.92626,2019-03-16,00:05:00
3505393,2019,Rural Rd,University Dr,-10.0,Intersection Related 206,0.0,0.0,No Injury,Rear End,Dark Lighted,Clear,Dry,20.0,Female,North,Slowing In Trafficway,Speed To Fast For Conditions,No Apparent Influence,No Apparent Influence,22.0,Male,North,Slowing In Trafficway,No Improper Action,No Apparent Influence,No Apparent Influence,33.422,-111.92631,2019-03-16,01:47:00
3508030,2019,Broadway Rd,Mill Ave,-75.0,Not Junction Related,0.0,0.0,No Injury,Angle - Other Than Left Turn 2,Dark Lighted,Clear,Dry,20.0,Male,West,Changing Lanes,Unsafe Lane Change,No Apparent Influence,No Apparent Influence,29.0,Female,West,Going Straight Ahead,No Improper Action,No Apparent Influence,No Apparent Influence,33.40739,-111.94007,2019-03-16,02:29:00
3506319,2019,Rural Rd,Broadway Rd,12.0,Intersection 4 Way 202,0.0,0.0,No Injury,Rear End,Dark Lighted,Clear,Dry,47.0,Male,North,Going Straight Ahead,Ran Stop Sign,No Apparent Influence,No Apparent Influence,42.0,Male,East,Going Straight Ahead,No Improper Action,No Apparent Influence,No Apparent Influence,33.40753,-111.92628,2019-03-16,03:32:00
3505315,2019,Elliot Rd,I-10 Exit 157 A-Ramp,0.0,Intersection 201,0.0,0.0,No Injury,Sideswipe Same Direction,Daylight,Clear,Dry,21.0,Female,South,Making Left Turn,Unknown,No Apparent Influence,No Apparent Influence,59.0,Male,South,Making Left Turn,Unknown,No Apparent Influence,No Apparent Influence,33.34907,-111.97283,2019-03-16,16:44:00
3508073,2019,Farmer Ave,5th St,0.0,Intersection 201,0.0,0.0,No Injury,Angle - Other Than Left Turn 2,Dark Lighted,Clear,Dry,73.0,Female,South,Going Straight Ahead,Failed To Yield Right Of Way,No Apparent Influence,No Apparent Influence,29.0,Male,West,Going Straight Ahead,No Improper Action,No Apparent Influence,No Apparent Influence,33.42547,-111.94429,2019-03-17,03:42:00
3505342,2019,Baseline Rd,I-10 Exit 155 A1-Ramp,70.0,Intersection Related 206,0.0,0.0,No Injury,Rear End,Dark Not Lighted,Clear,Dry,52.0,Male,East,Going Straight Ahead,Speed To Fast For Conditions,No Apparent Influence,No Apparent Influence,23.0,Female,East,Stopped In Trafficway,No Improper Action,No Apparent Influence,No Apparent Influence,33.37828,-111.9684,2019-03-17,04:23:00
3502048,2019,Baseline Rd,Arizona Mills S,0.0,Intersection 4 Way 202,0.0,0.0,No Injury,Left Turn,Daylight,Clear,Dry,59.0,Male,West,Going Straight Ahead,Unknown,No Apparent Influence,No Apparent Influence,22.0,Female,East,Making Left Turn,Unknown,No Apparent Influence,No Apparent Influence,33.37827,-111.96546,2019-03-17,17:13:00
3501280,2019,Minton Dr,Hardy Dr,0.0,Intersection 4 Way 202,2.0,0.0,Suspected Minor Injury,Angle - Other Than Left Turn 2,Daylight,Clear,Dry,35.0,Male,West,Going Straight Ahead,Failed To Keep In Proper Lane,No Apparent Influence,No Apparent Influence,24.0,Female,North,Going Straight Ahead,No Improper Action,No Apparent Influence,No Apparent Influence,33.38098,-111.95244,2019-03-18,00:42:00
3502363,2019,Broadway Rd,Roosevelt St,175.0,Not Junction Related,0.0,0.0,No Injury,Rear End,Daylight,Clear,Dry,34.0,Male,West,Going Straight Ahead,Speed To Fast For Conditions,No Apparent Influence,No Apparent Influence,58.0,Male,West,Going Straight Ahead,No Improper Action,No Apparent Influence,No Apparent Influence,33.40738,-111.94728,2019-03-18,15:42:00
3502288,2019,Elliot Rd,Kyrene Rd,-70.0,Intersection Related 206,0.0,0.0,No Injury,Angle - Other Than Left Turn 2,Daylight,Clear,Dry,55.0,Female,South,Making Right Turn,Failed To Keep In Proper Lane,No Apparent Influence,No Apparent Influence,18.0,Female,West,Changing Lanes,Unsafe Lane Change,No Apparent Influence,No Apparent Influence,33.3492,-111.94596,2019-03-18,23:15:00
3508029,2019,Guadalupe Rd,McClintock Dr,-200.0,Not Junction Related,0.0,0.0,No Injury,Rear End,Daylight,Clear,Dry,37.0,Male,East,Slowing In Trafficway,Speed To Fast For Conditions,No Apparent Influence,No Apparent Influence,45.0,Male,East,Slowing In Trafficway,No Improper Action,No Apparent Influence,No Apparent Influence,33.36377,-111.91191,2019-03-19,00:02:00
3505325,2019,McClintock Dr,Don Carlos Ave,0.0,Intersection 4 Way 202,0.0,0.0,No Injury,Left Turn,Daylight,Clear,Dry,37.0,Male,North,Making Left Turn,Failed To Yield Right Of Way,No Apparent Influence,No Apparent Influence,30.0,Female,South,Going Straight Ahead,No Improper Action,No Apparent Influence,No Apparent Influence,33.41748,-111.90911,2019-03-19,00:43:00
3505389,2019,Mill Ave,7th St,104.0,Intersection Related 206,0.0,0.0,No Injury,Sideswipe Same Direction,Daylight,Clear,Dry,19.0,Female,South,Overtaking Passing,Other,No Apparent Influence,No Apparent Influence,56.0,Male,South,Stopped In Trafficway,No Improper Action,No Apparent Influence,No Apparent Influence,33.42349,-111.94001,2019-03-19,00:47:00
3502049,2019,Broadway Rd,Mill Ave,0.0,Intersection 4 Way 202,0.0,0.0,No Injury,U Turn,Dusk,Clear,Dry,31.0,Female,East,Making U Turn,Made Improper Turn,No Apparent Influence,No Apparent Influence,50.0,Female,Southwest,Going Straight Ahead,No Improper Action,No Apparent Influence,No Apparent Influence,33.4074,-111.93983,2019-03-19,01:23:00
3505392,2019,48th St,I-10 Cardinal Frontage,0.0,Intersection 4 Way 202,1.0,0.0,Suspected Minor Injury,Angle - Other Than Left Turn 2,Dark Lighted,Clear,Dry,22.0,Female,North,Going Straight Ahead,Disregarded Traffic Signal,No Apparent Influence,No Apparent Influence,22.0,Male,East,Going Straight Ahead,No Improper Action,No Apparent Influence,No Apparent Influence,33.40932,-111.97822,2019-03-19,05:23:00
3505344,2019,Scottsdale Rd,McKellips Rd,220.0,Driveway Or Alley,1.0,0.0,Possible Injury,Left Turn,Daylight,Clear,Dry,19.0,Male,South,Making Left Turn,Made Improper Turn,No Apparent Influence,No Apparent Influence,62.0,Female,South,Going Straight Ahead,No Improper Action,No Apparent Influence,No Apparent Influence,33.45185,-111.92646,2019-03-19,14:19:00
3504554,2019,Scottsdale Rd,Playa Del Norte Dr,-112.0,Intersection Related 206,0.0,0.0,No Injury,Rear End,Daylight,Clear,Dry,18.0,Female,North,Going Straight Ahead,Speed To Fast For Conditions,No Apparent Influence,No Apparent Influence,41.0,Male,North,Stopped In Trafficway,No Improper Action,No Apparent Influence,No Apparent Influence,33.43373,-111.92627,2019-03-19,20:41:00
3502009,2019,Apache Blvd,McClintock Dr,-125.0,Intersection Related 206,0.0,0.0,No Injury,Rear End,Daylight,Clear,Dry,53.0,Male,East,Going Straight Ahead,Followed Too Closely,No Apparent Influence,No Apparent Influence,23.0,Female,East,Stopped In Trafficway,No Improper Action,No Apparent Influence,No Apparent Influence,33.41476,-111.90954,2019-03-19,21:25:00
3505382,2019,Broadway Rd,Elm St,180.0,Not Junction Related,0.0,0.0,No Injury,Sideswipe Same Direction,Daylight,Clear,Dry,69.0,Male,West,Changing Lanes,Unsafe Lane Change,No Apparent Influence,No Apparent Influence,23.0,Female,West,Going Straight Ahead,No Improper Action,No Apparent Influence,No Apparent Influence,33.4075,-111.91266,2019-03-19,22:07:00
3504555,2019,Kyrene Rd,Grove Pkwy,-110.0,Intersection Related 206,0.0,0.0,No Injury,Rear End,Daylight,Clear,Dry,65.0,Female,North,Going Straight Ahead,Speed To Fast For Conditions,No Apparent Influence,No Apparent Influence,57.0,Male,North,Stopped In Trafficway,No Improper Action,No Apparent Influence,No Apparent Influence,33.35452,-111.94584,2019-03-19,22:08:00
3508028,2019,McClintock Dr,Warner Rd,0.0,Intersection 4 Way 202,0.0,0.0,No Injury,Left Turn,Daylight,Clear,Dry,27.0,Male,Northwest,Making Left Turn,Failed To Yield Right Of Way,No Apparent Influence,No Apparent Influence,23.0,Male,South,Going Straight Ahead,No Improper Action,No Apparent Influence,No Apparent Influence,33.33464,-111.91118,2019-03-19,22:22:00
3505313,2019,McClintock Dr,Warner Rd,129.0,Driveway Or Alley,2.0,0.0,Suspected Minor Injury,Rear End,Daylight,Clear,Dry,40.0,Male,South,Avoiding Vehicle Object Pedestrian,No Improper Action,No Apparent Influence,No Apparent Influence,33.0,Male,South,Stopped In Trafficway,No Improper Action,No Apparent Influence,No Apparent Influence,33.33496,-111.91118,2019-03-20,01:00:00
3505346,2019,Curry Rd,College Ave,0.0,Intersection 4 Way 202,0.0,0.0,No Injury,Left Turn,Daylight,Clear,Dry,25.0,Male,East,Making Left Turn,Failed To Yield Right Of Way,No Apparent Influence,No Apparent Influence,38.0,Male,West,Going Straight Ahead,No Improper Action,No Apparent Influence,No Apparent Influence,33.44023,-111.93084,2019-03-20,14:48:00
3506175,2019,University Dr,Price Rd,127.0,Not Junction Related,0.0,0.0,No Injury,Rear End,Daylight,Cloudy,Dry,36.0,Female,West,Going Straight Ahead,Followed Too Closely,No Apparent Influence,No Apparent Influence,26.0,Female,West,Stopped In Trafficway,No Improper Action,No Apparent Influence,No Apparent Influence,33.42202,-111.88989,2019-03-20,15:13:00
3505320,2019,Washington St,Priest Dr,-135.0,Intersection Related 206,0.0,0.0,No Injury,Sideswipe Same Direction,Daylight,Clear,Dry,42.0,Male,East,Going Straight Ahead,Failed To Keep In Proper Lane,No Apparent Influence,No Apparent Influence,68.0,Male,East,Stopped In Trafficway,No Improper Action,No Apparent Influence,No Apparent Influence,33.44292,-111.95688,2019-03-20,18:52:00
3506293,2019,Price Rd,Broadway Rd,0.0,Intersection 201,0.0,0.0,No Injury,Angle - Other Than Left Turn 2,Unknown 51,Unknown,Dry,19.0,Male,North,Going Straight Ahead,Failed To Keep In Proper Lane,No Apparent Influence,No Apparent Influence,41.0,Male,North,Making Left Turn,No Improper Action,No Apparent Influence,No Apparent Influence,33.40748,-111.89033,2019-03-20,19:09:00
3506201,2019,Rural Rd,Hermosa Dr,110.0,Not Junction Related,1.0,0.0,Suspected Minor Injury,Sideswipe Opposite Direction,Daylight,Clear,Dry,45.0,Male,South,Going Straight Ahead,Speed To Fast For Conditions,No Apparent Influence,No Apparent Influence,19.0,Female,North,Going Straight Ahead,No Improper Action,No Apparent Influence,No Apparent Influence,33.38807,-111.92644,2019-03-20,20:14:00
3505286,2019,Elliot Rd,Price Rd,-64.0,Intersection Related 206,0.0,0.0,No Injury,Sideswipe Same Direction,Daylight,Clear,Dry,31.0,Male,East,Going Straight Ahead,Followed Too Closely,No Apparent Influence,No Apparent Influence,27.0,Female,East,Stopped In Trafficway,No Improper Action,No Apparent Influence,No Apparent Influence,33.34934,-111.89458,2019-03-20,21:51:00
3506199,2019,Louis Way,Lakeshore Dr,-49.0,Intersection Related 206,0.0,0.0,No Injury,Head On,Daylight,Clear,Dry,66.0,Male,East,Leaving Parking Position,Drove Left Of Center Line,No Apparent Influence,No Apparent Influence,19.0,Female,West,Making Right Turn,No Improper Action,No Apparent Influence,No Apparent Influence,33.34707,-111.91999,2019-03-20,21:54:00
3505379,2019,Rural Rd,University Dr,105.0,Intersection Related 206,0.0,0.0,No Injury,Rear End,Daylight,Clear,Dry,22.0,Female,East,Going Straight Ahead,Followed Too Closely,No Apparent Influence,No Apparent Influence,19.0,Male,East,Stopped In Trafficway,No Improper Action,No Apparent Influence,No Apparent Influence,33.42232,-111.92631,2019-03-20,22:29:00
3505279,2019,Maple Ave,11th St,-108.0,Driveway Or Alley,0.0,0.0,No Injury,Angle - Other Than Left Turn 2,Daylight,Clear,Dry,20.0,Female,East,Backing,Other,No Apparent Influence,No Apparent Influence,42.0,Male,South,Going Straight Ahead,No Improper Action,No Apparent Influence,No Apparent Influence,33.41732,-111.94122,2019-03-20,22:57:00
3506343,2019,Mill Ave,3rd St,0.0,Intersection T Inter 203,0.0,0.0,No Injury,Rear End,Unknown 51,Unknown,Dry,32.0,Male,North,Going Straight Ahead,Followed Too Closely,No Apparent Influence,No Apparent Influence,62.0,Male,North,Stopped In Trafficway,No Improper Action,No Apparent Influence,No Apparent Influence,33.42739,-111.94003,2019-03-20,23:41:00
3508082,2019,Mill Ave,10th St,200.0,Intersection Related 206,0.0,0.0,No Injury,Sideswipe Same Direction,Daylight,Clear,Dry,35.0,Male,South,Changing Lanes,Unsafe Lane Change,No Apparent Influence,No Apparent Influence,35.0,Male,South,Going Straight Ahead,No Improper Action,No Apparent Influence,No Apparent Influence,33.41961,-111.93997,2019-03-21,01:00:00
3506285,2019,Rural Rd,Elliot Rd,175.0,Not Junction Related,1.0,0.0,Suspected Minor Injury,Angle - Other Than Left Turn 2,Daylight,Clear,Dry,24.0,Male,East,Making Left Turn,Failed To Yield Right Of Way,No Apparent Influence,No Apparent Influence,46.0,Female,South,Going Straight Ahead,No Improper Action,No Apparent Influence,No Apparent Influence,33.34967,-111.92849,2019-03-21,01:11:00
3505281,2019,Priest Dr,Warner Rd,72.0,Intersection Related 206,0.0,0.0,No Injury,Left Turn,Dark Lighted,Cloudy,Dry,29.0,Female,East,Making Left Turn,Speed To Fast For Conditions,No Apparent Influence,No Apparent Influence,23.0,Male,South,Stopped In Trafficway,No Improper Action,No Apparent Influence,No Apparent Influence,33.33472,-111.96312,2019-03-21,02:38:00
3505401,2019,Rural Rd,University Dr,-40.0,Intersection Related 206,0.0,0.0,No Injury,Rear End,Dark Lighted,Clear,Dry,21.0,Male,South,Stopped In Trafficway,Speed To Fast For Conditions,No Apparent Influence,No Apparent Influence,19.0,Male,South,Going Straight Ahead,No Improper Action,No Apparent Influence,No Apparent Influence,33.42192,-111.92631,2019-03-21,04:29:00
3503814,2019,Priest Dr,Elna Rae St,125.0,Intersection Related 206,2.0,0.0,Suspected Minor Injury,Rear End,Daylight,Clear,Dry,27.0,Female,South,Going Straight Ahead,Followed Too Closely,No Apparent Influence,No Apparent Influence,28.0,Male,South,Slowing In Trafficway,No Improper Action,No Apparent Influence,No Apparent Influence,33.41995,-111.96088,2019-03-21,15:06:00
3502004,2019,Mill Ave,14th St,0.0,Intersection 4 Way 202,1.0,0.0,Suspected Minor Injury,Left Turn,Daylight,Clear,Dry,21.0,Male,West,Making Left Turn,Failed To Yield Right Of Way,No Apparent Influence,No Apparent Influence,30.0,Male,North,Making Left Turn,No Improper Action,No Apparent Influence,No Apparent Influence,33.4135,-111.93989,2019-03-21,15:52:00
3502005,2019,Rio Salado Pkwy,Perry Ln,-69.0,Intersection Related 206,0.0,0.0,No Injury,Rear End,Daylight,Clear,Dry,32.0,Male,East,Going Straight Ahead,Followed Too Closely,No Apparent Influence,No Apparent Influence,46.0,Male,East,Stopped In Trafficway,No Improper Action,No Apparent Influence,No Apparent Influence,33.42924,-111.90499,2019-03-21,23:37:00
3506336,2019,Broadway Rd,Rural Rd,0.0,Intersection 4 Way 202,1.0,0.0,Possible Injury,Left Turn,Daylight,Clear,Dry,18.0,Male,Northeast,Making Left Turn,Failed To Yield Right Of Way,No Apparent Influence,No Apparent Influence,22.0,Female,West,Going Straight Ahead,No Improper Action,No Apparent Influence,No Apparent Influence,33.4075,-111.92628,2019-03-22,15:51:00
3506347,2019,McClintock Dr,Center Ln,0.0,Intersection T Inter 203,2.0,0.0,Suspected Minor Injury,Left Turn,Daylight,Clear,Dry,21.0,Male,South,Making Left Turn,Failed To Yield Right Of Way,No Apparent Influence,No Apparent Influence,23.0,Female,North,Going Straight Ahead,No Improper Action,No Apparent Influence,No Apparent Influence,33.42087,-111.90911,2019-03-22,15:55:00
3506229,2019,Priest Dr,US-60 Exit 172 G-Ramp,95.0,Intersection Related 206,1.0,0.0,Possible Injury,Rear End,Daylight,Clear,Dry,30.0,Male,South,Going Straight Ahead,Followed Too Closely,No Apparent Influence,No Apparent Influence,57.0,Female,South,Stopped In Trafficway,No Improper Action,No Apparent Influence,No Apparent Influence,33.38703,-111.96094,2019-03-22,18:17:00
3505383,2019,Scottsdale Rd,McKellips Rd,-105.0,Driveway Or Alley,1.0,0.0,Possible Injury,Angle - Other Than Left Turn 2,Unknown 51,Unknown,Dry,39.0,Male,West,Unknown,Failed To Yield Right Of Way,No Apparent Influence,No Apparent Influence,49.0,Male,North,Unknown,No Improper Action,No Apparent Influence,No Apparent Influence,33.45095,-111.92647,2019-03-22,19:07:00
3505472,2019,Ash Ave,5th St,90.0,Intersection Related 206,2.0,0.0,Suspected Minor Injury,Sideswipe Same Direction,Daylight,Clear,Dry,32.0,Female,South,Changing Lanes,Unsafe Lane Change,No Apparent Influence,No Apparent Influence,45.0,Female,South,Going Straight Ahead,No Improper Action,No Apparent Influence,No Apparent Influence,33.42574,-111.94337,2019-03-22,20:26:00
3506257,2019,Kyrene Rd,Orion St,0.0,Intersection T Inter 203,0.0,0.0,No Injury,Left Turn,Daylight,Clear,Dry,23.0,Male,Southwest,Making Left Turn,Failed To Yield Right Of Way,No Apparent Influence,No Apparent Influence,30.0,Male,North,Going Straight Ahead,No Improper Action,No Apparent Influence,No Apparent Influence,33.36534,-111.94591,2019-03-22,20:52:00
3506256,2019,McClintock Dr,Don Carlos Ave,0.0,Intersection 4 Way 202,0.0,0.0,No Injury,Left Turn,Daylight,Clear,Dry,32.0,Male,Northeast,Making Left Turn,Failed To Yield Right Of Way,No Apparent Influence,No Apparent Influence,22.0,Female,South,Going Straight Ahead,No Improper Action,No Apparent Influence,No Apparent Influence,33.41748,-111.90911,2019-03-22,21:58:00
3506170,2019,Broadway Rd,River Dr,178.0,Driveway Or Alley,0.0,0.0,No Injury,Angle - Other Than Left Turn 2,Unknown 51,Unknown,Dry,87.0,Female,West,Making U Turn,Wrong Way Driving,No Apparent Influence,No Apparent Influence,27.0,Female,East,Going Straight Ahead,No Improper Action,No Apparent Influence,No Apparent Influence,33.4075,-111.89717,2019-03-22,22:30:00
3506349,2019,Baseline Rd,Terry Ln,-68.0,Intersection Related 206,1.0,0.0,Suspected Minor Injury,Rear End,Daylight,Clear,Dry,19.0,Male,East,Going Straight Ahead,Followed Too Closely,No Apparent Influence,No Apparent Influence,33.0,Female,East,Stopped In Trafficway,No Improper Action,No Apparent Influence,No Apparent Influence,33.37823,-111.95562,2019-03-23,00:11:00
3506345,2019,5th St,Roosevelt St,48.0,Intersection Related 206,0.0,0.0,No Injury,Rear End,Daylight,Clear,Dry,24.0,Male,West,Going Straight Ahead,Followed Too Closely,No Apparent Influence,No Apparent Influence,28.0,Male,West,Stopped In Trafficway,No Improper Action,No Apparent Influence,No Apparent Influence,33.42548,-111.94713,2019-03-23,01:18:00
3506286,2019,Priest Dr,Arizona Mills Access E,0.0,Intersection T Inter 203,0.0,0.0,No Injury,Left Turn,Dusk,Clear,Dry,29.0,Female,South,Going Straight Ahead,Disregarded Traffic Signal,No Apparent Influence,No Apparent Influence,37.0,Female,East,Making Left Turn,No Improper Action,No Apparent Influence,No Apparent Influence,33.38467,-111.96095,2019-03-23,01:33:00
3508076,2019,Broadway Rd,McClintock Dr,200.0,Intersection Related 206,0.0,0.0,No Injury,Left Turn,Dark Lighted,Clear,Dry,18.0,Male,North,Making Left Turn,Made Improper Turn,No Apparent Influence,No Apparent Influence,45.0,Male,East,Going Straight Ahead,No Improper Action,No Apparent Influence,No Apparent Influence,33.4075,-111.90847,2019-03-23,03:57:00
3506166,2019,Rural Rd,Lemon St,-25.0,Intersection Related 206,0.0,0.0,No Injury,Left Turn,Daylight,Clear,Dry,31.0,Male,South,Changing Lanes,Failed To Yield Right Of Way,No Apparent Influence,No Apparent Influence,20.0,Female,Southeast,Going Straight Ahead,Unsafe Lane Change,No Apparent Influence,No Apparent Influence,33.41677,-111.9263,2019-03-23,18:20:00
3506164,2019,Priest Dr,Warner Rd,0.0,Intersection 4 Way 202,0.0,0.0,No Injury,Left Turn,Dark Lighted,Clear,Dry,18.0,Male,North,Making Left Turn,Failed To Yield Right Of Way,No Apparent Influence,No Apparent Influence,19.0,Male,South,Going Straight Ahead,No Improper Action,No Apparent Influence,No Apparent Influence,33.33453,-111.96312,2019-03-24,03:10:00
3507973,2019,Apache Blvd,McAllister Ave,0.0,Intersection T Inter 203,0.0,0.0,No Injury,Left Turn,Dark Lighted,Clear,Dry,45.0,Male,West,Making Left Turn,Made Improper Turn,No Apparent Influence,No Apparent Influence,22.0,Female,North,Going Straight Ahead,No Improper Action,No Apparent Influence,No Apparent Influence,33.41472,-111.93067,2019-03-24,05:14:00
3506158,2019,Broadway Rd,I-10 Exit 153 G-Ramp,-75.0,Intersection Related 206,1.0,0.0,Suspected Minor Injury,Left Turn,Daylight,Clear,Dry,25.0,Female,East,Going Straight Ahead,Unknown,No Apparent Influence,No Apparent Influence,26.0,Male,South,Making Left Turn,Unknown,No Apparent Influence,No Apparent Influence,33.40837,-111.97382,2019-03-24,13:48:00
3503817,2019,Baseline Rd,Pointe Pkwy,-15.0,Intersection Related 206,0.0,0.0,No Injury,Rear End,Daylight,Clear,Dry,74.0,Female,West,Other,Unknown,No Apparent Influence,No Apparent Influence,27.0,Female,West,Going Straight Ahead,No Improper Action,No Apparent Influence,No Apparent Influence,33.37822,-111.97204,2019-03-24,19:33:00