Incident_ID,Year,Street_Name,Cross_Street,Distance,Junction_Relation,Total_Injuries,Total_Fatalities,Injury_Severity,Collision_Manner,Light_Condition,Weather,Surface_Condition,Age_1,Gender_1,Travel_One,UnitAction_One,Violation1_Drv1,AlcoholUse_ 1,DrugUse_1,Age_2,Gender_2,TravelDirection_2,UnitAction_2,Violation_2,AlcoholUse_2,DrugUse_2,Latitude,Longitude,Date,Time
3506160,2019,Scottsdale Rd,McKellips Rd,-150.0,Not Junction Related,0.0,0.0,No Injury,Rear End,Daylight,Clear,Dry,52.0,Male,North,Going Straight Ahead,Speed To Fast For Conditions,No Apparent Influence,No Apparent Influence,58.0,Male,North,Stopped In Trafficway,No Improper Action,No Apparent Influence,No Apparent Influence,33.45083,-111.92647,2019-03-24,20:05:00
3507957,2019,Priest Dr,SR-202 Exit 5 J-Ramp,0.0,Intersection 4 Way 202,1.0,0.0,Possible Injury,Angle - Other Than Left Turn 2,Daylight,Clear,Dry,65.0,Female,South,Going Straight Ahead,Disregarded Traffic Signal,No Apparent Influence,No Apparent Influence,20.0,Male,North,Making Left Turn,No Improper Action,No Apparent Influence,No Apparent Influence,33.4385,-111.96084,2019-03-24,23:06:00
3506273,2019,Priest Dr,Elliot Rd,-107.0,Intersection Related 206,0.0,0.0,No Injury,Angle - Other Than Left Turn 2,Daylight,Clear,Dry,30.0,Male,North,Making Left Turn,Failed To Yield Right Of Way,No Apparent Influence,No Apparent Influence,38.0,Male,South,Going Straight Ahead,No Improper Action,No Apparent Influence,No Apparent Influence,33.34881,-111.96313,2019-03-25,15:02:00
3506248,2019,University Dr,College Ave,-50.0,Not Junction Related,1.0,0.0,Suspected Minor Injury,Rear End,Daylight,Clear,Dry,22.0,Male,West,Going Straight Ahead,Followed Too Closely,No Apparent Influence,No Apparent Influence,40.0,Male,West,Stopped In Trafficway,No Improper Action,No Apparent Influence,No Apparent Influence,33.42195,-111.93513,2019-03-25,19:30:00
3506289,2019,McClintock Dr,12th St,-112.0,Intersection Related 206,0.0,0.0,No Injury,Rear End,Daylight,Clear,Dry,48.0,Male,South,Going Straight Ahead,Speed To Fast For Conditions,No Apparent Influence,No Apparent Influence,49.0,Male,South,Stopped In Trafficway,No Improper Action,No Apparent Influence,No Apparent Influence,33.41584,-111.90912,2019-03-25,19:48:00
3506303,2019,Pointe Pkwy,Baseline Rd,-65.0,Intersection Related 206,0.0,0.0,No Injury,Rear End,Daylight,Clear,Dry,26.0,Female,South,Backing,Other,No Apparent Influence,No Apparent Influence,50.0,Female,North,Stopped In Trafficway,No Improper Action,No Apparent Influence,No Apparent Influence,33.37804,-111.972,2019-03-25,21:37:00
3506295,2019,Priest Dr,US-60 Exit 172 C2-Ramp,100.0,Intersection Related 206,0.0,0.0,No Injury,Rear End,Daylight,Clear,Dry,35.0,Female,South,Going Straight Ahead,Speed To Fast For Conditions,No Apparent Influence,No Apparent Influence,40.0,Male,South,Stopped In Trafficway,No Improper Action,No Apparent Influence,No Apparent Influence,33.38832,-111.9609,2019-03-25,23:19:00
3506213,2019,Southern Ave,Dorsey Ln,0.0,Intersection 4 Way 202,1.0,0.0,Possible Injury,Left Turn,Daylight,Clear,Dry,29.0,Female,East,Making Left Turn,Failed To Yield Right Of Way,No Apparent Influence,No Apparent Influence,22.0,Female,West,Going Straight Ahead,Exceeded Lawful Speed,No Apparent Influence,No Apparent Influence,33.39296,-111.91775,2019-03-25,23:22:00
3506301,2019,University Dr,Rural Rd,0.0,Intersection 4 Way 202,0.0,0.0,No Injury,Left Turn,Daylight,Clear,Dry,39.0,Female,West,Making Left Turn,Failed To Yield Right Of Way,No Apparent Influence,No Apparent Influence,18.0,Male,East,Going Straight Ahead,No Improper Action,No Apparent Influence,No Apparent Influence,33.42203,-111.92631,2019-03-26,00:41:00
3506137,2019,McClintock Dr,Don Carlos Ave,0.0,Intersection 4 Way 202,0.0,0.0,No Injury,Left Turn,Daylight,Clear,Dry,22.0,Female,North,Making Left Turn,Failed To Yield Right Of Way,No Apparent Influence,No Apparent Influence,21.0,Female,South,Going Straight Ahead,No Improper Action,No Apparent Influence,No Apparent Influence,33.41748,-111.90911,2019-03-26,01:00:00
3506212,2019,Apache Blvd,College Ave,0.0,Intersection 4 Way 202,1.0,0.0,Suspected Minor Injury,Unknown,Daylight,Clear,Dry,39.0,Male,West,Making Left Turn,Failed To Yield Right Of Way,No Apparent Influence,No Apparent Influence,31.0,Female,East,Going Straight Ahead,No Improper Action,No Apparent Influence,No Apparent Influence,33.41468,-111.93496,2019-03-26,01:05:00
3506154,2019,Rio Salado Pkwy,Rockford Dr,41.0,Intersection Related 206,1.0,0.0,Possible Injury,Rear End,Dusk,Clear,Dry,37.0,Male,East,Going Straight Ahead,Followed Too Closely,No Apparent Influence,No Apparent Influence,66.0,Male,East,Stopped In Trafficway,No Improper Action,No Apparent Influence,No Apparent Influence,33.42936,-111.89691,2019-03-26,01:15:00
3506211,2019,Apache Blvd,College Ave,60.0,Intersection Related 206,0.0,0.0,No Injury,Sideswipe Same Direction,Daylight,Clear,Dry,20.0,Female,East,Changing Lanes,Unsafe Lane Change,No Apparent Influence,No Apparent Influence,43.0,Male,East,Going Straight Ahead,No Improper Action,No Apparent Influence,No Apparent Influence,33.41469,-111.93476,2019-03-26,01:22:00
3489833,2019,Rural Rd,US-60 Exit 174 J-Ramp,10.0,Entrance Exit Ramp 205,0.0,0.0,No Injury,Rear End,Dark Lighted,Clear,Dry,23.0,Male,West,Making Right Turn,Speed To Fast For Conditions,No Apparent Influence,No Apparent Influence,59.0,Male,West,Making Right Turn,No Improper Action,No Apparent Influence,No Apparent Influence,33.38621,-111.92647,2019-03-26,03:31:00
3517927,2019,Hayden Rd,McKellips Rd,0.0,Intersection Non Interchange,2.0,0.0,Suspected Minor Injury,Left Turn,Dark Lighted,Clear,Dry,22.0,Female,Southeast,Making Left Turn,Disregarded Traffic Signal,No Apparent Influence,No Apparent Influence,31.0,Male,North,Going Straight Ahead,No Improper Action,No Apparent Influence,No Apparent Influence,33.45126,-111.9093,2019-03-26,05:28:00
3506136,2019,McClintock Dr,E Tempe Marketplace,0.0,Intersection 4 Way 202,0.0,0.0,No Injury,Rear End,Dark Lighted,Clear,Dry,23.0,Male,North,Going Straight Ahead,Speed To Fast For Conditions,No Apparent Influence,No Apparent Influence,24.0,Female,North,Going Straight Ahead,No Improper Action,No Apparent Influence,No Apparent Influence,33.43208,-111.90928,2019-03-26,06:05:00
3506243,2019,Price Rd,Baseline Rd,92.0,Intersection Related 206,1.0,0.0,Possible Injury,Rear End,Daylight,Clear,Dry,34.0,Female,South,Going Straight Ahead,Followed Too Closely,No Apparent Influence,No Apparent Influence,72.0,Female,South,Stopped In Trafficway,No Improper Action,No Apparent Influence,No Apparent Influence,33.3787,-111.89357,2019-03-26,13:33:00
3506238,2019,Elliot Rd,Harl Ave,-115.0,Not Junction Related,0.0,0.0,No Injury,Sideswipe Same Direction,Daylight,Clear,Dry,43.0,Female,East,Changing Lanes,Unsafe Lane Change,No Apparent Influence,No Apparent Influence,37.0,Male,East,Going Straight Ahead,No Improper Action,No Apparent Influence,No Apparent Influence,33.34908,-111.9663,2019-03-26,14:51:00
3506236,2019,McClintock Dr,Diamond Dr,-168.0,Not Junction Related,0.0,0.0,No Injury,Unknown,Daylight,Clear,Dry,34.0,Female,North,Going Straight Ahead,Followed Too Closely,No Apparent Influence,No Apparent Influence,23.0,Male,North,Stopped In Trafficway,No Improper Action,No Apparent Influence,No Apparent Influence,33.35686,-111.91122,2019-03-26,14:56:00
3506177,2019,Scottsdale Rd,Playa Del Norte Dr,-69.0,Intersection Related 206,2.0,0.0,Suspected Minor Injury,Rear End,Daylight,Clear,Dry,32.0,Male,North,Going Straight Ahead,Speed To Fast For Conditions,No Apparent Influence,No Apparent Influence,25.0,Male,North,Stopped In Trafficway,No Improper Action,No Apparent Influence,No Apparent Influence,33.43385,-111.92626,2019-03-26,15:16:00
3506276,2019,Rio Salado Pkwy,Price Rd,-46.0,Intersection Related 206,0.0,0.0,No Injury,Sideswipe Same Direction,Daylight,Clear,Dry,22.0,Male,West,Making Right Turn,Unsafe Lane Change,No Apparent Influence,No Apparent Influence,39.0,Male,West,Making Right Turn,No Improper Action,No Apparent Influence,No Apparent Influence,33.42938,-111.89198,2019-03-26,15:29:00
3506234,2019,Curry Rd,Miller Rd,125.0,Not Junction Related,0.0,0.0,No Injury,Rear End,Daylight,Clear,Dry,35.0,Male,East,Going Straight Ahead,Followed Too Closely,No Apparent Influence,No Apparent Influence,72.0,Male,East,Slowing In Trafficway,No Improper Action,No Apparent Influence,No Apparent Influence,33.44037,-111.91755,2019-03-26,20:50:00
3506341,2019,Apache Blvd,McAllister Ave,0.0,Intersection 4 Way 202,0.0,0.0,No Injury,Left Turn,Daylight,Clear,Dry,18.0,Female,East,Making Left Turn,Failed To Yield Right Of Way,No Apparent Influence,No Apparent Influence,45.0,Male,West,Going Straight Ahead,No Improper Action,No Apparent Influence,No Apparent Influence,33.41472,-111.93067,2019-03-26,22:25:00
3503810,2019,Fairmont Dr,Hardy Dr,0.0,Intersection 4 Way 202,0.0,0.0,No Injury,Angle - Other Than Left Turn 2,Daylight,Cloudy,Dry,19.0,Female,East,Going Straight Ahead,Failed To Yield Right Of Way,No Apparent Influence,No Apparent Influence,24.0,Male,North,Going Straight Ahead,No Improper Action,No Apparent Influence,No Apparent Influence,33.39649,-111.95213,2019-03-26,23:17:00
3503820,2019,Warner Rd,Rural Rd,0.0,Intersection 4 Way 202,0.0,0.0,No Injury,Left Turn,Daylight,Cloudy,Dry,56.0,Female,West,Making Left Turn,Failed To Yield Right Of Way,No Apparent Influence,No Apparent Influence,56.0,Female,East,Going Straight Ahead,No Improper Action,No Apparent Influence,No Apparent Influence,33.33466,-111.92841,2019-03-27,00:18:00
3506134,2019,Mill Ave,Southern Ave,0.0,Intersection 201,0.0,0.0,No Injury,Angle - Other Than Left Turn 2,Dark Lighted,Clear,Dry,29.0,Female,South,Changing Lanes,Made Improper Turn,No Apparent Influence,No Apparent Influence,33.0,Female,South,Going Straight Ahead,No Improper Action,No Apparent Influence,No Apparent Influence,33.39286,-111.9396,2019-03-27,02:08:00
3506280,2019,Elliot Rd,Priest Dr,0.0,Not Junction Related,0.0,0.0,No Injury,Angle - Other Than Left Turn 2,Dark Lighted,Clear,Dry,17.0,Female,Southwest,Making Right Turn,Failed To Yield Right Of Way,No Apparent Influence,No Apparent Influence,64.0,Male,Northwest,Making Left Turn,No Improper Action,No Apparent Influence,No Apparent Influence,33.3491,-111.96313,2019-03-27,03:11:00
3506197,2019,College Ave,Riviera Dr,0.0,Intersection 4 Way 202,0.0,0.0,No Injury,Angle - Other Than Left Turn 2,Dark Lighted,Unknown,Dry,25.0,Male,South,Making Right Turn,Failed To Keep In Proper Lane,No Apparent Influence,No Apparent Influence,20.0,Male,South,Going Straight Ahead,No Improper Action,No Apparent Influence,No Apparent Influence,33.38641,-111.93507,2019-03-27,05:27:00
3506340,2019,Price Rd,Baseline Rd,0.0,Intersection 4 Way 202,2.0,0.0,Suspected Minor Injury,Angle - Other Than Left Turn 2,Daylight,Clear,Dry,29.0,Male,West,Going Straight Ahead,Disregarded Traffic Signal,No Apparent Influence,No Apparent Influence,54.0,Male,South,Going Straight Ahead,No Improper Action,No Apparent Influence,No Apparent Influence,33.37846,-111.89362,2019-03-27,17:41:00
3509330,2019,Rural Rd,Broadway Rd,100.0,Intersection Related 206,0.0,0.0,No Injury,Rear End,Daylight,Clear,Dry,48.0,Male,South,Going Straight Ahead,Followed Too Closely,No Apparent Influence,No Apparent Influence,19.0,Female,South,Stopped In Trafficway,No Improper Action,No Apparent Influence,No Apparent Influence,33.40778,-111.92628,2019-03-27,19:31:00
3506219,2019,Mill Ave,University Dr,0.0,Intersection 4 Way 202,0.0,0.0,No Injury,Angle - Other Than Left Turn 2,Daylight,Clear,Dry,54.0,Male,West,Going Straight Ahead,Failed To Yield Right Of Way,No Apparent Influence,No Apparent Influence,20.0,Female,North,Going Straight Ahead,No Improper Action,No Apparent Influence,No Apparent Influence,33.42193,-111.94002,2019-03-28,00:31:00
3506221,2019,Rural Rd,6th St,118.0,Intersection Related 206,0.0,0.0,No Injury,Rear End,Daylight,Clear,Dry,18.0,Male,South,Going Straight Ahead,Followed Too Closely,No Apparent Influence,No Apparent Influence,40.0,Female,South,Stopped In Trafficway,No Improper Action,No Apparent Influence,No Apparent Influence,33.42482,-111.9263,2019-03-28,01:23:00
3506190,2019,Warner Rd,Forest Service 01 Tempe Ave,-200.0,Not Junction Related,1.0,0.0,Suspected Minor Injury,Rear End,Dark Lighted,Clear,Dry,42.0,Female,East,Going Straight Ahead,Followed Too Closely,No Apparent Influence,No Apparent Influence,38.0,Female,East,Going Straight Ahead,No Improper Action,No Apparent Influence,No Apparent Influence,33.33465,-111.93501,2019-03-28,10:51:00
3506188,2019,Southern Ave,Rural Rd,0.0,Intersection 4 Way 202,1.0,0.0,Possible Injury,Left Turn,Daylight,Clear,Dry,41.0,Female,East,Making Left Turn,No Improper Action,No Apparent Influence,No Apparent Influence,27.0,Female,West,Going Straight Ahead,Failed To Yield Right Of Way,No Apparent Influence,No Apparent Influence,33.39296,-111.92633,2019-03-28,14:50:00
3503777,2019,University Dr,May St,95.0,Intersection Related 206,1.0,0.0,Possible Injury,Rear End,Daylight,Clear,Dry,43.0,Male,West,Going Straight Ahead,Followed Too Closely,No Apparent Influence,No Apparent Influence,17.0,Male,West,Stopped In Trafficway,No Improper Action,No Apparent Influence,No Apparent Influence,33.42212,-111.87842,2019-03-28,14:55:00
3505467,2019,Hardy Dr,Geneva Dr,-65.0,Not Junction Related,0.0,0.0,No Injury,Rear End,Daylight,Clear,Dry,30.0,Male,North,Going Straight Ahead,Unknown,No Apparent Influence,No Apparent Influence,28.0,Male,North,Stopped In Trafficway,Unknown,No Apparent Influence,No Apparent Influence,33.39476,-111.95207,2019-03-28,15:46:00
3508091,2019,University Dr,McClintock Dr,0.0,Intersection 4 Way 202,0.0,0.0,No Injury,Sideswipe Same Direction,Daylight,Clear,Dry,19.0,Female,North,Making Right Turn,Failed To Yield Right Of Way,No Apparent Influence,No Apparent Influence,31.0,Female,South,Making Left Turn,No Improper Action,No Apparent Influence,No Apparent Influence,33.42198,-111.90909,2019-03-28,15:54:00
3508105,2019,Priest Dr,Southern Ave,-194.0,Intersection Related 206,1.0,0.0,Possible Injury,Sideswipe Same Direction,Daylight,Clear,Dry,41.0,Male,North,Going Straight Ahead,Speed To Fast For Conditions,No Apparent Influence,No Apparent Influence,45.0,Male,North,Stopped In Trafficway,No Improper Action,No Apparent Influence,No Apparent Influence,33.39235,-111.96078,2019-03-28,16:50:00
3506215,2019,Apache Blvd,River Dr,0.0,Intersection 4 Way 202,0.0,0.0,No Injury,Left Turn,Daylight,Clear,Dry,40.0,Male,West,Going Straight Ahead,Disregarded Traffic Signal,No Apparent Influence,No Apparent Influence,47.0,Male,East,Making Left Turn,No Improper Action,No Apparent Influence,No Apparent Influence,33.41478,-111.89622,2019-03-28,17:09:00
3503804,2019,McClintock Dr,3rd St,-118.0,Not Junction Related,1.0,0.0,Possible Injury,Rear End,Daylight,Clear,Dry,36.0,Male,North,Going Straight Ahead,Speed To Fast For Conditions,No Apparent Influence,No Apparent Influence,23.0,Male,North,Slowing In Trafficway,No Improper Action,No Apparent Influence,No Apparent Influence,33.42707,-111.90906,2019-03-28,20:16:00
3503799,2019,Baseline Rd,I-10 Exit 155 A1-Ramp,0.0,Intersection 4 Way 202,0.0,0.0,No Injury,Sideswipe Same Direction,Daylight,Clear,Dry,48.0,Male,South,Making Left Turn,Unknown,No Apparent Influence,No Apparent Influence,55.0,Female,South,Making Left Turn,Unknown,No Apparent Influence,No Apparent Influence,33.37827,-111.96863,2019-03-28,22:00:00
3508007,2019,Mill Ave,Southern Ave,-30.0,Intersection Related 206,0.0,0.0,No Injury,Rear End,Daylight,Clear,Dry,20.0,Female,North,Going Straight Ahead,Followed Too Closely,No Apparent Influence,No Apparent Influence,22.0,Female,North,Stopped In Trafficway,No Improper Action,No Apparent Influence,No Apparent Influence,33.39278,-111.9396,2019-03-28,22:11:00
3503823,2019,McClintock Dr,Apache Blvd,30.0,Intersection Related 206,0.0,0.0,No Injury,Rear End,Daylight,Clear,Dry,39.0,Male,South,Going Straight Ahead,Followed Too Closely,No Apparent Influence,No Apparent Influence,31.0,Male,South,Stopped In Trafficway,No Improper Action,No Apparent Influence,No Apparent Influence,33.41484,-111.90913,2019-03-28,22:35:00
3508048,2019,McClintock Dr,Don Carlos Ave,0.0,Intersection 4 Way 202,0.0,0.0,No Injury,Left Turn,Daylight,Clear,Dry,21.0,Female,North,Making Left Turn,Made Improper Turn,No Apparent Influence,No Apparent Influence,54.0,Male,South,Going Straight Ahead,No Improper Action,No Apparent Influence,No Apparent Influence,33.41748,-111.90911,2019-03-29,00:18:00
3506147,2019,Rural Rd,Guadalupe Rd,0.0,Intersection 4 Way 202,0.0,0.0,No Injury,Head On,Dark Lighted,Clear,Dry,19.0,Female,South,Making Left Turn,Failed To Yield Right Of Way,No Apparent Influence,No Apparent Influence,27.0,Male,North,Going Straight Ahead,No Improper Action,No Apparent Influence,No Apparent Influence,33.36375,-111.92861,2019-03-29,02:40:00
3506146,2019,Southern Ave,Kyrene Rd,68.0,Not Junction Related,0.0,0.0,No Injury,Rear End,Dark Lighted,Clear,Dry,63.0,Female,East,Going Straight Ahead,Speed To Fast For Conditions,No Apparent Influence,No Apparent Influence,21.0,Female,East,Stopped In Trafficway,No Improper Action,No Apparent Influence,No Apparent Influence,33.39284,-111.94346,2019-03-29,04:27:00
3506141,2019,Priest Dr,SR-202 Cardinal Frontage,0.0,Intersection 4 Way 202,0.0,0.0,No Injury,Left Turn,Dark Lighted,Unknown,Dry,19.0,Female,Southeast,Making Left Turn,Unknown,No Apparent Influence,No Apparent Influence,21.0,Male,North,Going Straight Ahead,Unknown,No Apparent Influence,No Apparent Influence,33.43715,-111.96094,2019-03-29,04:38:00
3506143,2019,Baseline Rd,Hardy Dr,0.0,Intersection 201,1.0,0.0,Suspected Serious Injury,Rear End,Daylight,Clear,Dry,35.0,Female,West,Going Straight Ahead,Speed To Fast For Conditions,No Apparent Influence,No Apparent Influence,56.0,Male,West,Stopped In Trafficway,No Improper Action,No Apparent Influence,No Apparent Influence,33.37821,-111.95251,2019-03-29,14:57:00
3506223,2019,McClintock Dr,US-60 Exit 175 A-Ramp,0.0,Intersection 4 Way 202,1.0,0.0,Suspected Minor Injury,Left Turn,Daylight,Clear,Dry,57.0,Male,South,Going Straight Ahead,Unknown,No Apparent Influence,No Apparent Influence,24.0,Male,East,Making Left Turn,Unknown,No Apparent Influence,No Apparent Influence,33.38515,-111.90921,2019-03-29,16:34:00
3506224,2019,Priest Dr,Elliot Rd,-124.0,Intersection Related 206,1.0,0.0,Suspected Minor Injury,Rear End,Daylight,Clear,Dry,65.0,Male,North,Going Straight Ahead,Followed Too Closely,No Apparent Influence,No Apparent Influence,19.0,Female,North,Stopped In Trafficway,No Improper Action,No Apparent Influence,No Apparent Influence,33.34876,-111.96313,2019-03-29,17:55:00
3508046,2019,Broadway Rd,Priest Dr,30.0,Intersection Related 206,0.0,0.0,No Injury,Rear End,Daylight,Clear,Dry,61.0,Male,West,Backing,Other,No Apparent Influence,No Apparent Influence,33.0,Female,West,Stopped In Trafficway,No Improper Action,No Apparent Influence,No Apparent Influence,33.40742,-111.96068,2019-03-29,18:08:00
3506225,2019,Price Rd,Baseline Rd,0.0,Intersection 4 Way 202,2.0,0.0,Suspected Minor Injury,Left Turn,Daylight,Clear,Dry,26.0,Female,East,Going Straight Ahead,Disregarded Traffic Signal,No Apparent Influence,No Apparent Influence,24.0,Female,West,Making Left Turn,No Improper Action,No Apparent Influence,No Apparent Influence,33.37846,-111.89362,2019-03-29,19:21:00
3506216,2019,Elliot Rd,Priest Dr,-57.0,Intersection Related 206,0.0,0.0,No Injury,Sideswipe Same Direction,Daylight,Clear,Dry,56.0,Male,East,Making Right Turn,Made Improper Turn,No Apparent Influence,No Apparent Influence,36.0,Male,East,Making Right Turn,No Improper Action,No Apparent Influence,No Apparent Influence,33.3491,-111.96332,2019-03-29,21:07:00
3525022,2019,McClintock Dr,12th St,-210.0,Not Junction Related,0.0,0.0,No Injury,Left Turn,Daylight,Clear,Dry,52.0,Female,West,Making Left Turn,Made Improper Turn,No Apparent Influence,No Apparent Influence,51.0,Female,South,Going Straight Ahead,No Improper Action,No Apparent Influence,No Apparent Influence,33.41557,-111.90913,2019-03-29,21:27:00
3505413,2019,Rio Salado Pkwy,Priest Dr,0.0,Intersection 201,0.0,0.0,No Injury,Sideswipe Same Direction,Daylight,Clear,Dry,47.0,Female,West,Making Right Turn,Unknown,No Apparent Influence,No Apparent Influence,31.0,Female,West,Making Right Turn,Unknown,No Apparent Influence,No Apparent Influence,33.42956,-111.96097,2019-03-29,22:07:00
3490228,2019,Priest Dr,SR-202 Exit 5 J-Ramp,20.0,Not Junction Related,0.0,0.0,No Injury,Sideswipe Same Direction,Daylight,Clear,Dry,36.0,Female,South,Going Straight Ahead,Speed To Fast For Conditions,No Apparent Influence,No Apparent Influence,66.0,Female,South,Going Straight Ahead,No Improper Action,No Apparent Influence,No Apparent Influence,33.43856,-111.96083,2019-03-29,23:14:00
3503821,2019,McClintock Dr,SR-202 Exit 8 J-Ramp,0.0,Intersection T Inter 203,2.0,0.0,Possible Injury,Left Turn,Daylight,Clear,Dry,33.0,Male,South,Making Left Turn,Failed To Yield Right Of Way,No Apparent Influence,No Apparent Influence,32.0,Male,North,Going Straight Ahead,No Improper Action,No Apparent Influence,No Apparent Influence,33.43662,-111.90962,2019-03-30,00:14:00
3503815,2019,Elliot Rd,Hardy Dr,-0.33,Not Junction Related,0.0,0.0,No Injury,Rear End,Dark Lighted,Clear,Dry,40.0,Female,East,Other,Other,No Apparent Influence,No Apparent Influence,21.0,Female,East,Other,Other,No Apparent Influence,No Apparent Influence,33.34912,-111.96019,2019-03-30,03:46:00
3506139,2019,Kyrene Rd,Guadalupe Rd,0.0,Intersection 201,2.0,0.0,Suspected Minor Injury,Angle - Other Than Left Turn 2,Daylight,Clear,Dry,21.0,Female,Southeast,Making Left Turn,Made Improper Turn,No Apparent Influence,No Apparent Influence,36.0,Female,North,Going Straight Ahead,No Improper Action,No Apparent Influence,No Apparent Influence,33.36366,-111.94589,2019-03-30,15:08:00
3508085,2019,Butte Ave,12th St,0.0,Intersection T Inter 203,0.0,0.0,No Injury,Angle - Other Than Left Turn 2,Daylight,Clear,Dry,17.0,Female,North,Making Right Turn,Made Improper Turn,No Apparent Influence,No Apparent Influence,37.0,Female,North,Going Straight Ahead,No Improper Action,No Apparent Influence,No Apparent Influence,33.41615,-111.9118,2019-03-30,19:49:00
3507986,2019,Mill Ave,Baseline Rd,200.0,Intersection Related 206,0.0,0.0,No Injury,Rear End,Daylight,Clear,Dry,34.0,Male,South,Going Straight Ahead,Followed Too Closely,No Apparent Influence,No Apparent Influence,56.0,Male,South,Stopped In Trafficway,No Improper Action,No Apparent Influence,No Apparent Influence,33.37876,-111.93938,2019-03-30,21:48:00
3508086,2019,Baseline Rd,Hardy Dr,0.0,Intersection 4 Way 202,1.0,0.0,Possible Injury,Left Turn,Daylight,Clear,Dry,44.0,Female,Unknown,Going Straight Ahead,Disregarded Traffic Signal,No Apparent Influence,No Apparent Influence,27.0,Male,Unknown,Making Left Turn,No Improper Action,No Apparent Influence,No Apparent Influence,33.37821,-111.95251,2019-03-30,22:27:00
3517974,2019,68th St,Continental Dr,0.0,Intersection Non Interchange,0.0,0.0,No Injury,Rear End,Daylight,Clear,Dry,35.0,Female,North,Going Straight Ahead,Followed Too Closely,No Apparent Influence,No Apparent Influence,18.0,Female,North,Going Straight Ahead,No Improper Action,No Apparent Influence,No Apparent Influence,33.45836,-111.93503,2019-03-30,23:02:00
3506155,2019,University Dr,Price Rd,0.0,Intersection 201,0.0,0.0,No Injury,Left Turn,Dusk,Clear,Dry,54.0,Male,West,Making Left Turn,Disregarded Traffic Signal,No Apparent Influence,No Apparent Influence,23.0,Male,East,Going Straight Ahead,No Improper Action,No Apparent Influence,No Apparent Influence,33.42201,-111.89195,2019-03-31,01:00:00
3503813,2019,Baseline Rd,Pointe Pkwy,23.0,Not Junction Related,0.0,0.0,No Injury,Rear End,Daylight,Clear,Dry,45.0,Female,East,Going Straight Ahead,Speed To Fast For Conditions,No Apparent Influence,No Apparent Influence,36.0,Female,East,Slowing In Trafficway,No Improper Action,No Apparent Influence,No Apparent Influence,33.37822,-111.97192,2019-03-31,01:27:00
3514502,2019,University Dr,Mill Ave,20.0,Intersection Related 206,0.0,0.0,No Injury,Sideswipe Same Direction,Dusk,Clear,Dry,43.0,Female,West,Changing Lanes,Unsafe Lane Change,No Apparent Influence,No Apparent Influence,23.0,Male,West,Stopped In Trafficway,No Improper Action,No Apparent Influence,No Apparent Influence,33.42194,-111.93995,2019-03-31,01:29:00
3503831,2019,Rural Rd,Southern Ave,28.0,Intersection Related 206,0.0,0.0,No Injury,Rear End,Dark Lighted,Clear,Dry,27.0,Male,South,Unknown,Unknown,No Apparent Influence,No Apparent Influence,37.0,Male,South,Unknown,Unknown,No Apparent Influence,No Apparent Influence,33.39304,-111.92633,2019-03-31,03:19:00
3517332,2019,Mill Ave,US-60 Exit 173 A-Ramp,45.0,Not Junction Related,0.0,0.0,No Injury,Rear End,Dark Lighted,Clear,Dry,27.0,Female,South,Going Straight Ahead,Speed To Fast For Conditions,Alcohol,No Apparent Influence,19.0,Male,South,Stopped In Trafficway,No Improper Action,No Apparent Influence,No Apparent Influence,33.38523,-111.93947,2019-03-31,08:29:00
3506138,2019,Elliot Rd,I-10 Exit 157 C-Ramp,0.0,Intersection 201,0.0,0.0,No Injury,Angle - Other Than Left Turn 2,Daylight,Clear,Dry,42.0,Male,Northeast,Making Left Turn,Made Improper Turn,No Apparent Influence,No Apparent Influence,45.0,Female,Northeast,Making Left Turn,No Improper Action,No Apparent Influence,No Apparent Influence,33.3491,-111.97094,2019-03-31,16:13:00
3503829,2019,McClintock Dr,SR-202 Exit 8 J-Ramp,0.0,Intersection T Inter 203,0.0,0.0,No Injury,Left Turn,Daylight,Clear,Dry,21.0,Male,North,Making Left Turn,Failed To Yield Right Of Way,No Apparent Influence,No Apparent Influence,23.0,Male,South,Going Straight Ahead,No Improper Action,No Apparent Influence,No Apparent Influence,33.43662,-111.90962,2019-03-31,21:25:00
3503835,2019,Mill Ave,13th St,-60.0,Intersection Related 206,0.0,0.0,No Injury,Rear End,Daylight,Clear,Dry,22.0,Female,North,Going Straight Ahead,Followed Too Closely,No Apparent Influence,No Apparent Influence,30.0,Male,North,Stopped In Trafficway,No Improper Action,No Apparent Influence,No Apparent Influence,33.41459,-111.93991,2019-03-31,23:02:00
3503828,2019,Price Rd,Broadway Rd,0.0,Intersection 4 Way 202,0.0,0.0,No Injury,Left Turn,Daylight,Clear,Dry,25.0,Male,North,Going Straight Ahead,Failed To Keep In Proper Lane,No Apparent Influence,No Apparent Influence,24.0,Male,North,Making Left Turn,No Improper Action,No Apparent Influence,No Apparent Influence,33.40748,-111.89033,2019-04-01,00:17:00
3509304,2019,Elliot Rd,River Pkwy,75.0,Intersection Related 206,0.0,0.0,No Injury,Sideswipe Same Direction,Daylight,Clear,Dry,25.0,Male,West,Going Straight Ahead,Unsafe Lane Change,No Apparent Influence,No Apparent Influence,32.0,Male,West,Going Straight Ahead,No Improper Action,No Apparent Influence,No Apparent Influence,33.34928,-111.89766,2019-04-01,00:49:00