Incident_ID,Year,Street_Name,Cross_Street,Distance,Junction_Relation,Total_Injuries,Total_Fatalities,Injury_Severity,Collision_Manner,Light_Condition,Weather,Surface_Condition,Age_1,Gender_1,Travel_One,UnitAction_One,Violation1_Drv1,AlcoholUse_ 1,DrugUse_1,Age_2,Gender_2,TravelDirection_2,UnitAction_2,Violation_2,AlcoholUse_2,DrugUse_2,Latitude,Longitude,Date,Time
3514510,2019,Warner Rd,Hardy Dr,0.0,Intersection 4 Way 202,1.0,0.0,Suspected Minor Injury,Left Turn,Daylight,Clear,Dry,70.0,Male,East,Making Left Turn,Failed To Yield Right Of Way,Alcohol,No Apparent Influence,36.0,Male,West,Going Straight Ahead,No Improper Action,No Apparent Influence,No Apparent Influence,33.33457,-111.95434,2019-05-01,23:49:00
3516843,2019,Rio Salado Pkwy,Price Rd,0.0,Intersection 4 Way 202,1.0,0.0,Possible Injury,Left Turn,Daylight,Clear,Dry,23.0,Male,East,Making Left Turn,Failed To Yield Right Of Way,No Apparent Influence,No Apparent Influence,57.0,Male,West,Going Straight Ahead,No Improper Action,No Apparent Influence,No Apparent Influence,33.42931,-111.89026,2019-05-02,00:11:00
3525008,2019,McClintock Dr,Center Ln,0.0,Intersection 201,0.0,0.0,No Injury,Left Turn,Daylight,Clear,Dry,21.0,Female,North,Making Left Turn,Failed To Yield Right Of Way,No Apparent Influence,No Apparent Influence,29.0,Male,South,Going Straight Ahead,No Improper Action,No Apparent Influence,No Apparent Influence,33.42087,-111.90911,2019-05-02,00:26:00
3514509,2019,Warner Rd,I-10 Exit 158 J-Ramp,65.0,Intersection Related 206,0.0,0.0,No Injury,Rear End,Daylight,Clear,Dry,30.0,Male,West,Going Straight Ahead,Speed To Fast For Conditions,No Apparent Influence,No Apparent Influence,21.0,Female,West,Stopped In Trafficway,No Improper Action,No Apparent Influence,No Apparent Influence,33.33436,-111.97129,2019-05-02,01:29:00
3518966,2019,Elliot Rd,Rita Ln,0.0,Intersection 4 Way 202,0.0,0.0,No Injury,Left Turn,Daylight,Clear,Dry,78.0,Male,South,Making Left Turn,Other,No Apparent Influence,No Apparent Influence,28.0,Male,East,Going Straight Ahead,No Improper Action,No Apparent Influence,No Apparent Influence,33.34917,-111.92436,2019-05-02,15:08:00
3514562,2019,Scottsdale Rd,Tempe Dr,-73.0,Not Junction Related,0.0,0.0,No Injury,Sideswipe Same Direction,Daylight,Clear,Dry,27.0,Male,South,Changing Lanes,Unsafe Lane Change,No Apparent Influence,No Apparent Influence,26.0,Male,South,Going Straight Ahead,No Improper Action,No Apparent Influence,No Apparent Influence,33.44203,-111.92639,2019-05-02,18:57:00
3514563,2019,Baseline Rd,Pointe Pkwy,152.0,Intersection Related 206,0.0,0.0,No Injury,Rear End,Daylight,Clear,Dry,38.0,Female,East,Going Straight Ahead,Followed Too Closely,No Apparent Influence,No Apparent Influence,55.0,Female,East,Stopped In Trafficway,No Improper Action,No Apparent Influence,No Apparent Influence,33.37822,-111.9715,2019-05-02,22:19:00
3516945,2019,Rural Rd,Southern Ave,0.0,Intersection Non Interchange,0.0,0.0,No Injury,Rear End,Dusk,Clear,Dry,55.0,Male,South,Changing Lanes,Unsafe Lane Change,No Apparent Influence,No Apparent Influence,31.0,Female,South,Going Straight Ahead,No Improper Action,No Apparent Influence,No Apparent Influence,33.39296,-111.92633,2019-05-03,01:10:00
3514399,2019,Broadway Rd,Priest Dr,-60.0,Intersection Related 206,2.0,0.0,Possible Injury,Rear End,Daylight,Clear,Dry,49.0,Female,East,Going Straight Ahead,Speed To Fast For Conditions,No Apparent Influence,No Apparent Influence,67.0,Female,East,Going Straight Ahead,No Improper Action,No Apparent Influence,No Apparent Influence,33.40742,-111.96098,2019-05-03,14:58:00
3514389,2019,Apache Blvd,McClintock Dr,110.0,Intersection Related 206,0.0,0.0,No Injury,Rear End,Daylight,Clear,Dry,57.0,Male,West,Going Straight Ahead,Followed Too Closely,No Apparent Influence,No Apparent Influence,19.0,Male,West,Stopped In Trafficway,No Improper Action,No Apparent Influence,No Apparent Influence,33.41476,-111.90877,2019-05-03,18:27:00
3514390,2019,Broadway Rd,Mill Ave,178.0,Intersection Related 206,0.0,0.0,No Injury,Sideswipe Same Direction,Daylight,Clear,Dry,22.0,Female,West,Changing Lanes,Unsafe Lane Change,No Apparent Influence,No Apparent Influence,22.0,Male,West,Going Straight Ahead,No Improper Action,No Apparent Influence,No Apparent Influence,33.40742,-111.93924,2019-05-03,18:55:00
3514383,2019,Washington St,Priest Dr,-111.0,Intersection Related 206,0.0,0.0,No Injury,Rear End,Daylight,Clear,Dry,26.0,Male,East,Going Straight Ahead,Followed Too Closely,No Apparent Influence,No Apparent Influence,54.0,Female,East,Stopped In Trafficway,No Improper Action,No Apparent Influence,No Apparent Influence,33.44287,-111.95683,2019-05-03,19:49:00
3524974,2019,Broadway Rd,Jentilly Ln,0.0,Intersection Related 206,0.0,0.0,No Injury,Sideswipe Same Direction,Unknown 51,Unknown,Dry,59.0,Male,West,Changing Lanes,Unsafe Lane Change,No Apparent Influence,No Apparent Influence,58.0,Male,West,Going Straight Ahead,No Improper Action,No Apparent Influence,No Apparent Influence,33.4075,-111.92372,2019-05-03,20:33:00
3524966,2019,Apache Blvd,College Ave,0.0,Intersection 201,2.0,0.0,Suspected Minor Injury,Left Turn,Unknown 51,Unknown,Dry,21.0,Female,West,Making Left Turn,Failed To Yield Right Of Way,No Apparent Influence,No Apparent Influence,41.0,Male,East,Going Straight Ahead,No Improper Action,No Apparent Influence,No Apparent Influence,33.41468,-111.93496,2019-05-03,22:45:00
3518867,2019,Rio Salado Pkwy,Clark Dr,-46.0,Not Junction Related,0.0,0.0,No Injury,Angle - Other Than Left Turn 2,Daylight,Clear,Dry,37.0,Male,East,Changing Lanes,Unsafe Lane Change,No Apparent Influence,No Apparent Influence,58.0,Male,East,Going Straight Ahead,No Improper Action,No Apparent Influence,No Apparent Influence,33.42931,-111.8989,2019-05-03,23:42:00
3518996,2019,22nd St,Hardy Dr,0.0,Intersection T Inter 203,0.0,0.0,No Injury,Angle - Other Than Left Turn 2,Daylight,Clear,Dry,30.0,Male,West,Making Left Turn,Failed To Yield Right Of Way,Alcohol,No Apparent Influence,24.0,Female,South,Going Straight Ahead,No Improper Action,No Apparent Influence,No Apparent Influence,33.40464,-111.95215,2019-05-04,01:18:00
3514531,2019,Rio Salado Pkwy,River Dr,25.0,Intersection Related 206,0.0,0.0,No Injury,Rear End,Daylight,Clear,Dry,37.0,Female,West,Going Straight Ahead,Speed To Fast For Conditions,No Apparent Influence,No Apparent Influence,70.0,Male,West,Stopped In Trafficway,No Improper Action,No Apparent Influence,No Apparent Influence,33.42936,-111.89525,2019-05-04,19:13:00
3516946,2019,Rural Rd,Alameda Dr,-50.0,Intersection Related Non Interchange,0.0,0.0,No Injury,Rear End,Daylight,Clear,Dry,19.0,Male,North,Going Straight Ahead,Speed To Fast For Conditions,No Apparent Influence,No Apparent Influence,56.0,Male,North,Going Straight Ahead,No Improper Action,No Apparent Influence,No Apparent Influence,33.40009,-111.92631,2019-05-05,00:44:00
3518999,2019,1st St,Roosevelt St,45.0,Not Junction Related,0.0,0.0,No Injury,Sideswipe Same Direction,Daylight,Clear,Dry,21.0,Male,West,Leaving Parking Position,Failed To Yield Right Of Way,No Apparent Influence,No Apparent Influence,27.0,Female,West,Going Straight Ahead,No Improper Action,No Apparent Influence,No Apparent Influence,33.42914,-111.94714,2019-05-05,00:53:00
3516859,2019,Rio Salado Pkwy,McClintock Dr,-0.33,Intersection Related 206,0.0,0.0,No Injury,Sideswipe Same Direction,Daylight,Clear,Dry,33.0,Male,East,Going Straight Ahead,Followed Too Closely,No Apparent Influence,No Apparent Influence,49.0,Female,East,Going Straight Ahead,No Improper Action,No Apparent Influence,No Apparent Influence,33.42929,-111.91475,2019-05-05,16:47:00
3516854,2019,Hardy Dr,Cornell Dr,0.0,Intersection 4 Way 202,0.0,0.0,No Injury,Left Turn,Daylight,Clear,Dry,25.0,Female,East,Making Left Turn,Failed To Yield Right Of Way,No Apparent Influence,No Apparent Influence,74.0,Male,South,Going Straight Ahead,No Improper Action,No Apparent Influence,No Apparent Influence,33.3709,-111.95456,2019-05-05,20:44:00
3516853,2019,Baseline Rd,Darrow Dr,0.0,Intersection T Inter 203,0.0,0.0,No Injury,Left Turn,Daylight,Clear,Dry,16.0,Male,East,Going Straight Ahead,Disregarded Traffic Signal,No Apparent Influence,No Apparent Influence,27.0,Male,North,Making Left Turn,No Improper Action,No Apparent Influence,No Apparent Influence,33.37824,-111.96113,2019-05-05,21:57:00
3516959,2019,Baseline Rd,Calle Los Cerros,207.0,Not Junction Related,0.0,0.0,No Injury,Rear End,Daylight,Clear,Dry,32.0,Male,East,Going Straight Ahead,Speed To Fast For Conditions,No Apparent Influence,No Apparent Influence,26.0,Female,East,Stopped In Trafficway,No Improper Action,No Apparent Influence,No Apparent Influence,33.37821,-111.97341,2019-05-05,22:16:00
3518871,2019,Scottsdale Rd,Playa Del Norte Dr,215.0,Driveway Or Alley,0.0,0.0,No Injury,Sideswipe Same Direction,Daylight,Clear,Dry,46.0,Female,North,Changing Lanes,Unsafe Lane Change,No Apparent Influence,No Apparent Influence,34.0,Female,North,Going Straight Ahead,No Improper Action,No Apparent Influence,No Apparent Influence,33.43463,-111.92626,2019-05-06,00:44:00
3516960,2019,Elliot Rd,Price Rd,-200.0,Intersection Related 206,0.0,0.0,No Injury,Sideswipe Same Direction,Dusk,Clear,Dry,58.0,Female,West,Going Straight Ahead,Unsafe Lane Change,No Apparent Influence,No Apparent Influence,23.0,Female,West,Going Straight Ahead,No Improper Action,No Apparent Influence,No Apparent Influence,33.34933,-111.89502,2019-05-06,01:46:00
3516852,2019,Mill Ave,Baseline Rd,10.0,Intersection 4 Way 202,0.0,0.0,No Injury,Left Turn,Dark Lighted,Clear,Dry,66.0,Male,East,Making Left Turn,Failed To Yield Right Of Way,No Apparent Influence,No Apparent Influence,19.0,Male,West,Going Straight Ahead,No Improper Action,No Apparent Influence,No Apparent Influence,33.37824,-111.93937,2019-05-06,03:50:00
3516954,2019,Curry Rd,McClintock Dr,-74.0,Intersection Related 206,0.0,0.0,No Injury,Rear End,Daylight,Clear,Dry,38.0,Male,East,Making Right Turn,Speed To Fast For Conditions,No Apparent Influence,No Apparent Influence,51.0,Female,East,Making Right Turn,No Improper Action,No Apparent Influence,No Apparent Influence,33.4404,-111.9098,2019-05-06,16:18:00
3516955,2019,Rural Rd,Terrace Rd,-200.0,Intersection Related 206,0.0,0.0,No Injury,Sideswipe Same Direction,Daylight,Clear,Dry,22.0,Male,North,Making U Turn,Unsafe Lane Change,No Apparent Influence,No Apparent Influence,63.0,Male,North,Going Straight Ahead,No Improper Action,No Apparent Influence,No Apparent Influence,33.41973,-111.9263,2019-05-06,20:18:00
3516966,2019,Baseline Rd,Darrow Dr,-60.0,Intersection Related 206,1.0,0.0,Suspected Minor Injury,Rear End,Daylight,Cloudy,Dry,27.0,Female,East,Going Straight Ahead,Speed To Fast For Conditions,No Apparent Influence,No Apparent Influence,30.0,Male,East,Going Straight Ahead,No Improper Action,No Apparent Influence,No Apparent Influence,33.37824,-111.96133,2019-05-07,01:03:00
3518847,2019,University Dr,S Athletes Pl,0.0,Intersection 201,1.0,0.0,Possible Injury,Left Turn,Dusk,Clear,Dry,20.0,Male,North,Making Left Turn,Failed To Yield Right Of Way,No Apparent Influence,No Apparent Influence,20.0,Female,West,Going Straight Ahead,No Improper Action,No Apparent Influence,No Apparent Influence,33.42202,-111.9229,2019-05-07,01:45:00
3516673,2019,McClintock Dr,Carson Dr,50.0,Not Junction Related,0.0,0.0,No Injury,Sideswipe Same Direction,Dawn,Clear,Dry,33.0,Male,North,Changing Lanes,Unsafe Lane Change,No Apparent Influence,No Apparent Influence,62.0,Male,North,Going Straight Ahead,No Improper Action,No Apparent Influence,No Apparent Influence,33.38402,-111.90921,2019-05-07,12:48:00
3516869,2019,Broadway Rd,Roosevelt St,-50.0,Intersection Related 206,0.0,0.0,No Injury,Sideswipe Same Direction,Daylight,Clear,Dry,50.0,Male,East,Making Right Turn,Unknown,No Apparent Influence,No Apparent Influence,68.0,Female,East,Going Straight Ahead,Unknown,No Apparent Influence,No Apparent Influence,33.40738,-111.94802,2019-05-07,20:03:00
3518831,2019,Rural Rd,Southern Ave,-80.0,Intersection Related 206,0.0,0.0,No Injury,Left Turn,Daylight,Clear,Dry,69.0,Male,West,Making Left Turn,Failed To Yield Right Of Way,No Apparent Influence,No Apparent Influence,25.0,Female,North,Going Straight Ahead,No Improper Action,No Apparent Influence,No Apparent Influence,33.39274,-111.92633,2019-05-07,22:26:00
3518852,2019,McClintock Dr,Southern Ave,-145.0,Intersection Related 206,1.0,0.0,Possible Injury,Rear End,Daylight,Clear,Dry,57.0,Male,North,Going Straight Ahead,Followed Too Closely,No Apparent Influence,No Apparent Influence,35.0,Male,North,Stopped In Trafficway,No Improper Action,No Apparent Influence,No Apparent Influence,33.39259,-111.90913,2019-05-07,22:52:00
3519673,2019,Priest Dr,US-60 Exit 172 C2-Ramp,150.0,Not Junction Related,0.0,0.0,No Injury,Sideswipe Same Direction,Daylight,Clear,Dry,24.0,Female,South,Changing Lanes,Unsafe Lane Change,No Apparent Influence,No Apparent Influence,71.0,Male,South,Going Straight Ahead,No Improper Action,No Apparent Influence,No Apparent Influence,33.38846,-111.9609,2019-05-07,23:59:00
3516850,2019,Southern Ave,Mill Ave,0.0,Intersection 4 Way 202,0.0,0.0,No Injury,Angle - Other Than Left Turn 2,Daylight,Clear,Dry,18.0,Female,South,Making Right Turn,Failed To Yield Right Of Way,No Apparent Influence,No Apparent Influence,40.0,Male,West,Going Straight Ahead,No Improper Action,No Apparent Influence,No Apparent Influence,33.39286,-111.9396,2019-05-08,00:01:00
3516943,2019,Apache Blvd,Price Rd,0.0,Intersection 4 Way 202,2.0,0.0,Suspected Minor Injury,Angle - Other Than Left Turn 2,Daylight,Clear,Dry,46.0,Male,East,Going Straight Ahead,Unknown,No Apparent Influence,No Apparent Influence,42.0,Male,North,Going Straight Ahead,Unknown,No Apparent Influence,No Apparent Influence,33.41479,-111.89073,2019-05-08,00:36:00
3516958,2019,Rural Rd,Carter Dr,0.0,Intersection 4 Way 202,0.0,0.0,No Injury,Left Turn,Daylight,Clear,Dry,30.0,Female,Southwest,Making Left Turn,Failed To Yield Right Of Way,No Apparent Influence,No Apparent Influence,50.0,Male,South,Going Straight Ahead,No Improper Action,No Apparent Influence,No Apparent Influence,33.38113,-111.9276,2019-05-08,00:40:00
3525002,2019,Myrtle Ave,5th St,25.0,Intersection Related 206,0.0,0.0,No Injury,Other,Daylight,Clear,Dry,23.0,Female,North,Backing,Other,No Apparent Influence,No Apparent Influence,56.0,Female,South,Stopped In Trafficway,No Improper Action,No Apparent Influence,No Apparent Influence,33.42558,-111.93818,2019-05-08,01:01:00
3516941,2019,Rural Rd,Vista Del Cerro Dr,-141.0,Intersection Related 206,0.0,0.0,No Injury,Sideswipe Same Direction,Dark Lighted,Clear,Dry,21.0,Female,North,Changing Lanes,Unsafe Lane Change,No Apparent Influence,No Apparent Influence,30.0,Male,North,Going Straight Ahead,No Improper Action,No Apparent Influence,No Apparent Influence,33.40973,-111.92628,2019-05-08,04:52:00
3528138,2019,Priest Dr,Elna Rae St,14.0,Intersection Related 206,1.0,0.0,Possible Injury,Rear End,Daylight,Clear,Dry,22.0,Female,South,Going Straight Ahead,Speed To Fast For Conditions,No Apparent Influence,No Apparent Influence,30.0,Male,South,Making Right Turn,No Improper Action,No Apparent Influence,No Apparent Influence,33.41964,-111.96087,2019-05-08,12:25:00
3518973,2019,McKemy St,La Vieve Ln,0.0,Intersection T Inter 203,1.0,0.0,Suspected Minor Injury,Left Turn,Daylight,Cloudy,Dry,21.0,Male,South,Making Left Turn,Failed To Yield Right Of Way,No Apparent Influence,No Apparent Influence,47.0,Male,North,Going Straight Ahead,No Improper Action,No Apparent Influence,No Apparent Influence,33.33129,-111.94993,2019-05-08,13:19:00
3518967,2019,Washington St,Center Pkwy,0.0,Intersection T Inter 203,0.0,0.0,No Injury,Left Turn,Daylight,Cloudy,Dry,39.0,Male,East,Going Straight Ahead,Disregarded Traffic Signal,No Apparent Influence,No Apparent Influence,23.0,Male,Southwest,Making Left Turn,No Improper Action,No Apparent Influence,No Apparent Influence,33.43931,-111.94883,2019-05-08,15:29:00
3518977,2019,Elliot Rd,Hardy Dr,0.0,Intersection 4 Way 202,1.0,0.0,Suspected Minor Injury,Angle - Other Than Left Turn 2,Daylight,Cloudy,Dry,21.0,Female,East,Going Straight Ahead,Disregarded Traffic Signal,No Apparent Influence,No Apparent Influence,40.0,Male,North,Going Straight Ahead,No Improper Action,No Apparent Influence,No Apparent Influence,33.34916,-111.95448,2019-05-08,15:48:00
3518992,2019,Veterans Way,6th St,78.0,Intersection Related 206,0.0,0.0,No Injury,Rear End,Daylight,Clear,Dry,20.0,Female,West,Going Straight Ahead,Followed Too Closely,No Apparent Influence,No Apparent Influence,24.0,Female,West,Stopped In Trafficway,No Improper Action,No Apparent Influence,No Apparent Influence,33.4231,-111.93016,2019-05-08,19:25:00
3518955,2019,McClintock Dr,Del Rio Dr,0.0,Intersection T Inter 203,1.0,0.0,Possible Injury,Left Turn,Daylight,Clear,Dry,69.0,Male,South,Making Left Turn,Failed To Yield Right Of Way,No Apparent Influence,No Apparent Influence,42.0,Female,North,Going Straight Ahead,No Improper Action,No Apparent Influence,No Apparent Influence,33.3966,-111.90914,2019-05-08,20:12:00
3518987,2019,Priest Dr,Grove Pkwy,46.0,Intersection Related 206,0.0,0.0,No Injury,Rear End,Daylight,Clear,Dry,29.0,Female,Southwest,Going Straight Ahead,Followed Too Closely,No Apparent Influence,No Apparent Influence,68.0,Female,Southwest,Stopped In Trafficway,No Improper Action,No Apparent Influence,No Apparent Influence,33.35156,-111.96257,2019-05-08,21:33:00
3518986,2019,Elliot Rd,Kyrene Rd,0.0,Intersection 4 Way 202,2.0,0.0,Suspected Minor Injury,Left Turn,Daylight,Clear,Dry,17.0,Female,Northwest,Making Left Turn,Failed To Yield Right Of Way,No Apparent Influence,No Apparent Influence,45.0,Female,South,Going Straight Ahead,No Improper Action,No Apparent Influence,No Apparent Influence,33.3492,-111.94573,2019-05-08,22:16:00
3519690,2019,McClintock Dr,SR-202 Exit 8 A-Ramp,0.0,Intersection 201,0.0,0.0,No Injury,Left Turn,Daylight,Clear,Dry,48.0,Male,North,Making Left Turn,Failed To Yield Right Of Way,No Apparent Influence,No Apparent Influence,21.0,Female,South,Going Straight Ahead,No Improper Action,No Apparent Influence,No Apparent Influence,33.43646,-111.90961,2019-05-08,22:26:00
3518827,2019,McClintock Dr,Center Ln,-55.0,Intersection Related 206,0.0,0.0,No Injury,Left Turn,Daylight,Cloudy,Dry,21.0,Female,North,Making Left Turn,Failed To Yield Right Of Way,No Apparent Influence,No Apparent Influence,45.0,Male,South,Going Straight Ahead,No Improper Action,No Apparent Influence,No Apparent Influence,33.42072,-111.90911,2019-05-09,00:29:00
3516963,2019,Priest Dr,Arizona Mills Access E,0.0,Intersection Related 206,0.0,0.0,No Injury,Rear End,Dark Lighted,Clear,Dry,32.0,Male,North,Slowing In Trafficway,Speed To Fast For Conditions,Alcohol,No Apparent Influence,27.0,Male,North,Stopped In Trafficway,No Improper Action,No Apparent Influence,No Apparent Influence,33.38467,-111.96095,2019-05-09,03:34:00
3516873,2019,Baseline Rd,Price Rd,0.0,Intersection 201,0.0,0.0,No Injury,Left Turn,Daylight,Clear,Dry,25.0,Male,East,Going Straight Ahead,Disregarded Traffic Signal,No Apparent Influence,No Apparent Influence,40.0,Female,West,Making Left Turn,No Improper Action,No Apparent Influence,No Apparent Influence,33.37846,-111.89362,2019-05-09,13:48:00
3518976,2019,Miller Rd,Valerie Dr,-26.0,Intersection Related 206,2.0,0.0,Suspected Minor Injury,Rear End,Daylight,Clear,Dry,38.0,Male,North,Going Straight Ahead,Followed Too Closely,No Apparent Influence,No Apparent Influence,31.0,Female,North,Stopped In Trafficway,No Improper Action,No Apparent Influence,No Apparent Influence,33.44581,-111.91794,2019-05-09,14:32:00
3518975,2019,Broadway Rd,Terrace Rd,-55.0,Intersection Related 206,0.0,0.0,No Injury,Rear End,Daylight,Clear,Dry,53.0,Female,West,Going Straight Ahead,Followed Too Closely,No Apparent Influence,No Apparent Influence,27.0,Female,West,Stopped In Trafficway,No Improper Action,No Apparent Influence,No Apparent Influence,33.4075,-111.92279,2019-05-09,14:47:00
3516671,2019,McClintock Dr,Elliot Rd,-104.0,Intersection Related 206,0.0,0.0,No Injury,Rear End,Daylight,Clear,Dry,18.0,Male,North,Going Straight Ahead,Followed Too Closely,No Apparent Influence,No Apparent Influence,23.0,Female,North,Stopped In Trafficway,No Improper Action,No Apparent Influence,No Apparent Influence,33.34884,-111.91119,2019-05-09,18:33:00
3516978,2019,Scottsdale Rd,SR-202 Exit 7 T-Ramp,0.0,Intersection 201,0.0,0.0,No Injury,Angle - Other Than Left Turn 2,Daylight,Clear,Dry,39.0,Male,East,Making Right Turn,Failed To Yield Right Of Way,No Apparent Influence,No Apparent Influence,26.0,Male,South,Going Straight Ahead,No Improper Action,No Apparent Influence,No Apparent Influence,33.43544,-111.92626,2019-05-09,20:23:00
3519675,2019,Scottsdale Rd,SR-202 Exit 7 T-Ramp,-54.0,Entrance Exit Ramp 205,0.0,0.0,No Injury,Sideswipe Same Direction,Daylight,Clear,Dry,21.0,Female,South,Changing Lanes,Unsafe Lane Change,No Apparent Influence,No Apparent Influence,26.0,Male,South,Going Straight Ahead,No Improper Action,No Apparent Influence,No Apparent Influence,33.4353,-111.92626,2019-05-09,21:02:00
3519684,2019,Rural Rd,US-60 Exit 174 A-Ramp,-52.0,Intersection Related 206,2.0,0.0,Possible Injury,Rear End,Daylight,Clear,Dry,32.0,Male,South,Going Straight Ahead,Followed Too Closely,No Apparent Influence,No Apparent Influence,42.0,Male,South,Stopped In Trafficway,No Improper Action,No Apparent Influence,No Apparent Influence,33.38488,-111.92649,2019-05-09,21:20:00
3518829,2019,McClintock Dr,Broadway Rd,144.0,Intersection Related 206,0.0,0.0,No Injury,Rear End,Daylight,Clear,Dry,38.0,Female,South,Going Straight Ahead,Speed To Fast For Conditions,No Apparent Influence,No Apparent Influence,36.0,Male,South,Stopped In Trafficway,No Improper Action,No Apparent Influence,No Apparent Influence,33.4079,-111.90912,2019-05-09,22:24:00
3525018,2019,Scottsdale Rd,Playa Del Norte Dr,180.0,Intersection Related 206,0.0,0.0,No Injury,Rear End,Daylight,Cloudy,Dry,20.0,Male,North,Going Straight Ahead,Followed Too Closely,No Apparent Influence,No Apparent Influence,24.0,Male,North,Stopped In Trafficway,No Improper Action,No Apparent Influence,No Apparent Influence,33.43453,-111.92626,2019-05-09,22:36:00
3518835,2019,Warner Rd,Priest Dr,112.0,Intersection Related 206,1.0,0.0,Suspected Minor Injury,Rear End,Daylight,Clear,Dry,41.0,Female,West,Going Straight Ahead,Followed Too Closely,No Apparent Influence,No Apparent Influence,45.0,Female,West,Stopped In Trafficway,No Improper Action,No Apparent Influence,No Apparent Influence,33.33453,-111.96275,2019-05-10,00:08:00
3516847,2019,Hardy Dr,Fairmont Dr,100.0,Intersection Related 206,0.0,0.0,No Injury,Unknown,Daylight,Clear,Dry,50.0,Male,South,Changing Lanes,Unsafe Lane Change,No Apparent Influence,No Apparent Influence,31.0,Female,South,Going Straight Ahead,Other,No Apparent Influence,No Apparent Influence,33.39676,-111.95213,2019-05-10,00:15:00
3519671,2019,Elliot Rd,I-10 Exit 157 A-Ramp,0.0,Not Junction Related,0.0,0.0,No Injury,Sideswipe Same Direction,Daylight,Clear,Dry,33.0,Male,South,Making Left Turn,Unknown,No Apparent Influence,No Apparent Influence,23.0,Female,South,Making Left Turn,Unknown,No Apparent Influence,No Apparent Influence,33.34907,-111.97283,2019-05-10,17:57:00
3518874,2019,Baseline Rd,McClintock Dr,101.0,Intersection Related 206,0.0,0.0,No Injury,Rear End,Daylight,Clear,Dry,56.0,Male,West,Going Straight Ahead,Followed Too Closely,No Apparent Influence,No Apparent Influence,35.0,Male,West,Stopped In Trafficway,No Improper Action,No Apparent Influence,No Apparent Influence,33.37843,-111.90893,2019-05-10,18:28:00
3516967,2019,Elliot Rd,Rural Rd,0.0,Intersection 4 Way 202,0.0,0.0,No Injury,Angle - Other Than Left Turn 2,Daylight,Clear,Dry,32.0,Female,East,Avoiding Vehicle Object Pedestrian,Unknown,No Apparent Influence,No Apparent Influence,42.0,Female,East,Going Straight Ahead,No Improper Action,No Apparent Influence,No Apparent Influence,33.34919,-111.92848,2019-05-10,20:16:00
3524994,2019,McClintock Dr,Rio Salado Pkwy,0.0,Intersection 201,0.0,0.0,No Injury,Sideswipe Same Direction,Daylight,Clear,Dry,53.0,Male,East,Making U Turn,Failed To Yield Right Of Way,No Apparent Influence,No Apparent Influence,39.0,Male,East,Slowing In Trafficway,No Improper Action,No Apparent Influence,No Apparent Influence,33.42926,-111.90907,2019-05-10,20:17:00
3519525,2019,Baseline Rd,Hardy Dr,-207.0,Intersection Related 206,0.0,0.0,No Injury,Rear End,Daylight,Clear,Dry,27.0,Male,East,Going Straight Ahead,Followed Too Closely,No Apparent Influence,No Apparent Influence,29.0,Female,East,Stopped In Trafficway,No Improper Action,No Apparent Influence,No Apparent Influence,33.37822,-111.95319,2019-05-10,21:11:00
3518859,2019,Mill Ave,6th St,62.0,Intersection Related 206,0.0,0.0,No Injury,Rear End,Daylight,Clear,Dry,19.0,Female,South,Going Straight Ahead,Followed Too Closely,No Apparent Influence,No Apparent Influence,36.0,Male,South,Stopped In Trafficway,No Improper Action,No Apparent Influence,No Apparent Influence,33.42452,-111.94002,2019-05-10,21:54:00
3519705,2019,Rural Rd,US-60 Exit 174 A-Ramp,-60.0,Not Junction Related,0.0,0.0,No Injury,Sideswipe Same Direction,Daylight,Clear,Dry,74.0,Female,South,Going Straight Ahead,Failed To Keep In Proper Lane,No Apparent Influence,No Apparent Influence,59.0,Female,South,Going Straight Ahead,No Improper Action,No Apparent Influence,No Apparent Influence,33.38486,-111.92649,2019-05-10,22:26:00
3519670,2019,Price Rd,Southern Ave,0.0,Intersection Related 206,0.0,0.0,No Injury,Sideswipe Same Direction,Daylight,Clear,Wet,75.0,Male,South,Making Left Turn,Unknown,No Apparent Influence,No Apparent Influence,52.0,Male,South,Making Left Turn,Unknown,No Apparent Influence,No Apparent Influence,33.39296,-111.89203,2019-05-10,22:36:00
3524989,2019,Baseline Rd,Kyrene Rd,-62.0,Intersection Related 206,0.0,0.0,No Injury,Rear End,Unknown 51,Unknown,Dry,29.0,Female,East,Going Straight Ahead,Other,No Apparent Influence,No Apparent Influence,41.0,Female,East,Stopped In Trafficway,No Improper Action,No Apparent Influence,No Apparent Influence,33.3782,-111.94619,2019-05-10,22:46:00
3518853,2019,Southern Ave,Mill Ave,0.0,Not Junction Related,0.0,0.0,No Injury,Angle - Other Than Left Turn 2,Dark Lighted,Clear,Dry,33.0,Female,South,Making Left Turn,Unknown,No Apparent Influence,No Apparent Influence,20.0,Female,East,Going Straight Ahead,Unknown,No Apparent Influence,No Apparent Influence,33.39286,-111.9396,2019-05-11,05:12:00
3519685,2019,Price Rd,University Dr,0.0,Intersection 4 Way 202,0.0,0.0,No Injury,Sideswipe Same Direction,Daylight,Clear,Dry,59.0,Male,South,Changing Lanes,Unsafe Lane Change,No Apparent Influence,No Apparent Influence,60.0,Female,South,Making Left Turn,No Improper Action,No Apparent Influence,No Apparent Influence,33.42201,-111.89195,2019-05-11,19:37:00