Incident_ID,Year,Street_Name,Cross_Street,Distance,Junction_Relation,Total_Injuries,Total_Fatalities,Injury_Severity,Collision_Manner,Light_Condition,Weather,Surface_Condition,Age_1,Gender_1,Travel_One,UnitAction_One,Violation1_Drv1,AlcoholUse_ 1,DrugUse_1,Age_2,Gender_2,TravelDirection_2,UnitAction_2,Violation_2,AlcoholUse_2,DrugUse_2,Latitude,Longitude,Date,Time
3531199,2019,University Dr,Price Rd,0.0,Intersection 201,1.0,0.0,Possible Injury,Unknown,Dawn,Clear,Dry,51.0,Male,West,Going Straight Ahead,No Improper Action,No Apparent Influence,No Apparent Influence,53.0,Male,Southwest,Making Right Turn,Failed To Yield Right Of Way,No Apparent Influence,No Apparent Influence,33.42201,-111.89195,2019-05-21,11:30:00
3525080,2019,Priest Dr,21st St,0.0,Intersection T Inter 203,0.0,0.0,No Injury,Sideswipe Same Direction,Daylight,Clear,Dry,26.0,Male,North,Changing Lanes,Other,No Apparent Influence,No Apparent Influence,46.0,Male,North,Going Straight Ahead,Unsafe Lane Change,No Apparent Influence,No Apparent Influence,33.40623,-111.96077,2019-05-21,14:15:00
3525081,2019,Price Rd,Guadalupe Rd,-40.0,Intersection Related 206,1.0,0.0,Possible Injury,Sideswipe Same Direction,Daylight,Clear,Dry,34.0,Male,South,Changing Lanes,Unsafe Lane Change,No Apparent Influence,No Apparent Influence,42.0,Male,South,Going Straight Ahead,No Improper Action,No Apparent Influence,No Apparent Influence,33.36378,-111.89467,2019-05-21,14:17:00
3525084,2019,Priest Dr,Warner Rd,-140.0,Intersection Related 206,0.0,0.0,No Injury,Rear End,Daylight,Clear,Dry,30.0,Male,North,Going Straight Ahead,Followed Too Closely,No Apparent Influence,No Apparent Influence,37.0,Female,North,Stopped In Trafficway,No Improper Action,No Apparent Influence,No Apparent Influence,33.33414,-111.96312,2019-05-21,14:58:00
3525207,2019,McClintock Dr,Apache Blvd,220.0,Intersection Related 206,0.0,0.0,No Injury,Sideswipe Same Direction,Daylight,Clear,Dry,32.0,Female,South,Changing Lanes,Unsafe Lane Change,No Apparent Influence,No Apparent Influence,25.0,Female,South,Going Straight Ahead,No Improper Action,No Apparent Influence,No Apparent Influence,33.41536,-111.90913,2019-05-21,17:07:00
3525095,2019,Baseline Rd,I-10 Exit 155 A1-Ramp,25.0,Intersection Related 206,0.0,0.0,No Injury,Sideswipe Same Direction,Daylight,Clear,Dry,40.0,Male,South,Making Left Turn,Made Improper Turn,No Apparent Influence,No Apparent Influence,24.0,Male,East,Stopped In Trafficway,No Improper Action,No Apparent Influence,No Apparent Influence,33.37827,-111.96855,2019-05-21,20:56:00
3525064,2019,University Dr,Price Rd,-180.0,Intersection Related 206,0.0,0.0,No Injury,Rear End,Daylight,Clear,Dry,29.0,Male,East,Going Straight Ahead,Speed To Fast For Conditions,No Apparent Influence,No Apparent Influence,27.0,Male,East,Stopped In Trafficway,No Improper Action,No Apparent Influence,No Apparent Influence,33.42202,-111.89254,2019-05-21,23:07:00
3524940,2019,McClintock Dr,Elliot Rd,0.0,Intersection 201,0.0,0.0,No Injury,Left Turn,Dark Lighted,Clear,Dry,59.0,Female,North,Making Left Turn,Failed To Yield Right Of Way,Alcohol,No Apparent Influence,31.0,Male,South,Going Straight Ahead,No Improper Action,No Apparent Influence,No Apparent Influence,33.34913,-111.91119,2019-05-22,04:58:00
3528314,2019,Miller Rd,Curry Rd,-20.0,Intersection Related 206,0.0,0.0,No Injury,Angle - Other Than Left Turn 2,Dark Lighted,Clear,Dry,24.0,Male,South,Making Right Turn,Made Improper Turn,No Apparent Influence,No Apparent Influence,53.0,Male,South,Going Straight Ahead,No Improper Action,No Apparent Influence,No Apparent Influence,33.44032,-111.91796,2019-05-22,06:09:00
3528259,2019,Lakeshore Dr,Carson Dr,25.0,Intersection Related 206,1.0,0.0,Possible Injury,Rear End,Daylight,Clear,Dry,30.0,Female,West,Going Straight Ahead,Followed Too Closely,No Apparent Influence,No Apparent Influence,23.0,Female,255,Making Right Turn,No Improper Action,No Apparent Influence,No Apparent Influence,33.3817,-111.92506,2019-05-22,14:42:00
3524869,2019,Baseline Rd,Price Rd,-30.0,Intersection 201,0.0,0.0,No Injury,Rear End,Daylight,Cloudy,Dry,49.0,Female,East,Making Right Turn,Followed Too Closely,No Apparent Influence,No Apparent Influence,59.0,Female,East,Making Right Turn,No Improper Action,No Apparent Influence,No Apparent Influence,33.37846,-111.89371,2019-05-22,15:32:00
3524916,2019,Rural Rd,Guadalupe Rd,-77.0,Intersection Related 206,1.0,0.0,Suspected Minor Injury,Head On,Daylight,Clear,Dry,56.0,Male,South,Going Straight Ahead,Disregarded Traffic Signal,No Apparent Influence,No Apparent Influence,32.0,Female,North,Stopped In Trafficway,No Improper Action,No Apparent Influence,No Apparent Influence,33.36354,-111.9286,2019-05-22,15:36:00
3524913,2019,Mill Ave,US-60 Exit 173 A-Ramp,0.0,Intersection 201,0.0,0.0,No Injury,Left Turn,Unknown 51,Unknown,Dry,62.0,Female,South,Making Left Turn,Disregarded Traffic Signal,No Apparent Influence,No Apparent Influence,19.0,Female,East,Going Straight Ahead,No Improper Action,No Apparent Influence,No Apparent Influence,33.38511,-111.93947,2019-05-22,16:54:00
3524902,2019,Broadway Rd,Roosevelt St,-118.0,Intersection Related 206,0.0,0.0,No Injury,Rear End,Daylight,Cloudy,Dry,27.0,Male,West,Backing,Other,No Apparent Influence,No Apparent Influence,48.0,Female,East,Stopped In Trafficway,No Improper Action,No Apparent Influence,No Apparent Influence,33.40738,-111.94824,2019-05-22,17:11:00
3524880,2019,Rural Rd,Carter Dr,0.0,Intersection T Inter 203,0.0,0.0,No Injury,Angle - Other Than Left Turn 2,Daylight,Clear,Dry,23.0,Male,East,Making Left Turn,Failed To Yield Right Of Way,No Apparent Influence,No Apparent Influence,29.0,Male,South,Going Straight Ahead,No Improper Action,No Apparent Influence,No Apparent Influence,33.38113,-111.9276,2019-05-22,18:04:00
3524908,2019,McClintock Dr,Baseline Rd,117.0,Intersection Related 206,1.0,0.0,Suspected Minor Injury,Rear End,Daylight,Cloudy,Dry,40.0,Female,South,Going Straight Ahead,Followed Too Closely,Alcohol,No Apparent Influence,37.0,Male,South,Stopped In Trafficway,No Improper Action,No Apparent Influence,No Apparent Influence,33.37875,-111.90926,2019-05-23,00:01:00
3525071,2019,Price Rd,Broadway Rd,0.0,Intersection 201,0.0,0.0,No Injury,Rear End,Dark Lighted,Cloudy,Dry,28.0,Male,South,Going Straight Ahead,Disregarded Traffic Signal,Alcohol,No Apparent Influence,31.0,Male,South,Stopped In Trafficway,No Improper Action,No Apparent Influence,No Apparent Influence,33.4075,-111.892,2019-05-23,07:03:00
3524939,2019,Price Rd,Guadalupe Rd,80.0,Intersection Related 206,0.0,0.0,No Injury,Head On,Daylight,Rain,Dry,23.0,Female,South,Going Straight Ahead,Speed To Fast For Conditions,No Apparent Influence,No Apparent Influence,51.0,Male,South,Going Straight Ahead,No Improper Action,No Apparent Influence,No Apparent Influence,33.36411,-111.89465,2019-05-23,12:37:00
3524874,2019,Apache Blvd,Dorsey Ln,-30.0,Intersection Related 206,0.0,0.0,No Injury,Rear End,Daylight,Clear,Dry,38.0,Male,East,Going Straight Ahead,Speed To Fast For Conditions,No Apparent Influence,No Apparent Influence,25.0,Male,East,Stopped In Trafficway,No Improper Action,No Apparent Influence,No Apparent Influence,33.41476,-111.9178,2019-05-23,15:21:00
3535422,2019,Hayden Rd,McKellips Rd,0.0,Intersection Related Non Interchange,1.0,0.0,Possible Injury,Rear End,Daylight,Clear,Dry,56.0,Male,South,Making Left Turn,Speed To Fast For Conditions,No Apparent Influence,No Apparent Influence,37.0,Female,South,Stopped In Trafficway,No Improper Action,No Apparent Influence,No Apparent Influence,33.45126,-111.9093,2019-05-23,15:25:00
3525208,2019,Lakeshore Dr,Carson Dr,0.0,Intersection 201,0.0,0.0,No Injury,U Turn,Daylight,Clear,Dry,36.0,Female,South,Making Right Turn,Failed To Yield Right Of Way,No Apparent Influence,No Apparent Influence,31.0,Male,East,Making U Turn,No Improper Action,No Apparent Influence,No Apparent Influence,33.38172,-111.92514,2019-05-23,16:47:00
3524941,2019,Baseline Rd,Ash Ave,72.0,Not Junction Related,0.0,0.0,No Injury,Sideswipe Same Direction,Daylight,Clear,Dry,52.0,Male,East,Changing Lanes,Unsafe Lane Change,No Apparent Influence,No Apparent Influence,48.0,Female,East,Going Straight Ahead,No Improper Action,No Apparent Influence,No Apparent Influence,33.37822,-111.94129,2019-05-23,18:18:00
3525209,2019,Rural Rd,Rio Salado Pkwy,-175.0,Intersection Related 206,0.0,0.0,No Injury,Rear End,Daylight,Clear,Dry,17.0,Female,North,Going Straight Ahead,Followed Too Closely,No Apparent Influence,No Apparent Influence,32.0,Male,North,Stopped In Trafficway,No Improper Action,No Apparent Influence,No Apparent Influence,33.42836,-111.92629,2019-05-23,18:35:00
3528171,2019,Broadway Rd,River Dr,-100.0,Not Junction Related,0.0,0.0,No Injury,Sideswipe Same Direction,Daylight,Clear,Dry,16.0,Male,West,Changing Lanes,Unsafe Lane Change,No Apparent Influence,No Apparent Influence,23.0,Female,West,Going Straight Ahead,No Improper Action,No Apparent Influence,No Apparent Influence,33.4075,-111.89808,2019-05-23,19:02:00
3528270,2019,Rural Rd,6th St,0.0,Intersection T Inter 203,0.0,0.0,No Injury,Left Turn,Daylight,Clear,Dry,74.0,Male,North,Making Left Turn,Made Improper Turn,No Apparent Influence,No Apparent Influence,32.0,Female,South,Stopped In Trafficway,No Improper Action,No Apparent Influence,No Apparent Influence,33.4245,-111.9263,2019-05-23,19:15:00
3524901,2019,Price Rd,Broadway Rd,0.0,Intersection Related 206,0.0,0.0,No Injury,Rear End,Daylight,Clear,Dry,28.0,Female,South,Making Left Turn,Made Improper Turn,No Apparent Influence,No Apparent Influence,40.0,Female,South,Making Left Turn,Made Improper Turn,No Apparent Influence,No Apparent Influence,33.4075,-111.892,2019-05-23,20:45:00
3524948,2019,Price Rd,Guadalupe Rd,0.0,Not Junction Related,0.0,0.0,No Injury,Sideswipe Same Direction,Daylight,Cloudy,Dry,55.0,Female,South,Unknown,Unknown,No Apparent Influence,No Apparent Influence,24.0,Male,South,Unknown,Unknown,No Apparent Influence,No Apparent Influence,33.36389,-111.89467,2019-05-23,22:18:00
3525214,2019,Rural Rd,Elliot Rd,0.0,Intersection 201,2.0,0.0,Suspected Minor Injury,Left Turn,Unknown 51,Unknown,Dry,71.0,Female,South,Going Straight Ahead,Disregarded Traffic Signal,No Apparent Influence,No Apparent Influence,39.0,Male,North,Making Left Turn,No Improper Action,No Apparent Influence,No Apparent Influence,33.34919,-111.92848,2019-05-24,17:53:00
3525171,2019,Rio Salado Pkwy,Siesta Ln,0.0,Not Junction Related,2.0,0.0,Possible Injury,Sideswipe Same Direction,Daylight,Clear,Dry,49.0,Male,West,Other,Other,No Apparent Influence,No Apparent Influence,27.0,Male,West,Going Straight Ahead,No Improper Action,No Apparent Influence,No Apparent Influence,33.42937,-111.89362,2019-05-24,22:57:00
3528293,2019,Priest Dr,Grove Pkwy,70.0,Intersection T Inter 203,0.0,0.0,No Injury,Left Turn,Daylight,Clear,Dry,65.0,Male,Southeast,Going Straight Ahead,Followed Too Closely,No Apparent Influence,No Apparent Influence,25.0,Female,Southeast,Stopped In Trafficway,No Improper Action,No Apparent Influence,No Apparent Influence,33.35161,-111.96263,2019-05-24,23:43:00
3528333,2019,Southern Ave,48th St,0.0,Intersection 4 Way 202,0.0,0.0,No Injury,Left Turn,Daylight,Clear,Dry,22.0,Female,Southwest,Making Left Turn,Failed To Yield Right Of Way,No Apparent Influence,No Apparent Influence,34.0,Female,East,Going Straight Ahead,No Improper Action,No Apparent Influence,No Apparent Influence,33.39277,-111.97834,2019-05-25,00:13:00
3525029,2019,5th St,Mill Ave,-55.0,Intersection Related 206,0.0,0.0,No Injury,Sideswipe Same Direction,Dark Lighted,Clear,Dry,62.0,Male,East,Negotiating A Curve,Unsafe Lane Change,No Apparent Influence,No Apparent Influence,21.0,Male,East,Going Straight Ahead,No Improper Action,No Apparent Influence,No Apparent Influence,33.4255,-111.9402,2019-05-25,04:04:00
3524936,2019,Elliot Rd,Priest Dr,0.0,Intersection 4 Way 202,1.0,0.0,Suspected Minor Injury,Left Turn,Daylight,Clear,Dry,23.0,Female,North,Making Left Turn,Failed To Yield Right Of Way,No Apparent Influence,No Apparent Influence,56.0,Male,South,Going Straight Ahead,No Improper Action,No Apparent Influence,No Apparent Influence,33.3491,-111.96313,2019-05-25,16:55:00
3525107,2019,Baseline Rd,Price Rd,0.0,Intersection 4 Way 202,0.0,0.0,No Injury,Angle - Other Than Left Turn 2,Daylight,Clear,Dry,24.0,Male,East,Going Straight Ahead,Unknown,No Apparent Influence,No Apparent Influence,81.0,Female,South,Going Straight Ahead,Unknown,No Apparent Influence,No Apparent Influence,33.37846,-111.89362,2019-05-25,19:43:00
3528313,2019,Rural Rd,6th St,0.0,Intersection T Inter 203,2.0,0.0,Possible Injury,Left Turn,Daylight,Clear,Dry,21.0,Female,South,Going Straight Ahead,Unknown,No Apparent Influence,No Apparent Influence,66.0,Male,East,Making Left Turn,Unknown,No Apparent Influence,No Apparent Influence,33.4245,-111.9263,2019-05-25,20:09:00
3531203,2019,Beck Ave,5th St,-30.0,Not Junction Related,2.0,0.0,Possible Injury,Left Turn,Daylight,Clear,Dry,21.0,Female,South,Making Left Turn,Failed To Yield Right Of Way,No Apparent Influence,No Apparent Influence,48.0,Female,North,Going Straight Ahead,No Improper Action,No Apparent Influence,No Apparent Influence,33.42542,-111.95666,2019-05-26,01:03:00
3528234,2019,Smith Rd,University Dr,0.0,Intersection 201,0.0,0.0,No Injury,Angle - Other Than Left Turn 2,Daylight,Clear,Dry,59.0,Female,South,Making Right Turn,Unknown,No Apparent Influence,No Apparent Influence,26.0,Male,West,Making Left Turn,No Improper Action,No Apparent Influence,No Apparent Influence,33.42211,-111.9005,2019-05-26,01:37:00
3566365,2019,Price Rd,Elliot Rd,0.0,Intersection 4 Way 202,0.0,0.0,No Injury,Left Turn,Daylight,Clear,Dry,75.0,Male,East,Going Straight Ahead,Disregarded Traffic Signal,No Apparent Influence,No Apparent Influence,58.0,Male,South,Making Left Turn,No Improper Action,No Apparent Influence,No Apparent Influence,33.34934,-111.89437,2019-05-26,05:25:00
3524938,2019,Southern Ave,Hardy Dr,0.0,Intersection 201,0.0,0.0,No Injury,Rear End,Dark Lighted,Clear,Dry,33.0,Male,East,Going Straight Ahead,Speed To Fast For Conditions,Alcohol,No Apparent Influence,28.0,Female,East,Slowing In Trafficway,No Improper Action,No Apparent Influence,No Apparent Influence,33.39286,-111.95198,2019-05-26,06:37:00
3528312,2019,McClintock Dr,Broadway Rd,40.0,Intersection Related 206,0.0,0.0,No Injury,Other,Unknown 51,Unknown,Dry,30.0,Male,South,Backing,Other,No Apparent Influence,No Apparent Influence,37.0,Female,South,Stopped In Trafficway,No Improper Action,No Apparent Influence,No Apparent Influence,33.40761,-111.90912,2019-05-26,19:10:00
3528265,2019,Guadalupe Rd,Rural Rd,0.0,Intersection 4 Way 202,2.0,0.0,Possible Injury,Head On,Daylight,Clear,Unknown,54.0,Female,North,Unknown,Unknown,No Apparent Influence,No Apparent Influence,29.0,Female,East,Unknown,Unknown,No Apparent Influence,No Apparent Influence,33.36375,-111.9286,2019-05-27,00:06:00
3528182,2019,Scottsdale Rd,Rio Salado Pkwy,88.0,Intersection Related 206,0.0,0.0,No Injury,Sideswipe Same Direction,Daylight,Clear,Dry,35.0,Male,South,Changing Lanes,Unsafe Lane Change,No Apparent Influence,No Apparent Influence,19.0,Female,South,Slowing In Trafficway,No Improper Action,No Apparent Influence,No Apparent Influence,33.42909,-111.92629,2019-05-27,00:47:00
3525184,2019,McClintock Dr,Rio Salado Pkwy,-31.0,Intersection Related 206,0.0,0.0,No Injury,Rear End,Dark Lighted,Clear,Dry,62.0,Female,North,Unknown,Speed To Fast For Conditions,Alcohol,No Apparent Influence,29.0,Male,North,Unknown,No Improper Action,No Apparent Influence,No Apparent Influence,33.42918,-111.90907,2019-05-27,05:17:00
3528356,2019,Priest Dr,Baseline Rd,125.0,Intersection Related 206,1.0,0.0,Suspected Minor Injury,Rear End,Daylight,Clear,Dry,38.0,Male,North,Going Straight Ahead,Speed To Fast For Conditions,Alcohol,No Apparent Influence,32.0,Female,North,Stopped In Trafficway,No Improper Action,No Apparent Influence,No Apparent Influence,33.37859,-111.96315,2019-05-27,15:58:00
3524899,2019,Broadway Rd,Price Rd,0.0,Intersection 201,1.0,0.0,Possible Injury,Angle - Other Than Left Turn 2,Daylight,Clear,Dry,20.0,Male,South,Going Straight Ahead,Disregarded Traffic Signal,No Apparent Influence,No Apparent Influence,18.0,Male,East,Going Straight Ahead,No Improper Action,No Apparent Influence,No Apparent Influence,33.4075,-111.892,2019-05-27,17:41:00
3525186,2019,McClintock Dr,Broadway Rd,-90.0,Intersection Related 206,0.0,0.0,No Injury,Rear End,Daylight,Clear,Dry,49.0,Female,North,Going Straight Ahead,Speed To Fast For Conditions,No Apparent Influence,No Apparent Influence,56.0,Male,North,Stopped In Trafficway,No Improper Action,No Apparent Influence,No Apparent Influence,33.40725,-111.90913,2019-05-27,18:47:00
3545557,2019,Baseline Rd,I-10 Exit 155 C2-Ramp,0.0,Intersection 201,0.0,0.0,No Injury,U Turn,Daylight,Clear,Dry,59.0,Male,West,Making U Turn,Made Improper Turn,No Apparent Influence,No Apparent Influence,26.0,Female,East,Going Straight Ahead,No Improper Action,No Apparent Influence,No Apparent Influence,33.3783,-111.96738,2019-05-28,00:00:00
3528162,2019,Elliot Rd,McClintock Dr,-200.0,Intersection Related 206,0.0,0.0,No Injury,Rear End,Daylight,Clear,Dry,34.0,Male,East,Going Straight Ahead,Speed To Fast For Conditions,No Apparent Influence,No Apparent Influence,39.0,Female,East,Stopped In Trafficway,No Improper Action,No Apparent Influence,No Apparent Influence,33.34913,-111.91184,2019-05-28,01:17:00
3533409,2019,McClintock Dr,Apache Blvd,0.0,Intersection Related 206,0.0,0.0,No Injury,Rear End,Daylight,Clear,Dry,46.0,Female,North,Going Straight Ahead,Unknown,No Apparent Influence,No Apparent Influence,22.0,Female,North,Stopped In Trafficway,Unknown,No Apparent Influence,No Apparent Influence,33.41476,-111.90913,2019-05-28,01:40:00
3528180,2019,McClintock Dr,US-60 Exit 175 A-Ramp,-200.0,Intersection Related 206,0.0,0.0,No Injury,Sideswipe Same Direction,Daylight,Clear,Dry,24.0,Male,North,Going Straight Ahead,Unsafe Lane Change,No Apparent Influence,No Apparent Influence,18.0,Female,North,Going Straight Ahead,No Improper Action,No Apparent Influence,No Apparent Influence,33.3846,-111.90921,2019-05-28,02:03:00
3525072,2019,Apache Blvd,Rural Rd,-32.0,Not Junction Related,0.0,0.0,No Injury,Sideswipe Same Direction,Daylight,Clear,Dry,70.0,Male,West,Changing Lanes,Unsafe Lane Change,No Apparent Influence,No Apparent Influence,28.0,Male,West,Going Straight Ahead,No Improper Action,No Apparent Influence,No Apparent Influence,33.41476,-111.9264,2019-05-28,19:08:00
3528185,2019,McClintock Dr,Broadway Rd,82.0,Intersection 201,0.0,0.0,No Injury,Other,Daylight,Clear,Dry,17.0,Female,South,Backing,Other,No Apparent Influence,No Apparent Influence,46.0,Male,South,Stopped In Trafficway,No Improper Action,No Apparent Influence,No Apparent Influence,33.40773,-111.90912,2019-05-28,19:21:00
3528187,2019,Broadway Rd,McClintock Dr,158.0,Intersection Related 206,0.0,0.0,No Injury,Rear End,Daylight,Clear,Dry,20.0,Male,West,Going Straight Ahead,Speed To Fast For Conditions,No Apparent Influence,No Apparent Influence,61.0,Female,West,Stopped In Trafficway,No Improper Action,No Apparent Influence,No Apparent Influence,33.4075,-111.90861,2019-05-28,21:09:00
3525106,2019,Baseline Rd,Pointe Pkwy,0.0,Intersection T Inter 203,0.0,0.0,No Injury,Rear End,Daylight,Clear,Dry,60.0,Male,South,Making Left Turn,Followed Too Closely,No Apparent Influence,No Apparent Influence,47.0,Male,South,Stopped In Trafficway,No Improper Action,No Apparent Influence,No Apparent Influence,33.37822,-111.97199,2019-05-28,22:10:00
3525057,2019,McClintock Dr,Elliot Rd,0.0,Intersection 4 Way 202,2.0,0.0,Suspected Minor Injury,Left Turn,Daylight,Clear,Dry,40.0,Female,South,Making Left Turn,Failed To Yield Right Of Way,No Apparent Influence,No Apparent Influence,24.0,Male,North,Going Straight Ahead,No Improper Action,No Apparent Influence,No Apparent Influence,33.34913,-111.91119,2019-05-29,00:16:00
3528278,2019,Guadalupe Rd,La Rosa Dr,0.0,Intersection T Inter 203,1.0,0.0,Possible Injury,Angle - Other Than Left Turn 2,Daylight,Clear,Dry,63.0,Female,South,Making Left Turn,Failed To Yield Right Of Way,No Apparent Influence,No Apparent Influence,29.0,Male,West,Going Straight Ahead,No Improper Action,No Apparent Influence,No Apparent Influence,33.36375,-111.93077,2019-05-29,00:22:00
3528268,2019,Smith Rd,Don Carlos Ave,-137.0,Not Junction Related,0.0,0.0,No Injury,Sideswipe Opposite Direction,Daylight,Clear,Dry,58.0,Male,North,Going Straight Ahead,Speed To Fast For Conditions,No Apparent Influence,No Apparent Influence,60.0,Male,South,Going Straight Ahead,No Improper Action,No Apparent Influence,No Apparent Influence,33.41717,-111.9005,2019-05-29,00:42:00
3528283,2019,Baseline Rd,I-10 Exit 155 G-Ramp,46.0,Intersection Related 206,0.0,0.0,No Injury,Angle - Other Than Left Turn 2,Daylight,Clear,Dry,59.0,Male,East,Going Straight Ahead,Disregarded Traffic Signal,No Apparent Influence,No Apparent Influence,27.0,Female,South,Making Left Turn,No Improper Action,No Apparent Influence,No Apparent Influence,33.37828,-111.96848,2019-05-29,01:28:00
3528188,2019,48th St,Southern Ave,0.0,Intersection 4 Way 202,0.0,0.0,No Injury,Left Turn,Dark Lighted,Clear,Dry,20.0,Female,South,Making Left Turn,Failed To Yield Right Of Way,No Apparent Influence,No Apparent Influence,46.0,Female,North,Going Straight Ahead,No Improper Action,No Apparent Influence,No Apparent Influence,33.39277,-111.97834,2019-05-29,02:39:00
3528174,2019,Priest Dr,Geneva Dr,-110.0,Not Junction Related,0.0,0.0,No Injury,Rear End,Daylight,Clear,Dry,25.0,Female,North,Going Straight Ahead,Followed Too Closely,No Apparent Influence,No Apparent Influence,26.0,Male,North,Stopped In Trafficway,No Improper Action,No Apparent Influence,No Apparent Influence,33.39472,-111.96077,2019-05-29,15:04:00
3528147,2019,Price Rd,Southern Ave,0.0,Intersection 4 Way 202,0.0,0.0,No Injury,Sideswipe Same Direction,Daylight,Clear,Dry,60.0,Male,North,Going Straight Ahead,Unknown,No Apparent Influence,No Apparent Influence,46.0,Male,North,Making Left Turn,Unknown,No Apparent Influence,No Apparent Influence,33.39295,-111.89045,2019-05-29,19:20:00
3528329,2019,Price Rd,Elliot Rd,0.47,Intersection T Inter 203,1.0,0.0,Possible Injury,Angle - Other Than Left Turn 2,Daylight,Clear,Dry,20.0,Female,East,Going Straight Ahead,Failed To Yield Right Of Way,No Apparent Influence,No Apparent Influence,21.0,Male,South,Going Straight Ahead,No Improper Action,No Apparent Influence,No Apparent Influence,33.35614,-111.89491,2019-05-29,19:29:00
3525083,2019,Scottsdale Rd,McKellips Rd,0.0,Intersection 4 Way 202,1.0,0.0,Suspected Minor Injury,Angle - Other Than Left Turn 2,Daylight,Clear,Dry,63.0,Male,North,Going Straight Ahead,Disregarded Traffic Signal,No Apparent Influence,No Apparent Influence,66.0,Female,West,Going Straight Ahead,No Improper Action,No Apparent Influence,No Apparent Influence,33.45124,-111.92647,2019-05-29,21:11:00
3528297,2019,Warner Rd,McClintock Dr,88.0,Intersection Related 206,0.0,0.0,No Injury,Rear End,Daylight,Clear,Dry,33.0,Male,West,Going Straight Ahead,Speed To Fast For Conditions,No Apparent Influence,No Apparent Influence,62.0,Male,West,Stopped In Trafficway,No Improper Action,No Apparent Influence,No Apparent Influence,33.33464,-111.91089,2019-05-30,13:02:00
3528272,2019,Avenida Del Yaqui,Bell De Mar Dr,50.0,Intersection Related Non Interchange,0.0,0.0,No Injury,Rear End,Daylight,Unknown,Dry,23.0,Male,South,Going Straight Ahead,Speed To Fast For Conditions,No Apparent Influence,No Apparent Influence,21.0,Male,South,Stopped In Trafficway,No Improper Action,No Apparent Influence,No Apparent Influence,33.35819,-111.96317,2019-05-30,13:04:00
3525335,2019,Apache Blvd,Rural Rd,105.0,Intersection Related 206,0.0,0.0,No Injury,Other,Daylight,Clear,Dry,44.0,Female,West,Backing,Other,No Apparent Influence,No Apparent Influence,20.0,Male,West,Stopped In Trafficway,No Improper Action,No Apparent Influence,No Apparent Influence,33.41476,-111.92595,2019-05-30,15:40:00
3525068,2019,Rural Rd,Southern Ave,-80.0,Intersection Related 206,0.0,0.0,No Injury,Rear End,Daylight,Clear,Dry,24.0,Male,North,Going Straight Ahead,Speed To Fast For Conditions,No Apparent Influence,No Apparent Influence,72.0,Female,North,Stopped In Trafficway,No Improper Action,No Apparent Influence,No Apparent Influence,33.39274,-111.92633,2019-05-30,20:07:00
3525993,2019,6th St,Forest Service 01 Tempe Ave,-215.0,Not Junction Related,0.0,0.0,No Injury,Other,Daylight,Clear,Dry,40.0,Male,South,Backing,Other,No Apparent Influence,No Apparent Influence,57.0,Female,West,Going Straight Ahead,No Improper Action,No Apparent Influence,No Apparent Influence,33.42435,-111.93737,2019-05-30,23:40:00
3528295,2019,Rural Rd,Cornell Dr,50.0,Unknown,1.0,0.0,Possible Injury,Rear End,Daylight,Clear,Dry,31.0,Male,South,Going Straight Ahead,Speed To Fast For Conditions,No Apparent Influence,No Apparent Influence,55.0,Male,South,Slowing In Trafficway,No Improper Action,No Apparent Influence,No Apparent Influence,33.37225,-111.92866,2019-05-30,23:44:00
3524996,2019,Broadway Rd,52nd St,-81.0,Intersection Related 206,1.0,0.0,Suspected Minor Injury,Rear End,Daylight,Clear,Dry,35.0,Male,East,Going Straight Ahead,Followed Too Closely,No Apparent Influence,No Apparent Influence,54.0,Female,East,Stopped In Trafficway,No Improper Action,No Apparent Influence,No Apparent Influence,33.4093,-111.96979,2019-05-31,00:10:00
3528175,2019,Apache Blvd,Smith Rd,0.0,Intersection T Inter 203,2.0,0.0,Suspected Minor Injury,Angle - Other Than Left Turn 2,Daylight,Clear,Dry,21.0,Male,South,Making Right Turn,Failed To Yield Right Of Way,No Apparent Influence,No Apparent Influence,66.0,Male,West,Going Straight Ahead,No Improper Action,No Apparent Influence,No Apparent Influence,33.41477,-111.9005,2019-05-31,00:27:00
3528152,2019,University Dr,SR-143 Exit 1 T-Ramp,0.0,Entrance Exit Ramp 205,0.0,0.0,No Injury,Sideswipe Same Direction,Daylight,Clear,Dry,27.0,Female,East,Making Right Turn,Failed To Yield Right Of Way,No Apparent Influence,No Apparent Influence,37.0,Male,East,Going Straight Ahead,No Improper Action,No Apparent Influence,No Apparent Influence,33.42189,-111.97767,2019-05-31,13:35:00
3524999,2019,Southern Ave,48th St,88.0,Intersection Related 206,0.0,0.0,No Injury,Rear End,Daylight,Clear,Dry,26.0,Female,West,Going Straight Ahead,Followed Too Closely,No Apparent Influence,No Apparent Influence,48.0,Female,West,Stopped In Trafficway,No Improper Action,No Apparent Influence,No Apparent Influence,33.39277,-111.97805,2019-05-31,18:06:00
3528145,2019,Priest Dr,SR-202 Exit 5 A-Ramp,0.0,Entrance Exit Ramp 205,0.0,0.0,No Injury,Angle - Other Than Left Turn 2,Daylight,Clear,Dry,24.0,Female,East,Making Right Turn,Made Improper Turn,No Apparent Influence,No Apparent Influence,23.0,Male,South,Going Straight Ahead,No Improper Action,No Apparent Influence,No Apparent Influence,33.43715,-111.96094,2019-05-31,19:17:00