Incident_ID,Year,Street_Name,Cross_Street,Distance,Junction_Relation,Total_Injuries,Total_Fatalities,Injury_Severity,Collision_Manner,Light_Condition,Weather,Surface_Condition,Age_1,Gender_1,Travel_One,UnitAction_One,Violation1_Drv1,AlcoholUse_ 1,DrugUse_1,Age_2,Gender_2,TravelDirection_2,UnitAction_2,Violation_2,AlcoholUse_2,DrugUse_2,Latitude,Longitude,Date,Time
3531227,2019,Hardy Dr,Fairmont Dr,0.0,Intersection 4 Way 202,2.0,0.0,Possible Injury,Angle - Other Than Left Turn 2,Daylight,Clear,Dry,48.0,Male,East,Making Right Turn,Ran Stop Sign,No Apparent Influence,No Apparent Influence,46.0,Male,South,Going Straight Ahead,No Improper Action,No Apparent Influence,No Apparent Influence,33.39649,-111.95213,2019-06-11,00:26:00
3528236,2019,Scottsdale Rd,Rio Salado Pkwy,0.0,Intersection 4 Way 202,0.0,0.0,No Injury,Left Turn,Daylight,Clear,Dry,19.0,Female,South,Making Left Turn,Failed To Yield Right Of Way,No Apparent Influence,No Apparent Influence,20.0,Male,North,Going Straight Ahead,Exceeded Lawful Speed,No Apparent Influence,No Apparent Influence,33.42885,-111.92629,2019-06-11,00:35:00
3535782,2019,McClintock Dr,Don Carlos Ave,0.0,Intersection 4 Way 202,0.0,0.0,No Injury,Left Turn,Daylight,Clear,Dry,24.0,Male,North,Making Left Turn,Failed To Yield Right Of Way,No Apparent Influence,No Apparent Influence,24.0,Female,South,Going Straight Ahead,No Improper Action,No Apparent Influence,No Apparent Influence,33.41748,-111.90911,2019-06-11,00:47:00
3533290,2019,University Dr,Rockford Dr,-130.0,Driveway Or Alley,0.0,0.0,No Injury,Rear End,Dark Lighted,Clear,Dry,21.0,Male,East,Going Straight Ahead,Followed Too Closely,No Apparent Influence,No Apparent Influence,56.0,Female,Southeast,Making Right Turn,No Improper Action,No Apparent Influence,No Apparent Influence,33.4221,-111.8985,2019-06-11,03:58:00
3561440,2019,Hardy Dr,Grove Pkwy,0.0,Intersection T Inter 203,1.0,0.0,Suspected Serious Injury,Left Turn,Daylight,Clear,Dry,26.0,Female,North,Making Left Turn,Failed To Yield Right Of Way,No Apparent Influence,No Apparent Influence,49.0,Male,East,Going Straight Ahead,No Improper Action,No Apparent Influence,No Apparent Influence,33.3548,-111.95449,2019-06-11,15:23:00
3528204,2019,Rio Salado Pkwy,McClintock Dr,60.0,Intersection Related 206,0.0,0.0,No Injury,Sideswipe Same Direction,Daylight,Clear,Dry,54.0,Male,West,Making Right Turn,Failed To Keep In Proper Lane,No Apparent Influence,No Apparent Influence,55.0,Female,West,Stopped In Trafficway,No Improper Action,No Apparent Influence,No Apparent Influence,33.42929,-111.90888,2019-06-11,20:51:00
3528201,2019,Broadway Rd,I-10 Cardinal Frontage,-40.0,Intersection Related 206,0.0,0.0,No Injury,Rear End,Daylight,Clear,Dry,24.0,Female,East,Going Straight Ahead,Speed To Fast For Conditions,No Apparent Influence,No Apparent Influence,29.0,Male,East,Stopped In Trafficway,No Improper Action,No Apparent Influence,No Apparent Influence,33.40841,-111.97372,2019-06-11,23:19:00
3522416,2019,Broadway Rd,I-10 Exit 153 P-Ramp,0.0,Not Junction Related,0.0,0.0,No Injury,Sideswipe Same Direction,Daylight,Clear,Dry,67.0,Male,East,Changing Lanes,Unsafe Lane Change,No Apparent Influence,No Apparent Influence,53.0,Female,East,Going Straight Ahead,No Improper Action,No Apparent Influence,No Apparent Influence,33.40836,-111.97384,2019-06-11,23:37:00
3528224,2019,Southern Ave,Mill Ave,108.0,Intersection Related 206,1.0,0.0,Suspected Minor Injury,Rear End,Daylight,Clear,Dry,31.0,Male,East,Going Straight Ahead,Followed Too Closely,No Apparent Influence,No Apparent Influence,31.0,Female,East,Stopped In Trafficway,No Improper Action,No Apparent Influence,No Apparent Influence,33.39287,-111.93925,2019-06-11,23:56:00
3528253,2019,University Dr,Rural Rd,35.0,Intersection Related 206,2.0,0.0,Suspected Minor Injury,Rear End,Dark Lighted,Clear,Dry,19.0,Female,South,Making Left Turn,Followed Too Closely,No Apparent Influence,No Apparent Influence,19.0,Female,North,Making Right Turn,Unsafe Lane Change,No Apparent Influence,No Apparent Influence,33.42203,-111.9262,2019-06-12,02:58:00
3528252,2019,Scottsdale Rd,Curry Rd,0.0,Intersection 4 Way 202,2.0,0.0,Possible Injury,Angle - Other Than Left Turn 2,Dark Lighted,Clear,Dry,27.0,Female,North,Making Right Turn,Made Improper Turn,No Apparent Influence,No Apparent Influence,24.0,Male,North,Going Straight Ahead,No Improper Action,No Apparent Influence,No Apparent Influence,33.44029,-111.92634,2019-06-12,05:01:00
3528203,2019,Broadway Rd,McClintock Dr,-175.0,Driveway Or Alley,1.0,0.0,Suspected Minor Injury,Left Turn,Daylight,Clear,Dry,46.0,Female,Southeast,Making Left Turn,Failed To Yield Right Of Way,No Apparent Influence,No Apparent Influence,47.0,Male,West,Going Straight Ahead,No Improper Action,No Apparent Influence,No Apparent Influence,33.4075,-111.9097,2019-06-12,12:37:00
3531163,2019,McClintock Dr,Southern Ave,20.0,Intersection Related 206,0.0,0.0,No Injury,Rear End,Daylight,Clear,Dry,27.0,Male,North,Going Straight Ahead,Followed Too Closely,No Apparent Influence,No Apparent Influence,31.0,Male,North,Stopped In Trafficway,No Improper Action,No Apparent Influence,No Apparent Influence,33.39305,-111.90913,2019-06-12,14:11:00
3528222,2019,Rio Salado Pkwy,Mill Ave,125.0,Intersection Related 206,1.0,0.0,Suspected Minor Injury,Rear End,Daylight,Clear,Dry,26.0,Female,East,Going Straight Ahead,Followed Too Closely,No Apparent Influence,No Apparent Influence,48.0,Female,East,Stopped In Trafficway,No Improper Action,No Apparent Influence,No Apparent Influence,33.42967,-111.93964,2019-06-12,14:23:00
3528208,2019,Elliot Rd,I-10 Exit 157 A-Ramp,114.0,Intersection Related 206,0.0,0.0,No Injury,Sideswipe Same Direction,Daylight,Clear,Dry,54.0,Male,East,Changing Lanes,Unsafe Lane Change,No Apparent Influence,No Apparent Influence,58.0,Female,East,Going Straight Ahead,No Improper Action,No Apparent Influence,No Apparent Influence,33.34908,-111.97246,2019-06-12,17:29:00
3528206,2019,Guadalupe Rd,SR-101 Exit 56 T-Ramp,50.0,Intersection 201,0.0,0.0,No Injury,Left Turn,Daylight,Clear,Dry,21.0,Male,Southeast,Making Left Turn,Unsafe Lane Change,No Apparent Influence,No Apparent Influence,40.0,Male,Southeast,Making Left Turn,No Improper Action,No Apparent Influence,No Apparent Influence,33.36389,-111.89398,2019-06-12,18:27:00
3531162,2019,Rural Rd,Elliot Rd,60.0,Not Junction Related,0.0,0.0,No Injury,Sideswipe Same Direction,Daylight,Clear,Dry,70.0,Female,West,Changing Lanes,Unsafe Lane Change,No Apparent Influence,No Apparent Influence,19.0,Male,North,Going Straight Ahead,No Improper Action,No Apparent Influence,No Apparent Influence,33.34936,-111.92848,2019-06-12,22:04:00
3528238,2019,Southern Ave,McClintock Dr,-138.0,Intersection Related 206,0.0,0.0,No Injury,Rear End,Daylight,Clear,Dry,35.0,Male,East,Going Straight Ahead,Speed To Fast For Conditions,No Apparent Influence,No Apparent Influence,34.0,Female,East,Stopped In Trafficway,No Improper Action,No Apparent Influence,No Apparent Influence,33.39299,-111.90958,2019-06-12,23:10:00
3528325,2019,Warner Rd,Jewell St,0.0,Intersection 4 Way 202,0.0,0.0,No Injury,Left Turn,Daylight,Clear,Dry,29.0,Male,East,Making Left Turn,Failed To Yield Right Of Way,No Apparent Influence,No Apparent Influence,22.0,Male,West,Going Straight Ahead,No Improper Action,No Apparent Influence,No Apparent Influence,33.33453,-111.9683,2019-06-13,00:26:00
3531236,2019,McClintock Dr,SR-202 Exit 8 J-Ramp,0.0,Intersection 201,1.0,0.0,Suspected Minor Injury,Left Turn,Daylight,Clear,Dry,28.0,Male,North,Making Left Turn,Failed To Yield Right Of Way,No Apparent Influence,No Apparent Influence,29.0,Male,South,Going Straight Ahead,No Improper Action,No Apparent Influence,No Apparent Influence,33.43662,-111.90962,2019-06-13,00:41:00
3528216,2019,University Dr,Perry Ln,185.0,Not Junction Related,0.0,0.0,No Injury,Angle - Other Than Left Turn 2,Daylight,Clear,Dry,22.0,Female,South,Making Right Turn,Made Improper Turn,No Apparent Influence,No Apparent Influence,64.0,Male,East,Going Straight Ahead,No Improper Action,No Apparent Influence,No Apparent Influence,33.42205,-111.90426,2019-06-13,01:23:00
3528251,2019,Curry Rd,E Lakeview Dr,-108.0,Intersection Related 206,0.0,0.0,No Injury,Sideswipe Same Direction,Dusk,Clear,Dry,51.0,Male,Northeast,Changing Lanes,Unsafe Lane Change,No Apparent Influence,No Apparent Influence,31.0,Female,Northeast,Going Straight Ahead,No Improper Action,No Apparent Influence,No Apparent Influence,33.43815,-111.94192,2019-06-13,02:49:00
3528215,2019,Southern Ave,Evergreen Rd,0.0,Intersection 4 Way 202,2.0,0.0,Suspected Minor Injury,Rear End,Dark Lighted,Clear,Dry,21.0,Male,East,Going Straight Ahead,Speed To Fast For Conditions,Alcohol,No Apparent Influence,20.0,Male,East,Making Right Turn,No Improper Action,No Apparent Influence,No Apparent Influence,33.39303,-111.88328,2019-06-13,03:06:00
3531238,2019,University Dr,Price Rd,-28.0,Intersection Related 206,0.0,0.0,No Injury,Sideswipe Same Direction,Daylight,Clear,Dry,33.0,Male,East,Going Straight Ahead,Other,No Apparent Influence,No Apparent Influence,40.0,Female,East,Making Right Turn,Other,No Apparent Influence,No Apparent Influence,33.42202,-111.8904,2019-06-14,00:19:00
3531186,2019,McClintock Dr,Don Carlos Ave,0.0,Intersection 4 Way 202,0.0,0.0,No Injury,Left Turn,Daylight,Clear,Dry,26.0,Male,North,Making Left Turn,Failed To Yield Right Of Way,No Apparent Influence,No Apparent Influence,55.0,Male,South,Going Straight Ahead,No Improper Action,No Apparent Influence,No Apparent Influence,33.41748,-111.90911,2019-06-14,00:46:00
3531166,2019,Baseline Rd,I-10 Exit 155 J1-Ramp,80.0,Intersection Related 206,0.0,0.0,No Injury,Sideswipe Same Direction,Daylight,Clear,Dry,22.0,Female,West,Changing Lanes,Unsafe Lane Change,No Apparent Influence,No Apparent Influence,52.0,Female,West,Going Straight Ahead,No Improper Action,No Apparent Influence,No Apparent Influence,33.3783,-111.96712,2019-06-14,00:47:00
3528217,2019,Price Rd,Baseline Rd,-100.0,Intersection Related 206,0.0,0.0,No Injury,Rear End,Daylight,Cloudy,Dry,36.0,Female,East,Making Right Turn,Speed To Fast For Conditions,No Apparent Influence,No Apparent Influence,45.0,Male,East,Stopped In Trafficway,No Improper Action,No Apparent Influence,No Apparent Influence,33.37818,-111.89365,2019-06-14,00:56:00
3531239,2019,Apache Blvd,Price Rd,30.0,Intersection Related 206,1.0,0.0,Suspected Minor Injury,Rear End,Daylight,Clear,Dry,48.0,Male,West,Going Straight Ahead,Followed Too Closely,No Apparent Influence,No Apparent Influence,59.0,Male,West,Stopped In Trafficway,Disregarded Traffic Signal,No Apparent Influence,No Apparent Influence,33.41479,-111.89064,2019-06-14,18:28:00
3533385,2019,Kyrene Rd,Grove Pkwy,0.0,Intersection T Inter 203,2.0,0.0,Suspected Minor Injury,Left Turn,Dusk,Clear,Dry,60.0,Female,West,Making Left Turn,Aggressive Driving,Alcohol,No Apparent Influence,30.0,Male,South,Going Straight Ahead,No Improper Action,No Apparent Influence,No Apparent Influence,33.35482,-111.94584,2019-06-15,02:14:00
3533332,2019,Rural Rd,Warner Rd,0.0,Intersection 4 Way 202,1.0,0.0,Possible Injury,Left Turn,Dark Lighted,Clear,Dry,24.0,Male,East,Making Left Turn,Failed To Yield Right Of Way,No Apparent Influence,No Apparent Influence,50.0,Male,West,Going Straight Ahead,No Improper Action,No Apparent Influence,No Apparent Influence,33.33466,-111.92841,2019-06-15,04:29:00
3545351,2019,Broadway Rd,55th St,-80.0,Not Junction Related,0.0,0.0,No Injury,Other,Dark Lighted,Clear,Dry,26.0,Female,East,Going Straight Ahead,Unknown,No Apparent Influence,No Apparent Influence,20.0,Male,West,Going Straight Ahead,No Improper Action,No Apparent Influence,No Apparent Influence,33.40764,-111.96607,2019-06-15,10:18:00
3533405,2019,Apache Blvd,McClintock Dr,-20.0,Intersection 4 Way 202,0.0,0.0,No Injury,Left Turn,Daylight,Clear,Dry,23.0,Female,North,Making Left Turn,Made Improper Turn,No Apparent Influence,No Apparent Influence,66.0,Male,West,Going Straight Ahead,No Improper Action,No Apparent Influence,No Apparent Influence,33.41476,-111.9092,2019-06-15,19:33:00
3543474,2019,University Dr,Veterans Way,-30.0,Not Junction Related,0.0,0.0,No Injury,Rear End,Daylight,Clear,Dry,44.0,Male,East,Going Straight Ahead,Speed To Fast For Conditions,No Apparent Influence,No Apparent Influence,38.0,Female,East,Unknown,No Improper Action,No Apparent Influence,No Apparent Influence,33.42202,-111.92904,2019-06-15,22:10:00
3531184,2019,Scottsdale Rd,Tempe Dr,0.0,Intersection T Inter 203,1.0,0.0,Suspected Minor Injury,Left Turn,Daylight,Clear,Dry,21.0,Male,South,Making Left Turn,Failed To Yield Right Of Way,No Apparent Influence,No Apparent Influence,31.0,Female,North,Going Straight Ahead,No Improper Action,No Apparent Influence,No Apparent Influence,33.44223,-111.92639,2019-06-16,17:11:00
3531188,2019,Jewell St,Emerald Dr,0.0,Intersection T Inter 203,0.0,0.0,No Injury,Angle - Other Than Left Turn 2,Daylight,Clear,Dry,21.0,Female,North,Going Straight Ahead,Made Improper Turn,No Apparent Influence,No Apparent Influence,28.0,Female,South,Going Straight Ahead,No Improper Action,No Apparent Influence,No Apparent Influence,33.33707,-111.96865,2019-06-16,18:18:00
3531177,2019,University Dr,Price Rd,0.0,Intersection 4 Way 202,0.0,0.0,No Injury,Left Turn,Dark Lighted,Clear,Dry,17.0,Male,East,Going Straight Ahead,Disregarded Traffic Signal,No Apparent Influence,No Apparent Influence,25.0,Male,West,Making Left Turn,No Improper Action,No Apparent Influence,No Apparent Influence,33.42201,-111.89195,2019-06-17,03:40:00
3531198,2019,University Dr,Price Rd,0.0,Intersection 201,0.0,0.0,No Injury,Angle - Other Than Left Turn 2,Dark Lighted,Clear,Dry,32.0,Female,East,Going Straight Ahead,Unknown,No Apparent Influence,No Apparent Influence,24.0,Male,North,Going Straight Ahead,No Improper Action,No Apparent Influence,No Apparent Influence,33.42201,-111.89195,2019-06-17,07:04:00
3531154,2019,University Dr,McClintock Dr,30.0,Intersection Related 206,0.0,0.0,No Injury,Rear End,Daylight,Clear,Dry,20.0,Female,West,Going Straight Ahead,Followed Too Closely,No Apparent Influence,No Apparent Influence,23.0,Female,West,Stopped In Trafficway,No Improper Action,No Apparent Influence,No Apparent Influence,33.42199,-111.90899,2019-06-17,15:56:00
3531168,2019,Rio Salado Pkwy,Price Rd,0.0,Intersection 201,1.0,0.0,Possible Injury,Left Turn,Daylight,Clear,Dry,26.0,Male,West,Making Left Turn,Failed To Yield Right Of Way,No Apparent Influence,No Apparent Influence,56.0,Female,East,Going Straight Ahead,No Improper Action,No Apparent Influence,No Apparent Influence,33.42938,-111.89183,2019-06-17,17:39:00
3531174,2019,Dorsey Ln,University Dr,50.0,Intersection Related 206,0.0,0.0,No Injury,Sideswipe Same Direction,Daylight,Clear,Dry,27.0,Male,South,Changing Lanes,Unsafe Lane Change,No Apparent Influence,No Apparent Influence,26.0,Female,South,Going Straight Ahead,No Improper Action,No Apparent Influence,No Apparent Influence,33.42216,-111.91769,2019-06-17,20:29:00
3533289,2019,Southern Ave,48th St,175.0,Not Junction Related,1.0,0.0,Possible Injury,Rear End,Daylight,Clear,Dry,17.0,Male,East,Going Straight Ahead,Speed To Fast For Conditions,No Apparent Influence,No Apparent Influence,34.0,Female,East,Stopped In Trafficway,No Improper Action,No Apparent Influence,No Apparent Influence,33.39277,-111.97777,2019-06-17,20:55:00
3545554,2019,University Dr,Lola Ln,30.0,Not Junction Related,1.0,0.0,Possible Injury,Left Turn,Unknown 51,Clear,Dry,33.0,Male,South,Making Left Turn,Failed To Yield Right Of Way,No Apparent Influence,No Apparent Influence,27.0,Female,West,Going Straight Ahead,No Improper Action,No Apparent Influence,No Apparent Influence,33.42206,-111.89388,2019-06-17,23:41:00
3545382,2019,McClintock Dr,University Dr,-35.0,Intersection Related 206,2.0,0.0,Possible Injury,Rear End,Dark Lighted,Clear,Dry,23.0,Female,North,Going Straight Ahead,Speed To Fast For Conditions,No Apparent Influence,No Apparent Influence,20.0,Male,North,Going Straight Ahead,No Improper Action,No Apparent Influence,No Apparent Influence,33.42189,-111.90909,2019-06-18,05:37:00
3533391,2019,Mill Ave,Washington St,-150.0,Intersection Related 206,0.0,0.0,No Injury,Sideswipe Same Direction,Daylight,Clear,Dry,39.0,Female,North,Changing Lanes,Unsafe Lane Change,No Apparent Influence,No Apparent Influence,33.0,Male,North,Going Straight Ahead,No Improper Action,No Apparent Influence,No Apparent Influence,33.43723,-111.94315,2019-06-18,14:27:00
3531159,2019,University Dr,Price Rd,-40.0,Not Junction Related,0.0,0.0,No Injury,Sideswipe Same Direction,Daylight,Clear,Dry,40.0,Male,North,Changing Lanes,Unsafe Lane Change,No Apparent Influence,No Apparent Influence,58.0,Male,West,Going Straight Ahead,No Improper Action,No Apparent Influence,No Apparent Influence,33.42202,-111.89044,2019-06-18,15:18:00
3531165,2019,Scottsdale Rd,Curry Rd,60.0,Intersection Related 206,0.0,0.0,No Injury,Rear End,Daylight,Clear,Dry,21.0,Female,South,Going Straight Ahead,Speed To Fast For Conditions,No Apparent Influence,No Apparent Influence,32.0,Male,South,Stopped In Trafficway,No Improper Action,No Apparent Influence,No Apparent Influence,33.44046,-111.92634,2019-06-18,15:28:00
3535762,2019,Southern Ave,Price Rd,-90.0,Intersection Related 206,0.0,0.0,No Injury,Angle - Other Than Left Turn 2,Daylight,Clear,Dry,71.0,Female,South,Making Right Turn,Failed To Yield Right Of Way,No Apparent Influence,No Apparent Influence,60.0,Female,West,Going Straight Ahead,No Improper Action,No Apparent Influence,No Apparent Influence,33.39297,-111.89232,2019-06-18,15:50:00
3531158,2019,Price Rd,Elliot Rd,0.0,Not Junction Related,1.0,0.0,Possible Injury,Angle - Other Than Left Turn 2,Daylight,Clear,Dry,51.0,Female,West,Going Straight Ahead,Ran Stop Sign,No Apparent Influence,No Apparent Influence,25.0,Male,South,Going Straight Ahead,No Improper Action,No Apparent Influence,No Apparent Influence,33.34934,-111.89437,2019-06-18,19:52:00
3533377,2019,Priest Dr,SR-202 Exit 5 A-Ramp,0.0,Intersection 4 Way 202,0.0,0.0,No Injury,Angle - Other Than Left Turn 2,Daylight,Clear,Dry,25.0,Male,East,Making Right Turn,Speed To Fast For Conditions,No Apparent Influence,No Apparent Influence,42.0,Male,East,Making Right Turn,No Improper Action,No Apparent Influence,No Apparent Influence,33.43715,-111.96094,2019-06-18,20:01:00
3535722,2019,Washington St,Priest Dr,30.0,Intersection Related 206,0.0,0.0,No Injury,Rear End,Daylight,Clear,Dry,38.0,Male,East,Going Straight Ahead,Followed Too Closely,No Apparent Influence,No Apparent Influence,33.0,Male,East,Stopped In Trafficway,No Improper Action,No Apparent Influence,No Apparent Influence,33.44269,-111.95667,2019-06-18,20:12:00
3535731,2019,Rio Salado Pkwy,Priest Dr,0.0,Intersection 4 Way 202,1.0,0.0,Possible Injury,Left Turn,Daylight,Clear,Dry,56.0,Male,East,Making Left Turn,Failed To Yield Right Of Way,No Apparent Influence,No Apparent Influence,24.0,Female,West,Going Straight Ahead,No Improper Action,No Apparent Influence,No Apparent Influence,33.42956,-111.96097,2019-06-18,21:28:00
3531157,2019,Elliot Rd,I-10 Exit 157 A-Ramp,50.0,Intersection Related 206,0.0,0.0,No Injury,Rear End,Daylight,Clear,Dry,25.0,Male,West,Going Straight Ahead,Speed To Fast For Conditions,No Apparent Influence,No Apparent Influence,28.0,Male,West,Stopped In Trafficway,No Improper Action,No Apparent Influence,No Apparent Influence,33.34908,-111.97267,2019-06-18,21:39:00
3533354,2019,University Dr,Roosevelt St,0.0,Intersection 4 Way 202,0.0,0.0,No Injury,Sideswipe Same Direction,Daylight,Clear,Dry,17.0,Male,East,Changing Lanes,Unsafe Lane Change,No Apparent Influence,No Apparent Influence,57.0,Male,East,Going Straight Ahead,No Improper Action,No Apparent Influence,No Apparent Influence,33.4219,-111.94729,2019-06-18,22:32:00
3535778,2019,Smith Rd,Don Carlos Ave,0.0,Intersection T Inter 203,1.0,0.0,Possible Injury,Angle - Other Than Left Turn 2,Daylight,Clear,Dry,46.0,Male,North,Going Straight Ahead,Ran Stop Sign,No Apparent Influence,No Apparent Influence,52.0,Male,West,Going Straight Ahead,No Improper Action,No Apparent Influence,No Apparent Influence,33.41755,-111.90049,2019-06-18,23:36:00
3533371,2019,University Dr,Mill Ave,-60.0,Intersection 4 Way 202,0.0,0.0,No Injury,Left Turn,Daylight,Clear,Dry,45.0,Male,South,Making Right Turn,Failed To Yield Right Of Way,No Apparent Influence,No Apparent Influence,29.0,Male,North,Making Left Turn,No Improper Action,No Apparent Influence,No Apparent Influence,33.42193,-111.94021,2019-06-19,13:05:00
3535784,2019,Price Rd,Broadway Rd,0.0,Intersection 4 Way 202,0.0,0.0,No Injury,Sideswipe Same Direction,Daylight,Clear,Dry,42.0,Male,North,Making Left Turn,Made Improper Turn,No Apparent Influence,No Apparent Influence,57.0,Male,North,Making Left Turn,No Improper Action,No Apparent Influence,No Apparent Influence,33.4075,-111.892,2019-06-19,13:07:00
3533356,2019,Lakeshore Dr,Rural Rd,66.0,Intersection Related 206,0.0,0.0,No Injury,Rear End,Daylight,Clear,Dry,24.0,Female,West,Going Straight Ahead,Followed Too Closely,No Apparent Influence,No Apparent Influence,45.0,Female,West,Stopped In Trafficway,No Improper Action,No Apparent Influence,No Apparent Influence,33.38222,-111.92663,2019-06-19,15:31:00
3533415,2019,Elliot Rd,Priest Dr,-194.0,Not Junction Related,0.0,0.0,No Injury,Rear End,Daylight,Clear,Dry,23.0,Male,West,Going Straight Ahead,Speed To Fast For Conditions,No Apparent Influence,No Apparent Influence,32.0,Female,West,Stopped In Trafficway,No Improper Action,No Apparent Influence,No Apparent Influence,33.34909,-111.96377,2019-06-19,20:38:00
3533330,2019,Curry Rd,Mary St,0.0,Intersection T Inter 203,0.0,0.0,No Injury,Left Turn,Daylight,Clear,Dry,52.0,Male,West,Making Left Turn,Other,No Apparent Influence,No Apparent Influence,58.0,Male,North,Stopped In Trafficway,No Improper Action,No Apparent Influence,No Apparent Influence,33.44041,-111.92372,2019-06-19,22:36:00
3533331,2019,Rio Salado Pkwy,Packard Dr,-100.0,Intersection Related 206,1.0,0.0,Possible Injury,Rear End,Daylight,Clear,Dry,31.0,Male,East,Going Straight Ahead,Speed To Fast For Conditions,No Apparent Influence,No Apparent Influence,60.0,Female,East,Stopped In Trafficway,No Improper Action,No Apparent Influence,No Apparent Influence,33.42873,-111.92962,2019-06-19,23:24:00
3535730,2019,Rural Rd,Rio Salado Pkwy,-92.0,Intersection Related 206,0.0,0.0,No Injury,Rear End,Daylight,Clear,Dry,53.0,Female,North,Going Straight Ahead,Followed Too Closely,No Apparent Influence,No Apparent Influence,19.0,Male,North,Stopped In Trafficway,No Improper Action,No Apparent Influence,No Apparent Influence,33.4286,-111.92629,2019-06-20,01:01:00
3533328,2019,Priest Dr,Fairmont Dr,-105.0,Intersection 4 Way 202,0.0,0.0,No Injury,Rear End,Daylight,Clear,Dry,40.0,Male,North,Going Straight Ahead,Followed Too Closely,No Apparent Influence,No Apparent Influence,30.0,Female,North,Stopped In Trafficway,No Improper Action,No Apparent Influence,No Apparent Influence,33.39621,-111.96079,2019-06-20,15:28:00
3533378,2019,Baseline Rd,I-10 Exit 155 A1-Ramp,-150.0,Not Junction Related,0.0,0.0,No Injury,Rear End,Daylight,Clear,Dry,24.0,Female,West,Going Straight Ahead,Unknown,No Apparent Influence,No Apparent Influence,61.0,Male,West,Slowing In Trafficway,Unknown,No Apparent Influence,No Apparent Influence,33.37827,-111.96912,2019-06-20,16:08:00
3533379,2019,Country Club Way,Baseline Rd,174.0,Driveway Or Alley,1.0,0.0,Possible Injury,Angle - Other Than Left Turn 2,Daylight,Clear,Dry,44.0,Female,East,Making Right Turn,Failed To Yield Right Of Way,No Apparent Influence,No Apparent Influence,68.0,Male,South,Going Straight Ahead,No Improper Action,No Apparent Influence,No Apparent Influence,33.37893,-111.90064,2019-06-20,16:51:00
3533381,2019,Baseline Rd,I-10 Exit 155 G-Ramp,-175.0,Intersection Related 206,0.0,0.0,No Injury,Rear End,Daylight,Clear,Dry,33.0,Male,East,Going Straight Ahead,Followed Too Closely,No Apparent Influence,No Apparent Influence,27.0,Male,East,Stopped In Trafficway,No Improper Action,No Apparent Influence,No Apparent Influence,33.37827,-111.96921,2019-06-20,18:38:00
3545287,2019,48th St,Broadway Rd,0.0,Intersection 4 Way 202,0.0,0.0,No Injury,Head On,Daylight,Clear,Dry,52.0,Female,South,Going Straight Ahead,Failed To Yield Right Of Way,No Apparent Influence,No Apparent Influence,43.0,Male,Southeast,Making Right Turn,No Improper Action,No Apparent Influence,No Apparent Influence,33.40733,-111.97829,2019-06-20,22:54:00
3533412,2019,Rural Rd,6th St,149.0,Not Junction Related,0.0,0.0,No Injury,Rear End,Daylight,Clear,Dry,42.0,Male,North,Going Straight Ahead,Followed Too Closely,No Apparent Influence,No Apparent Influence,69.0,Male,North,Stopped In Trafficway,No Improper Action,No Apparent Influence,No Apparent Influence,33.42491,-111.9263,2019-06-20,23:47:00
3533394,2019,Kyrene Rd,Elliot Rd,0.0,Intersection 4 Way 202,1.0,0.0,Possible Injury,Left Turn,Daylight,Clear,Dry,43.0,Male,South,Going Straight Ahead,Disregarded Traffic Signal,Alcohol,Drugs,29.0,Female,North,Making Left Turn,No Improper Action,No Apparent Influence,No Apparent Influence,33.3492,-111.94573,2019-06-21,00:17:00
3531225,2019,Rio Salado Pkwy,River Dr,200.0,Not Junction Related,1.0,0.0,Possible Injury,Rear End,Daylight,Clear,Dry,53.0,Male,West,Going Straight Ahead,Followed Too Closely,No Apparent Influence,No Apparent Influence,34.0,Female,West,Stopped In Trafficway,No Improper Action,No Apparent Influence,No Apparent Influence,33.42936,-111.89468,2019-06-21,00:18:00
3533373,2019,Price Rd,University Dr,0.0,Intersection Related 206,0.0,0.0,No Injury,Rear End,Daylight,Clear,Dry,19.0,Female,North,Going Straight Ahead,Speed To Fast For Conditions,No Apparent Influence,No Apparent Influence,46.0,Female,North,Stopped In Trafficway,No Improper Action,No Apparent Influence,No Apparent Influence,33.42202,-111.89031,2019-06-21,02:11:00
3533303,2019,Priest Dr,10th Pl,0.0,Intersection Related 206,1.0,0.0,Possible Injury,Rear End,Daylight,Clear,Dry,52.0,Female,South,Going Straight Ahead,Followed Too Closely,No Apparent Influence,No Apparent Influence,20.0,Female,South,Stopped In Trafficway,No Improper Action,No Apparent Influence,No Apparent Influence,33.41762,-111.96085,2019-06-21,13:59:00
3533375,2019,University Dr,Price Rd,133.0,Intersection Related 206,0.0,0.0,No Injury,Rear End,Daylight,Clear,Dry,25.0,Male,West,Going Straight Ahead,Followed Too Closely,No Apparent Influence,No Apparent Influence,41.0,Female,West,Stopped In Trafficway,No Improper Action,No Apparent Influence,No Apparent Influence,33.42202,-111.88987,2019-06-21,17:27:00
3533352,2019,Curry Rd,Mill Ave,113.0,Intersection Related 206,1.0,0.0,Suspected Minor Injury,Rear End,Daylight,Clear,Dry,69.0,Male,West,Going Straight Ahead,Followed Too Closely,No Apparent Influence,No Apparent Influence,29.0,Female,West,Stopped In Trafficway,No Improper Action,No Apparent Influence,No Apparent Influence,33.43776,-111.94296,2019-06-21,18:24:00