Incident_ID,Year,Street_Name,Cross_Street,Distance,Junction_Relation,Total_Injuries,Total_Fatalities,Injury_Severity,Collision_Manner,Light_Condition,Weather,Surface_Condition,Age_1,Gender_1,Travel_One,UnitAction_One,Violation1_Drv1,AlcoholUse_ 1,DrugUse_1,Age_2,Gender_2,TravelDirection_2,UnitAction_2,Violation_2,AlcoholUse_2,DrugUse_2,Latitude,Longitude,Date,Time
3533345,2019,Baseline Rd,Pointe Pkwy,-140.0,Intersection Related 206,1.0,0.0,Suspected Minor Injury,Rear End,Daylight,Clear,Dry,37.0,Female,East,Going Straight Ahead,Followed Too Closely,No Apparent Influence,No Apparent Influence,38.0,Female,East,Stopped In Trafficway,No Improper Action,No Apparent Influence,No Apparent Influence,33.37821,-111.97245,2019-06-21,19:25:00
3533417,2019,Broadway Rd,Mill Ave,-43.0,Intersection Related 206,0.0,0.0,No Injury,Rear End,Daylight,Clear,Dry,39.0,Male,East,Going Straight Ahead,Speed To Fast For Conditions,No Apparent Influence,No Apparent Influence,39.0,Male,East,Stopped In Trafficway,No Improper Action,No Apparent Influence,No Apparent Influence,33.4074,-111.93997,2019-06-21,22:49:00
3533368,2019,Rio Salado Pkwy,Price Rd,-80.0,Intersection Related 206,2.0,0.0,Possible Injury,Rear End,Daylight,Clear,Dry,24.0,Female,East,Going Straight Ahead,Speed To Fast For Conditions,No Apparent Influence,No Apparent Influence,20.0,Male,East,Stopped In Trafficway,No Improper Action,No Apparent Influence,No Apparent Influence,33.42937,-111.89209,2019-06-21,23:10:00
3533294,2019,Apache Blvd,Price Rd,0.0,Intersection 4 Way 202,2.0,0.0,Possible Injury,Left Turn,Daylight,Clear,Dry,22.0,Female,East,Going Straight Ahead,Disregarded Traffic Signal,No Apparent Influence,No Apparent Influence,25.0,Female,West,Making Left Turn,No Improper Action,No Apparent Influence,No Apparent Influence,33.4148,-111.89195,2019-06-22,03:21:00
3563587,2019,University Dr,Dorsey Ln,200.0,Driveway Or Alley,0.0,0.0,No Injury,Left Turn,Dark Lighted,Clear,Dry,33.0,Male,West,Making Left Turn,Other,No Apparent Influence,No Apparent Influence,27.0,Male,East,Going Straight Ahead,No Improper Action,No Apparent Influence,No Apparent Influence,33.42202,-111.91703,2019-06-22,08:29:00
3531221,2019,Baseline Rd,I-10 Exit 155 J1-Ramp,0.0,Intersection 4 Way 202,0.0,0.0,No Injury,Left Turn,Daylight,Clear,Dry,18.0,Female,North,Going Straight Ahead,Failed To Yield Right Of Way,No Apparent Influence,No Apparent Influence,25.0,Male,West,Making Left Turn,No Improper Action,No Apparent Influence,No Apparent Influence,33.3783,-111.96738,2019-06-22,17:13:00
3533341,2019,Priest Dr,University Dr,30.0,Not Junction Related,0.0,0.0,No Injury,Angle - Other Than Left Turn 2,Daylight,Clear,Dry,75.0,Male,South,Changing Lanes,Unsafe Lane Change,No Apparent Influence,No Apparent Influence,24.0,Male,South,Going Straight Ahead,No Improper Action,No Apparent Influence,No Apparent Influence,33.42202,-111.96093,2019-06-22,17:39:00
3535791,2019,Grove Pkwy,Priest Dr,0.0,Not Junction Related,0.0,0.0,No Injury,Sideswipe Same Direction,Daylight,Clear,Dry,18.0,Female,South,Changing Lanes,Unsafe Lane Change,No Apparent Influence,No Apparent Influence,44.0,Male,South,Going Straight Ahead,No Improper Action,No Apparent Influence,No Apparent Influence,33.35148,-111.96246,2019-06-23,00:13:00
3535776,2019,Warner Rd,Rural Rd,-15.0,Intersection Related 206,0.0,0.0,No Injury,Rear End,Dark Lighted,Clear,Dry,18.0,Female,East,Going Straight Ahead,Speed To Fast For Conditions,No Apparent Influence,No Apparent Influence,58.0,Male,East,Slowing In Trafficway,No Improper Action,No Apparent Influence,No Apparent Influence,33.33466,-111.92846,2019-06-23,05:34:00
3533283,2019,McClintock Dr,Del Rio Dr,15.0,Intersection T Inter 203,0.0,0.0,No Injury,Rear End,Daylight,Clear,Dry,75.0,Female,South,Going Straight Ahead,Followed Too Closely,No Apparent Influence,No Apparent Influence,44.0,Female,South,Stopped In Trafficway,No Improper Action,No Apparent Influence,No Apparent Influence,33.39664,-111.90914,2019-06-23,21:08:00
3533399,2019,Baseline Rd,I-10 Exit 155 A1-Ramp,0.0,Intersection 4 Way 202,1.0,0.0,Possible Injury,Left Turn,Daylight,Clear,Dry,20.0,Female,West,Going Straight Ahead,Disregarded Traffic Signal,No Apparent Influence,No Apparent Influence,21.0,Female,North,Making Left Turn,No Improper Action,No Apparent Influence,No Apparent Influence,33.37827,-111.96863,2019-06-24,18:01:00
3531189,2019,Southern Ave,Mill Ave,112.0,Intersection Related 206,1.0,0.0,Possible Injury,Rear End,Daylight,Clear,Unknown,36.0,Female,West,Going Straight Ahead,Followed Too Closely,No Apparent Influence,No Apparent Influence,50.0,Female,West,Stopped In Trafficway,No Improper Action,No Apparent Influence,No Apparent Influence,33.39287,-111.93924,2019-06-24,18:16:00
3557119,2019,Rural Rd,Guadalupe Rd,0.0,Intersection 4 Way 202,1.0,0.0,Possible Injury,Left Turn,Daylight,Clear,Dry,31.0,Female,North,Making Left Turn,Made Improper Turn,No Apparent Influence,No Apparent Influence,49.0,Female,South,Going Straight Ahead,No Improper Action,No Apparent Influence,No Apparent Influence,33.36375,-111.92861,2019-06-24,19:21:00
3533372,2019,Elliot Rd,Price Rd,-75.0,Intersection Related 206,1.0,0.0,Possible Injury,Rear End,Daylight,Clear,Dry,23.0,Male,East,Going Straight Ahead,Speed To Fast For Conditions,No Apparent Influence,No Apparent Influence,30.0,Female,East,Stopped In Trafficway,No Improper Action,No Apparent Influence,No Apparent Influence,33.34934,-111.89461,2019-06-24,21:35:00
3545383,2019,University Dr,McClintock Dr,0.0,Intersection 4 Way 202,0.0,0.0,No Injury,Angle - Other Than Left Turn 2,Dark Lighted,Clear,Dry,30.0,Female,West,Making Right Turn,Other,No Apparent Influence,No Apparent Influence,19.0,Female,West,Going Straight Ahead,No Improper Action,No Apparent Influence,No Apparent Influence,33.42198,-111.90909,2019-06-25,05:51:00
3544439,2019,University Dr,52nd St,0.0,Intersection 4 Way 202,0.0,0.0,No Injury,Left Turn,Daylight,Clear,Dry,23.0,Male,East,Going Straight Ahead,Disregarded Traffic Signal,No Apparent Influence,No Apparent Influence,23.0,Male,West,Making Left Turn,No Improper Action,No Apparent Influence,No Apparent Influence,33.42194,-111.96957,2019-06-25,15:52:00
3537723,2019,Hardy Dr,Baseline Rd,-100.0,Intersection Related 206,0.0,0.0,No Injury,Left Turn,Daylight,Clear,Dry,30.0,Female,East,Making Left Turn,Failed To Yield Right Of Way,No Apparent Influence,No Apparent Influence,34.0,Male,North,Going Straight Ahead,No Improper Action,No Apparent Influence,No Apparent Influence,33.37794,-111.95251,2019-06-25,16:34:00
3537720,2019,Kyrene Rd,Elliot Rd,200.0,Not Junction Related,0.0,0.0,No Injury,Rear End,Daylight,Clear,Dry,24.0,Female,South,Going Straight Ahead,Speed To Fast For Conditions,No Apparent Influence,No Apparent Influence,68.0,Female,South,Going Straight Ahead,No Improper Action,No Apparent Influence,No Apparent Influence,33.34975,-111.94574,2019-06-25,17:48:00
3533301,2019,Hardy Dr,5th St,0.0,Intersection 4 Way 202,2.0,0.0,Suspected Minor Injury,Angle - Other Than Left Turn 2,Daylight,Clear,Dry,19.0,Female,South,Going Straight Ahead,Ran Stop Sign,No Apparent Influence,No Apparent Influence,31.0,Female,East,Going Straight Ahead,No Improper Action,No Apparent Influence,No Apparent Influence,33.42549,-111.95227,2019-06-26,00:15:00
3533362,2019,Rural Rd,Terrace Rd,-130.0,Intersection Related 206,1.0,0.0,Suspected Minor Injury,Rear End,Daylight,Clear,Dry,19.0,Male,North,Going Straight Ahead,Speed To Fast For Conditions,No Apparent Influence,No Apparent Influence,40.0,Female,North,Stopped In Trafficway,No Improper Action,No Apparent Influence,No Apparent Influence,33.41992,-111.9263,2019-06-26,13:23:00
3533350,2019,McClintock Dr,Guadalupe Rd,105.0,Intersection Related 206,0.0,0.0,No Injury,Sideswipe Same Direction,Daylight,Clear,Dry,44.0,Male,South,Changing Lanes,Speed To Fast For Conditions,No Apparent Influence,No Apparent Influence,38.0,Female,South,Stopped In Trafficway,No Improper Action,No Apparent Influence,No Apparent Influence,33.36405,-111.91126,2019-06-26,14:45:00
3533408,2019,University Dr,Price Rd,0.0,Intersection 4 Way 202,1.0,0.0,Possible Injury,Angle - Other Than Left Turn 2,Daylight,Clear,Dry,36.0,Male,East,Going Straight Ahead,Unknown,No Apparent Influence,No Apparent Influence,33.0,Male,South,Going Straight Ahead,No Improper Action,No Apparent Influence,No Apparent Influence,33.42201,-111.89195,2019-06-26,16:09:00
3533353,2019,Scottsdale Rd,Tempe Dr,126.0,Not Junction Related,0.0,0.0,No Injury,Sideswipe Same Direction,Daylight,Clear,Dry,51.0,Male,North,Changing Lanes,Unsafe Lane Change,No Apparent Influence,No Apparent Influence,17.0,Male,North,Going Straight Ahead,No Improper Action,No Apparent Influence,No Apparent Influence,33.44257,-111.9264,2019-06-26,17:55:00
3537728,2019,Broadway Rd,52nd St,32.0,Intersection Related 206,0.0,0.0,No Injury,Rear End,Daylight,Clear,Dry,40.0,Male,West,Slowing In Trafficway,Speed To Fast For Conditions,No Apparent Influence,No Apparent Influence,49.0,Female,West,Stopped In Trafficway,No Improper Action,No Apparent Influence,No Apparent Influence,33.40923,-111.96947,2019-06-26,18:38:00
3533361,2019,Southern Ave,Price Rd,0.0,Intersection 4 Way 202,0.0,0.0,No Injury,Left Turn,Daylight,Clear,Dry,24.0,Female,East,Making Left Turn,Made Improper Turn,No Apparent Influence,No Apparent Influence,47.0,Female,East,Making Left Turn,No Improper Action,No Apparent Influence,No Apparent Influence,33.39295,-111.89045,2019-06-26,19:10:00
3533403,2019,52nd St,Fairmont Dr,0.0,Intersection 4 Way 202,2.0,0.0,Suspected Minor Injury,Angle - Other Than Left Turn 2,Daylight,Clear,Dry,54.0,Male,West,Going Straight Ahead,Failed To Yield Right Of Way,No Apparent Influence,No Apparent Influence,56.0,Female,South,Going Straight Ahead,No Improper Action,No Apparent Influence,No Apparent Influence,33.39644,-111.97067,2019-06-26,23:18:00
3533355,2019,Rural Rd,US-60 Exit 174 G-Ramp,-25.0,Not Junction Related,0.0,0.0,No Injury,Rear End,Daylight,Clear,Dry,37.0,Male,North,Going Straight Ahead,Followed Too Closely,No Apparent Influence,No Apparent Influence,34.0,Male,North,Stopped In Trafficway,No Improper Action,No Apparent Influence,No Apparent Influence,33.38495,-111.92648,2019-06-27,01:33:00
3533339,2019,Warner Rd,Kyrene Rd,0.0,Intersection 4 Way 202,1.0,0.0,Suspected Minor Injury,Angle - Other Than Left Turn 2,Daylight,Clear,Dry,85.0,Female,East,Going Straight Ahead,Disregarded Traffic Signal,No Apparent Influence,No Apparent Influence,65.0,Female,North,Going Straight Ahead,No Improper Action,No Apparent Influence,No Apparent Influence,33.3346,-111.94566,2019-06-27,01:54:00
3533340,2019,Price Rd,Victory Dr,0.0,Intersection 4 Way 202,1.0,0.0,Possible Injury,Angle - Other Than Left Turn 2,Dark Not Lighted,Clear,Dry,16.0,Male,West,Going Straight Ahead,Ran Stop Sign,No Apparent Influence,No Apparent Influence,30.0,Female,South,Going Straight Ahead,No Improper Action,No Apparent Influence,No Apparent Influence,33.41842,-111.89197,2019-06-27,03:54:00
3526354,2019,Rio Salado Pkwy,Price Rd,0.0,Frontage Road Non Interchange,2.0,0.0,Suspected Serious Injury,Left Turn,Daylight,Clear,Dry,42.0,Male,Northeast,Making Left Turn,Unknown,No Apparent Influence,No Apparent Influence,37.0,Female,West,Going Straight Ahead,Unknown,No Apparent Influence,No Apparent Influence,33.42931,-111.89026,2019-06-27,14:12:00
3533302,2019,Guadalupe Rd,Kyrene Rd,90.0,Intersection 4 Way 202,1.0,0.0,Suspected Minor Injury,Rear End,Daylight,Clear,Dry,25.0,Male,West,Going Straight Ahead,Followed Too Closely,No Apparent Influence,No Apparent Influence,45.0,Female,West,Stopped In Trafficway,No Improper Action,No Apparent Influence,No Apparent Influence,33.36366,-111.9456,2019-06-27,16:08:00
3533393,2019,Rio Salado Pkwy,Rockford Dr,-95.0,Intersection Related 206,0.0,0.0,No Injury,Rear End,Daylight,Clear,Dry,45.0,Female,East,Going Straight Ahead,Speed To Fast For Conditions,No Apparent Influence,No Apparent Influence,32.0,Male,East,Stopped In Trafficway,No Improper Action,No Apparent Influence,No Apparent Influence,33.42935,-111.89735,2019-06-27,21:50:00
3533285,2019,Rural Rd,Geneva Dr,0.0,Intersection T Inter 203,2.0,0.0,Suspected Minor Injury,Angle - Other Than Left Turn 2,Daylight,Clear,Dry,24.0,Male,South,Making Left Turn,Failed To Yield Right Of Way,No Apparent Influence,No Apparent Influence,25.0,Female,West,Going Straight Ahead,No Improper Action,No Apparent Influence,No Apparent Influence,33.39499,-111.92633,2019-06-27,23:26:00
3535765,2019,Rural Rd,Geneva Dr,45.0,Not Junction Related,0.0,0.0,No Injury,Sideswipe Opposite Direction,Daylight,Clear,Dry,32.0,Male,South,Other,Other,No Apparent Influence,No Apparent Influence,35.0,Male,South,Other,Other,No Apparent Influence,No Apparent Influence,33.39511,-111.92633,2019-06-27,23:53:00
3533402,2019,River Pkwy,Conference Dr,0.0,Intersection T Inter 203,0.0,0.0,No Injury,Left Turn,Daylight,Clear,Dry,23.0,Male,West,Making Left Turn,Failed To Yield Right Of Way,No Apparent Influence,No Apparent Influence,52.0,Female,South,Stopped In Trafficway,No Improper Action,No Apparent Influence,No Apparent Influence,33.34297,-111.89576,2019-06-28,00:04:00
3535772,2019,Dorsey Ln,8th St,200.0,Intersection Related 206,0.0,0.0,No Injury,Left Turn,Daylight,Clear,Dry,25.0,Male,East,Making Left Turn,Failed To Yield Right Of Way,No Apparent Influence,No Apparent Influence,27.0,Male,North,Making Left Turn,No Improper Action,No Apparent Influence,No Apparent Influence,33.41997,-111.91769,2019-06-28,01:12:00
3533316,2019,Priest Dr,Manhatton Dr,0.0,Intersection T Inter 203,1.0,0.0,Suspected Minor Injury,Angle - Other Than Left Turn 2,Daylight,Clear,Dry,29.0,Female,South,Making Left Turn,Failed To Yield Right Of Way,No Apparent Influence,No Apparent Influence,53.0,Female,North,Going Straight Ahead,No Improper Action,No Apparent Influence,No Apparent Influence,33.38871,-111.96088,2019-06-28,01:57:00
3533346,2019,Southern Ave,Mill Ave,-50.0,Intersection Related 206,0.0,0.0,No Injury,Unknown,Daylight,Clear,Dry,39.0,Female,Unknown,Unknown,Unknown,No Apparent Influence,No Apparent Influence,26.0,Male,Unknown,Unknown,Unknown,No Apparent Influence,No Apparent Influence,33.39286,-111.93977,2019-06-28,16:45:00
3544135,2019,Broadway Rd,Price Rd,0.0,Intersection 4 Way 202,1.0,0.0,Possible Injury,Left Turn,Daylight,Clear,Dry,49.0,Female,North,Going Straight Ahead,Failed To Keep In Proper Lane,No Apparent Influence,No Apparent Influence,20.0,Female,North,Making Left Turn,No Improper Action,No Apparent Influence,No Apparent Influence,33.40748,-111.89033,2019-06-28,17:07:00
3533344,2019,Broadway Rd,River Dr,61.0,Intersection Related 206,1.0,0.0,Suspected Minor Injury,Rear End,Daylight,Clear,Dry,20.0,Male,West,Going Straight Ahead,Followed Too Closely,No Apparent Influence,No Apparent Influence,58.0,Male,West,Stopped In Trafficway,No Improper Action,No Apparent Influence,No Apparent Influence,33.4075,-111.89755,2019-06-28,17:31:00
3544133,2019,Baseline Rd,Calle Los Cerros,0.0,Intersection T Inter 203,1.0,0.0,Possible Injury,Left Turn,Daylight,Clear,Dry,30.0,Male,West,Going Straight Ahead,Disregarded Traffic Signal,No Apparent Influence,No Apparent Influence,51.0,Male,South,Making Left Turn,No Improper Action,No Apparent Influence,No Apparent Influence,33.37821,-111.97409,2019-06-28,19:04:00
3533400,2019,McClintock Dr,Libra Dr,-53.0,Intersection Related 206,1.0,0.0,Suspected Minor Injury,Rear End,Daylight,Clear,Dry,53.0,Male,North,Going Straight Ahead,Followed Too Closely,No Apparent Influence,No Apparent Influence,70.0,Male,North,Slowing In Trafficway,No Improper Action,No Apparent Influence,No Apparent Influence,33.36545,-111.91127,2019-06-28,22:01:00
3533401,2019,McClintock Dr,Libra Dr,-50.0,Intersection Related 206,1.0,0.0,Suspected Minor Injury,Rear End,Daylight,Clear,Dry,38.0,Female,North,Going Straight Ahead,Followed Too Closely,No Apparent Influence,No Apparent Influence,53.0,Male,North,Stopped In Trafficway,No Improper Action,No Apparent Influence,No Apparent Influence,33.36546,-111.91127,2019-06-28,22:01:00
3535766,2019,Elliot Rd,Price Rd,50.0,Intersection Related 206,0.0,0.0,No Injury,Sideswipe Same Direction,Daylight,Clear,Dry,52.0,Female,West,Changing Lanes,Unsafe Lane Change,No Apparent Influence,No Apparent Influence,24.0,Male,West,Going Straight Ahead,No Improper Action,No Apparent Influence,No Apparent Influence,33.34935,-111.8942,2019-06-28,22:12:00
3545321,2019,McClintock Dr,Ellis Dr,0.0,Not Junction Related,2.0,0.0,Possible Injury,Angle - Other Than Left Turn 2,Dark Lighted,Clear,Dry,40.0,Female,Southeast,Making Left Turn,Failed To Yield Right Of Way,No Apparent Influence,No Apparent Influence,37.0,Female,South,Going Straight Ahead,No Improper Action,No Apparent Influence,No Apparent Influence,33.38064,-111.90924,2019-06-29,05:00:00
3549626,2019,University Dr,Roosevelt St,0.0,Intersection 4 Way 202,0.0,0.0,No Injury,Left Turn,Dark Lighted,Clear,Dry,21.0,Female,West,Making Left Turn,Failed To Yield Right Of Way,Alcohol,No Apparent Influence,17.0,Male,East,Going Straight Ahead,No Improper Action,No Apparent Influence,No Apparent Influence,33.4219,-111.94729,2019-06-29,05:54:00
3533305,2019,Elliot Rd,Price Rd,0.0,Intersection Related 206,0.0,0.0,No Injury,Rear End,Daylight,Clear,Dry,56.0,Female,East,Stopped In Trafficway,Speed To Fast For Conditions,No Apparent Influence,No Apparent Influence,77.0,Male,East,Going Straight Ahead,Speed To Fast For Conditions,No Apparent Influence,No Apparent Influence,33.34934,-111.89437,2019-06-29,19:51:00
3533306,2019,Baseline Rd,48th St,200.0,Not Junction Related,0.0,0.0,No Injury,Left Turn,Daylight,Clear,Dry,40.0,Male,Northwest,Making Left Turn,Failed To Yield Right Of Way,Alcohol,No Apparent Influence,27.0,Female,West,Going Straight Ahead,No Improper Action,No Apparent Influence,No Apparent Influence,33.37819,-111.97776,2019-06-29,22:17:00
3533315,2019,McClintock Dr,Libra Dr,-10.0,Intersection Related 206,0.0,0.0,No Injury,Unknown,Daylight,Clear,Unknown,18.0,Female,Unknown,Unknown,Unknown,No Apparent Influence,No Apparent Influence,56.0,Male,255,Unknown,Unknown,No Apparent Influence,No Apparent Influence,33.36557,-111.91127,2019-06-29,23:14:00
3544120,2019,Baseline Rd,I-10 Exit 155 G-Ramp,-30.0,Not Junction Related,0.0,0.0,No Injury,Rear End,Daylight,Clear,Dry,23.0,Female,West,Going Straight Ahead,No Improper Action,No Apparent Influence,No Apparent Influence,48.0,Female,West,Going Straight Ahead,Unknown,No Apparent Influence,No Apparent Influence,33.37827,-111.96873,2019-06-30,17:04:00
3535792,2019,Baseline Rd,Wendler Dr,0.0,Intersection Related 206,0.0,0.0,No Injury,Rear End,Daylight,Clear,Dry,20.0,Female,East,Going Straight Ahead,Speed To Fast For Conditions,No Apparent Influence,No Apparent Influence,20.0,Male,East,Stopped In Trafficway,No Improper Action,No Apparent Influence,No Apparent Influence,33.37826,-111.96979,2019-06-30,23:38:00
3533314,2019,Broadway Rd,Country Club Way,0.0,Intersection T Inter 203,0.0,0.0,No Injury,Left Turn,Daylight,Clear,Dry,22.0,Male,South,Making Left Turn,Failed To Yield Right Of Way,No Apparent Influence,No Apparent Influence,47.0,Male,West,Going Straight Ahead,No Improper Action,No Apparent Influence,No Apparent Influence,33.40749,-111.90052,2019-07-01,13:16:00
3533312,2019,University Dr,Perry Ln,205.0,Driveway Or Alley,1.0,0.0,Suspected Minor Injury,Rear End,Daylight,Clear,Dry,31.0,Male,East,Going Straight Ahead,Followed Too Closely,No Apparent Influence,No Apparent Influence,24.0,Female,East,Slowing In Trafficway,No Improper Action,No Apparent Influence,No Apparent Influence,33.42205,-111.9042,2019-07-01,13:53:00
3535769,2019,Rural Rd,6th St,73.0,Not Junction Related,0.0,0.0,No Injury,Sideswipe Same Direction,Daylight,Clear,Dry,27.0,Female,North,Changing Lanes,Unsafe Lane Change,No Apparent Influence,No Apparent Influence,21.0,Male,North,Going Straight Ahead,No Improper Action,No Apparent Influence,No Apparent Influence,33.4247,-111.9263,2019-07-01,14:03:00
3533396,2019,9th St,Roosevelt St,140.0,Not Junction Related,0.0,0.0,No Injury,Rear End,Daylight,Clear,Dry,35.0,Male,East,Backing,Other,No Apparent Influence,No Apparent Influence,61.0,Female,West,Stopped In Trafficway,No Improper Action,No Apparent Influence,No Apparent Influence,33.42064,-111.94682,2019-07-01,14:33:00
3533313,2019,Rural Rd,Westchester Dr,-55.0,Intersection 4 Way 202,0.0,0.0,No Injury,Rear End,Daylight,Clear,Dry,53.0,Female,North,Going Straight Ahead,Speed To Fast For Conditions,No Apparent Influence,No Apparent Influence,46.0,Female,North,Stopped In Trafficway,No Improper Action,No Apparent Influence,No Apparent Influence,33.36724,-111.92863,2019-07-01,16:03:00
3533308,2019,Mill Ave,Carter Dr,151.0,Driveway Or Alley,0.0,0.0,No Injury,Other,Daylight,Clear,Dry,67.0,Male,East,Backing,Other,No Apparent Influence,No Apparent Influence,58.0,Male,North,Going Straight Ahead,No Improper Action,No Apparent Influence,No Apparent Influence,33.3837,-111.93947,2019-07-01,18:51:00
3544442,2019,Price Rd,University Dr,0.0,Intersection 4 Way 202,0.0,0.0,No Injury,Sideswipe Same Direction,Daylight,Clear,Dry,24.0,Female,North,Making Left Turn,Unsafe Lane Change,No Apparent Influence,No Apparent Influence,34.0,Female,North,Making Left Turn,No Improper Action,No Apparent Influence,No Apparent Influence,33.42202,-111.89031,2019-07-01,19:53:00
3533410,2019,Washington St,Priest Dr,-95.0,Intersection 4 Way 202,0.0,0.0,No Injury,Rear End,Daylight,Clear,Dry,50.0,Male,East,Going Straight Ahead,Followed Too Closely,No Apparent Influence,No Apparent Influence,61.0,Female,East,Stopped In Trafficway,No Improper Action,No Apparent Influence,No Apparent Influence,33.44283,-111.9568,2019-07-01,19:54:00
3533411,2019,University Dr,McAllister Ave,0.0,Other,1.0,0.0,Possible Injury,Rear End,Daylight,Clear,Dry,21.0,Male,East,Going Straight Ahead,Followed Too Closely,No Apparent Influence,No Apparent Influence,27.0,Female,East,Stopped In Trafficway,No Improper Action,No Apparent Influence,No Apparent Influence,33.42202,-111.92894,2019-07-01,20:30:00
3544127,2019,McClintock Dr,Larkspur Ln,-30.0,Not Junction Related,0.0,0.0,No Injury,Angle - Other Than Left Turn 2,Daylight,Clear,Dry,48.0,Male,East,Making Left Turn,Failed To Yield Right Of Way,No Apparent Influence,No Apparent Influence,37.0,Male,South,Going Straight Ahead,No Improper Action,No Apparent Influence,No Apparent Influence,33.44979,-111.90933,2019-07-01,21:21:00
3533392,2019,Elliot Rd,Kyrene Rd,0.0,Intersection 4 Way 202,2.0,0.0,Suspected Minor Injury,Left Turn,Daylight,Clear,Dry,76.0,Female,North,Making Left Turn,Failed To Yield Right Of Way,No Apparent Influence,No Apparent Influence,18.0,Female,South,Going Straight Ahead,No Improper Action,No Apparent Influence,No Apparent Influence,33.3492,-111.94573,2019-07-01,22:21:00
3543475,2019,Rio Salado Pkwy,Price Rd,0.0,Intersection 4 Way 202,0.0,0.0,No Injury,Angle - Other Than Left Turn 2,Dark Lighted,Clear,Dry,46.0,Female,North,Going Straight Ahead,Disregarded Traffic Signal,No Apparent Influence,No Apparent Influence,43.0,Male,East,Going Straight Ahead,No Improper Action,No Apparent Influence,No Apparent Influence,33.42931,-111.89026,2019-07-02,02:27:00
3544498,2019,Baseline Rd,Hardy Dr,-50.0,Not Junction Related,0.0,0.0,No Injury,Rear End,Dark Lighted,Clear,Dry,23.0,Female,East,Going Straight Ahead,Speed To Fast For Conditions,No Apparent Influence,No Apparent Influence,20.0,Female,East,Going Straight Ahead,No Improper Action,No Apparent Influence,No Apparent Influence,33.37821,-111.95268,2019-07-02,03:18:00
3533404,2019,Southern Ave,48th St,0.0,Intersection 4 Way 202,1.0,0.0,Suspected Minor Injury,Left Turn,Daylight,Clear,Dry,39.0,Female,East,Going Straight Ahead,Disregarded Traffic Signal,No Apparent Influence,No Apparent Influence,73.0,Female,West,Stopped In Trafficway,No Improper Action,No Apparent Influence,No Apparent Influence,33.39277,-111.97834,2019-07-02,13:57:00
3545342,2019,Broadway Rd,Country Club Way,-55.0,Not Junction Related,0.0,0.0,No Injury,Sideswipe Same Direction,Daylight,Clear,Dry,47.0,Male,West,Unknown,Unknown,No Apparent Influence,No Apparent Influence,31.0,Female,West,Unknown,Unknown,No Apparent Influence,No Apparent Influence,33.40749,-111.9007,2019-07-02,14:28:00
3544140,2019,University Dr,Priest Dr,100.0,Intersection Related 206,0.0,0.0,No Injury,Sideswipe Same Direction,Daylight,Clear,Dry,24.0,Male,West,Changing Lanes,Unsafe Lane Change,No Apparent Influence,No Apparent Influence,28.0,Male,West,Going Straight Ahead,No Improper Action,No Apparent Influence,No Apparent Influence,33.42194,-111.9606,2019-07-02,14:46:00
3533309,2019,Broadway Rd,52nd St,-120.0,Intersection 4 Way 202,0.0,0.0,No Injury,Sideswipe Same Direction,Daylight,Clear,Dry,23.0,Female,West,Changing Lanes,Unsafe Lane Change,No Apparent Influence,No Apparent Influence,31.0,Male,West,Going Straight Ahead,No Improper Action,No Apparent Influence,No Apparent Influence,33.40932,-111.96992,2019-07-02,18:47:00
3544437,2019,Elliot Rd,Priest Dr,-186.0,Not Junction Related,0.0,0.0,No Injury,Sideswipe Same Direction,Daylight,Clear,Dry,65.0,Female,East,Going Straight Ahead,Unsafe Lane Change,No Apparent Influence,No Apparent Influence,19.0,Female,East,Going Straight Ahead,No Improper Action,No Apparent Influence,No Apparent Influence,33.34909,-111.96374,2019-07-02,19:18:00
3545283,2019,McClintock Dr,Southern Ave,-30.0,Intersection Related 206,1.0,0.0,Suspected Minor Injury,Rear End,Daylight,Clear,Dry,51.0,Male,North,Going Straight Ahead,Followed Too Closely,No Apparent Influence,No Apparent Influence,29.0,Female,North,Stopped In Trafficway,No Improper Action,No Apparent Influence,No Apparent Influence,33.39291,-111.90913,2019-07-02,20:37:00
3535777,2019,Mill Ave,Baseline Rd,197.0,Intersection Related 206,1.0,0.0,Suspected Minor Injury,Rear End,Daylight,Clear,Dry,41.0,Male,South,Going Straight Ahead,Followed Too Closely,No Apparent Influence,No Apparent Influence,57.0,Female,South,Stopped In Trafficway,No Improper Action,No Apparent Influence,No Apparent Influence,33.37875,-111.93938,2019-07-02,23:00:00
3535771,2019,Kyrene Rd,Warner Rd,0.0,Intersection 4 Way 202,0.0,0.0,No Injury,Angle - Other Than Left Turn 2,Daylight,Clear,Dry,63.0,Female,North,Going Straight Ahead,Unknown,No Apparent Influence,No Apparent Influence,52.0,Male,West,Making Right Turn,Unknown,No Apparent Influence,No Apparent Influence,33.3346,-111.94566,2019-07-03,00:06:00
3535767,2019,Baseline Rd,Mill Ave,157.0,Intersection Related 206,0.0,0.0,No Injury,Rear End,Daylight,Clear,Dry,46.0,Male,West,Going Straight Ahead,Followed Too Closely,No Apparent Influence,No Apparent Influence,25.0,Male,West,Stopped In Trafficway,No Improper Action,No Apparent Influence,No Apparent Influence,33.37821,-111.93885,2019-07-03,00:58:00