Incident_ID,Year,Street_Name,Cross_Street,Distance,Junction_Relation,Total_Injuries,Total_Fatalities,Injury_Severity,Collision_Manner,Light_Condition,Weather,Surface_Condition,Age_1,Gender_1,Travel_One,UnitAction_One,Violation1_Drv1,AlcoholUse_ 1,DrugUse_1,Age_2,Gender_2,TravelDirection_2,UnitAction_2,Violation_2,AlcoholUse_2,DrugUse_2,Latitude,Longitude,Date,Time
3545294,2019,University Dr,Smith Rd,0.0,Intersection 201,0.0,0.0,No Injury,Angle - Other Than Left Turn 2,Daylight,Clear,Dry,23.0,Male,East,Going Straight Ahead,Disregarded Traffic Signal,No Apparent Influence,No Apparent Influence,41.0,Female,South,Going Straight Ahead,No Improper Action,No Apparent Influence,No Apparent Influence,33.42211,-111.9005,2019-07-15,21:11:00
3543479,2019,Priest Dr,Alameda Dr,0.0,Intersection 201,0.0,0.0,No Injury,Left Turn,Daylight,Clear,Dry,32.0,Male,South,Making Left Turn,Failed To Yield Right Of Way,No Apparent Influence,No Apparent Influence,44.0,Male,North,Going Straight Ahead,No Improper Action,No Apparent Influence,No Apparent Influence,33.40014,-111.96077,2019-07-15,21:30:00
3545306,2019,University Dr,Rural Rd,0.0,Intersection 4 Way 202,0.0,0.0,No Injury,Angle - Other Than Left Turn 2,Daylight,Clear,Dry,19.0,Male,East,Going Straight Ahead,Disregarded Traffic Signal,No Apparent Influence,No Apparent Influence,49.0,Male,South,Going Straight Ahead,No Improper Action,No Apparent Influence,No Apparent Influence,33.42203,-111.92631,2019-07-15,23:17:00
3545318,2019,Broadway Rd,I-10 Cardinal Frontage,0.0,Intersection 4 Way 202,0.0,0.0,No Injury,Left Turn,Daylight,Clear,Dry,55.0,Female,West,Making Left Turn,Failed To Yield Right Of Way,No Apparent Influence,No Apparent Influence,23.0,Female,East,Going Straight Ahead,No Improper Action,No Apparent Influence,No Apparent Influence,33.40845,-111.9736,2019-07-15,23:26:00
3545305,2019,Price Rd,Southern Ave,0.0,Intersection 4 Way 202,0.0,0.0,No Injury,Angle - Other Than Left Turn 2,Daylight,Clear,Dry,23.0,Male,South,Making Left Turn,No Improper Action,No Apparent Influence,No Apparent Influence,58.0,Female,South,Going Straight Ahead,No Improper Action,No Apparent Influence,No Apparent Influence,33.39296,-111.89203,2019-07-16,00:29:00
3545317,2019,Broadway Rd,McClintock Dr,-115.0,Intersection Related 206,1.0,0.0,Possible Injury,Rear End,Daylight,Clear,Dry,18.0,Female,East,Going Straight Ahead,Speed To Fast For Conditions,No Apparent Influence,No Apparent Influence,56.0,Female,East,Stopped In Trafficway,No Improper Action,No Apparent Influence,No Apparent Influence,33.4075,-111.9095,2019-07-16,00:33:00
3552089,2019,McKellips Rd,Hayden Rd,-50.0,Intersection Related Non Interchange,0.0,0.0,No Injury,Rear End,Daylight,Clear,Dry,58.0,Female,East,Going Straight Ahead,Followed Too Closely,No Apparent Influence,No Apparent Influence,57.0,Female,East,Slowing In Trafficway,No Improper Action,No Apparent Influence,No Apparent Influence,33.45126,-111.90946,2019-07-16,00:50:00
3545349,2019,Southern Ave,Roosevelt St,0.0,Intersection 4 Way 202,2.0,0.0,Suspected Minor Injury,Left Turn,Daylight,Clear,Dry,22.0,Female,East,Making Left Turn,Failed To Yield Right Of Way,No Apparent Influence,No Apparent Influence,48.0,Male,West,Going Straight Ahead,No Improper Action,No Apparent Influence,No Apparent Influence,33.39285,-111.94783,2019-07-16,14:40:00
3545549,2019,Rural Rd,Broadway Rd,200.0,Not Junction Related,0.0,0.0,No Injury,Rear End,Daylight,Clear,Dry,17.0,Male,North,Going Straight Ahead,Speed To Fast For Conditions,No Apparent Influence,No Apparent Influence,36.0,Female,North,Stopped In Trafficway,No Improper Action,No Apparent Influence,No Apparent Influence,33.40805,-111.92628,2019-07-16,14:54:00
3545267,2019,Broadway Rd,Cutler Dr,-200.0,Driveway Or Alley,0.0,0.0,No Injury,Angle - Other Than Left Turn 2,Daylight,Clear,Dry,20.0,Female,South,Making Left Turn,Failed To Yield Right Of Way,No Apparent Influence,No Apparent Influence,32.0,Female,West,Going Straight Ahead,No Improper Action,No Apparent Influence,No Apparent Influence,33.40742,-111.95903,2019-07-16,16:00:00
3549632,2019,Rio Salado Pkwy,Siesta Ln,0.0,Intersection T Inter 203,0.0,0.0,No Injury,Sideswipe Same Direction,Daylight,Clear,Dry,29.0,Female,East,Changing Lanes,Unsafe Lane Change,No Apparent Influence,No Apparent Influence,53.0,Male,East,Going Straight Ahead,No Improper Action,No Apparent Influence,No Apparent Influence,33.42937,-111.89362,2019-07-16,22:23:00
3545339,2019,Priest Dr,Geneva Dr,0.0,Intersection T Inter 203,0.0,0.0,No Injury,Angle - Other Than Left Turn 2,Daylight,Clear,Dry,81.0,Female,North,Making Left Turn,Failed To Yield Right Of Way,No Apparent Influence,No Apparent Influence,47.0,Male,South,Going Straight Ahead,No Improper Action,No Apparent Influence,No Apparent Influence,33.39502,-111.96077,2019-07-16,22:57:00
3545337,2019,McClintock Dr,12th St,0.0,Intersection T Inter 203,1.0,0.0,Possible Injury,Left Turn,Daylight,Clear,Dry,30.0,Female,North,Making Left Turn,Failed To Yield Right Of Way,No Apparent Influence,No Apparent Influence,33.0,Male,South,Going Straight Ahead,No Improper Action,No Apparent Influence,No Apparent Influence,33.41615,-111.90912,2019-07-16,23:22:00
3545343,2019,Broadway Rd,Dorsey Ln,0.0,Intersection 4 Way 202,1.0,0.0,Possible Injury,Left Turn,Daylight,Clear,Dry,34.0,Female,West,Making Left Turn,Failed To Yield Right Of Way,No Apparent Influence,No Apparent Influence,46.0,Male,East,Going Straight Ahead,No Improper Action,No Apparent Influence,No Apparent Influence,33.40751,-111.9177,2019-07-17,00:17:00
3547163,2019,Rural Rd,Guadalupe Rd,220.0,Driveway Or Alley,1.0,0.0,Suspected Minor Injury,Angle - Other Than Left Turn 2,Dark Lighted,Clear,Dry,25.0,Female,West,Unknown,Failed To Yield Right Of Way,Alcohol,No Apparent Influence,17.0,Female,North,Going Straight Ahead,No Improper Action,No Apparent Influence,No Apparent Influence,33.36436,-111.92861,2019-07-17,04:16:00
3543480,2019,Southern Ave,Butte Ave,100.0,Not Junction Related,0.0,0.0,No Injury,U Turn,Dusk,Clear,Dry,65.0,Female,East,Making U Turn,Other,No Apparent Influence,No Apparent Influence,17.0,Female,East,Going Straight Ahead,No Improper Action,No Apparent Influence,No Apparent Influence,33.39299,-111.91108,2019-07-17,04:59:00
3545546,2019,Baseline Rd,Calle Los Cerros,120.0,Intersection Related 206,1.0,0.0,Possible Injury,Rear End,Daylight,Clear,Dry,24.0,Male,East,Going Straight Ahead,Followed Too Closely,No Apparent Influence,No Apparent Influence,27.0,Male,East,Slowing In Trafficway,No Improper Action,No Apparent Influence,No Apparent Influence,33.37821,-111.9737,2019-07-17,17:07:00
3545307,2019,Guadalupe Rd,McClintock Dr,30.0,Intersection Related 206,0.0,0.0,No Injury,Rear End,Daylight,Clear,Dry,60.0,Male,West,Going Straight Ahead,Followed Too Closely,No Apparent Influence,No Apparent Influence,55.0,Male,West,Stopped In Trafficway,No Improper Action,No Apparent Influence,No Apparent Influence,33.36376,-111.91116,2019-07-17,17:08:00
3545345,2019,University Dr,Priest Dr,30.0,Intersection Related 206,0.0,0.0,No Injury,Rear End,Daylight,Clear,Dry,35.0,Male,West,Going Straight Ahead,Followed Too Closely,No Apparent Influence,No Apparent Influence,27.0,Female,West,Stopped In Trafficway,No Improper Action,No Apparent Influence,No Apparent Influence,33.42194,-111.96083,2019-07-17,21:23:00
3545347,2019,Price Rd,University Dr,166.0,Intersection Related 206,0.0,0.0,No Injury,Rear End,Daylight,Clear,Dry,30.0,Male,South,Going Straight Ahead,Followed Too Closely,No Apparent Influence,No Apparent Influence,49.0,Female,South,Stopped In Trafficway,No Improper Action,No Apparent Influence,No Apparent Influence,33.42247,-111.89195,2019-07-17,21:44:00
3564755,2019,Broadway Rd,Elm St,-200.0,Intersection Related 206,0.0,0.0,No Injury,Sideswipe Same Direction,Daylight,Clear,Dry,42.0,Male,East,Changing Lanes,Unsafe Lane Change,No Apparent Influence,No Apparent Influence,23.0,Female,East,Going Straight Ahead,No Improper Action,No Apparent Influence,No Apparent Influence,33.4075,-111.9139,2019-07-17,21:53:00
3545388,2019,Warner Rd,Lakeshore Dr,0.0,Intersection 4 Way 202,2.0,0.0,Suspected Minor Injury,Rear End,Daylight,Clear,Dry,30.0,Male,East,Going Straight Ahead,Followed Too Closely,No Apparent Influence,No Apparent Influence,44.0,Female,East,Making Right Turn,No Improper Action,No Apparent Influence,No Apparent Influence,33.3347,-111.91926,2019-07-17,23:46:00
3549669,2019,Baseline Rd,Mill Ave,0.0,Intersection 4 Way 202,0.0,0.0,No Injury,Left Turn,Dark Lighted,Clear,Wet,29.0,Female,South,Making Left Turn,Failed To Yield Right Of Way,No Apparent Influence,No Apparent Influence,54.0,Male,North,Going Straight Ahead,No Improper Action,No Apparent Influence,No Apparent Influence,33.37821,-111.93937,2019-07-18,07:05:00
3545288,2019,Kyrene Rd,Elliot Rd,0.0,Intersection 4 Way 202,2.0,0.0,Suspected Minor Injury,Left Turn,Daylight,Clear,Dry,63.0,Male,North,Making Left Turn,Failed To Yield Right Of Way,No Apparent Influence,No Apparent Influence,42.0,Female,South,Going Straight Ahead,No Improper Action,No Apparent Influence,No Apparent Influence,33.3492,-111.94573,2019-07-18,14:01:00
3545545,2019,Price Rd,Broadway Rd,0.0,Intersection 4 Way 202,0.0,0.0,No Injury,Left Turn,Daylight,Clear,Dry,63.0,Male,North,Going Straight Ahead,Failed To Keep In Proper Lane,No Apparent Influence,No Apparent Influence,44.0,Female,North,Making Left Turn,No Improper Action,No Apparent Influence,No Apparent Influence,33.40748,-111.89033,2019-07-18,15:14:00
3549635,2019,University Dr,McAllister Ave,155.0,Not Junction Related,0.0,0.0,No Injury,Rear End,Daylight,Clear,Dry,57.0,Female,East,Going Straight Ahead,Speed To Fast For Conditions,Alcohol,No Apparent Influence,23.0,Female,East,Stopped In Trafficway,No Improper Action,No Apparent Influence,No Apparent Influence,33.42201,-111.92843,2019-07-18,20:12:00
3545518,2019,Warner Rd,Dromedary Dr,0.0,Intersection 4 Way 202,0.0,0.0,No Injury,Left Turn,Daylight,Clear,Dry,23.0,Female,North,Making Left Turn,Failed To Yield Right Of Way,No Apparent Influence,No Apparent Influence,56.0,Female,East,Going Straight Ahead,No Improper Action,No Apparent Influence,No Apparent Influence,33.33462,-111.94328,2019-07-18,20:33:00
3545346,2019,Priest Dr,SR-202 Exit 5 A-Ramp,0.0,Intersection 4 Way 202,0.0,0.0,No Injury,Sideswipe Same Direction,Daylight,Clear,Dry,64.0,Female,East,Going Straight Ahead,Other,No Apparent Influence,No Apparent Influence,54.0,Male,East,Making Right Turn,No Improper Action,No Apparent Influence,No Apparent Influence,33.43715,-111.96094,2019-07-18,23:29:00
3545308,2019,Rural Rd,Guadalupe Rd,-200.0,Intersection Related 206,1.0,0.0,Possible Injury,Angle - Other Than Left Turn 2,Daylight,Clear,Dry,27.0,Female,Southwest,Other,Failed To Yield Right Of Way,No Apparent Influence,No Apparent Influence,34.0,Male,North,Going Straight Ahead,No Improper Action,No Apparent Influence,No Apparent Influence,33.3632,-111.9286,2019-07-18,23:45:00
3545517,2019,Baseline Rd,Wendler Dr,0.0,Intersection T Inter 203,0.0,0.0,No Injury,Left Turn,Daylight,Clear,Dry,19.0,Male,West,Going Straight Ahead,Unknown,No Apparent Influence,No Apparent Influence,23.0,Male,South,Making Left Turn,Unknown,No Apparent Influence,No Apparent Influence,33.37826,-111.96979,2019-07-18,23:50:00
3549691,2019,Price Rd,University Dr,-40.0,Intersection Related 206,0.0,0.0,No Injury,Rear End,Daylight,Clear,Dry,38.0,Male,North,Going Straight Ahead,Speed To Fast For Conditions,No Apparent Influence,No Apparent Influence,28.0,Female,North,Stopped In Trafficway,No Improper Action,No Apparent Influence,No Apparent Influence,33.42191,-111.89031,2019-07-19,00:55:00
3545556,2019,Broadway Rd,I-10 Exit 153 G-Ramp,0.0,Intersection 4 Way 202,0.0,0.0,No Injury,Left Turn,Dark Lighted,Clear,Dry,31.0,Female,West,Making Left Turn,Failed To Yield Right Of Way,No Apparent Influence,No Apparent Influence,22.0,Female,East,Going Straight Ahead,No Improper Action,No Apparent Influence,No Apparent Influence,33.40845,-111.9736,2019-07-19,03:23:00
3547196,2019,Price Rd,University Dr,0.0,Intersection 4 Way 202,0.0,0.0,No Injury,Angle - Other Than Left Turn 2,Dark Lighted,Clear,Dry,22.0,Male,East,Going Straight Ahead,Disregarded Traffic Signal,No Apparent Influence,No Apparent Influence,25.0,Male,South,Going Straight Ahead,No Improper Action,No Apparent Influence,No Apparent Influence,33.42201,-111.89195,2019-07-19,04:40:00
3547165,2019,Broadway Rd,52nd St,100.0,Intersection Related 206,0.0,0.0,No Injury,Rear End,Daylight,Clear,Dry,25.0,Female,West,Going Straight Ahead,Followed Too Closely,No Apparent Influence,No Apparent Influence,31.0,Female,West,Stopped In Trafficway,No Improper Action,No Apparent Influence,No Apparent Influence,33.40917,-111.96926,2019-07-19,14:38:00
3585002,2019,University Dr,Dorsey Ln,30.0,Intersection Related 206,0.0,0.0,No Injury,Rear End,Daylight,Clear,Dry,20.0,Male,West,Going Straight Ahead,Speed To Fast For Conditions,No Apparent Influence,No Apparent Influence,32.0,Female,West,Stopped In Trafficway,No Improper Action,No Apparent Influence,No Apparent Influence,33.42202,-111.91759,2019-07-19,15:40:00
3547616,2019,Southern Ave,Rural Rd,-200.0,Not Junction Related,0.0,0.0,No Injury,Rear End,Daylight,Clear,Dry,30.0,Male,East,Avoiding Vehicle Object Pedestrian,No Improper Action,No Apparent Influence,No Apparent Influence,78.0,Female,East,Stopped In Trafficway,No Improper Action,No Apparent Influence,No Apparent Influence,33.39296,-111.92698,2019-07-19,17:01:00
3545563,2019,University Dr,Hohokam Dr,0.0,Intersection T Inter 203,1.0,0.0,Possible Injury,Angle - Other Than Left Turn 2,Daylight,Clear,Dry,58.0,Male,North,Making Left Turn,Failed To Yield Right Of Way,No Apparent Influence,No Apparent Influence,37.0,Female,West,Stopped In Trafficway,No Improper Action,No Apparent Influence,No Apparent Influence,33.42193,-111.9718,2019-07-19,19:13:00
3545350,2019,McClintock Dr,Southern Ave,-140.0,Not Junction Related,0.0,0.0,No Injury,Sideswipe Same Direction,Daylight,Clear,Dry,33.0,Male,South,Overtaking Passing,Followed Too Closely,No Apparent Influence,No Apparent Influence,43.0,Male,South,Slowing In Trafficway,No Improper Action,No Apparent Influence,No Apparent Influence,33.39261,-111.90913,2019-07-19,22:32:00
3547094,2019,University Dr,Forest Service 01 Tempe Ave,0.0,Intersection 201,0.0,0.0,No Injury,Left Turn,Daylight,Clear,Dry,23.0,Female,West,Going Straight Ahead,Disregarded Traffic Signal,No Apparent Influence,No Apparent Influence,28.0,Male,East,Making Left Turn,Failed To Yield Right Of Way,No Apparent Influence,No Apparent Influence,33.42195,-111.93666,2019-07-20,01:01:00
3545564,2019,Rio Salado Pkwy,Mill Ave,170.0,Not Junction Related,0.0,0.0,No Injury,Sideswipe Same Direction,Daylight,Cloudy,Dry,18.0,Female,West,Going Straight Ahead,Unsafe Lane Change,No Apparent Influence,No Apparent Influence,36.0,Female,West,Going Straight Ahead,No Improper Action,No Apparent Influence,No Apparent Influence,33.42968,-111.9395,2019-07-20,01:05:00
3545386,2019,Southern Ave,Priest Dr,32.0,Intersection Related 206,0.0,0.0,No Injury,Rear End,Dark Lighted,Clear,Dry,35.0,Female,East,Going Straight Ahead,Followed Too Closely,No Apparent Influence,No Apparent Influence,24.0,Male,East,Stopped In Trafficway,No Improper Action,No Apparent Influence,No Apparent Influence,33.39288,-111.96067,2019-07-20,03:47:00
3549660,2019,Elliot Rd,I-10 Exit 157 A-Ramp,0.0,Intersection 4 Way 202,0.0,0.0,No Injury,Angle - Other Than Left Turn 2,Daylight,Clear,Dry,67.0,Female,South,Going Straight Ahead,Failed To Keep In Proper Lane,No Apparent Influence,No Apparent Influence,24.0,Female,South,Making Left Turn,No Improper Action,No Apparent Influence,No Apparent Influence,33.34907,-111.97283,2019-07-20,13:56:00
3547198,2019,Scottsdale Rd,Rio Salado Pkwy,0.0,Intersection 4 Way 202,0.0,0.0,No Injury,Left Turn,Dark Lighted,Clear,Dry,20.0,Male,North,Making Left Turn,Failed To Yield Right Of Way,No Apparent Influence,No Apparent Influence,24.0,Female,South,Going Straight Ahead,No Improper Action,No Apparent Influence,No Apparent Influence,33.42885,-111.92629,2019-07-21,03:33:00
3576064,2019,Rural Rd,Lemon St,200.0,Crossover Related,0.0,0.0,No Injury,Rear End,Dark Lighted,Clear,Dry,22.0,Male,South,Going Straight Ahead,Speed To Fast For Conditions,No Apparent Influence,No Apparent Influence,22.0,Female,South,Going Straight Ahead,No Improper Action,No Apparent Influence,No Apparent Influence,33.41738,-111.9263,2019-07-21,06:57:00
3543484,2019,Rural Rd,Watson Dr,25.0,Intersection Related 206,0.0,0.0,No Injury,Rear End,Daylight,Clear,Dry,25.0,Male,South,Slowing In Trafficway,Speed To Fast For Conditions,No Apparent Influence,No Apparent Influence,30.0,Male,South,Going Straight Ahead,No Improper Action,No Apparent Influence,No Apparent Influence,33.36981,-111.92865,2019-07-21,18:16:00
3549710,2019,McClintock Dr,SR-202 Exit 8 J-Ramp,0.0,Entrance Exit Ramp 205,0.0,0.0,No Injury,Rear End,Daylight,Clear,Dry,57.0,Female,West,Going Straight Ahead,Speed To Fast For Conditions,No Apparent Influence,No Apparent Influence,22.0,Female,West,Stopped In Trafficway,No Improper Action,No Apparent Influence,No Apparent Influence,33.43662,-111.90962,2019-07-21,23:42:00
3543487,2019,Broadway Rd,Priest Dr,30.0,Intersection Related 206,1.0,0.0,Possible Injury,Rear End,Daylight,Cloudy,Dry,24.0,Female,West,Going Straight Ahead,Speed To Fast For Conditions,No Apparent Influence,No Apparent Influence,60.0,Male,West,Going Straight Ahead,No Improper Action,No Apparent Influence,No Apparent Influence,33.40742,-111.96068,2019-07-22,19:26:00
3545551,2019,Priest Dr,Elliot Rd,-100.0,Intersection Related Non Interchange,0.0,0.0,No Injury,Rear End,Daylight,Clear,Dry,32.0,Male,North,Going Straight Ahead,Speed To Fast For Conditions,No Apparent Influence,No Apparent Influence,19.0,Female,North,Stopped In Trafficway,No Improper Action,No Apparent Influence,No Apparent Influence,33.34883,-111.96313,2019-07-22,19:47:00
3549696,2019,Priest Dr,Warner Rd,200.0,Intersection Related 206,0.0,0.0,No Injury,Rear End,Daylight,Clear,Dry,22.0,Male,South,Going Straight Ahead,Speed To Fast For Conditions,No Apparent Influence,No Apparent Influence,29.0,Male,South,Stopped In Trafficway,No Improper Action,No Apparent Influence,No Apparent Influence,33.33507,-111.96312,2019-07-22,20:07:00
3543495,2019,Elliot Rd,Kachina Dr,40.0,Intersection Related 206,0.0,0.0,No Injury,Sideswipe Same Direction,Daylight,Cloudy,Dry,19.0,Female,West,Changing Lanes,Unsafe Lane Change,No Apparent Influence,No Apparent Influence,63.0,Female,West,Going Straight Ahead,No Improper Action,No Apparent Influence,No Apparent Influence,33.34914,-111.9089,2019-07-22,21:09:00
3549676,2019,Elliot Rd,Harl Ave,-50.0,Intersection Related 206,0.0,0.0,No Injury,Rear End,Daylight,Clear,Dry,20.0,Male,East,Slowing In Trafficway,Speed To Fast For Conditions,No Apparent Influence,No Apparent Influence,23.0,Female,East,Stopped In Trafficway,No Improper Action,No Apparent Influence,No Apparent Influence,33.34908,-111.96609,2019-07-22,21:48:00
3543498,2019,Baseline Rd,Rural Rd,-30.0,Intersection Related 206,0.0,0.0,No Injury,Rear End,Daylight,Clear,Dry,58.0,Male,East,Going Straight Ahead,Speed To Fast For Conditions,No Apparent Influence,No Apparent Influence,67.0,Female,East,Stopped In Trafficway,No Improper Action,No Apparent Influence,No Apparent Influence,33.37825,-111.92879,2019-07-22,23:29:00
3564694,2019,Guadalupe Rd,McClintock Dr,0.0,Intersection 4 Way 202,0.0,0.0,No Injury,Left Turn,Dark Lighted,Clear,Dry,19.0,Female,North,Making Right Turn,Failed To Yield Right Of Way,No Apparent Influence,No Apparent Influence,20.0,Male,West,Going Straight Ahead,No Improper Action,No Apparent Influence,No Apparent Influence,33.36376,-111.91126,2019-07-23,05:41:00
3545520,2019,Rural Rd,US-60 Exit 174 A-Ramp,0.0,Intersection 4 Way 202,1.0,0.0,Possible Injury,Left Turn,Dark Lighted,Clear,Dry,50.0,Male,East,Unknown,Unknown,No Apparent Influence,No Apparent Influence,26.0,Male,South,Unknown,Unknown,No Apparent Influence,No Apparent Influence,33.38502,-111.92648,2019-07-23,11:37:00
3545555,2019,Scottsdale Rd,Playa Del Norte Dr,0.0,Intersection T Inter 203,0.0,0.0,No Injury,Left Turn,Daylight,Clear,Dry,61.0,Male,North,Going Straight Ahead,Disregarded Traffic Signal,No Apparent Influence,No Apparent Influence,20.0,Female,West,Making Left Turn,No Improper Action,No Apparent Influence,No Apparent Influence,33.43403,-111.92626,2019-07-23,18:43:00
3545561,2019,Huntington Dr,Holbrook Ln,-60.0,Driveway Or Alley,0.0,0.0,No Injury,Angle - Other Than Left Turn 2,Daylight,Clear,Dry,79.0,Female,North,Backing,Failed To Yield Right Of Way,No Apparent Influence,No Apparent Influence,45.0,Male,East,Going Straight Ahead,No Improper Action,No Apparent Influence,No Apparent Influence,33.39387,-111.90399,2019-07-23,19:36:00
3549683,2019,Lakeshore Dr,Carson Dr,-30.0,Intersection Related 206,0.0,0.0,No Injury,Sideswipe Same Direction,Daylight,Clear,Dry,21.0,Female,Northwest,Stopped In Trafficway,Unknown,No Apparent Influence,No Apparent Influence,52.0,Male,Northwest,Going Straight Ahead,Made Improper Turn,No Apparent Influence,No Apparent Influence,33.38175,-111.92523,2019-07-23,19:46:00
3543489,2019,Baseline Rd,Dorsey Ln,0.0,Intersection T Inter 203,1.0,0.0,Possible Injury,Left Turn,Daylight,Clear,Dry,36.0,Male,East,Making Left Turn,Failed To Yield Right Of Way,No Apparent Influence,No Apparent Influence,36.0,Male,West,Going Straight Ahead,No Improper Action,No Apparent Influence,No Apparent Influence,33.37835,-111.91747,2019-07-23,23:03:00
3549624,2019,Guadalupe Rd,Shannon Cir,-30.0,Intersection Related 206,0.0,0.0,No Injury,Rear End,Daylight,Clear,Dry,18.0,Female,East,Going Straight Ahead,Speed To Fast For Conditions,No Apparent Influence,No Apparent Influence,36.0,Male,East,Stopped In Trafficway,No Improper Action,No Apparent Influence,No Apparent Influence,33.36383,-111.8967,2019-07-24,00:13:00
3545519,2019,Warner Rd,Jewell St,0.0,Intersection T Inter 203,1.0,0.0,Possible Injury,Left Turn,Daylight,Clear,Dry,27.0,Female,North,Making Left Turn,Made Improper Turn,No Apparent Influence,No Apparent Influence,22.0,Female,West,Going Straight Ahead,No Improper Action,No Apparent Influence,No Apparent Influence,33.33453,-111.9683,2019-07-24,00:22:00
3545552,2019,Priest Dr,Warner Rd,-30.0,Intersection Related 206,0.0,0.0,No Injury,Sideswipe Same Direction,Daylight,Cloudy,Dry,47.0,Male,North,Going Straight Ahead,Followed Too Closely,No Apparent Influence,No Apparent Influence,56.0,Male,North,Stopped In Trafficway,No Improper Action,No Apparent Influence,No Apparent Influence,33.33444,-111.96312,2019-07-24,15:06:00
3547185,2019,Hardy Dr,Minton Dr,0.0,Intersection 4 Way 202,0.0,0.0,No Injury,Angle - Other Than Left Turn 2,Daylight,Clear,Dry,82.0,Male,East,Going Straight Ahead,Failed To Yield Right Of Way,No Apparent Influence,No Apparent Influence,27.0,Female,South,Going Straight Ahead,No Improper Action,No Apparent Influence,No Apparent Influence,33.38098,-111.95244,2019-07-24,16:17:00
3547266,2019,Guadalupe Rd,Juniper St,35.0,Intersection Related 206,0.0,0.0,No Injury,Rear End,Daylight,Clear,Dry,22.0,Male,West,Going Straight Ahead,Followed Too Closely,No Apparent Influence,No Apparent Influence,38.0,Male,West,Slowing In Trafficway,No Improper Action,No Apparent Influence,No Apparent Influence,33.36377,-111.91487,2019-07-24,19:02:00
3543502,2019,Priest Dr,University Dr,-114.0,Intersection Related 206,0.0,0.0,No Injury,Rear End,Daylight,Clear,Dry,35.0,Male,North,Going Straight Ahead,Followed Too Closely,No Apparent Influence,No Apparent Influence,31.0,Male,North,Going Straight Ahead,No Improper Action,No Apparent Influence,No Apparent Influence,33.42163,-111.9609,2019-07-24,20:55:00
3543501,2019,1st St,Wilson St,0.0,Intersection T Inter 203,0.0,0.0,No Injury,Sideswipe Same Direction,Daylight,Clear,Dry,29.0,Male,East,Overtaking Passing,Other,No Apparent Influence,No Apparent Influence,22.0,Female,East,Making Left Turn,No Improper Action,No Apparent Influence,No Apparent Influence,33.42914,-111.94579,2019-07-24,23:47:00
3536555,2019,Curry Rd,Scovel St,10.0,Not Junction Related,0.0,0.0,No Injury,Rear End,Daylight,Clear,Dry,38.0,Male,East,Going Straight Ahead,Speed To Fast For Conditions,No Apparent Influence,No Apparent Influence,23.0,Female,East,Going Straight Ahead,No Improper Action,No Apparent Influence,No Apparent Influence,33.44042,-111.92003,2019-07-25,00:51:00
3543504,2019,Baseline Rd,Mill Ave,-50.0,Intersection Related 206,0.0,0.0,No Injury,Rear End,Dark Lighted,Cloudy,Dry,52.0,Female,East,Going Straight Ahead,Speed To Fast For Conditions,No Apparent Influence,No Apparent Influence,45.0,Male,East,Going Straight Ahead,No Improper Action,No Apparent Influence,No Apparent Influence,33.37822,-111.93953,2019-07-25,03:29:00
3564746,2019,Southern Ave,McAllister Ave,-30.0,Intersection Related 206,1.0,0.0,Possible Injury,Rear End,Dark Lighted,Clear,Dry,23.0,Male,East,Going Straight Ahead,Speed To Fast For Conditions,No Apparent Influence,No Apparent Influence,49.0,Female,East,Other,No Improper Action,No Apparent Influence,No Apparent Influence,33.39293,-111.93072,2019-07-25,04:07:00
3549677,2019,Priest Dr,Auto Dr,0.11,Not Junction Related,0.0,0.0,No Injury,Left Turn,Dark Lighted,Clear,Dry,32.0,Male,West,Making Left Turn,Failed To Yield Right Of Way,No Apparent Influence,No Apparent Influence,37.0,Male,North,Going Straight Ahead,No Improper Action,No Apparent Influence,No Apparent Influence,33.34708,-111.96315,2019-07-25,04:13:00
3549637,2019,University Dr,Hardy Dr,0.0,Intersection 4 Way 202,1.0,0.0,Possible Injury,Left Turn,Daylight,Clear,Dry,44.0,Male,East,Making Left Turn,Failed To Yield Right Of Way,No Apparent Influence,No Apparent Influence,26.0,Male,West,Going Straight Ahead,No Improper Action,No Apparent Influence,No Apparent Influence,33.42191,-111.95222,2019-07-25,19:07:00
3547090,2019,Southern Ave,McAllister Ave,0.0,Intersection 4 Way 202,1.0,0.0,Possible Injury,Angle - Other Than Left Turn 2,Daylight,Clear,Dry,69.0,Male,North,Going Straight Ahead,Failed To Yield Right Of Way,No Apparent Influence,No Apparent Influence,58.0,Female,West,Going Straight Ahead,No Improper Action,No Apparent Influence,No Apparent Influence,33.39293,-111.93062,2019-07-25,19:13:00
3549630,2019,Elliot Rd,Priest Dr,52.0,Not Junction Related,0.0,0.0,No Injury,Rear End,Daylight,Cloudy,Dry,36.0,Male,East,Going Straight Ahead,Other,No Apparent Influence,No Apparent Influence,26.0,Female,East,Stopped In Trafficway,No Improper Action,No Apparent Influence,No Apparent Influence,33.34911,-111.96296,2019-07-25,22:03:00