Incident_ID,Year,Street_Name,Cross_Street,Distance,Junction_Relation,Total_Injuries,Total_Fatalities,Injury_Severity,Collision_Manner,Light_Condition,Weather,Surface_Condition,Age_1,Gender_1,Travel_One,UnitAction_One,Violation1_Drv1,AlcoholUse_ 1,DrugUse_1,Age_2,Gender_2,TravelDirection_2,UnitAction_2,Violation_2,AlcoholUse_2,DrugUse_2,Latitude,Longitude,Date,Time
3549671,2019,McKellips Rd,Scottsdale Rd,0.0,Intersection 4 Way 202,0.0,0.0,No Injury,Left Turn,Daylight,Clear,Dry,26.0,Male,North,Going Straight Ahead,Disregarded Traffic Signal,No Apparent Influence,No Apparent Influence,27.0,Male,Southeast,Making Left Turn,No Improper Action,No Apparent Influence,No Apparent Influence,33.45124,-111.92647,2019-08-03,21:24:00
3550192,2019,Scottsdale Rd,Curry Rd,0.0,Intersection 4 Way 202,1.0,0.0,Suspected Minor Injury,Angle - Other Than Left Turn 2,Daylight,Clear,Dry,35.0,Male,West,Going Straight Ahead,Disregarded Traffic Signal,No Apparent Influence,No Apparent Influence,66.0,Female,South,Going Straight Ahead,No Improper Action,No Apparent Influence,No Apparent Influence,33.44029,-111.92634,2019-08-04,20:43:00
3547087,2019,University Dr,Price Rd,0.0,Intersection 4 Way 202,1.0,0.0,Suspected Minor Injury,Angle - Other Than Left Turn 2,Dark Lighted,Clear,Dry,23.0,Male,East,Going Straight Ahead,Followed Too Closely,Alcohol,No Apparent Influence,28.0,Male,South,Going Straight Ahead,No Improper Action,No Apparent Influence,No Apparent Influence,33.42201,-111.89195,2019-08-05,04:00:00
3555415,2019,University Dr,Forest Service 01 Tempe Ave,30.0,Intersection Related 206,0.0,0.0,No Injury,Rear End,Dark Lighted,Clear,Dry,24.0,Male,West,Going Straight Ahead,Speed To Fast For Conditions,No Apparent Influence,No Apparent Influence,18.0,Male,West,Stopped In Trafficway,No Improper Action,No Apparent Influence,No Apparent Influence,33.42195,-111.93656,2019-08-05,04:16:00
3555416,2019,Rural Rd,Broadway Rd,50.0,Intersection Related 206,0.0,0.0,No Injury,Sideswipe Same Direction,Dark Lighted,Clear,Dry,23.0,Male,South,Changing Lanes,Unsafe Lane Change,No Apparent Influence,No Apparent Influence,22.0,Male,South,Going Straight Ahead,No Improper Action,No Apparent Influence,No Apparent Influence,33.40764,-111.92628,2019-08-05,06:20:00
3547179,2019,Mill Ave,Palmcroft Dr,-126.0,Not Junction Related,0.0,0.0,No Injury,Rear End,Daylight,Clear,Dry,47.0,Male,North,Going Straight Ahead,Speed To Fast For Conditions,No Apparent Influence,No Apparent Influence,43.0,Male,North,Going Straight Ahead,No Improper Action,No Apparent Influence,No Apparent Influence,33.40486,-111.93978,2019-08-05,15:11:00
3551726,2019,McClintock Dr,La Jolla Dr,-69.0,Intersection Related 206,2.0,0.0,Suspected Serious Injury,Left Turn,Daylight,Clear,Dry,44.0,Male,South,Making Left Turn,Failed To Yield Right Of Way,No Apparent Influence,No Apparent Influence,30.0,Female,North,Avoiding Vehicle Object Pedestrian,Speed To Fast For Conditions,No Apparent Influence,No Apparent Influence,33.38946,-111.90917,2019-08-05,19:10:00
3547093,2019,Southern Ave,College Ave,0.0,Intersection 4 Way 202,0.0,0.0,No Injury,Angle - Other Than Left Turn 2,Daylight,Cloudy,Dry,28.0,Male,West,Going Straight Ahead,Disregarded Traffic Signal,No Apparent Influence,No Apparent Influence,22.0,Male,North,Going Straight Ahead,No Improper Action,No Apparent Influence,No Apparent Influence,33.39291,-111.93492,2019-08-06,01:03:00
3547092,2019,Kyrene Rd,Guadalupe Rd,-100.0,Intersection Related 206,0.0,0.0,No Injury,Angle - Other Than Left Turn 2,Daylight,Cloudy,Dry,63.0,Female,West,Other,Failed To Yield Right Of Way,No Apparent Influence,No Apparent Influence,61.0,Female,North,Going Straight Ahead,No Improper Action,No Apparent Influence,No Apparent Influence,33.36338,-111.94589,2019-08-06,13:48:00
3547205,2019,McClintock Dr,Caroline Ln,0.0,Intersection T Inter 203,0.0,0.0,No Injury,Left Turn,Unknown 51,Unknown,Dry,76.0,Male,West,Making Left Turn,Failed To Yield Right Of Way,No Apparent Influence,No Apparent Influence,23.0,Female,North,Going Straight Ahead,No Improper Action,No Apparent Influence,No Apparent Influence,33.32958,-111.91116,2019-08-06,15:11:00
3547247,2019,University Dr,River Dr,85.0,Not Junction Related,0.0,0.0,No Injury,Rear End,Daylight,Cloudy,Dry,57.0,Male,West,Slowing In Trafficway,Speed To Fast For Conditions,No Apparent Influence,No Apparent Influence,72.0,Male,West,Going Straight Ahead,No Improper Action,No Apparent Influence,No Apparent Influence,33.42209,-111.89592,2019-08-06,19:59:00
3550151,2019,Price Rd,Rio Salado Pkwy,-149.0,Intersection Related 206,0.0,0.0,No Injury,Sideswipe Same Direction,Daylight,Clear,Dry,18.0,Female,North,Changing Lanes,Unsafe Lane Change,No Apparent Influence,No Apparent Influence,40.0,Female,North,Going Straight Ahead,No Improper Action,No Apparent Influence,No Apparent Influence,33.42891,-111.89026,2019-08-06,20:34:00
3547088,2019,Priest Dr,Southern Ave,0.0,Intersection 4 Way 202,0.0,0.0,No Injury,Left Turn,Daylight,Clear,Dry,23.0,Male,North,Making Left Turn,Failed To Keep In Proper Lane,No Apparent Influence,No Apparent Influence,31.0,Male,North,Making Left Turn,No Improper Action,No Apparent Influence,No Apparent Influence,33.39288,-111.96077,2019-08-06,21:39:00
3550130,2019,McClintock Dr,Bell De Mar Dr,55.0,Intersection 201,0.0,0.0,No Injury,Sideswipe Same Direction,Daylight,Clear,Dry,56.0,Female,North,Changing Lanes,Unsafe Lane Change,No Apparent Influence,No Apparent Influence,33.0,Female,North,Going Straight Ahead,No Improper Action,No Apparent Influence,No Apparent Influence,33.35986,-111.91123,2019-08-06,23:16:00
3550181,2019,Broadway Rd,I-10 Exit 153 G-Ramp,0.0,Intersection 4 Way 202,2.0,0.0,Suspected Minor Injury,Left Turn,Daylight,Clear,Dry,48.0,Female,West,Making Left Turn,Failed To Yield Right Of Way,No Apparent Influence,No Apparent Influence,51.0,Male,East,Going Straight Ahead,No Improper Action,No Apparent Influence,No Apparent Influence,33.40845,-111.9736,2019-08-06,23:19:00
3547232,2019,McClintock Dr,Broadway Rd,-150.0,Intersection Related 206,0.0,0.0,No Injury,Rear End,Daylight,Clear,Dry,23.0,Female,North,Going Straight Ahead,Followed Too Closely,No Apparent Influence,No Apparent Influence,62.0,Female,North,Stopped In Trafficway,No Improper Action,No Apparent Influence,No Apparent Influence,33.40709,-111.90913,2019-08-07,00:12:00
3547246,2019,Baseline Rd,Kyrene Rd,40.0,Intersection Related 206,0.0,0.0,No Injury,Sideswipe Same Direction,Daylight,Clear,Dry,24.0,Male,East,Going Straight Ahead,Unsafe Lane Change,No Apparent Influence,No Apparent Influence,28.0,Female,East,Going Straight Ahead,No Improper Action,No Apparent Influence,No Apparent Influence,33.3782,-111.94586,2019-08-07,14:29:00
3550157,2019,McClintock Dr,Rio Salado Pkwy,100.0,Not Junction Related,1.0,0.0,Possible Injury,Rear End,Dark Lighted,Clear,Dry,27.0,Male,North,Going Straight Ahead,Speed To Fast For Conditions,No Apparent Influence,No Apparent Influence,45.0,Female,North,Stopped In Trafficway,No Improper Action,No Apparent Influence,No Apparent Influence,33.42954,-111.90908,2019-08-07,14:29:00
3557171,2019,McClintock Dr,University Dr,-124.0,Not Junction Related,0.0,0.0,No Injury,Sideswipe Same Direction,Daylight,Clear,Dry,22.0,Male,South,Changing Lanes,Unsafe Lane Change,No Apparent Influence,No Apparent Influence,32.0,Female,South,Going Straight Ahead,No Improper Action,No Apparent Influence,No Apparent Influence,33.42164,-111.90909,2019-08-07,16:28:00
3557172,2019,Don Carlos Ave,McClintock Dr,192.0,Not Junction Related,0.0,0.0,No Injury,Angle - Other Than Left Turn 2,Daylight,Clear,Dry,22.0,Male,East,Going Straight Ahead,Drove Left Of Center Line,No Apparent Influence,No Apparent Influence,32.0,Female,East,Making U Turn,No Improper Action,No Apparent Influence,No Apparent Influence,33.41748,-111.90848,2019-08-07,16:30:00
3547231,2019,48th St,University Dr,30.0,Intersection Related 206,0.0,0.0,No Injury,Rear End,Daylight,Clear,Dry,19.0,Male,South,Going Straight Ahead,Followed Too Closely,No Apparent Influence,No Apparent Influence,47.0,Female,South,Stopped In Trafficway,No Improper Action,No Apparent Influence,No Apparent Influence,33.42199,-111.97625,2019-08-07,21:08:00
3547224,2019,Rio Salado Pkwy,Smith Rd,0.0,Intersection 4 Way 202,1.0,0.0,Possible Injury,Angle - Other Than Left Turn 2,Daylight,Clear,Dry,26.0,Male,West,Going Straight Ahead,Disregarded Traffic Signal,No Apparent Influence,No Apparent Influence,25.0,Male,North,Going Straight Ahead,No Improper Action,No Apparent Influence,No Apparent Influence,33.42928,-111.90046,2019-08-07,21:20:00
3547218,2019,Priest Dr,Fiesta Dr,0.0,Intersection T Inter 203,0.0,0.0,No Injury,Left Turn,Daylight,Cloudy,Dry,24.0,Male,North,Making Left Turn,Failed To Yield Right Of Way,No Apparent Influence,No Apparent Influence,30.0,Male,South,Going Straight Ahead,No Improper Action,No Apparent Influence,No Apparent Influence,33.40557,-111.96077,2019-08-07,23:32:00
3555368,2019,Rio Salado Pkwy,Perry Ln,0.0,Intersection 4 Way 202,1.0,0.0,Suspected Minor Injury,Angle - Other Than Left Turn 2,Dark Lighted,Clear,Dry,27.0,Female,North,Making Left Turn,Failed To Yield Right Of Way,No Apparent Influence,No Apparent Influence,26.0,Male,West,Going Straight Ahead,No Improper Action,No Apparent Influence,No Apparent Influence,33.42924,-111.90477,2019-08-08,03:01:00
3550251,2019,Kyrene Rd,Guadalupe Rd,0.0,Intersection 201,0.0,0.0,No Injury,Left Turn,Dark Lighted,Clear,Dry,20.0,Male,East,Making Left Turn,Failed To Yield Right Of Way,No Apparent Influence,No Apparent Influence,39.0,Female,North,Going Straight Ahead,No Improper Action,No Apparent Influence,No Apparent Influence,33.36366,-111.94589,2019-08-08,06:46:00
3547202,2019,Oxford Dr,Del Sur Dr,0.0,Intersection 4 Way 202,0.0,0.0,No Injury,Left Turn,Daylight,Clear,Dry,30.0,Female,North,Making Left Turn,Failed To Yield Right Of Way,No Apparent Influence,No Apparent Influence,31.0,Female,East,Going Straight Ahead,No Improper Action,No Apparent Influence,No Apparent Influence,33.37447,-111.90245,2019-08-08,14:50:00
3547273,2019,University Dr,Dorsey Ln,-40.0,Intersection 4 Way 202,0.0,0.0,No Injury,Rear End,Daylight,Clear,Dry,21.0,Female,West,Going Straight Ahead,Followed Too Closely,No Apparent Influence,No Apparent Influence,43.0,Male,West,Stopped In Trafficway,No Improper Action,No Apparent Influence,No Apparent Influence,33.42202,-111.91782,2019-08-08,14:59:00
3547243,2019,Priest Dr,5th St,0.0,Intersection 4 Way 202,2.0,0.0,Suspected Minor Injury,Left Turn,Daylight,Clear,Dry,19.0,Male,South,Making Left Turn,Failed To Keep In Proper Lane,No Apparent Influence,No Apparent Influence,46.0,Male,North,Going Straight Ahead,No Improper Action,No Apparent Influence,No Apparent Influence,33.42562,-111.96097,2019-08-08,17:08:00
3547239,2019,Rio Salado Pkwy,Priest Dr,15.0,Intersection Related 206,0.0,0.0,No Injury,Rear End,Daylight,Clear,Dry,19.0,Male,West,Going Straight Ahead,Followed Too Closely,No Apparent Influence,No Apparent Influence,46.0,Female,West,Stopped In Trafficway,No Improper Action,No Apparent Influence,No Apparent Influence,33.42958,-111.96092,2019-08-08,18:16:00
3553303,2019,Hayden Rd,McKellips Rd,0.0,Intersection Non Interchange,0.0,0.0,No Injury,Angle - Other Than Left Turn 2,Daylight,Clear,Dry,78.0,Female,South,Going Straight Ahead,Disregarded Traffic Signal,No Apparent Influence,No Apparent Influence,24.0,Male,East,Going Straight Ahead,No Improper Action,No Apparent Influence,No Apparent Influence,33.45126,-111.9093,2019-08-08,20:08:00
3550245,2019,Broadway Rd,La Rosa Dr,107.0,Intersection 201,0.0,0.0,No Injury,Rear End,Daylight,Clear,Dry,19.0,Female,East,Going Straight Ahead,Followed Too Closely,No Apparent Influence,No Apparent Influence,56.0,Female,East,Stopped In Trafficway,No Improper Action,No Apparent Influence,No Apparent Influence,33.40749,-111.92866,2019-08-08,22:54:00
3550183,2019,Priest Dr,Grove Pkwy,-47.0,Intersection 201,0.0,0.0,No Injury,Rear End,Daylight,Clear,Dry,24.0,Female,Southwest,Making Right Turn,Followed Too Closely,No Apparent Influence,No Apparent Influence,23.0,Male,Southwest,Making Right Turn,No Improper Action,No Apparent Influence,No Apparent Influence,33.35157,-111.96257,2019-08-09,00:08:00
3547223,2019,13th St,Farmer Ave,0.0,Intersection 4 Way 202,0.0,0.0,No Injury,Left Turn,Daylight,Clear,Dry,22.0,Female,West,Going Straight Ahead,Other,No Apparent Influence,No Apparent Influence,30.0,Female,South,Making Left Turn,No Improper Action,No Apparent Influence,No Apparent Influence,33.41463,-111.94424,2019-08-09,00:25:00
3547255,2019,Price Rd,Orange St,0.0,Intersection 201,2.0,0.0,Suspected Minor Injury,Angle - Other Than Left Turn 2,Dusk,Clear,Dry,19.0,Male,West,Going Straight Ahead,Failed To Yield Right Of Way,No Apparent Influence,No Apparent Influence,19.0,Male,South,Going Straight Ahead,No Improper Action,No Apparent Influence,No Apparent Influence,33.41842,-111.89197,2019-08-09,01:45:00
3547201,2019,Kyrene Rd,Guadalupe Rd,-156.0,Intersection Related 206,1.0,0.0,Possible Injury,Rear End,Daylight,Cloudy,Dry,41.0,Male,North,Going Straight Ahead,Followed Too Closely,No Apparent Influence,No Apparent Influence,57.0,Female,North,Slowing In Trafficway,No Improper Action,No Apparent Influence,No Apparent Influence,33.36323,-111.94589,2019-08-09,14:39:00
3547221,2019,56th St,Baseline Rd,-165.0,Intersection Related 206,0.0,0.0,No Injury,Sideswipe Same Direction,Daylight,Clear,Dry,59.0,Female,North,Changing Lanes,Unsafe Lane Change,No Apparent Influence,No Apparent Influence,51.0,Female,North,Going Straight Ahead,No Improper Action,No Apparent Influence,No Apparent Influence,33.37779,-111.96317,2019-08-09,14:41:00
3550153,2019,Scottsdale Rd,SR-202 Exit 7 P-Ramp,0.0,Entrance Exit Ramp 205,0.0,0.0,No Injury,Rear End,Daylight,Unknown,Dry,62.0,Male,East,Going Straight Ahead,Followed Too Closely,No Apparent Influence,No Apparent Influence,35.0,Female,East,Stopped In Trafficway,No Improper Action,No Apparent Influence,No Apparent Influence,33.43544,-111.92626,2019-08-09,20:41:00
3550125,2019,College Ave,Guadalupe Rd,75.0,Intersection Related 206,0.0,0.0,No Injury,Rear End,Daylight,Clear,Dry,22.0,Male,South,Going Straight Ahead,Speed To Fast For Conditions,No Apparent Influence,No Apparent Influence,27.0,Male,South,Stopped In Trafficway,No Improper Action,No Apparent Influence,No Apparent Influence,33.36394,-111.93338,2019-08-09,21:00:00
3550128,2019,Warner Rd,I-10 Exit 158 G-Ramp,154.0,Intersection Related 206,2.0,0.0,Suspected Minor Injury,Rear End,Daylight,Clear,Dry,50.0,Female,East,Going Straight Ahead,Followed Too Closely,No Apparent Influence,No Apparent Influence,38.0,Female,East,Stopped In Trafficway,No Improper Action,No Apparent Influence,No Apparent Influence,33.33436,-111.97244,2019-08-09,23:29:00
3547219,2019,Guadalupe Rd,McClintock Dr,200.0,Intersection Related 206,0.0,0.0,No Injury,Rear End,Daylight,Clear,Dry,47.0,Male,West,Going Straight Ahead,Speed To Fast For Conditions,No Apparent Influence,No Apparent Influence,41.0,Female,West,Stopped In Trafficway,No Improper Action,No Apparent Influence,No Apparent Influence,33.36376,-111.9106,2019-08-10,00:02:00
3547236,2019,McClintock Dr,University Dr,75.0,Intersection Related 206,0.0,0.0,No Injury,Angle - Other Than Left Turn 2,Daylight,Clear,Dry,64.0,Female,South,Changing Lanes,Unsafe Lane Change,No Apparent Influence,No Apparent Influence,22.0,Female,South,Going Straight Ahead,No Improper Action,No Apparent Influence,No Apparent Influence,33.42219,-111.9091,2019-08-10,00:48:00
3547220,2019,48th St,La Salle St,0.0,Intersection T Inter 203,0.0,0.0,No Injury,Angle - Other Than Left Turn 2,Dusk,Clear,Dry,28.0,Female,East,Unknown,Unknown,No Apparent Influence,No Apparent Influence,22.0,Male,North,Unknown,Unknown,No Apparent Influence,No Apparent Influence,33.39798,-111.97832,2019-08-10,02:25:00
3550234,2019,Scottsdale Rd,Tempe Dr,-25.0,Not Junction Related,0.0,0.0,No Injury,Sideswipe Same Direction,Dark Lighted,Clear,Dry,37.0,Male,North,Changing Lanes,Unsafe Lane Change,No Apparent Influence,No Apparent Influence,19.0,Female,North,Going Straight Ahead,No Improper Action,No Apparent Influence,No Apparent Influence,33.44216,-111.92639,2019-08-10,05:07:00
3555475,2019,Rural Rd,Warner Rd,0.0,Intersection 4 Way 202,0.0,0.0,No Injury,Left Turn,Dark Lighted,Clear,Dry,55.0,Male,North,Making Left Turn,Failed To Yield Right Of Way,Alcohol,No Apparent Influence,18.0,Female,South,Going Straight Ahead,No Improper Action,No Apparent Influence,No Apparent Influence,33.33466,-111.92841,2019-08-10,05:23:00
3550198,2019,Southern Ave,McClintock Dr,-200.0,Intersection 4 Way 202,0.0,0.0,No Injury,Sideswipe Same Direction,Daylight,Clear,Dry,45.0,Female,West,Going Straight Ahead,Unknown,No Apparent Influence,No Apparent Influence,27.0,Female,West,Going Straight Ahead,Unknown,No Apparent Influence,No Apparent Influence,33.39299,-111.90978,2019-08-10,17:14:00
3551723,2019,Elliot Rd,Harl Ave,0.0,Intersection 4 Way 202,0.0,0.0,No Injury,Left Turn,Daylight,Clear,Dry,29.0,Female,West,Making Left Turn,Made Improper Turn,No Apparent Influence,No Apparent Influence,32.0,Male,East,Going Straight Ahead,No Improper Action,No Apparent Influence,No Apparent Influence,33.34908,-111.96593,2019-08-10,17:45:00
3550172,2019,Baseline Rd,Kyrene Rd,0.0,Not Junction Related,0.0,0.0,No Injury,Left Turn,Daylight,Clear,Dry,30.0,Female,East,Making Left Turn,Failed To Yield Right Of Way,No Apparent Influence,No Apparent Influence,46.0,Female,West,Going Straight Ahead,No Improper Action,No Apparent Influence,No Apparent Influence,33.37822,-111.94389,2019-08-10,18:16:00
3547212,2019,McClintock Dr,Elliot Rd,30.0,Intersection Related 206,0.0,0.0,No Injury,Rear End,Daylight,Clear,Dry,35.0,Male,South,Going Straight Ahead,Speed To Fast For Conditions,No Apparent Influence,No Apparent Influence,61.0,Male,South,Stopped In Trafficway,No Improper Action,No Apparent Influence,No Apparent Influence,33.34921,-111.91119,2019-08-10,19:22:00
3557118,2019,Palm Dr,Erie Dr,-20.0,Not Junction Related,0.0,0.0,No Injury,Other,Daylight,Clear,Dry,69.0,Female,South,Backing,Other,No Apparent Influence,No Apparent Influence,40.0,Female,South,Going Straight Ahead,No Improper Action,No Apparent Influence,No Apparent Influence,33.39634,-111.92736,2019-08-10,19:51:00
3557187,2019,McKellips Rd,Hayden Rd,-96.0,Not Junction Related,1.0,0.0,Possible Injury,Angle - Other Than Left Turn 2,Daylight,Clear,Dry,66.0,Female,Southwest,Making Right Turn,Failed To Yield Right Of Way,No Apparent Influence,No Apparent Influence,55.0,Male,West,Going Straight Ahead,No Improper Action,No Apparent Influence,No Apparent Influence,33.45127,-111.90961,2019-08-10,22:47:00
3550169,2019,Rio Salado Pkwy,Rockford Dr,50.0,Intersection Related 206,0.0,0.0,No Injury,Rear End,Daylight,Clear,Dry,27.0,Male,West,Slowing In Trafficway,Speed To Fast For Conditions,No Apparent Influence,No Apparent Influence,24.0,Female,West,Stopped In Trafficway,No Improper Action,No Apparent Influence,No Apparent Influence,33.42936,-111.89688,2019-08-11,00:41:00
3557117,2019,Mill Ave,Ellis Dr,-70.0,Not Junction Related,2.0,0.0,Suspected Minor Injury,Rear End,Dark Lighted,Clear,Dry,30.0,Female,South,Going Straight Ahead,Speed To Fast For Conditions,No Apparent Influence,No Apparent Influence,39.0,Female,South,Stopped In Trafficway,No Improper Action,No Apparent Influence,No Apparent Influence,33.38044,-111.9394,2019-08-11,03:41:00
3555371,2019,Elliot Rd,Price Rd,0.0,Intersection 201,0.0,0.0,No Injury,Rear End,Daylight,Clear,Dry,20.0,Male,West,Making Left Turn,Followed Too Closely,No Apparent Influence,No Apparent Influence,68.0,Male,West,Making Left Turn,No Improper Action,No Apparent Influence,No Apparent Influence,33.34934,-111.89437,2019-08-11,17:26:00
3550134,2019,Laguna Dr,Elm St,-80.0,Not Junction Related,0.0,0.0,No Injury,Rear End,Unknown 51,Unknown,Dry,50.0,Female,South,Backing,Failed To Yield Right Of Way,No Apparent Influence,No Apparent Influence,55.0,Male,West,Going Straight Ahead,No Improper Action,No Apparent Influence,No Apparent Influence,33.3905,-111.9139,2019-08-11,18:31:00
3555432,2019,McClintock Dr,Del Rio Dr,-35.0,Intersection Related 206,0.0,0.0,No Injury,Rear End,Daylight,Clear,Dry,28.0,Male,North,Going Straight Ahead,Speed To Fast For Conditions,No Apparent Influence,No Apparent Influence,61.0,Male,North,Stopped In Trafficway,No Improper Action,No Apparent Influence,No Apparent Influence,33.3965,-111.90913,2019-08-11,23:19:00
3555413,2019,Rio Salado Pkwy,Price Rd,0.0,Intersection 4 Way 202,0.0,0.0,No Injury,Sideswipe Same Direction,Unknown 51,Unknown,Dry,49.0,Female,North,Making Left Turn,Failed To Keep In Proper Lane,No Apparent Influence,No Apparent Influence,50.0,Male,North,Going Straight Ahead,No Improper Action,No Apparent Influence,No Apparent Influence,33.42931,-111.89026,2019-08-12,04:08:00
3550140,2019,Rural Rd,Elliot Rd,0.0,Intersection 201,1.0,0.0,Possible Injury,Angle - Other Than Left Turn 2,Daylight,Clear,Dry,93.0,Female,Northeast,Making Left Turn,Failed To Yield Right Of Way,No Apparent Influence,No Apparent Influence,63.0,Female,North,Going Straight Ahead,No Improper Action,No Apparent Influence,No Apparent Influence,33.34919,-111.92848,2019-08-12,15:14:00
3550223,2019,Broadway Rd,Price Rd,0.0,Intersection Related 206,1.0,0.0,Suspected Minor Injury,Rear End,Daylight,Clear,Dry,32.0,Female,West,Going Straight Ahead,Followed Too Closely,No Apparent Influence,No Apparent Influence,32.0,Female,West,Stopped In Trafficway,No Improper Action,No Apparent Influence,No Apparent Influence,33.40748,-111.89033,2019-08-12,15:59:00
3550129,2019,Price Rd,Apache Blvd,0.0,Intersection 201,2.0,0.0,Possible Injury,Angle - Other Than Left Turn 2,Daylight,Clear,Dry,48.0,Male,East,Making Left Turn,Disregarded Traffic Signal,No Apparent Influence,No Apparent Influence,42.0,Male,South,Going Straight Ahead,No Improper Action,No Apparent Influence,No Apparent Influence,33.41479,-111.89073,2019-08-12,19:12:00
3557169,2019,University Dr,Rosen Pl,80.0,Driveway Or Alley,0.0,0.0,No Injury,Angle - Other Than Left Turn 2,Daylight,Clear,Dry,25.0,Female,South,Making Left Turn,Failed To Yield Right Of Way,No Apparent Influence,No Apparent Influence,21.0,Female,West,Going Straight Ahead,No Improper Action,No Apparent Influence,No Apparent Influence,33.42191,-111.95047,2019-08-12,19:48:00
3550175,2019,McClintock Dr,3rd St,0.0,Intersection T Inter 203,0.0,0.0,No Injury,Left Turn,Daylight,Clear,Dry,28.0,Male,West,Making Left Turn,Failed To Yield Right Of Way,No Apparent Influence,No Apparent Influence,19.0,Male,North,Going Straight Ahead,No Improper Action,No Apparent Influence,No Apparent Influence,33.4274,-111.90906,2019-08-12,21:59:00
3550178,2019,Curry Rd,College Ave,0.0,Intersection 4 Way 202,2.0,0.0,Suspected Minor Injury,Left Turn,Daylight,Clear,Dry,30.0,Male,West,Making Left Turn,Failed To Yield Right Of Way,No Apparent Influence,No Apparent Influence,62.0,Male,East,Going Straight Ahead,No Improper Action,No Apparent Influence,No Apparent Influence,33.44023,-111.93084,2019-08-12,23:46:00
3564728,2019,McClintock Dr,Don Carlos Ave,0.0,Intersection 4 Way 202,1.0,0.0,Suspected Minor Injury,Left Turn,Daylight,Clear,Dry,48.0,Female,Northwest,Making Left Turn,Failed To Yield Right Of Way,No Apparent Influence,No Apparent Influence,58.0,Female,South,Going Straight Ahead,No Improper Action,No Apparent Influence,No Apparent Influence,33.41748,-111.90911,2019-08-13,00:04:00
3550221,2019,Rural Rd,Vista Del Cerro Dr,0.0,Intersection T Inter 203,1.0,0.0,Suspected Minor Injury,Left Turn,Daylight,Clear,Dry,27.0,Male,North,Going Straight Ahead,Disregarded Traffic Signal,No Apparent Influence,No Apparent Influence,28.0,Female,South,Making Left Turn,No Improper Action,No Apparent Influence,No Apparent Influence,33.41012,-111.92628,2019-08-13,00:52:00
3550180,2019,Rural Rd,Lemon St,0.0,Intersection 4 Way 202,2.0,0.0,Possible Injury,Left Turn,Daylight,Clear,Dry,52.0,Male,North,Making Left Turn,Failed To Yield Right Of Way,No Apparent Influence,No Apparent Influence,51.0,Male,South,Going Straight Ahead,No Improper Action,No Apparent Influence,No Apparent Influence,33.41684,-111.9263,2019-08-13,01:03:00
3550170,2019,Rural Rd,Spence Ave,0.0,Intersection 4 Way 202,2.0,0.0,Suspected Minor Injury,Left Turn,Daylight,Clear,Dry,32.0,Female,South,Making Left Turn,Failed To Yield Right Of Way,No Apparent Influence,No Apparent Influence,31.0,Male,North,Going Straight Ahead,No Improper Action,No Apparent Influence,No Apparent Influence,33.41287,-111.92629,2019-08-13,01:52:00
3550190,2019,Priest Dr,5th St,0.0,Intersection 4 Way 202,2.0,0.0,Possible Injury,Left Turn,Dark Lighted,Clear,Dry,23.0,Female,South,Making Left Turn,Failed To Yield Right Of Way,No Apparent Influence,No Apparent Influence,29.0,Female,North,Going Straight Ahead,No Improper Action,No Apparent Influence,No Apparent Influence,33.42562,-111.96097,2019-08-13,02:53:00
3555481,2019,University Dr,Hardy Dr,-0.15,Intersection Related 206,0.0,0.0,No Injury,Rear End,Dark Lighted,Clear,Dry,20.0,Female,West,Going Straight Ahead,Speed To Fast For Conditions,No Apparent Influence,No Apparent Influence,19.0,Male,West,Stopped In Trafficway,No Improper Action,No Apparent Influence,No Apparent Influence,33.42192,-111.95482,2019-08-13,05:45:00
3550226,2019,Guadalupe Rd,Stanley Pl,-163.0,Not Junction Related,0.0,0.0,No Injury,Rear End,Daylight,Clear,Dry,27.0,Female,East,Going Straight Ahead,Followed Too Closely,No Apparent Influence,No Apparent Influence,20.0,Female,East,Slowing In Trafficway,No Improper Action,No Apparent Influence,No Apparent Influence,33.36377,-111.92244,2019-08-13,14:12:00
3555465,2019,McClintock Dr,Warner Rd,0.0,Intersection 4 Way 202,1.0,0.0,Possible Injury,Left Turn,Daylight,Clear,Dry,50.0,Male,South,Making Left Turn,Unknown,No Apparent Influence,No Apparent Influence,17.0,Male,North,Going Straight Ahead,Unknown,No Apparent Influence,No Apparent Influence,33.33464,-111.91118,2019-08-13,14:29:00
3550224,2019,Baseline Rd,Mill Ave,0.0,Intersection 4 Way 202,0.0,0.0,No Injury,Left Turn,Daylight,Clear,Dry,21.0,Male,Northeast,Making Left Turn,Failed To Yield Right Of Way,No Apparent Influence,No Apparent Influence,20.0,Female,West,Going Straight Ahead,No Improper Action,No Apparent Influence,No Apparent Influence,33.37821,-111.93937,2019-08-13,14:46:00
3550197,2019,Fairfield Dr,Warner Rd,0.0,Intersection Related 206,0.0,0.0,No Injury,Rear End,Daylight,Clear,Dry,65.0,Male,South,Backing,Other,No Apparent Influence,No Apparent Influence,24.0,Male,North,Stopped In Trafficway,No Improper Action,No Apparent Influence,No Apparent Influence,33.33474,-111.90109,2019-08-13,14:56:00