Incident_ID,Year,Street_Name,Cross_Street,Distance,Junction_Relation,Total_Injuries,Total_Fatalities,Injury_Severity,Collision_Manner,Light_Condition,Weather,Surface_Condition,Age_1,Gender_1,Travel_One,UnitAction_One,Violation1_Drv1,AlcoholUse_ 1,DrugUse_1,Age_2,Gender_2,TravelDirection_2,UnitAction_2,Violation_2,AlcoholUse_2,DrugUse_2,Latitude,Longitude,Date,Time
3550173,2019,Baseline Rd,Wendler Dr,30.0,Intersection Related 206,0.0,0.0,No Injury,Rear End,Daylight,Clear,Dry,25.0,Female,West,Slowing In Trafficway,Speed To Fast For Conditions,No Apparent Influence,No Apparent Influence,27.0,Female,West,Stopped In Trafficway,No Improper Action,No Apparent Influence,No Apparent Influence,33.37826,-111.96969,2019-08-13,15:02:00
3550220,2019,Elliot Rd,I-10 Exit 157 A-Ramp,0.0,Entrance Exit Ramp 205,0.0,0.0,No Injury,Sideswipe Same Direction,Daylight,Clear,Dry,34.0,Male,South,Avoiding Vehicle Object Pedestrian,Unsafe Lane Change,No Apparent Influence,No Apparent Influence,41.0,Male,South,Making Left Turn,No Improper Action,No Apparent Influence,No Apparent Influence,33.34907,-111.97283,2019-08-13,16:21:00
3550182,2019,Price Rd,Apache Blvd,-57.0,Intersection Related 206,0.0,0.0,No Injury,Angle - Other Than Left Turn 2,Daylight,Clear,Dry,29.0,Female,East,Making Right Turn,Failed To Yield Right Of Way,No Apparent Influence,No Apparent Influence,69.0,Male,West,Making Left Turn,No Improper Action,No Apparent Influence,No Apparent Influence,33.41464,-111.89195,2019-08-13,16:31:00
3550156,2019,Baseline Rd,Kyrene Rd,44.0,Intersection Related 206,0.0,0.0,No Injury,Sideswipe Same Direction,Daylight,Clear,Dry,68.0,Female,North,Making Right Turn,Unknown,No Apparent Influence,No Apparent Influence,23.0,Female,North,Making Right Turn,Unknown,No Apparent Influence,No Apparent Influence,33.3782,-111.94584,2019-08-13,18:32:00
3550232,2019,University Dr,SR-143 Exit 1 T-Ramp,0.0,Intersection Related 206,0.0,0.0,No Injury,Sideswipe Same Direction,Daylight,Clear,Dry,46.0,Female,East,Changing Lanes,Unsafe Lane Change,No Apparent Influence,No Apparent Influence,44.0,Male,East,Going Straight Ahead,No Improper Action,No Apparent Influence,No Apparent Influence,33.42189,-111.97767,2019-08-13,19:54:00
3550122,2019,48th St,Broadway Rd,110.0,Intersection Related 206,0.0,0.0,No Injury,Rear End,Daylight,Clear,Dry,29.0,Female,South,Going Straight Ahead,Followed Too Closely,No Apparent Influence,No Apparent Influence,44.0,Male,South,Going Straight Ahead,No Improper Action,No Apparent Influence,No Apparent Influence,33.40763,-111.97826,2019-08-13,20:58:00
3550201,2019,McClintock Dr,La Jolla Dr,-200.0,Not Junction Related,1.0,0.0,Possible Injury,Rear End,Daylight,Clear,Dry,47.0,Male,North,Going Straight Ahead,Followed Too Closely,No Apparent Influence,No Apparent Influence,60.0,Female,North,Stopped In Trafficway,No Improper Action,No Apparent Influence,No Apparent Influence,33.3891,-111.90917,2019-08-13,21:53:00
3550171,2019,Rural Rd,6th St,0.0,Intersection 4 Way 202,0.0,0.0,No Injury,Left Turn,Daylight,Clear,Dry,22.0,Male,North,Making Left Turn,Failed To Yield Right Of Way,No Apparent Influence,No Apparent Influence,65.0,Male,South,Going Straight Ahead,No Improper Action,No Apparent Influence,No Apparent Influence,33.4245,-111.9263,2019-08-13,22:50:00
3550228,2019,Warner Rd,Los Feliz Dr,0.0,Intersection 4 Way 202,1.0,0.0,Suspected Minor Injury,Left Turn,Daylight,Clear,Dry,16.0,Female,West,Making Left Turn,Failed To Yield Right Of Way,No Apparent Influence,No Apparent Influence,58.0,Male,East,Going Straight Ahead,No Improper Action,No Apparent Influence,No Apparent Influence,33.33468,-111.90626,2019-08-13,22:52:00
3555373,2019,Broadway Rd,I-10 Cardinal Frontage,0.0,Intersection 201,0.0,0.0,No Injury,Left Turn,Daylight,Clear,Dry,52.0,Male,West,Making Left Turn,Failed To Yield Right Of Way,No Apparent Influence,No Apparent Influence,43.0,Male,East,Going Straight Ahead,No Improper Action,No Apparent Influence,No Apparent Influence,33.40845,-111.9736,2019-08-13,23:05:00
3555369,2019,Warner Rd,Rural Rd,65.0,Not Junction Related,0.0,0.0,No Injury,Rear End,Daylight,Clear,Dry,43.0,Male,West,Going Straight Ahead,Followed Too Closely,No Apparent Influence,No Apparent Influence,22.0,Female,West,Stopped In Trafficway,No Improper Action,No Apparent Influence,No Apparent Influence,33.33466,-111.9282,2019-08-13,23:35:00
3550229,2019,Elliot Rd,Rural Rd,-49.0,Intersection Related 206,0.0,0.0,No Injury,Rear End,Daylight,Clear,Dry,30.0,Male,South,Making Right Turn,Failed To Yield Right Of Way,No Apparent Influence,No Apparent Influence,23.0,Female,West,Going Straight Ahead,No Improper Action,No Apparent Influence,No Apparent Influence,33.34919,-111.92864,2019-08-14,01:22:00
3565195,2019,McClintock Dr,SR-202 Exit 8 J-Ramp,0.0,Intersection 201,0.0,0.0,No Injury,Left Turn,Dark Lighted,Clear,Dry,34.0,Male,North,Making Left Turn,Failed To Yield Right Of Way,No Apparent Influence,No Apparent Influence,62.0,Female,South,Going Straight Ahead,No Improper Action,No Apparent Influence,No Apparent Influence,33.43662,-111.90962,2019-08-14,07:09:00
3555404,2019,University Dr,Hacienda Dr,-50.0,Intersection Related 206,0.0,0.0,No Injury,Rear End,Daylight,Clear,Dry,20.0,Female,West,Going Straight Ahead,Speed To Fast For Conditions,No Apparent Influence,No Apparent Influence,30.0,Male,West,Stopped In Trafficway,No Improper Action,No Apparent Influence,No Apparent Influence,33.42202,-111.90642,2019-08-14,14:38:00
3555423,2019,Rockford Dr,University Dr,25.0,Not Junction Related,0.0,0.0,No Injury,Sideswipe Same Direction,Daylight,Clear,Dry,29.0,Male,South,Making Right Turn,Unknown,No Apparent Influence,No Apparent Influence,45.0,Male,South,Stopped In Trafficway,No Improper Action,No Apparent Influence,No Apparent Influence,33.42217,-111.89807,2019-08-14,20:04:00
3550152,2019,University Dr,Price Rd,0.0,Driveway Or Alley,0.0,0.0,No Injury,Left Turn,Daylight,Clear,Dry,29.0,Female,South,Making Left Turn,Failed To Yield Right Of Way,No Apparent Influence,No Apparent Influence,28.0,Male,West,Going Straight Ahead,No Improper Action,No Apparent Influence,No Apparent Influence,33.42202,-111.89031,2019-08-14,22:57:00
3555399,2019,Priest Dr,Grove Pkwy,0.0,Intersection T Inter 203,0.0,0.0,No Injury,Left Turn,Daylight,Clear,Dry,40.0,Male,South,Making Left Turn,Failed To Yield Right Of Way,No Apparent Influence,No Apparent Influence,60.0,Male,West,Going Straight Ahead,No Improper Action,No Apparent Influence,No Apparent Influence,33.35148,-111.96246,2019-08-15,19:16:00
3556767,2019,Rural Rd,University Dr,-105.0,Intersection Related 206,0.0,0.0,No Injury,Sideswipe Same Direction,Daylight,Clear,Dry,37.0,Male,North,Changing Lanes,Unsafe Lane Change,No Apparent Influence,No Apparent Influence,41.0,Male,North,Going Straight Ahead,No Improper Action,No Apparent Influence,No Apparent Influence,33.42174,-111.92631,2019-08-15,20:07:00
3555428,2019,Rural Rd,E Terrace Rd,0.0,Intersection T Inter 203,0.0,0.0,No Injury,U Turn,Daylight,Clear,Dry,20.0,Female,North,Making U Turn,Failed To Yield Right Of Way,No Apparent Influence,No Apparent Influence,19.0,Male,South,Going Straight Ahead,No Improper Action,No Apparent Influence,No Apparent Influence,33.41914,-111.9263,2019-08-15,23:37:00
3547454,2019,Curry Rd,Miller Rd,-100.0,Not Junction Related,0.0,0.0,No Injury,Sideswipe Same Direction,Daylight,Clear,Dry,58.0,Male,East,Changing Lanes,Unsafe Lane Change,No Apparent Influence,No Apparent Influence,34.0,Male,East,Going Straight Ahead,No Improper Action,No Apparent Influence,No Apparent Influence,33.44039,-111.91829,2019-08-16,00:14:00
3555402,2019,Mill Ave,5th St,-15.0,Intersection Related 206,1.0,0.0,Possible Injury,U Turn,Dusk,Clear,Dry,19.0,Male,North,Making U Turn,Failed To Keep In Proper Lane,No Apparent Influence,No Apparent Influence,26.0,Female,North,Going Straight Ahead,No Improper Action,No Apparent Influence,No Apparent Influence,33.42546,-111.94002,2019-08-16,02:41:00
3550176,2019,McClintock Dr,University Dr,50.0,Intersection Related 206,0.0,0.0,No Injury,Rear End,Dark Lighted,Clear,Dry,30.0,Male,South,Going Straight Ahead,Speed To Fast For Conditions,No Apparent Influence,No Apparent Influence,23.0,Male,South,Stopped In Trafficway,No Improper Action,No Apparent Influence,No Apparent Influence,33.42212,-111.9091,2019-08-16,02:55:00
3556752,2019,University Dr,McClintock Dr,0.0,Intersection 4 Way 202,0.0,0.0,No Injury,Sideswipe Same Direction,Dark Lighted,Clear,Dry,28.0,Male,North,Making Right Turn,Made Improper Turn,No Apparent Influence,No Apparent Influence,67.0,Male,North,Making Right Turn,No Improper Action,No Apparent Influence,No Apparent Influence,33.42198,-111.90909,2019-08-16,03:39:00
3556759,2019,Broadway Rd,Jentilly Ln,0.0,Intersection T Inter 203,0.0,0.0,No Injury,Left Turn,Daylight,Clear,Dry,27.0,Female,East,Making Left Turn,Failed To Yield Right Of Way,No Apparent Influence,No Apparent Influence,43.0,Male,West,Going Straight Ahead,No Improper Action,No Apparent Influence,No Apparent Influence,33.4075,-111.92372,2019-08-16,14:34:00
3557109,2019,University Dr,Priest Dr,160.0,Not Junction Related,0.0,0.0,No Injury,Rear End,Dark Lighted,Clear,Dry,24.0,Male,West,Going Straight Ahead,Speed To Fast For Conditions,No Apparent Influence,No Apparent Influence,23.0,Male,West,Going Straight Ahead,No Improper Action,No Apparent Influence,No Apparent Influence,33.42194,-111.9604,2019-08-16,15:40:00
3555374,2019,Price Rd,Elliot Rd,0.0,Not Junction Related,2.0,0.0,Suspected Minor Injury,Angle - Other Than Left Turn 2,Daylight,Clear,Dry,32.0,Female,East,Going Straight Ahead,Failed To Yield Right Of Way,No Apparent Influence,No Apparent Influence,22.0,Female,South,Going Straight Ahead,No Improper Action,No Apparent Influence,No Apparent Influence,33.34934,-111.89437,2019-08-16,16:56:00
3555397,2019,Priest Dr,18th St,-127.0,Not Junction Related,1.0,0.0,Suspected Minor Injury,Rear End,Daylight,Clear,Dry,63.0,Female,North,Going Straight Ahead,Followed Too Closely,No Apparent Influence,No Apparent Influence,29.0,Female,North,Going Straight Ahead,No Improper Action,No Apparent Influence,No Apparent Influence,33.40908,-111.96079,2019-08-16,19:42:00
3555463,2019,University Dr,Rural Rd,30.0,Intersection Related 206,0.0,0.0,No Injury,Rear End,Daylight,Clear,Dry,22.0,Female,West,Going Straight Ahead,Followed Too Closely,No Apparent Influence,No Apparent Influence,21.0,Female,West,Stopped In Trafficway,No Improper Action,No Apparent Influence,No Apparent Influence,33.42203,-111.92621,2019-08-16,19:42:00
3555403,2019,Baseline Rd,I-10 Exit 155 J1-Ramp,100.0,Intersection Related 206,0.0,0.0,No Injury,Rear End,Daylight,Clear,Dry,32.0,Male,West,Going Straight Ahead,Speed To Fast For Conditions,No Apparent Influence,No Apparent Influence,46.0,Female,West,Stopped In Trafficway,No Improper Action,No Apparent Influence,No Apparent Influence,33.37829,-111.96705,2019-08-16,20:20:00
3555377,2019,Curry Rd,Miller Rd,0.0,Intersection 4 Way 202,0.0,0.0,No Injury,Left Turn,Daylight,Clear,Dry,18.0,Male,East,Making Left Turn,Failed To Yield Right Of Way,No Apparent Influence,No Apparent Influence,54.0,Female,West,Going Straight Ahead,No Improper Action,No Apparent Influence,No Apparent Influence,33.44038,-111.91796,2019-08-16,20:24:00
3555462,2019,Baseline Rd,Price Rd,30.0,Intersection Related 206,0.0,0.0,No Injury,Sideswipe Same Direction,Daylight,Clear,Dry,33.0,Male,West,Going Straight Ahead,Failed To Keep In Proper Lane,No Apparent Influence,No Apparent Influence,44.0,Male,West,Stopped In Trafficway,No Improper Action,No Apparent Influence,No Apparent Influence,33.37846,-111.89352,2019-08-16,20:36:00
3555388,2019,University Dr,Price Rd,0.0,Intersection 201,0.0,0.0,No Injury,Sideswipe Same Direction,Daylight,Clear,Dry,62.0,Female,North,Making Right Turn,Unknown,No Apparent Influence,No Apparent Influence,39.0,Male,North,Making Right Turn,Unknown,No Apparent Influence,No Apparent Influence,33.42202,-111.89031,2019-08-16,23:16:00
3555375,2019,Rural Rd,6th St,89.0,Not Junction Related,0.0,0.0,No Injury,Rear End,Daylight,Clear,Dry,20.0,Male,South,Going Straight Ahead,Followed Too Closely,No Apparent Influence,No Apparent Influence,28.0,Male,South,Stopped In Trafficway,No Improper Action,No Apparent Influence,No Apparent Influence,33.42474,-111.9263,2019-08-17,00:40:00
3550200,2019,Rural Rd,Apache Blvd,-100.0,Intersection 201,0.0,0.0,No Injury,Rear End,Daylight,Clear,Dry,21.0,Female,North,Going Straight Ahead,Speed To Fast For Conditions,No Apparent Influence,No Apparent Influence,59.0,Female,North,Stopped In Trafficway,No Improper Action,No Apparent Influence,No Apparent Influence,33.41449,-111.92629,2019-08-17,01:59:00
3557111,2019,Scottsdale Rd,Hancock Ave,125.0,Intersection Related 206,0.0,0.0,No Injury,Rear End,Dusk,Clear,Dry,23.0,Male,South,Going Straight Ahead,Followed Too Closely,No Apparent Influence,No Apparent Influence,25.0,Male,South,Stopped In Trafficway,No Improper Action,No Apparent Influence,No Apparent Influence,33.447,-111.92646,2019-08-17,02:11:00
3555459,2019,Baseline Rd,McClintock Dr,0.17,Not Junction Related,1.0,0.0,Suspected Serious Injury,Rear End,Daylight,Clear,Dry,54.0,Male,East,Going Straight Ahead,Unknown,No Apparent Influence,No Apparent Influence,27.0,Male,East,Going Straight Ahead,No Improper Action,No Apparent Influence,No Apparent Influence,33.37844,-111.90632,2019-08-17,17:56:00
3593772,2019,Wendler Dr,Baseline Rd,10.0,Intersection T Inter 203,1.0,0.0,Suspected Minor Injury,Left Turn,Daylight,Clear,Dry,29.0,Female,West,Going Straight Ahead,Disregarded Traffic Signal,No Apparent Influence,No Apparent Influence,38.0,Female,North,Making Left Turn,No Improper Action,No Apparent Influence,No Apparent Influence,33.37829,-111.96979,2019-08-17,18:07:00
3555419,2019,Apache Blvd,McClintock Dr,-100.0,Not Junction Related,0.0,0.0,No Injury,Sideswipe Same Direction,Daylight,Clear,Dry,19.0,Male,East,Changing Lanes,Unsafe Lane Change,No Apparent Influence,No Apparent Influence,24.0,Female,East,Slowing In Trafficway,No Improper Action,No Apparent Influence,No Apparent Influence,33.41476,-111.90946,2019-08-17,18:26:00
3555410,2019,McClintock Dr,E Tempe Marketplace,-60.0,Not Junction Related,0.0,0.0,No Injury,Rear End,Daylight,Clear,Dry,54.0,Male,North,Going Straight Ahead,Speed To Fast For Conditions,No Apparent Influence,No Apparent Influence,40.0,Male,North,Stopped In Trafficway,No Improper Action,No Apparent Influence,No Apparent Influence,33.43192,-111.90927,2019-08-17,21:46:00
3555370,2019,Baseline Rd,Arizona Mills S,30.0,Intersection 4 Way 202,0.0,0.0,No Injury,Angle - Other Than Left Turn 2,Daylight,Clear,Dry,31.0,Female,West,Going Straight Ahead,Disregarded Traffic Signal,No Apparent Influence,No Apparent Influence,20.0,Male,Southeast,Making Left Turn,No Improper Action,No Apparent Influence,No Apparent Influence,33.37827,-111.96536,2019-08-17,22:02:00
3557113,2019,College Ave,Broadway Rd,0.0,Intersection 4 Way 202,0.0,0.0,No Injury,Angle - Other Than Left Turn 2,Daylight,Clear,Dry,32.0,Male,North,Going Straight Ahead,No Improper Action,No Apparent Influence,No Apparent Influence,21.0,Male,West,Going Straight Ahead,Disregarded Traffic Signal,No Apparent Influence,No Apparent Influence,33.40744,-111.93491,2019-08-17,23:04:00
3557095,2019,Broadway Rd,Priest Dr,-0.12,Not Junction Related,0.0,0.0,No Injury,U Turn,Daylight,Clear,Dry,20.0,Female,West,Making U Turn,Failed To Yield Right Of Way,No Apparent Influence,No Apparent Influence,35.0,Male,East,Going Straight Ahead,No Improper Action,No Apparent Influence,No Apparent Influence,33.40743,-111.96286,2019-08-17,23:33:00
3555414,2019,Price Rd,Wildermuth Ave,-0.19,Not Junction Related,0.0,0.0,No Injury,Rear End,Daylight,Clear,Dry,16.0,Male,South,Going Straight Ahead,Speed To Fast For Conditions,No Apparent Influence,No Apparent Influence,19.0,Male,South,Slowing In Trafficway,No Improper Action,No Apparent Influence,No Apparent Influence,33.4102,-111.892,2019-08-18,00:08:00
3550193,2019,Apache Blvd,Terrace Rd,-160.0,Intersection 201,0.0,0.0,No Injury,Rear End,Daylight,Clear,Dry,22.0,Female,East,Slowing In Trafficway,Speed To Fast For Conditions,No Apparent Influence,No Apparent Influence,20.0,Female,East,Stopped In Trafficway,No Improper Action,No Apparent Influence,No Apparent Influence,33.41476,-111.92096,2019-08-18,00:10:00
3550732,2019,Rio Salado Pkwy,SR-101 Exit 51 J-Ramp,0.0,Intersection Interchange,2.0,0.0,Suspected Serious Injury,Angle - Other Than Left Turn 2,Dark Lighted,Clear,Dry,23.0,Male,East,Going Straight Ahead,Disregarded Traffic Signal,Alcohol,No Apparent Influence,31.0,Male,North,Going Straight Ahead,No Improper Action,No Apparent Influence,No Apparent Influence,33.42931,-111.89026,2019-08-18,06:00:00
3556688,2019,Rural Rd,Elliot Rd,30.0,Intersection Related 206,0.0,0.0,No Injury,Rear End,Daylight,Cloudy,Dry,54.0,Male,South,Going Straight Ahead,Followed Too Closely,No Apparent Influence,No Apparent Influence,30.0,Male,South,Stopped In Trafficway,No Improper Action,No Apparent Influence,No Apparent Influence,33.34927,-111.92848,2019-08-18,17:00:00
3600299,2019,Rural Rd,6th St,-30.0,Intersection Related Non Interchange,1.0,0.0,Possible Injury,Rear End,Daylight,Clear,Dry,42.0,Male,South,Going Straight Ahead,Followed Too Closely,No Apparent Influence,No Apparent Influence,51.0,Male,South,Stopped In Trafficway,No Improper Action,No Apparent Influence,No Apparent Influence,33.42442,-111.9263,2019-08-18,20:29:00
3565148,2019,Veterans Way,6th St,-70.0,Not Junction Related,0.0,0.0,No Injury,Rear End,Daylight,Clear,Dry,18.0,Male,West,Going Straight Ahead,Speed To Fast For Conditions,No Apparent Influence,No Apparent Influence,24.0,Male,West,Slowing In Trafficway,No Improper Action,No Apparent Influence,No Apparent Influence,33.42318,-111.93064,2019-08-18,23:31:00
3556763,2019,Southern Ave,Price Rd,0.0,Intersection 4 Way 202,1.0,0.0,Possible Injury,Angle - Other Than Left Turn 2,Daylight,Clear,Dry,47.0,Male,West,Going Straight Ahead,Failed To Yield Right Of Way,No Apparent Influence,No Apparent Influence,45.0,Male,North,Going Straight Ahead,No Improper Action,No Apparent Influence,No Apparent Influence,33.39295,-111.89045,2019-08-19,13:47:00
3557114,2019,Price Rd,Broadway Rd,60.0,Intersection Related 206,0.0,0.0,No Injury,Sideswipe Same Direction,Daylight,Clear,Dry,36.0,Female,South,Changing Lanes,Unsafe Lane Change,No Apparent Influence,No Apparent Influence,35.0,Female,South,Going Straight Ahead,No Improper Action,No Apparent Influence,No Apparent Influence,33.40766,-111.892,2019-08-19,14:34:00
3557115,2019,Rural Rd,University Dr,-30.0,Intersection Related 206,0.0,0.0,No Injury,Sideswipe Same Direction,Daylight,Clear,Dry,19.0,Male,North,Changing Lanes,Unsafe Lane Change,No Apparent Influence,No Apparent Influence,57.0,Male,North,Stopped In Trafficway,No Improper Action,No Apparent Influence,No Apparent Influence,33.42195,-111.92631,2019-08-19,16:02:00
3550199,2019,Southern Ave,48th St,213.0,Not Junction Related,2.0,0.0,Possible Injury,Left Turn,Daylight,Clear,Dry,33.0,Female,Southwest,Making Left Turn,Failed To Yield Right Of Way,No Apparent Influence,No Apparent Influence,20.0,Female,East,Going Straight Ahead,No Improper Action,No Apparent Influence,No Apparent Influence,33.39277,-111.97764,2019-08-19,18:16:00
3564695,2019,Priest Dr,Warner Rd,0.0,Intersection 201,0.0,0.0,No Injury,Left Turn,Daylight,Clear,Dry,31.0,Male,South,Going Straight Ahead,Disregarded Traffic Signal,No Apparent Influence,No Apparent Influence,49.0,Female,North,Making Left Turn,No Improper Action,No Apparent Influence,No Apparent Influence,33.33453,-111.96312,2019-08-19,20:00:00
3556761,2019,Rural Rd,Southern Ave,180.0,Driveway Or Alley,0.0,0.0,No Injury,Left Turn,Daylight,Clear,Dry,22.0,Male,East,Making Left Turn,Failed To Yield Right Of Way,No Apparent Influence,No Apparent Influence,51.0,Male,South,Going Straight Ahead,No Improper Action,No Apparent Influence,No Apparent Influence,33.39346,-111.92633,2019-08-19,20:42:00
3565191,2019,Price Rd,Watson Dr,100.0,Not Junction Related,1.0,0.0,Suspected Minor Injury,Sideswipe Same Direction,Daylight,Clear,Dry,23.0,Male,South,Changing Lanes,Unsafe Lane Change,No Apparent Influence,No Apparent Influence,40.0,Male,South,Going Straight Ahead,No Improper Action,No Apparent Influence,No Apparent Influence,33.36799,-111.8942,2019-08-19,20:49:00
3556645,2019,Rural Rd,Knox Rd,200.0,Not Junction Related,0.0,0.0,No Injury,Sideswipe Same Direction,Daylight,Clear,Dry,52.0,Male,South,Changing Lanes,Unsafe Lane Change,No Apparent Influence,No Apparent Influence,17.0,Female,South,Going Straight Ahead,No Improper Action,No Apparent Influence,No Apparent Influence,33.3279,-111.92831,2019-08-19,21:59:00
3556628,2019,Southern Ave,Roosevelt St,25.0,Intersection Related 206,0.0,0.0,No Injury,Angle - Other Than Left Turn 2,Daylight,Clear,Dry,37.0,Female,Northeast,Making Right Turn,Made Improper Turn,No Apparent Influence,No Apparent Influence,18.0,Male,East,Going Straight Ahead,No Improper Action,No Apparent Influence,No Apparent Influence,33.39285,-111.94775,2019-08-19,22:54:00
3555379,2019,University Dr,Rockford Dr,60.0,Intersection Related 206,0.0,0.0,No Injury,Rear End,Daylight,Clear,Dry,21.0,Female,West,Going Straight Ahead,Followed Too Closely,No Apparent Influence,No Apparent Influence,20.0,Male,West,Slowing In Trafficway,No Improper Action,No Apparent Influence,No Apparent Influence,33.4221,-111.89787,2019-08-19,23:41:00
3555484,2019,Scottsdale Rd,McKellips Rd,-15.0,Intersection Related 206,1.0,0.0,Possible Injury,U Turn,Daylight,Clear,Dry,17.0,Male,West,Making U Turn,Made Improper Turn,No Apparent Influence,No Apparent Influence,51.0,Female,North,Making Left Turn,No Improper Action,No Apparent Influence,No Apparent Influence,33.4512,-111.92647,2019-08-20,00:20:00
3564745,2019,Warner Rd,Beck Ave,-25.0,Intersection Related 206,1.0,0.0,Possible Injury,Rear End,Daylight,Clear,Dry,30.0,Female,East,Going Straight Ahead,Speed To Fast For Conditions,No Apparent Influence,No Apparent Influence,56.0,Female,East,Going Straight Ahead,No Improper Action,No Apparent Influence,No Apparent Influence,33.33455,-111.95871,2019-08-20,01:06:00
3607988,2019,Baseline Rd,I-10 Exit 155 J1-Ramp,0.0,Intersection 201,0.0,0.0,No Injury,Left Turn,Daylight,Clear,Dry,20.0,Female,West,Going Straight Ahead,Disregarded Traffic Signal,No Apparent Influence,No Apparent Influence,56.0,Male,Northwest,Making Left Turn,No Improper Action,No Apparent Influence,No Apparent Influence,33.3783,-111.96738,2019-08-20,01:19:00
3557123,2019,48th St,Southern Ave,0.0,Intersection 201,0.0,0.0,No Injury,Head On,Daylight,Clear,Dry,68.0,Male,North,Going Straight Ahead,Unknown,No Apparent Influence,No Apparent Influence,53.0,Male,South,Making Left Turn,Unknown,No Apparent Influence,No Apparent Influence,33.39277,-111.97834,2019-08-20,01:41:00
3556691,2019,Broadway Rd,Mill Ave,80.0,Intersection Related 206,0.0,0.0,No Injury,Sideswipe Same Direction,Daylight,Clear,Dry,23.0,Female,West,Changing Lanes,Unsafe Lane Change,No Apparent Influence,No Apparent Influence,59.0,Male,West,Going Straight Ahead,No Improper Action,No Apparent Influence,No Apparent Influence,33.40741,-111.93957,2019-08-20,18:48:00
3556630,2019,Apache Blvd,McClintock Dr,0.0,Intersection 4 Way 202,2.0,0.0,Suspected Minor Injury,Left Turn,Daylight,Clear,Dry,74.0,Male,West,Going Straight Ahead,Disregarded Traffic Signal,No Apparent Influence,No Apparent Influence,20.0,Female,East,Making Left Turn,No Improper Action,No Apparent Influence,No Apparent Influence,33.41476,-111.90913,2019-08-20,19:49:00
3555460,2019,Elliot Rd,McClintock Dr,0.0,Intersection 4 Way 202,0.0,0.0,No Injury,Left Turn,Daylight,Clear,Dry,43.0,Male,East,Making Left Turn,Failed To Yield Right Of Way,No Apparent Influence,No Apparent Influence,57.0,Female,West,Going Straight Ahead,No Improper Action,No Apparent Influence,No Apparent Influence,33.34913,-111.91119,2019-08-20,19:53:00
3556660,2019,University Dr,College Ave,25.0,Intersection Related 206,1.0,0.0,Possible Injury,Rear End,Daylight,Clear,Dry,23.0,Female,West,Going Straight Ahead,Followed Too Closely,No Apparent Influence,No Apparent Influence,64.0,Female,West,Stopped In Trafficway,No Improper Action,No Apparent Influence,No Apparent Influence,33.42196,-111.93488,2019-08-20,20:18:00
3556686,2019,Mill Ave,US-60 Exit 173 G-Ramp,80.0,Intersection Related 206,0.0,0.0,No Injury,Sideswipe Same Direction,Daylight,Clear,Dry,54.0,Male,South,Going Straight Ahead,Unsafe Lane Change,No Apparent Influence,No Apparent Influence,64.0,Male,South,Going Straight Ahead,No Improper Action,No Apparent Influence,No Apparent Influence,33.38533,-111.93947,2019-08-20,22:17:00
3556629,2019,Apache Blvd,Terrace Rd,139.0,Intersection Related 206,0.0,0.0,No Injury,Other,Daylight,Clear,Dry,42.0,Male,West,Backing,Other,No Apparent Influence,No Apparent Influence,55.0,Male,West,Stopped In Trafficway,No Improper Action,No Apparent Influence,No Apparent Influence,33.41477,-111.91998,2019-08-21,00:14:00
3556692,2019,Hardy Dr,Southern Ave,220.0,Driveway Or Alley,0.0,0.0,No Injury,Angle - Other Than Left Turn 2,Daylight,Clear,Dry,43.0,Male,South,Making Right Turn,Other,No Apparent Influence,No Apparent Influence,37.0,Male,South,Going Straight Ahead,No Improper Action,No Apparent Influence,No Apparent Influence,33.39346,-111.95198,2019-08-21,14:17:00
3556625,2019,University Dr,River Dr,0.0,Intersection T Inter 203,1.0,0.0,Possible Injury,Left Turn,Daylight,Clear,Dry,41.0,Male,North,Making Left Turn,Failed To Yield Right Of Way,No Apparent Influence,No Apparent Influence,27.0,Female,East,Going Straight Ahead,No Improper Action,No Apparent Influence,No Apparent Influence,33.42209,-111.89619,2019-08-21,14:36:00
3556652,2019,Baseline Rd,Terry Ln,50.0,Driveway Or Alley,0.0,0.0,No Injury,Left Turn,Daylight,Clear,Dry,25.0,Female,North,Making Left Turn,Failed To Yield Right Of Way,No Apparent Influence,No Apparent Influence,63.0,Female,East,Going Straight Ahead,No Improper Action,No Apparent Influence,No Apparent Influence,33.37823,-111.95524,2019-08-21,15:03:00
3546835,2019,Elliot Rd,I-10 Exit 157 A-Ramp,-20.0,Intersection 201,2.0,0.0,Possible Injury,Left Turn,Daylight,Clear,Dry,51.0,Male,East,Going Straight Ahead,Disregarded Traffic Signal,No Apparent Influence,No Apparent Influence,52.0,Female,West,Making Left Turn,No Improper Action,No Apparent Influence,No Apparent Influence,33.34907,-111.9729,2019-08-21,15:09:00
3555407,2019,Elliot Rd,Kyrene Rd,150.0,Not Junction Related,0.0,0.0,No Injury,Rear End,Daylight,Clear,Dry,49.0,Male,West,Going Straight Ahead,Unknown,No Apparent Influence,No Apparent Influence,25.0,Female,West,Unknown,Unknown,No Apparent Influence,No Apparent Influence,33.3492,-111.94524,2019-08-21,15:29:00
3556682,2019,Baseline Rd,Ash Ave,-40.0,Not Junction Related,2.0,0.0,Suspected Minor Injury,Rear End,Daylight,Clear,Dry,29.0,Female,East,Going Straight Ahead,Followed Too Closely,No Apparent Influence,No Apparent Influence,30.0,Male,East,Slowing In Trafficway,No Improper Action,No Apparent Influence,No Apparent Influence,33.37822,-111.94166,2019-08-21,19:00:00