Incident_ID,Year,Street_Name,Cross_Street,Distance,Junction_Relation,Total_Injuries,Total_Fatalities,Injury_Severity,Collision_Manner,Light_Condition,Weather,Surface_Condition,Age_1,Gender_1,Travel_One,UnitAction_One,Violation1_Drv1,AlcoholUse_ 1,DrugUse_1,Age_2,Gender_2,TravelDirection_2,UnitAction_2,Violation_2,AlcoholUse_2,DrugUse_2,Latitude,Longitude,Date,Time
3556674,2019,Southern Ave,Rural Rd,-40.0,Intersection Related 206,0.0,0.0,No Injury,Rear End,Daylight,Clear,Dry,28.0,Female,East,Going Straight Ahead,Followed Too Closely,No Apparent Influence,No Apparent Influence,58.0,Female,East,Stopped In Trafficway,No Improper Action,No Apparent Influence,No Apparent Influence,33.39296,-111.92646,2019-08-21,20:31:00
3557046,2019,University Dr,S Athletes Pl,30.0,Not Junction Related,1.0,0.0,Possible Injury,Rear End,Daylight,Clear,Dry,21.0,Female,West,Going Straight Ahead,Followed Too Closely,No Apparent Influence,No Apparent Influence,26.0,Female,West,Stopped In Trafficway,No Improper Action,No Apparent Influence,No Apparent Influence,33.42202,-111.9228,2019-08-21,20:50:00
3556683,2019,Rural Rd,Lemon St,54.0,Intersection Related 206,1.0,0.0,Suspected Minor Injury,Sideswipe Same Direction,Daylight,Clear,Dry,27.0,Male,North,Changing Lanes,Unsafe Lane Change,No Apparent Influence,No Apparent Influence,31.0,Male,North,Going Straight Ahead,No Improper Action,No Apparent Influence,No Apparent Influence,33.41698,-111.9263,2019-08-21,23:48:00
3556632,2019,McClintock Dr,Lemon St,41.0,Driveway Or Alley,0.0,0.0,No Injury,Angle - Other Than Left Turn 2,Daylight,Clear,Dry,27.0,Male,North,Making Left Turn,Failed To Yield Right Of Way,No Apparent Influence,No Apparent Influence,19.0,Male,South,Going Straight Ahead,No Improper Action,No Apparent Influence,No Apparent Influence,33.41696,-111.90911,2019-08-21,23:55:00
3555477,2019,Scottsdale Rd,SR-202 Exit 7 P-Ramp,-150.0,Intersection Related 206,0.0,0.0,No Injury,Angle - Other Than Left Turn 2,Daylight,Clear,Dry,29.0,Female,North,Changing Lanes,Unsafe Lane Change,No Apparent Influence,No Apparent Influence,51.0,Female,North,Going Straight Ahead,No Improper Action,No Apparent Influence,No Apparent Influence,33.43503,-111.92626,2019-08-21,23:58:00
3556684,2019,Rural Rd,Geneva Dr,0.0,Intersection T Inter 203,0.0,0.0,No Injury,Left Turn,Daylight,Clear,Dry,19.0,Female,North,Making Left Turn,Failed To Yield Right Of Way,No Apparent Influence,No Apparent Influence,18.0,Male,South,Going Straight Ahead,No Improper Action,No Apparent Influence,No Apparent Influence,33.39499,-111.92633,2019-08-22,00:05:00
3555478,2019,Broadway Rd,I-10 Exit 153 G-Ramp,0.0,Intersection 201,0.0,0.0,No Injury,Left Turn,Dusk,Clear,Dry,29.0,Male,West,Making Left Turn,No Improper Action,No Apparent Influence,No Apparent Influence,29.0,Male,East,Going Straight Ahead,No Improper Action,No Apparent Influence,No Apparent Influence,33.40845,-111.9736,2019-08-22,01:27:00
3557124,2019,University Dr,Veterans Way,150.0,Intersection Related 206,0.0,0.0,No Injury,Rear End,Daylight,Clear,Dry,19.0,Female,West,Going Straight Ahead,Followed Too Closely,No Apparent Influence,No Apparent Influence,27.0,Female,West,Stopped In Trafficway,No Improper Action,No Apparent Influence,No Apparent Influence,33.42202,-111.92845,2019-08-22,14:57:00
3557125,2019,Dorsey Ln,Orange St,0.0,Intersection 4 Way 202,0.0,0.0,No Injury,Angle - Other Than Left Turn 2,Daylight,Clear,Dry,58.0,Female,Southeast,Making U Turn,Made Improper Turn,No Apparent Influence,No Apparent Influence,24.0,Male,South,Going Straight Ahead,No Improper Action,No Apparent Influence,No Apparent Influence,33.41839,-111.91773,2019-08-22,15:21:00
3556636,2019,Harl Ave,Todd Dr,-55.0,Not Junction Related,0.0,0.0,No Injury,Left Turn,Daylight,Clear,Dry,23.0,Male,North,Making Left Turn,Failed To Yield Right Of Way,No Apparent Influence,No Apparent Influence,37.0,Male,South,Going Straight Ahead,No Improper Action,No Apparent Influence,No Apparent Influence,33.35257,-111.9665,2019-08-22,15:23:00
3563468,2019,Mill Ave,Broadway Rd,-85.0,Intersection Related 206,1.0,0.0,Possible Injury,Rear End,Daylight,Clear,Dry,38.0,Female,North,Going Straight Ahead,Followed Too Closely,Alcohol,No Apparent Influence,63.0,Male,North,Stopped In Trafficway,No Improper Action,No Apparent Influence,No Apparent Influence,33.40716,-111.93982,2019-08-22,17:07:00
3563462,2019,17th Pl,Beck Ave,100.0,Not Junction Related,1.0,0.0,Possible Injury,Sideswipe Same Direction,Daylight,Clear,Unknown,38.0,Female,West,Overtaking Passing,Other,Alcohol,No Apparent Influence,63.0,Male,West,Stopped In Trafficway,No Improper Action,No Apparent Influence,No Apparent Influence,33.40997,-111.95548,2019-08-22,17:08:00
3563534,2019,Rural Rd,Vista Del Cerro Dr,120.0,Intersection Related 206,1.0,0.0,Possible Injury,Rear End,Daylight,Clear,Dry,19.0,Male,North,Going Straight Ahead,Followed Too Closely,No Apparent Influence,No Apparent Influence,20.0,Female,North,Stopped In Trafficway,No Improper Action,No Apparent Influence,No Apparent Influence,33.41079,-111.92628,2019-08-22,17:09:00
3556755,2019,Rural Rd,University Dr,0.0,Intersection 4 Way 202,0.0,0.0,No Injury,Sideswipe Same Direction,Daylight,Clear,Dry,41.0,Male,Northwest,Making Left Turn,Unsafe Lane Change,No Apparent Influence,No Apparent Influence,25.0,Female,Northwest,Making Left Turn,No Improper Action,No Apparent Influence,No Apparent Influence,33.42203,-111.92631,2019-08-22,19:02:00
3556685,2019,Broadway Rd,Holbrook Ln,30.0,Intersection T Inter 203,0.0,0.0,No Injury,Left Turn,Daylight,Clear,Dry,29.0,Male,South,Making Left Turn,Failed To Yield Right Of Way,No Apparent Influence,No Apparent Influence,73.0,Male,East,Going Straight Ahead,No Improper Action,No Apparent Influence,No Apparent Influence,33.4075,-111.90242,2019-08-22,19:55:00
3556651,2019,Cutler Dr,Broadway Rd,0.0,Intersection 4 Way 202,0.0,0.0,No Injury,Left Turn,Daylight,Clear,Dry,44.0,Female,South,Making Left Turn,Failed To Yield Right Of Way,No Apparent Influence,No Apparent Influence,69.0,Male,North,Going Straight Ahead,No Improper Action,No Apparent Influence,No Apparent Influence,33.40741,-111.95837,2019-08-22,20:29:00
3556677,2019,University Dr,48th St,0.0,Intersection 4 Way 202,0.0,0.0,No Injury,Angle - Other Than Left Turn 2,Daylight,Clear,Dry,25.0,Male,South,Making Right Turn,Failed To Yield Right Of Way,No Apparent Influence,No Apparent Influence,67.0,Male,West,Changing Lanes,No Improper Action,No Apparent Influence,No Apparent Influence,33.4219,-111.97625,2019-08-22,21:16:00
3556650,2019,Apache Blvd,Elm St,0.0,Intersection 4 Way 202,0.0,0.0,No Injury,Left Turn,Daylight,Clear,Dry,49.0,Female,East,Going Straight Ahead,Disregarded Traffic Signal,No Apparent Influence,No Apparent Influence,50.0,Male,West,Making Left Turn,No Improper Action,No Apparent Influence,No Apparent Influence,33.41476,-111.91246,2019-08-22,21:44:00
3565177,2019,Priest Dr,US-60 Exit 172 G-Ramp,-50.0,Intersection Related 206,0.0,0.0,No Injury,Rear End,Daylight,Clear,Dry,46.0,Male,North,Going Straight Ahead,Followed Too Closely,No Apparent Influence,No Apparent Influence,41.0,Female,North,Stopped In Trafficway,No Improper Action,No Apparent Influence,No Apparent Influence,33.38663,-111.96093,2019-08-23,00:24:00
3556602,2019,Rural Rd,Minton Dr,0.0,Intersection 4 Way 202,0.0,0.0,No Injury,Left Turn,Daylight,Clear,Dry,87.0,Female,North,Making Left Turn,Failed To Yield Right Of Way,No Apparent Influence,No Apparent Influence,49.0,Female,South,Going Straight Ahead,No Improper Action,No Apparent Influence,No Apparent Influence,33.37989,-111.92842,2019-08-23,00:45:00
3556757,2019,Baseline Rd,Priest Dr,0.0,Intersection Related 206,0.0,0.0,No Injury,Left Turn,Daylight,Clear,Dry,52.0,Male,North,Making Left Turn,Made Improper Turn,No Apparent Influence,No Apparent Influence,49.0,Male,North,Making Left Turn,No Improper Action,No Apparent Influence,No Apparent Influence,33.37824,-111.96318,2019-08-23,03:00:00
3557036,2019,Warner Rd,Rural Rd,0.0,Intersection 4 Way 202,0.0,0.0,No Injury,Rear End,Dark Lighted,Clear,Dry,62.0,Male,West,Going Straight Ahead,Followed Too Closely,No Apparent Influence,No Apparent Influence,51.0,Male,West,Going Straight Ahead,No Improper Action,No Apparent Influence,No Apparent Influence,33.33466,-111.92841,2019-08-23,10:56:00
3565094,2019,Baseline Rd,I-10 Exit 155 J1-Ramp,0.0,Intersection 201,0.0,0.0,No Injury,Left Turn,Dawn,Clear,Dry,41.0,Male,East,Making Left Turn,Disregarded Traffic Signal,No Apparent Influence,No Apparent Influence,26.0,Male,West,Going Straight Ahead,No Improper Action,No Apparent Influence,No Apparent Influence,33.3783,-111.96738,2019-08-23,12:04:00
3555469,2019,University Dr,SR-143 Exit 1 J-Ramp,0.0,Intersection 201,0.0,0.0,No Injury,Sideswipe Same Direction,Daylight,Clear,Dry,46.0,Male,West,Going Straight Ahead,Unsafe Lane Change,No Apparent Influence,No Apparent Influence,32.0,Male,West,Going Straight Ahead,No Improper Action,No Apparent Influence,No Apparent Influence,33.42189,-111.97817,2019-08-23,12:56:00
3555472,2019,Grove Pkwy,Kyrene Rd,-0.15,Not Junction Related,0.0,0.0,No Injury,Left Turn,Daylight,Clear,Dry,34.0,Female,Southeast,Making Left Turn,Unsafe Lane Change,No Apparent Influence,No Apparent Influence,24.0,Female,East,Going Straight Ahead,No Improper Action,No Apparent Influence,No Apparent Influence,33.35482,-111.94843,2019-08-23,13:30:00
3556654,2019,Baseline Rd,Wendler Dr,0.0,Intersection T Inter 203,0.0,0.0,No Injury,Left Turn,Daylight,Clear,Dry,30.0,Female,East,Making Left Turn,Failed To Yield Right Of Way,No Apparent Influence,No Apparent Influence,38.0,Male,West,Going Straight Ahead,No Improper Action,No Apparent Influence,No Apparent Influence,33.37826,-111.96979,2019-08-23,14:10:00
3565207,2019,Rio Salado Pkwy,Mill Ave,0.19,Not Junction Related,1.0,0.0,Possible Injury,Rear End,Daylight,Clear,Dry,31.0,Male,West,Going Straight Ahead,Followed Too Closely,No Apparent Influence,No Apparent Influence,22.0,Male,West,Stopped In Trafficway,No Improper Action,No Apparent Influence,No Apparent Influence,33.43059,-111.93703,2019-08-23,15:47:00
3556679,2019,Southern Ave,Oak St,0.0,Driveway Or Alley,2.0,0.0,Suspected Minor Injury,Left Turn,Daylight,Clear,Dry,92.0,Female,East,Making Left Turn,Failed To Yield Right Of Way,No Apparent Influence,No Apparent Influence,20.0,Female,West,Going Straight Ahead,No Improper Action,No Apparent Influence,No Apparent Influence,33.39299,-111.91558,2019-08-23,18:44:00
3564718,2019,University Dr,Priest Dr,0.0,Intersection 4 Way 202,0.0,0.0,No Injury,Left Turn,Daylight,Clear,Dry,28.0,Female,East,Making Left Turn,Unknown,No Apparent Influence,No Apparent Influence,48.0,Male,West,Going Straight Ahead,Unknown,No Apparent Influence,No Apparent Influence,33.42194,-111.96092,2019-08-23,20:42:00
3565219,2019,Rural Rd,Lakeshore Dr,0.0,Intersection 4 Way 202,0.0,0.0,No Injury,Left Turn,Daylight,Clear,Dry,19.0,Male,North,Going Straight Ahead,Disregarded Traffic Signal,No Apparent Influence,No Apparent Influence,42.0,Female,East,Making Left Turn,No Improper Action,No Apparent Influence,No Apparent Influence,33.38228,-111.92683,2019-08-23,21:02:00
3555427,2019,Rural Rd,Libra Dr,-85.0,Intersection Related 206,1.0,0.0,Suspected Minor Injury,Rear End,Daylight,Clear,Dry,53.0,Female,North,Going Straight Ahead,Followed Too Closely,No Apparent Influence,No Apparent Influence,58.0,Male,North,Stopped In Trafficway,No Improper Action,No Apparent Influence,No Apparent Influence,33.36534,-111.92862,2019-08-23,21:06:00
3563533,2019,Broadway Rd,Priest Dr,0.0,Intersection 4 Way 202,1.0,0.0,Suspected Minor Injury,Angle - Other Than Left Turn 2,Daylight,Clear,Dry,55.0,Male,East,Going Straight Ahead,Failed To Yield Right Of Way,No Apparent Influence,No Apparent Influence,58.0,Male,North,Making Left Turn,No Improper Action,No Apparent Influence,No Apparent Influence,33.40742,-111.96078,2019-08-23,21:38:00
3555425,2019,Rio Salado Pkwy,Rural Rd,25.0,Intersection Related 206,0.0,0.0,No Injury,Head On,Daylight,Clear,Dry,19.0,Male,East,Making Right Turn,Speed To Fast For Conditions,No Apparent Influence,No Apparent Influence,27.0,Female,West,Stopped In Trafficway,No Improper Action,No Apparent Influence,No Apparent Influence,33.42884,-111.92621,2019-08-23,22:16:00
3563464,2019,Priest Dr,4th St,50.0,Intersection Related 206,1.0,0.0,Suspected Minor Injury,Rear End,Daylight,Clear,Dry,28.0,Male,South,Going Straight Ahead,Followed Too Closely,No Apparent Influence,No Apparent Influence,31.0,Female,South,Stopped In Trafficway,No Improper Action,No Apparent Influence,No Apparent Influence,33.42659,-111.96096,2019-08-24,00:10:00
3555487,2019,Baseline Rd,Hardy Dr,-123.0,Intersection Related 206,0.0,0.0,No Injury,Rear End,Daylight,Clear,Dry,42.0,Female,East,Going Straight Ahead,Followed Too Closely,No Apparent Influence,No Apparent Influence,33.0,Female,East,Stopped In Trafficway,No Improper Action,No Apparent Influence,No Apparent Influence,33.37822,-111.95292,2019-08-24,00:13:00
3563547,2019,Apache Blvd,Terrace Rd,0.0,Not Junction Related,0.0,0.0,No Injury,Rear End,Dark Lighted,Clear,Dry,24.0,Male,West,Going Straight Ahead,Speed To Fast For Conditions,No Apparent Influence,No Apparent Influence,20.0,Male,West,Going Straight Ahead,No Improper Action,No Apparent Influence,No Apparent Influence,33.41477,-111.92043,2019-08-24,03:04:00
3584351,2019,Rural Rd,Southern Ave,60.0,Intersection Related 206,0.0,0.0,No Injury,Angle - Other Than Left Turn 2,Dark Lighted,Clear,Dry,19.0,Female,East,Going Straight Ahead,Failed To Yield Right Of Way,No Apparent Influence,No Apparent Influence,31.0,Male,North,Going Straight Ahead,No Improper Action,No Apparent Influence,No Apparent Influence,33.39313,-111.92633,2019-08-24,06:44:00
3556613,2019,Rural Rd,6th St,-15.0,Intersection Related 206,1.0,0.0,Suspected Minor Injury,Rear End,Dark Lighted,Clear,Dry,21.0,Male,North,Going Straight Ahead,Speed To Fast For Conditions,No Apparent Influence,No Apparent Influence,21.0,Male,North,Making Right Turn,No Improper Action,No Apparent Influence,No Apparent Influence,33.42446,-111.9263,2019-08-24,08:02:00
3565134,2019,Playa Del Norte Dr,Scottsdale Rd,172.0,Not Junction Related,0.0,0.0,No Injury,Other,Daylight,Clear,Dry,27.0,Male,East,Backing,Other,No Apparent Influence,No Apparent Influence,55.0,Female,East,Stopped In Trafficway,No Improper Action,No Apparent Influence,No Apparent Influence,33.43404,-111.9257,2019-08-24,23:52:00
3564737,2019,Broadway Rd,I-10 Exit 153 G-Ramp,0.0,Intersection 4 Way 202,1.0,0.0,Suspected Minor Injury,Left Turn,Daylight,Clear,Dry,26.0,Female,South,Making Left Turn,Unknown,No Apparent Influence,No Apparent Influence,49.0,Female,East,Going Straight Ahead,Unknown,No Apparent Influence,No Apparent Influence,33.40845,-111.9736,2019-08-25,00:21:00
3555474,2019,Rio Salado Pkwy,Rockford Dr,75.0,Intersection Related 206,0.0,0.0,No Injury,Rear End,Dusk,Clear,Dry,66.0,Male,West,Stopped In Trafficway,Followed Too Closely,No Apparent Influence,No Apparent Influence,36.0,Female,West,Going Straight Ahead,No Improper Action,No Apparent Influence,No Apparent Influence,33.42936,-111.89679,2019-08-25,01:26:00
3557120,2019,Price Rd,Broadway Rd,0.0,Intersection 4 Way 202,0.0,0.0,No Injury,Sideswipe Same Direction,Daylight,Clear,Dry,27.0,Female,North,Making Left Turn,Unknown,No Apparent Influence,No Apparent Influence,41.0,Male,North,Making Left Turn,Unknown,No Apparent Influence,No Apparent Influence,33.40748,-111.89033,2019-08-25,16:44:00
3557144,2019,Lakeshore Dr,Rural Rd,25.0,Intersection Related 206,0.0,0.0,No Injury,Rear End,Unknown 51,Unknown,Dry,22.0,Male,West,Going Straight Ahead,Speed To Fast For Conditions,No Apparent Influence,No Apparent Influence,35.0,Male,West,Stopped In Trafficway,No Improper Action,No Apparent Influence,No Apparent Influence,33.38226,-111.92675,2019-08-25,20:02:00
3564738,2019,Rural Rd,Broadway Rd,0.0,Intersection 4 Way 202,0.0,0.0,No Injury,Left Turn,Dusk,Clear,Dry,45.0,Female,East,Making Left Turn,Failed To Yield Right Of Way,No Apparent Influence,No Apparent Influence,22.0,Female,West,Going Straight Ahead,No Improper Action,No Apparent Influence,No Apparent Influence,33.4075,-111.92628,2019-08-26,01:31:00
3564736,2019,Elliot Rd,I-10 Exit 157 J-Ramp,0.0,Intersection 4 Way 202,1.0,0.0,Possible Injury,Rear End,Dark Lighted,Clear,Dry,33.0,Female,West,Going Straight Ahead,Disregarded Traffic Signal,No Apparent Influence,No Apparent Influence,35.0,Male,East,Making Left Turn,No Improper Action,No Apparent Influence,No Apparent Influence,33.3491,-111.97094,2019-08-26,02:56:00
3557042,2019,Scottsdale Rd,Hancock Ave,-150.0,Driveway Or Alley,0.0,0.0,No Injury,Angle - Other Than Left Turn 2,Dark Lighted,Clear,Dry,20.0,Male,North,Making Left Turn,Made Improper Turn,No Apparent Influence,No Apparent Influence,20.0,Female,North,Going Straight Ahead,No Improper Action,No Apparent Influence,No Apparent Influence,33.44624,-111.92645,2019-08-26,04:10:00
3555471,2019,Scottsdale Rd,Playa Del Norte Dr,0.0,Intersection 4 Way 202,0.0,0.0,No Injury,Left Turn,Dark Lighted,Clear,Dry,19.0,Male,South,Making Left Turn,Unknown,No Apparent Influence,No Apparent Influence,43.0,Female,North,Going Straight Ahead,Unknown,No Apparent Influence,No Apparent Influence,33.43403,-111.92626,2019-08-26,04:44:00
3564735,2019,Baseline Rd,I-10 Exit 155 G-Ramp,0.0,Intersection 4 Way 202,1.0,0.0,Possible Injury,Left Turn,Dark Lighted,Clear,Dry,58.0,Male,South,Making Left Turn,Unknown,No Apparent Influence,No Apparent Influence,19.0,Male,East,Going Straight Ahead,Unknown,No Apparent Influence,No Apparent Influence,33.37827,-111.96863,2019-08-26,06:12:00
3564725,2019,Southern Ave,Margo Dr,-45.0,Intersection Related 206,2.0,0.0,Suspected Minor Injury,Rear End,Daylight,Clear,Dry,60.0,Female,West,Going Straight Ahead,Speed To Fast For Conditions,No Apparent Influence,No Apparent Influence,25.0,Female,West,Stopped In Trafficway,No Improper Action,No Apparent Influence,No Apparent Influence,33.39287,-111.95938,2019-08-26,14:32:00
3557040,2019,Grove Pkwy,Kyrene Rd,-0.25,Not Junction Related,0.0,0.0,No Injury,Rear End,Daylight,Clear,Dry,38.0,Male,West,Unknown,Unknown,No Apparent Influence,No Apparent Influence,31.0,Female,West,Unknown,Unknown,No Apparent Influence,No Apparent Influence,33.35482,-111.95016,2019-08-26,14:46:00
3551364,2019,Price Rd,Broadway Rd,0.0,Intersection Related Non Interchange,0.0,0.0,No Injury,Rear End,Daylight,Clear,Dry,25.0,Female,North,Going Straight Ahead,Speed To Fast For Conditions,No Apparent Influence,No Apparent Influence,52.0,Male,North,Going Straight Ahead,No Improper Action,No Apparent Influence,No Apparent Influence,33.40748,-111.89033,2019-08-26,18:11:00
3565199,2019,Mill Ave,US-60 Exit 173 J-Ramp,25.0,Intersection Related 206,0.0,0.0,No Injury,Sideswipe Same Direction,Daylight,Clear,Dry,26.0,Male,South,Changing Lanes,Unsafe Lane Change,No Apparent Influence,No Apparent Influence,29.0,Male,South,Going Straight Ahead,No Improper Action,No Apparent Influence,No Apparent Influence,33.38611,-111.93949,2019-08-26,21:50:00
3557146,2019,48th St,Hidalgo Ave,0.0,Intersection T Inter 203,0.0,0.0,No Injury,Angle - Other Than Left Turn 2,Daylight,Clear,Dry,27.0,Female,Northwest,Making Left Turn,Failed To Yield Right Of Way,No Apparent Influence,No Apparent Influence,35.0,Female,South,Going Straight Ahead,No Improper Action,No Apparent Influence,No Apparent Influence,33.39399,-111.97834,2019-08-26,22:09:00
3565201,2019,Baseline Rd,Mill Ave,15.0,Intersection Related 206,0.0,0.0,No Injury,Rear End,Daylight,Clear,Dry,52.0,Female,West,Going Straight Ahead,Followed Too Closely,No Apparent Influence,No Apparent Influence,19.0,Male,West,Stopped In Trafficway,No Improper Action,No Apparent Influence,No Apparent Influence,33.37821,-111.93932,2019-08-26,22:46:00
3563673,2019,University Dr,River Dr,100.0,Intersection Related 206,0.0,0.0,No Injury,Rear End,Daylight,Clear,Dry,58.0,Female,East,Going Straight Ahead,Speed To Fast For Conditions,No Apparent Influence,No Apparent Influence,38.0,Female,East,Stopped In Trafficway,No Improper Action,No Apparent Influence,No Apparent Influence,33.42209,-111.89587,2019-08-27,00:09:00
3557044,2019,University Dr,Ash Ave,170.0,Not Junction Related,0.0,0.0,No Injury,Rear End,Daylight,Clear,Dry,22.0,Female,East,Slowing In Trafficway,Followed Too Closely,No Apparent Influence,No Apparent Influence,23.0,Female,East,Stopped In Trafficway,No Improper Action,No Apparent Influence,No Apparent Influence,33.42193,-111.94184,2019-08-27,00:52:00
3563541,2019,Rural Rd,Terrace Rd,0.0,Not Junction Related,0.0,0.0,No Injury,Sideswipe Same Direction,Dark Lighted,Clear,Dry,56.0,Male,South,Changing Lanes,Unsafe Lane Change,No Apparent Influence,No Apparent Influence,20.0,Female,South,Going Straight Ahead,No Improper Action,No Apparent Influence,No Apparent Influence,33.42028,-111.9263,2019-08-27,03:45:00
3563688,2019,University Dr,Priest Dr,0.0,Not Junction Related,0.0,0.0,No Injury,Rear End,Dark Lighted,Clear,Dry,22.0,Male,East,Going Straight Ahead,Speed To Fast For Conditions,No Apparent Influence,No Apparent Influence,30.0,Female,East,Slowing In Trafficway,No Improper Action,No Apparent Influence,No Apparent Influence,33.42194,-111.96092,2019-08-27,03:57:00
3557043,2019,McClintock Dr,Apache Blvd,25.0,Intersection Related 206,0.0,0.0,No Injury,Rear End,Dark Lighted,Clear,Dry,50.0,Female,South,Going Straight Ahead,Speed To Fast For Conditions,No Apparent Influence,No Apparent Influence,35.0,Female,South,Stopped In Trafficway,No Improper Action,No Apparent Influence,No Apparent Influence,33.41483,-111.90913,2019-08-27,04:02:00
3555466,2019,Rural Rd,Apache Blvd,-50.0,Driveway Or Alley,0.0,0.0,No Injury,Rear End,Dark Lighted,Clear,Dry,22.0,Male,South,Going Straight Ahead,Speed To Fast For Conditions,No Apparent Influence,No Apparent Influence,19.0,Female,South,Slowing In Trafficway,No Improper Action,No Apparent Influence,No Apparent Influence,33.41462,-111.92629,2019-08-27,04:51:00
3565154,2019,Knox Rd,Rita Ln,-200.0,Intersection Related 206,0.0,0.0,No Injury,Sideswipe Same Direction,Daylight,Clear,Dry,42.0,Female,East,Leaving Parking Position,Failed To Yield Right Of Way,No Apparent Influence,No Apparent Influence,16.0,Female,East,Going Straight Ahead,No Improper Action,No Apparent Influence,No Apparent Influence,33.32736,-111.92536,2019-08-27,14:26:00
3556647,2019,Rio Salado Pkwy,McClintock Dr,-0.29,Not Junction Related,1.0,0.0,Suspected Minor Injury,Rear End,Daylight,Clear,Dry,21.0,Female,West,Going Straight Ahead,Followed Too Closely,No Apparent Influence,No Apparent Influence,24.0,Male,West,Stopped In Trafficway,No Improper Action,No Apparent Influence,No Apparent Influence,33.42933,-111.91406,2019-08-27,15:30:00
3564731,2019,Price Rd,Broadway Rd,0.0,Intersection 4 Way 202,0.0,0.0,No Injury,Sideswipe Same Direction,Daylight,Clear,Dry,55.0,Male,South,Making Right Turn,Made Improper Turn,No Apparent Influence,No Apparent Influence,24.0,Female,South,Making Right Turn,No Improper Action,No Apparent Influence,No Apparent Influence,33.4075,-111.892,2019-08-27,15:30:00
3563517,2019,Priest Dr,Fairmont Dr,123.0,Not Junction Related,2.0,0.0,Possible Injury,Rear End,Daylight,Clear,Dry,24.0,Female,North,Going Straight Ahead,Speed To Fast For Conditions,No Apparent Influence,No Apparent Influence,59.0,Female,North,Stopped In Trafficway,No Improper Action,No Apparent Influence,No Apparent Influence,33.39683,-111.9608,2019-08-27,15:33:00
3565202,2019,McClintock Dr,Apache Blvd,-210.0,Intersection Related 206,0.0,0.0,No Injury,Sideswipe Same Direction,Daylight,Clear,Dry,21.0,Male,North,Going Straight Ahead,Failed To Keep In Proper Lane,No Apparent Influence,No Apparent Influence,54.0,Male,North,Stopped In Trafficway,No Improper Action,No Apparent Influence,No Apparent Influence,33.41418,-111.90913,2019-08-27,19:23:00
3564727,2019,Guadalupe Rd,Price Rd,-15.0,Intersection Related 206,1.0,0.0,Possible Injury,Rear End,Daylight,Clear,Dry,61.0,Male,East,Making Right Turn,Followed Too Closely,No Apparent Influence,No Apparent Influence,35.0,Female,East,Stopped In Trafficway,No Improper Action,No Apparent Influence,No Apparent Influence,33.36389,-111.89472,2019-08-27,22:01:00
3563516,2019,Rural Rd,Southern Ave,170.0,Intersection Related 206,0.0,0.0,No Injury,Left Turn,Daylight,Clear,Dry,21.0,Female,East,Making Left Turn,Failed To Yield Right Of Way,No Apparent Influence,No Apparent Influence,24.0,Female,South,Going Straight Ahead,No Improper Action,No Apparent Influence,No Apparent Influence,33.39343,-111.92633,2019-08-27,22:22:00
3557126,2019,Alameda Dr,Industrial Park Ave,0.0,Intersection 201,1.0,0.0,Possible Injury,Angle - Other Than Left Turn 2,Daylight,Clear,Dry,53.0,Male,West,Making U Turn,Unsafe Lane Change,No Apparent Influence,No Apparent Influence,46.0,Female,West,Going Straight Ahead,No Improper Action,No Apparent Influence,No Apparent Influence,33.40013,-111.95525,2019-08-27,23:52:00
3565186,2019,Warner Rd,River Pkwy,-150.0,Not Junction Related,1.0,0.0,Suspected Minor Injury,Left Turn,Daylight,Clear,Dry,28.0,Female,North,Making Left Turn,Failed To Yield Right Of Way,No Apparent Influence,No Apparent Influence,48.0,Female,East,Going Straight Ahead,No Improper Action,No Apparent Influence,No Apparent Influence,33.33477,-111.89816,2019-08-28,00:39:00
3556610,2019,Minton Dr,Hardy Dr,0.0,Intersection 4 Way 202,2.0,0.0,Possible Injury,Angle - Other Than Left Turn 2,Daylight,Clear,Dry,52.0,Female,East,Going Straight Ahead,Ran Stop Sign,No Apparent Influence,No Apparent Influence,62.0,Female,South,Going Straight Ahead,No Improper Action,No Apparent Influence,No Apparent Influence,33.38098,-111.95244,2019-08-28,01:35:00
3556621,2019,Broadway Rd,Jentilly Ln,0.0,Intersection T Inter 203,0.0,0.0,No Injury,Left Turn,Daylight,Clear,Dry,29.0,Male,Northeast,Making Left Turn,Failed To Yield Right Of Way,No Apparent Influence,No Apparent Influence,36.0,Male,West,Going Straight Ahead,No Improper Action,No Apparent Influence,No Apparent Influence,33.4075,-111.92372,2019-08-28,15:26:00
3564753,2019,Hardy Dr,Malibu Dr,20.0,Intersection Related 206,0.0,0.0,No Injury,Sideswipe Same Direction,Daylight,Clear,Dry,49.0,Female,West,Making Right Turn,Failed To Keep In Proper Lane,No Apparent Influence,No Apparent Influence,53.0,Male,North,Stopped In Trafficway,No Improper Action,No Apparent Influence,No Apparent Influence,33.39227,-111.95198,2019-08-28,15:40:00
3556605,2019,Broadway Rd,Terrace Rd,106.0,Intersection Related 206,0.0,0.0,No Injury,Rear End,Daylight,Clear,Dry,18.0,Female,West,Going Straight Ahead,Followed Too Closely,No Apparent Influence,No Apparent Influence,27.0,Male,West,Stopped In Trafficway,No Improper Action,No Apparent Influence,No Apparent Influence,33.40751,-111.92227,2019-08-28,17:24:00