Incident_ID,Year,Street_Name,Cross_Street,Distance,Junction_Relation,Total_Injuries,Total_Fatalities,Injury_Severity,Collision_Manner,Light_Condition,Weather,Surface_Condition,Age_1,Gender_1,Travel_One,UnitAction_One,Violation1_Drv1,AlcoholUse_ 1,DrugUse_1,Age_2,Gender_2,TravelDirection_2,UnitAction_2,Violation_2,AlcoholUse_2,DrugUse_2,Latitude,Longitude,Date,Time
3563555,2019,Rural Rd,Guadalupe Rd,200.0,Intersection Related 206,0.0,0.0,No Injury,Rear End,Daylight,Clear,Dry,21.0,Female,South,Going Straight Ahead,Followed Too Closely,No Apparent Influence,No Apparent Influence,31.0,Female,South,Slowing In Trafficway,No Improper Action,No Apparent Influence,No Apparent Influence,33.3643,-111.92861,2019-09-05,22:24:00
3563592,2019,Priest Dr,University Dr,130.0,Intersection Related 206,0.0,0.0,No Injury,Rear End,Daylight,Clear,Dry,56.0,Female,South,Going Straight Ahead,Followed Too Closely,No Apparent Influence,No Apparent Influence,28.0,Male,South,Stopped In Trafficway,No Improper Action,No Apparent Influence,No Apparent Influence,33.4223,-111.96095,2019-09-05,22:54:00
3570980,2019,Elliot Rd,River Pkwy,-160.0,Intersection Related 206,1.0,0.0,Possible Injury,Rear End,Daylight,Clear,Dry,37.0,Female,East,Going Straight Ahead,Followed Too Closely,No Apparent Influence,No Apparent Influence,56.0,Female,East,Stopped In Trafficway,No Improper Action,No Apparent Influence,No Apparent Influence,33.34927,-111.89843,2019-09-05,23:15:00
3563478,2019,McClintock Dr,Don Carlos Ave,0.0,Intersection 4 Way 202,0.0,0.0,No Injury,Left Turn,Daylight,Clear,Dry,30.0,Male,North,Making Left Turn,Failed To Yield Right Of Way,No Apparent Influence,No Apparent Influence,29.0,Female,South,Going Straight Ahead,No Improper Action,No Apparent Influence,No Apparent Influence,33.41748,-111.90911,2019-09-06,00:59:00
3563638,2019,McAllister Ave,Apache Blvd,192.0,Not Junction Related,0.0,0.0,No Injury,Sideswipe Same Direction,Dark Lighted,Clear,Dry,61.0,Male,North,Overtaking Passing,Speed To Fast For Conditions,No Apparent Influence,No Apparent Influence,56.0,Male,North,Stopped In Trafficway,Other,No Apparent Influence,No Apparent Influence,33.41525,-111.93063,2019-09-06,03:11:00
3564743,2019,Priest Dr,Grove Pkwy,0.0,Intersection T Inter 203,0.0,0.0,No Injury,Left Turn,Dark Lighted,Clear,Dry,30.0,Female,East,Making Left Turn,Failed To Yield Right Of Way,No Apparent Influence,No Apparent Influence,48.0,Female,South,Going Straight Ahead,No Improper Action,No Apparent Influence,No Apparent Influence,33.35148,-111.96246,2019-09-06,03:32:00
3563576,2019,Rural Rd,Broadway Rd,80.0,Intersection Related 206,0.0,0.0,No Injury,Rear End,Dark Lighted,Clear,Dry,54.0,Female,South,Going Straight Ahead,Speed To Fast For Conditions,No Apparent Influence,Drugs,22.0,Male,South,Stopped In Trafficway,No Improper Action,No Apparent Influence,No Apparent Influence,33.40772,-111.92628,2019-09-06,03:44:00
3563436,2019,Rural Rd,Southern Ave,150.0,Intersection Related 206,0.0,0.0,No Injury,Rear End,Dark Lighted,Clear,Dry,54.0,Female,South,Going Straight Ahead,Speed To Fast For Conditions,No Apparent Influence,No Apparent Influence,35.0,Male,South,Stopped In Trafficway,No Improper Action,No Apparent Influence,No Apparent Influence,33.39337,-111.92633,2019-09-06,03:45:00
3565095,2019,McClintock Dr,US-60 Exit 175 A-Ramp,0.0,Intersection 201,0.0,0.0,No Injury,Angle - Other Than Left Turn 2,Dark Lighted,Clear,Dry,37.0,Male,South,Making Right Turn,Disregarded Traffic Signal,No Apparent Influence,No Apparent Influence,31.0,Male,South,Going Straight Ahead,No Improper Action,No Apparent Influence,No Apparent Influence,33.38515,-111.90921,2019-09-06,05:08:00
3563477,2019,Rural Rd,Spence Ave,0.0,Intersection 4 Way 202,0.0,0.0,No Injury,Left Turn,Dark Lighted,Clear,Dry,18.0,Female,North,Making Left Turn,Failed To Yield Right Of Way,No Apparent Influence,No Apparent Influence,18.0,Female,South,Going Straight Ahead,No Improper Action,No Apparent Influence,No Apparent Influence,33.41287,-111.92629,2019-09-06,05:50:00
3565090,2019,Rural Rd,University Dr,-40.0,Intersection Related 206,0.0,0.0,No Injury,Rear End,Dark Lighted,Clear,Dry,19.0,Female,North,Stopped In Trafficway,Followed Too Closely,No Apparent Influence,No Apparent Influence,31.0,Male,North,Stopped In Trafficway,No Improper Action,No Apparent Influence,No Apparent Influence,33.42192,-111.92631,2019-09-06,07:00:00
3570979,2019,Broadway Rd,I-10 Exit 153 X-Ramp,139.0,Intersection Related 206,1.0,0.0,Possible Injury,Rear End,Daylight,Clear,Dry,24.0,Male,West,Going Straight Ahead,Followed Too Closely,No Apparent Influence,No Apparent Influence,56.0,Female,West,Stopped In Trafficway,No Improper Action,No Apparent Influence,No Apparent Influence,33.40898,-111.96879,2019-09-06,14:40:00
3564706,2019,Rio Salado Pkwy,Priest Dr,-0.49,Driveway Or Alley,0.0,0.0,No Injury,Left Turn,Daylight,Clear,Dry,38.0,Male,Southwest,Negotiating A Curve,Disregarded Traffic Signal,No Apparent Influence,No Apparent Influence,51.0,Male,Northeast,Making Left Turn,No Improper Action,No Apparent Influence,No Apparent Influence,33.43119,-111.96857,2019-09-06,16:18:00
3563551,2019,Southern Ave,Mill Ave,130.0,Intersection Related 206,1.0,0.0,Possible Injury,Rear End,Daylight,Clear,Dry,64.0,Female,West,Going Straight Ahead,Followed Too Closely,No Apparent Influence,No Apparent Influence,31.0,Male,West,Stopped In Trafficway,No Improper Action,No Apparent Influence,No Apparent Influence,33.39287,-111.93918,2019-09-06,18:31:00
3563476,2019,Rural Rd,Terrace Rd,-150.0,Intersection Related 206,1.0,0.0,Possible Injury,Rear End,Daylight,Clear,Dry,20.0,Male,North,Going Straight Ahead,Followed Too Closely,No Apparent Influence,No Apparent Influence,20.0,Male,North,Stopped In Trafficway,No Improper Action,No Apparent Influence,No Apparent Influence,33.41986,-111.9263,2019-09-06,20:03:00
3575364,2019,Rural Rd,Spence Ave,-205.0,Not Junction Related,0.0,0.0,No Injury,Sideswipe Same Direction,Daylight,Clear,Dry,59.0,Male,North,Changing Lanes,Unsafe Lane Change,No Apparent Influence,No Apparent Influence,19.0,Female,North,Going Straight Ahead,No Improper Action,No Apparent Influence,No Apparent Influence,33.41231,-111.92629,2019-09-06,20:26:00
3593495,2019,Southern Ave,Kyrene Rd,30.0,Intersection Related 206,0.0,0.0,No Injury,Sideswipe Same Direction,Daylight,Clear,Dry,27.0,Male,West,Overtaking Passing,No Improper Action,No Apparent Influence,No Apparent Influence,51.0,Female,West,Stopped In Trafficway,No Improper Action,No Apparent Influence,No Apparent Influence,33.39284,-111.94359,2019-09-06,21:20:00
3565081,2019,Forest Service 01 Tempe Ave,6th St,180.0,Not Junction Related,0.0,0.0,No Injury,Left Turn,Daylight,Clear,Dry,36.0,Male,West,Making Left Turn,No Improper Action,No Apparent Influence,No Apparent Influence,24.0,Female,South,Going Straight Ahead,No Improper Action,No Apparent Influence,No Apparent Influence,33.42486,-111.93667,2019-09-06,23:29:00
3563492,2019,University Dr,Forest Service 01 Tempe Ave,120.0,Not Junction Related,2.0,0.0,Suspected Minor Injury,Rear End,Dusk,Clear,Dry,45.0,Male,East,Going Straight Ahead,Followed Too Closely,Alcohol,No Apparent Influence,21.0,Male,East,Stopped In Trafficway,No Improper Action,No Apparent Influence,No Apparent Influence,33.42195,-111.93626,2019-09-07,01:12:00
3563695,2019,Kyrene Rd,Cornell Dr,-18.0,Intersection T Inter 203,0.0,0.0,No Injury,Angle - Other Than Left Turn 2,Dark Lighted,Clear,Unknown,42.0,Male,Unknown,Making Left Turn,Unknown,No Apparent Influence,No Apparent Influence,42.0,Male,Unknown,Going Straight Ahead,No Improper Action,No Apparent Influence,No Apparent Influence,33.37169,-111.94595,2019-09-07,04:03:00
3563637,2019,Rural Rd,Lakeshore Dr,20.0,Intersection 4 Way 202,0.0,0.0,No Injury,Sideswipe Same Direction,Daylight,Clear,Dry,60.0,Female,North,Changing Lanes,Failed To Yield Right Of Way,No Apparent Influence,No Apparent Influence,25.0,Male,North,Going Straight Ahead,No Improper Action,No Apparent Influence,No Apparent Influence,33.38233,-111.92681,2019-09-07,13:02:00
3565078,2019,Baseline Rd,I-10 Exit 155 C2-Ramp,0.0,Intersection 4 Way 202,0.0,0.0,No Injury,Angle - Other Than Left Turn 2,Daylight,Clear,Dry,47.0,Male,East,Going Straight Ahead,Disregarded Traffic Signal,No Apparent Influence,No Apparent Influence,44.0,Male,North,Making Left Turn,No Improper Action,No Apparent Influence,No Apparent Influence,33.3783,-111.96738,2019-09-07,17:48:00
3553834,2019,Rio Salado Pkwy,SR-101 Non-Cardinal Frontage,0.0,Intersection Interchange,0.0,0.0,No Injury,Angle - Other Than Left Turn 2,Daylight,Clear,Dry,20.0,Male,West,Going Straight Ahead,Disregarded Traffic Signal,No Apparent Influence,No Apparent Influence,22.0,Female,North,Going Straight Ahead,No Improper Action,No Apparent Influence,No Apparent Influence,33.42931,-111.89026,2019-09-07,21:27:00
3563606,2019,Southern Ave,Country Club Way,0.0,Intersection Related 206,0.0,0.0,No Injury,Rear End,Dark Lighted,Clear,Dry,16.0,Male,West,Going Straight Ahead,Speed To Fast For Conditions,No Apparent Influence,No Apparent Influence,48.0,Female,West,Going Straight Ahead,No Improper Action,No Apparent Influence,No Apparent Influence,33.39298,-111.90056,2019-09-08,03:15:00
3564693,2019,Broadway Rd,I-10 Exit 153 G-Ramp,0.0,Intersection 201,1.0,0.0,Possible Injury,Head On,Dark Lighted,Clear,Dry,23.0,Male,West,Making Left Turn,Failed To Yield Right Of Way,No Apparent Influence,No Apparent Influence,23.0,Male,East,Going Straight Ahead,No Improper Action,No Apparent Influence,No Apparent Influence,33.40845,-111.9736,2019-09-08,03:22:00
3593702,2019,McClintock Dr,E Tempe Marketplace,0.0,Intersection Non Interchange,0.0,0.0,No Injury,Angle - Other Than Left Turn 2,Dark Lighted,Clear,Dry,20.0,Female,South,Making Left Turn,No Improper Action,No Apparent Influence,No Apparent Influence,46.0,Male,South,Going Straight Ahead,Disregarded Traffic Signal,No Apparent Influence,No Apparent Influence,33.43208,-111.90928,2019-09-08,04:02:00
3606108,2019,Laird St,Beck Ave,-142.0,Not Junction Related,0.0,0.0,No Injury,Other,Dark Lighted,Clear,Dry,31.0,Male,West,Going Straight Ahead,Speed To Fast For Conditions,No Apparent Influence,No Apparent Influence,65.0,Male,East,Properly Parked,No Improper Action,No Apparent Influence,No Apparent Influence,33.42035,-111.95695,2019-09-08,04:46:00
3563705,2019,Mill Ave,6th St,-209.0,Not Junction Related,0.0,0.0,No Injury,Rear End,Dark Lighted,Clear,Dry,28.0,Male,South,Going Straight Ahead,Exceeded Lawful Speed,Alcohol,No Apparent Influence,39.0,Male,North,Properly Parked,No Improper Action,No Apparent Influence,No Apparent Influence,33.42377,-111.94001,2019-09-08,08:39:00
3563515,2019,University Dr,Rural Rd,0.0,Not Junction Related,0.0,0.0,No Injury,Rear End,Dark Lighted,Clear,Dry,41.0,Female,East,Going Straight Ahead,Followed Too Closely,Alcohol,No Apparent Influence,26.0,Female,East,Stopped In Trafficway,No Improper Action,No Apparent Influence,No Apparent Influence,33.42203,-111.92631,2019-09-08,09:15:00
3569328,2019,Southern Ave,McClintock Dr,0.0,Not Junction Related,0.0,0.0,No Injury,Rear End,Dawn,Clear,Dry,24.0,Male,West,Going Straight Ahead,Speed To Fast For Conditions,Alcohol,No Apparent Influence,23.0,Male,West,Going Straight Ahead,No Improper Action,No Apparent Influence,No Apparent Influence,33.39299,-111.90913,2019-09-08,12:10:00
3563632,2019,Rural Rd,Apache Blvd,45.0,Not Junction Related,0.0,0.0,No Injury,Rear End,Daylight,Clear,Dry,30.0,Female,South,Going Straight Ahead,Speed To Fast For Conditions,No Apparent Influence,No Apparent Influence,64.0,Male,South,Stopped In Trafficway,No Improper Action,No Apparent Influence,No Apparent Influence,33.41489,-111.92629,2019-09-08,17:21:00
3569382,2019,Baseline Rd,I-10 Exit 155 A1-Ramp,0.0,Unknown,0.0,0.0,No Injury,Angle - Other Than Left Turn 2,Daylight,Clear,Dry,57.0,Male,East,Going Straight Ahead,Disregarded Traffic Signal,No Apparent Influence,No Apparent Influence,45.0,Male,Northwest,Making Left Turn,No Improper Action,No Apparent Influence,No Apparent Influence,33.37827,-111.96863,2019-09-08,23:59:00
3565173,2019,Broadway Rd,Roosevelt St,60.0,Intersection Related 206,0.0,0.0,No Injury,Angle - Other Than Left Turn 2,Daylight,Clear,Dry,35.0,Male,South,Making Left Turn,Failed To Yield Right Of Way,No Apparent Influence,No Apparent Influence,20.0,Male,East,Going Straight Ahead,No Improper Action,No Apparent Influence,No Apparent Influence,33.40738,-111.94766,2019-09-09,00:14:00
3565162,2019,Hardy Dr,University Dr,0.0,Intersection 4 Way 202,0.0,0.0,No Injury,Sideswipe Same Direction,Dusk,Clear,Dry,29.0,Female,North,Making Right Turn,Made Improper Turn,No Apparent Influence,No Apparent Influence,39.0,Male,North,Going Straight Ahead,No Improper Action,No Apparent Influence,No Apparent Influence,33.42191,-111.95222,2019-09-09,01:33:00
3565076,2019,1st St,Wilson St,48.0,Not Junction Related,0.0,0.0,No Injury,Angle - Other Than Left Turn 2,Dusk,Clear,Dry,25.0,Male,East,Going Straight Ahead,Speed To Fast For Conditions,No Apparent Influence,No Apparent Influence,23.0,Male,East,Slowing In Trafficway,No Improper Action,No Apparent Influence,No Apparent Influence,33.42915,-111.94569,2019-09-09,01:46:00
3593703,2019,University Dr,Mill Ave,0.0,Intersection Related Non Interchange,0.0,0.0,No Injury,Angle - Other Than Left Turn 2,Dark Lighted,Clear,Dry,25.0,Female,South,Making Left Turn,Unsafe Lane Change,No Apparent Influence,No Apparent Influence,23.0,Male,East,Going Straight Ahead,No Improper Action,No Apparent Influence,No Apparent Influence,33.42193,-111.94002,2019-09-09,03:24:00
3584367,2019,Rural Rd,University Dr,30.0,Intersection Related 206,0.0,0.0,No Injury,Sideswipe Same Direction,Dark Lighted,Clear,Dry,22.0,Male,North,Changing Lanes,Unsafe Lane Change,No Apparent Influence,No Apparent Influence,18.0,Female,North,Going Straight Ahead,No Improper Action,No Apparent Influence,No Apparent Influence,33.42211,-111.92631,2019-09-09,03:27:00
3563502,2019,University Dr,Hardy Dr,60.0,Intersection Related 206,0.0,0.0,No Injury,Rear End,Daylight,Clear,Dry,21.0,Female,West,Going Straight Ahead,Followed Too Closely,No Apparent Influence,No Apparent Influence,45.0,Male,West,Stopped In Trafficway,No Improper Action,No Apparent Influence,No Apparent Influence,33.42191,-111.95203,2019-09-09,17:01:00
3563544,2019,55th St,Alameda Dr,0.0,Intersection 4 Way 202,2.0,0.0,Suspected Minor Injury,Angle - Other Than Left Turn 2,Daylight,Clear,Dry,44.0,Male,East,Going Straight Ahead,Ran Stop Sign,No Apparent Influence,No Apparent Influence,34.0,Male,South,Going Straight Ahead,No Improper Action,No Apparent Influence,No Apparent Influence,33.40012,-111.96395,2019-09-09,19:06:00
3563633,2019,University Dr,Park Ln,-125.0,Not Junction Related,2.0,0.0,Possible Injury,Rear End,Daylight,Clear,Dry,26.0,Male,West,Slowing In Trafficway,Speed To Fast For Conditions,No Apparent Influence,No Apparent Influence,41.0,Female,West,Going Straight Ahead,No Improper Action,No Apparent Influence,No Apparent Influence,33.42191,-111.9751,2019-09-09,20:21:00
3569369,2019,Baseline Rd,Wendler Dr,0.0,Intersection T Inter 203,0.0,0.0,No Injury,Left Turn,Daylight,Clear,Dry,18.0,Male,East,Making Left Turn,Unknown,No Apparent Influence,No Apparent Influence,29.0,Male,East,Going Straight Ahead,Unknown,No Apparent Influence,No Apparent Influence,33.37826,-111.96979,2019-09-10,00:14:00
3563630,2019,University Dr,River Dr,-191.0,Not Junction Related,0.0,0.0,No Injury,Rear End,Dark Lighted,Clear,Dry,28.0,Male,East,Going Straight Ahead,Speed To Fast For Conditions,No Apparent Influence,No Apparent Influence,24.0,Female,East,Stopped In Trafficway,No Improper Action,No Apparent Influence,No Apparent Influence,33.42209,-111.89682,2019-09-10,02:15:00
3563631,2019,Mill Ave,Southern Ave,-170.0,Not Junction Related,1.0,0.0,Possible Injury,Angle - Other Than Left Turn 2,Dark Lighted,Clear,Dry,35.0,Female,South,Making Left Turn,Speed To Fast For Conditions,No Apparent Influence,No Apparent Influence,35.0,Female,West,Leaving Parking Position,Failed To Yield Right Of Way,No Apparent Influence,No Apparent Influence,33.3924,-111.93959,2019-09-10,03:32:00
3570990,2019,Price Rd,University Dr,-180.0,Intersection Related 206,1.0,0.0,Possible Injury,Rear End,Daylight,Cloudy,Dry,37.0,Female,North,Going Straight Ahead,Followed Too Closely,No Apparent Influence,No Apparent Influence,60.0,Male,North,Stopped In Trafficway,No Improper Action,No Apparent Influence,No Apparent Influence,33.42152,-111.89033,2019-09-10,21:23:00
3563528,2019,Rio Salado Pkwy,Price Rd,0.0,Intersection 4 Way 202,0.0,0.0,No Injury,Left Turn,Daylight,Clear,Dry,26.0,Male,West,Making Left Turn,Failed To Yield Right Of Way,No Apparent Influence,No Apparent Influence,20.0,Female,East,Going Straight Ahead,No Improper Action,No Apparent Influence,No Apparent Influence,33.42938,-111.89183,2019-09-10,22:12:00
3563574,2019,Southern Ave,Butte Ave,0.0,Not Junction Related,0.0,0.0,No Injury,Rear End,Daylight,Clear,Dry,23.0,Male,East,Going Straight Ahead,Followed Too Closely,No Apparent Influence,No Apparent Influence,18.0,Female,East,Stopped In Trafficway,No Improper Action,No Apparent Influence,No Apparent Influence,33.39299,-111.91141,2019-09-10,22:19:00
3563623,2019,Hudson Dr,Oak St,-110.0,Driveway Or Alley,0.0,0.0,No Injury,Angle - Other Than Left Turn 2,Daylight,Clear,Dry,22.0,Female,West,Overtaking Passing,Drove Left Of Center Line,No Apparent Influence,No Apparent Influence,28.0,Female,West,Making Left Turn,No Improper Action,No Apparent Influence,No Apparent Influence,33.41355,-111.91463,2019-09-11,01:05:00
3563611,2019,Southern Ave,Roosevelt St,0.0,Intersection 4 Way 202,1.0,0.0,Suspected Minor Injury,Left Turn,Dusk,Clear,Dry,84.0,Female,South,Making Left Turn,Failed To Yield Right Of Way,No Apparent Influence,No Apparent Influence,46.0,Male,East,Going Straight Ahead,No Improper Action,No Apparent Influence,No Apparent Influence,33.39285,-111.94783,2019-09-11,01:57:00
3563581,2019,University Dr,Dorsey Ln,0.0,Intersection 4 Way 202,0.0,0.0,No Injury,Left Turn,Dark Lighted,Clear,Dry,19.0,Female,West,Making Left Turn,Failed To Yield Right Of Way,No Apparent Influence,No Apparent Influence,20.0,Female,East,Going Straight Ahead,No Improper Action,No Apparent Influence,No Apparent Influence,33.42202,-111.91769,2019-09-11,02:06:00
3569763,2019,Rural Rd,6th St,-100.0,Not Junction Related,1.0,0.0,Possible Injury,Rear End,Dark Lighted,Clear,Dry,23.0,Male,North,Going Straight Ahead,Speed To Fast For Conditions,No Apparent Influence,No Apparent Influence,17.0,Female,North,Stopped In Trafficway,No Improper Action,No Apparent Influence,No Apparent Influence,33.42422,-111.9263,2019-09-11,03:39:00
3569387,2019,Priest Dr,SR-202 Cardinal Frontage,0.0,Intersection 201,1.0,0.0,Possible Injury,Angle - Other Than Left Turn 2,Dark Lighted,Clear,Dry,24.0,Female,North,Going Straight Ahead,Disregarded Traffic Signal,Alcohol,No Apparent Influence,19.0,Female,East,Going Straight Ahead,No Improper Action,No Apparent Influence,No Apparent Influence,33.43715,-111.96094,2019-09-11,05:48:00
3563625,2019,Hardy Dr,Baseline Rd,0.0,Intersection 4 Way 202,2.0,0.0,Suspected Serious Injury,Left Turn,Dawn,Cloudy,Dry,34.0,Male,South,Making Left Turn,Unknown,No Apparent Influence,No Apparent Influence,58.0,Male,North,Going Straight Ahead,Unknown,No Apparent Influence,No Apparent Influence,33.37821,-111.95251,2019-09-11,12:59:00
3563658,2019,Rural Rd,University Dr,-205.0,Intersection Related 206,1.0,0.0,Possible Injury,Rear End,Daylight,Clear,Dry,33.0,Female,North,Going Straight Ahead,Followed Too Closely,No Apparent Influence,No Apparent Influence,46.0,Male,North,Stopped In Trafficway,No Improper Action,No Apparent Influence,No Apparent Influence,33.42147,-111.92631,2019-09-11,14:26:00
3569213,2019,Warner Rd,Rural Rd,-120.0,Intersection Related 206,0.0,0.0,No Injury,Rear End,Daylight,Cloudy,Dry,43.0,Female,East,Going Straight Ahead,Followed Too Closely,No Apparent Influence,No Apparent Influence,53.0,Female,East,Stopped In Trafficway,No Improper Action,No Apparent Influence,No Apparent Influence,33.33465,-111.92881,2019-09-11,16:29:00
3563543,2019,Priest Dr,Southern Ave,-153.0,Intersection 4 Way 202,0.0,0.0,No Injury,Rear End,Daylight,Clear,Dry,46.0,Female,North,Going Straight Ahead,Followed Too Closely,No Apparent Influence,No Apparent Influence,44.0,Female,North,Stopped In Trafficway,No Improper Action,No Apparent Influence,No Apparent Influence,33.39246,-111.96078,2019-09-11,18:10:00
3563452,2019,Elliot Rd,Price Rd,-65.0,Intersection Related 206,0.0,0.0,No Injury,Rear End,Daylight,Cloudy,Dry,19.0,Male,East,Going Straight Ahead,Followed Too Closely,No Apparent Influence,No Apparent Influence,45.0,Male,East,Stopped In Trafficway,No Improper Action,No Apparent Influence,No Apparent Influence,33.34934,-111.89458,2019-09-11,19:21:00
3563450,2019,Southern Ave,McClintock Dr,-175.0,Intersection Related 206,1.0,0.0,Suspected Minor Injury,Rear End,Daylight,Clear,Dry,30.0,Female,East,Going Straight Ahead,Followed Too Closely,No Apparent Influence,No Apparent Influence,34.0,Female,East,Stopped In Trafficway,No Improper Action,No Apparent Influence,No Apparent Influence,33.39299,-111.9097,2019-09-11,23:03:00
3563549,2019,College Ave,Weber Dr,0.0,Intersection T Inter 203,0.0,0.0,No Injury,Left Turn,Dusk,Clear,Dry,24.0,Male,West,Making Left Turn,Failed To Yield Right Of Way,No Apparent Influence,No Apparent Influence,26.0,Female,North,Going Straight Ahead,No Improper Action,No Apparent Influence,No Apparent Influence,33.44241,-111.93148,2019-09-12,00:58:00
3565220,2019,Rural Rd,Southern Ave,0.0,Intersection 4 Way 202,2.0,0.0,Suspected Minor Injury,Left Turn,Daylight,Clear,Dry,22.0,Female,West,Making Left Turn,Failed To Yield Right Of Way,No Apparent Influence,No Apparent Influence,34.0,Male,East,Going Straight Ahead,No Improper Action,No Apparent Influence,No Apparent Influence,33.39296,-111.92633,2019-09-12,01:21:00
3563465,2019,University Dr,Madison Dr,0.0,Intersection T Inter 203,0.0,0.0,No Injury,Left Turn,Dusk,Clear,Dry,83.0,Male,West,Making Left Turn,Failed To Yield Right Of Way,No Apparent Influence,No Apparent Influence,20.0,Female,South,Going Straight Ahead,No Improper Action,No Apparent Influence,No Apparent Influence,33.42192,-111.97333,2019-09-12,02:11:00
3564707,2019,Southern Ave,Potter Dr,0.0,Intersection T Inter 203,2.0,0.0,Suspected Minor Injury,Left Turn,Daylight,Clear,Dry,23.0,Male,West,Going Straight Ahead,Disregarded Traffic Signal,No Apparent Influence,No Apparent Influence,42.0,Female,East,Making Left Turn,No Improper Action,No Apparent Influence,No Apparent Influence,33.3928,-111.97233,2019-09-12,14:05:00
3563663,2019,Broadway Rd,Jentilly Ln,0.0,Intersection T Inter 203,1.0,0.0,Suspected Minor Injury,Left Turn,Daylight,Clear,Dry,42.0,Female,East,Making Left Turn,Failed To Yield Right Of Way,No Apparent Influence,No Apparent Influence,35.0,Male,West,Going Straight Ahead,No Improper Action,No Apparent Influence,No Apparent Influence,33.4075,-111.92372,2019-09-12,14:56:00
3564747,2019,Broadway Rd,Roosevelt St,0.0,Intersection 4 Way 202,2.0,0.0,Suspected Minor Injury,Left Turn,Daylight,Clear,Dry,44.0,Female,West,Making Left Turn,Failed To Keep In Proper Lane,No Apparent Influence,No Apparent Influence,40.0,Male,East,Going Straight Ahead,No Improper Action,No Apparent Influence,No Apparent Influence,33.40738,-111.94785,2019-09-12,14:59:00
3565130,2019,6th St,Rural Rd,-40.0,Intersection Related 206,0.0,0.0,No Injury,Sideswipe Same Direction,Daylight,Clear,Dry,31.0,Male,East,Going Straight Ahead,Passed In No Passing Zone,No Apparent Influence,No Apparent Influence,22.0,Male,East,Going Straight Ahead,No Improper Action,No Apparent Influence,No Apparent Influence,33.4245,-111.92643,2019-09-12,16:08:00
3565073,2019,Elliot Rd,I-10 Exit 157 J-Ramp,40.0,Intersection Related 206,0.0,0.0,No Injury,Sideswipe Same Direction,Daylight,Clear,Dry,22.0,Male,West,Changing Lanes,Unsafe Lane Change,No Apparent Influence,No Apparent Influence,39.0,Male,West,Going Straight Ahead,No Improper Action,No Apparent Influence,No Apparent Influence,33.34909,-111.97081,2019-09-12,16:18:00
3563692,2019,Lemon St,Rural Rd,-60.0,Intersection Related 206,0.0,0.0,No Injury,Angle - Other Than Left Turn 2,Daylight,Clear,Dry,20.0,Male,South,Going Straight Ahead,No Improper Action,No Apparent Influence,No Apparent Influence,22.0,Female,East,Stopped In Trafficway,No Improper Action,No Apparent Influence,No Apparent Influence,33.41683,-111.92649,2019-09-12,17:32:00
3563664,2019,University Dr,McAllister Ave,75.0,Not Junction Related,1.0,0.0,Suspected Minor Injury,Sideswipe Same Direction,Daylight,Clear,Dry,27.0,Male,East,Changing Lanes,Unsafe Lane Change,No Apparent Influence,No Apparent Influence,19.0,Female,East,Going Straight Ahead,No Improper Action,No Apparent Influence,No Apparent Influence,33.42202,-111.92869,2019-09-12,19:47:00
3563453,2019,Broadway Rd,48th St,0.0,Intersection 4 Way 202,0.0,0.0,No Injury,Left Turn,Daylight,Clear,Dry,28.0,Male,South,Making Left Turn,Failed To Keep In Proper Lane,No Apparent Influence,No Apparent Influence,68.0,Female,South,Making Left Turn,No Improper Action,No Apparent Influence,No Apparent Influence,33.40733,-111.97829,2019-09-12,22:33:00
3563689,2019,Baseline Rd,Mill Ave,-100.0,Intersection Related 206,0.0,0.0,No Injury,Rear End,Daylight,Clear,Dry,27.0,Male,East,Going Straight Ahead,Followed Too Closely,No Apparent Influence,No Apparent Influence,25.0,Female,East,Stopped In Trafficway,No Improper Action,No Apparent Influence,No Apparent Influence,33.37822,-111.93969,2019-09-12,22:47:00
3563701,2019,Priest Dr,Todd Dr,59.0,Not Junction Related,0.0,0.0,No Injury,Sideswipe Same Direction,Daylight,Clear,Dry,73.0,Male,North,Changing Lanes,Unsafe Lane Change,No Apparent Influence,No Apparent Influence,33.0,Female,North,Going Straight Ahead,No Improper Action,No Apparent Influence,No Apparent Influence,33.35291,-111.96316,2019-09-12,23:03:00
3563580,2019,College Ave,Weber Dr,0.0,Intersection T Inter 203,1.0,0.0,Suspected Minor Injury,Rear End,Daylight,Clear,Dry,28.0,Male,South,Going Straight Ahead,Speed To Fast For Conditions,No Apparent Influence,No Apparent Influence,23.0,Male,South,Stopped In Trafficway,No Improper Action,No Apparent Influence,No Apparent Influence,33.44241,-111.93148,2019-09-12,23:04:00
3563672,2019,Broadway Rd,55th St,0.0,Intersection 4 Way 202,2.0,0.0,Suspected Minor Injury,Left Turn,Daylight,Clear,Dry,49.0,Male,East,Making Left Turn,Failed To Yield Right Of Way,Alcohol,No Apparent Influence,41.0,Female,West,Going Straight Ahead,No Improper Action,No Apparent Influence,No Apparent Influence,33.40758,-111.96582,2019-09-13,00:42:00
3563550,2019,University Dr,McAllister Ave,-50.0,Intersection Related 206,0.0,0.0,No Injury,Rear End,Daylight,Clear,Dry,20.0,Male,East,Going Straight Ahead,Followed Too Closely,No Apparent Influence,No Apparent Influence,19.0,Female,East,Stopped In Trafficway,No Improper Action,No Apparent Influence,No Apparent Influence,33.42202,-111.9291,2019-09-13,00:50:00