Incident_ID,Year,Street_Name,Cross_Street,Distance,Junction_Relation,Total_Injuries,Total_Fatalities,Injury_Severity,Collision_Manner,Light_Condition,Weather,Surface_Condition,Age_1,Gender_1,Travel_One,UnitAction_One,Violation1_Drv1,AlcoholUse_ 1,DrugUse_1,Age_2,Gender_2,TravelDirection_2,UnitAction_2,Violation_2,AlcoholUse_2,DrugUse_2,Latitude,Longitude,Date,Time
3571009,2019,Lemon St,Hall St,180.0,Not Junction Related,0.0,0.0,No Injury,Sideswipe Same Direction,Daylight,Clear,Dry,54.0,Female,South,Making U Turn,Made Improper Turn,No Apparent Influence,No Apparent Influence,34.0,Female,South,Going Straight Ahead,No Improper Action,No Apparent Influence,No Apparent Influence,33.41693,-111.91591,2019-09-20,15:44:00
3569788,2019,Dorsey Ln,Broadway Rd,212.0,Not Junction Related,0.0,0.0,No Injury,Angle - Other Than Left Turn 2,Daylight,Clear,Dry,47.0,Male,South,Making Left Turn,Failed To Yield Right Of Way,No Apparent Influence,No Apparent Influence,23.0,Male,South,Going Straight Ahead,No Improper Action,No Apparent Influence,No Apparent Influence,33.40809,-111.9177,2019-09-20,19:58:00
3570988,2019,Scottsdale Rd,SR-202 Exit 7 T-Ramp,0.0,Entrance Exit Ramp 205,0.0,0.0,No Injury,Angle - Other Than Left Turn 2,Daylight,Clear,Dry,57.0,Female,East,Making Right Turn,Failed To Yield Right Of Way,No Apparent Influence,No Apparent Influence,39.0,Male,South,Going Straight Ahead,No Improper Action,No Apparent Influence,No Apparent Influence,33.43544,-111.92626,2019-09-20,20:19:00
3570970,2019,48th St,Southern Ave,202.0,Intersection Related 206,0.0,0.0,No Injury,Sideswipe Same Direction,Daylight,Clear,Dry,40.0,Female,South,Changing Lanes,Unsafe Lane Change,No Apparent Influence,No Apparent Influence,55.0,Male,South,Going Straight Ahead,No Improper Action,No Apparent Influence,No Apparent Influence,33.39332,-111.97834,2019-09-20,21:15:00
3565166,2019,McClintock Dr,Don Carlos Ave,0.0,Intersection 4 Way 202,0.0,0.0,No Injury,Left Turn,Daylight,Clear,Dry,27.0,Female,North,Making Left Turn,Failed To Yield Right Of Way,No Apparent Influence,No Apparent Influence,22.0,Female,South,Going Straight Ahead,No Improper Action,No Apparent Influence,No Apparent Influence,33.41748,-111.90911,2019-09-20,23:22:00
3570981,2019,University Dr,Smith Rd,200.0,Not Junction Related,0.0,0.0,No Injury,Rear End,Daylight,Clear,Dry,31.0,Female,West,Going Straight Ahead,Followed Too Closely,No Apparent Influence,No Apparent Influence,72.0,Female,West,Stopped In Trafficway,No Improper Action,No Apparent Influence,No Apparent Influence,33.42211,-111.89987,2019-09-21,00:36:00
3565174,2019,University Dr,Forest Service 01 Tempe Ave,15.0,Intersection Related 206,0.0,0.0,No Injury,Rear End,Dusk,Clear,Dry,19.0,Male,West,Slowing In Trafficway,Followed Too Closely,No Apparent Influence,No Apparent Influence,22.0,Male,West,Stopped In Trafficway,No Improper Action,No Apparent Influence,No Apparent Influence,33.42195,-111.93661,2019-09-21,01:03:00
3569357,2019,Apache Blvd,Martin Ln,0.0,Intersection 201,1.0,0.0,Possible Injury,Sideswipe Same Direction,Daylight,Clear,Dry,20.0,Female,East,Going Straight Ahead,Unknown,No Apparent Influence,No Apparent Influence,57.0,Male,East,Going Straight Ahead,Unknown,No Apparent Influence,No Apparent Influence,33.41477,-111.90157,2019-09-21,01:09:00
3569379,2019,McClintock Dr,Guadalupe Rd,0.0,Intersection 201,0.0,0.0,No Injury,Left Turn,Dusk,Clear,Dry,16.0,Female,North,Making Left Turn,Failed To Yield Right Of Way,No Apparent Influence,No Apparent Influence,22.0,Male,South,Going Straight Ahead,No Improper Action,No Apparent Influence,No Apparent Influence,33.36376,-111.91126,2019-09-21,02:02:00
3569307,2019,Hardy Dr,19th St,25.0,Intersection 201,0.0,0.0,No Injury,Rear End,Dark Lighted,Clear,Dry,24.0,Male,South,Going Straight Ahead,Speed To Fast For Conditions,No Apparent Influence,No Apparent Influence,51.0,Male,South,Stopped In Trafficway,No Improper Action,No Apparent Influence,No Apparent Influence,33.40836,-111.95217,2019-09-21,02:44:00
3569390,2019,Rural Rd,Vista Del Cerro Dr,0.0,Intersection 4 Way 202,0.0,0.0,No Injury,Left Turn,Dark Lighted,Clear,Dry,18.0,Male,North,Going Straight Ahead,Disregarded Traffic Signal,No Apparent Influence,No Apparent Influence,27.0,Male,South,Making Left Turn,Failed To Yield Right Of Way,No Apparent Influence,No Apparent Influence,33.41012,-111.92628,2019-09-21,03:02:00
3572950,2019,University Dr,Veterans Way,200.0,Not Junction Related,1.0,0.0,Possible Injury,Rear End,Dark Lighted,Clear,Dry,22.0,Female,West,Going Straight Ahead,Speed To Fast For Conditions,No Apparent Influence,No Apparent Influence,22.0,Female,West,Stopped In Trafficway,No Improper Action,No Apparent Influence,No Apparent Influence,33.42201,-111.92828,2019-09-21,05:37:00
3571013,2019,Rural Rd,Guadalupe Rd,0.0,Intersection 4 Way 202,2.0,0.0,Suspected Minor Injury,Left Turn,Dark Lighted,Clear,Dry,27.0,Male,North,Making Left Turn,Failed To Yield Right Of Way,No Apparent Influence,No Apparent Influence,20.0,Female,South,Going Straight Ahead,No Improper Action,No Apparent Influence,No Apparent Influence,33.36375,-111.92861,2019-09-21,09:43:00
3564699,2019,Baseline Rd,La Rosa Dr,0.0,Intersection T Inter 203,0.0,0.0,No Injury,Other,Daylight,Clear,Dry,32.0,Female,North,Going Straight Ahead,Failed To Yield Right Of Way,No Apparent Influence,No Apparent Influence,23.0,Female,West,Going Straight Ahead,No Improper Action,No Apparent Influence,No Apparent Influence,33.37824,-111.93121,2019-09-21,20:05:00
3569722,2019,Elliot Rd,Terrace Rd,0.0,Intersection T Inter 203,2.0,0.0,Possible Injury,Angle - Other Than Left Turn 2,Daylight,Clear,Dry,47.0,Female,North,Making Left Turn,Failed To Yield Right Of Way,No Apparent Influence,No Apparent Influence,58.0,Male,East,Going Straight Ahead,No Improper Action,No Apparent Influence,No Apparent Influence,33.34917,-111.9222,2019-09-21,20:18:00
3593497,2019,14th St,Normal Ave,0.0,Intersection T Inter 203,0.0,0.0,No Injury,Rear End,Daylight,Clear,Dry,41.0,Male,West,Backing,Other,No Apparent Influence,No Apparent Influence,18.0,Male,East,Stopped In Trafficway,No Improper Action,No Apparent Influence,No Apparent Influence,33.41356,-111.93278,2019-09-22,00:16:00
3564700,2019,Price Rd,Broadway Rd,-60.0,Intersection Related 206,0.0,0.0,No Injury,Sideswipe Same Direction,Dusk,Clear,Dry,50.0,Female,North,Changing Lanes,Unsafe Lane Change,No Apparent Influence,No Apparent Influence,27.0,Female,North,Going Straight Ahead,No Improper Action,No Apparent Influence,No Apparent Influence,33.40731,-111.89033,2019-09-22,01:32:00
3575397,2019,Rio Salado Pkwy,Rockford Dr,-60.0,Not Junction Related,0.0,0.0,No Injury,Rear End,Dark Lighted,Clear,Dry,41.0,Female,East,Going Straight Ahead,Speed To Fast For Conditions,No Apparent Influence,No Apparent Influence,47.0,Female,East,Going Straight Ahead,No Improper Action,No Apparent Influence,No Apparent Influence,33.42935,-111.89724,2019-09-22,02:00:00
3575405,2019,Apache Blvd,Dorsey Ln,-150.0,Intersection Related 206,0.0,0.0,No Injury,Rear End,Dark Lighted,Clear,Dry,74.0,Male,East,Going Straight Ahead,Speed To Fast For Conditions,Alcohol,No Apparent Influence,23.0,Female,East,Stopped In Trafficway,No Improper Action,No Apparent Influence,No Apparent Influence,33.41477,-111.91819,2019-09-22,03:42:00
3569373,2019,University Dr,Mill Ave,-80.0,Intersection Related 206,0.0,0.0,No Injury,Rear End,Dark Lighted,Clear,Dry,36.0,Male,East,Going Straight Ahead,Followed Too Closely,No Apparent Influence,No Apparent Influence,38.0,Male,East,Stopped In Trafficway,No Improper Action,No Apparent Influence,No Apparent Influence,33.42193,-111.94028,2019-09-22,06:19:00
3564698,2019,Southern Ave,Price Rd,30.0,Intersection Related 206,2.0,0.0,Possible Injury,Rear End,Dark Lighted,Clear,Dry,33.0,Female,West,Going Straight Ahead,Speed To Fast For Conditions,No Apparent Influence,No Apparent Influence,19.0,Female,West,Stopped In Trafficway,No Improper Action,No Apparent Influence,No Apparent Influence,33.39295,-111.89035,2019-09-22,06:30:00
3588487,2019,Hayden Rd,McKellips Rd,0.0,Intersection Non Interchange,0.0,0.0,No Injury,Angle - Other Than Left Turn 2,Daylight,Clear,Dry,20.0,Male,North,Going Straight Ahead,Disregarded Traffic Signal,No Apparent Influence,No Apparent Influence,47.0,Male,West,Going Straight Ahead,No Improper Action,No Apparent Influence,No Apparent Influence,33.45126,-111.9093,2019-09-22,21:30:00
3569751,2019,Rural Rd,University Dr,0.0,Intersection Related 206,0.0,0.0,No Injury,Rear End,Daylight,Clear,Dry,20.0,Female,North,Going Straight Ahead,Followed Too Closely,No Apparent Influence,No Apparent Influence,36.0,Male,North,Making Right Turn,No Improper Action,No Apparent Influence,No Apparent Influence,33.42203,-111.92631,2019-09-22,22:19:00
3569707,2019,Rio Salado Pkwy,Ash Ave,0.0,Intersection Related 206,0.0,0.0,No Injury,U Turn,Daylight,Clear,Dry,21.0,Male,West,Going Straight Ahead,Speed To Fast For Conditions,No Apparent Influence,No Apparent Influence,60.0,Female,West,Stopped In Trafficway,No Improper Action,No Apparent Influence,No Apparent Influence,33.43154,-111.94341,2019-09-22,23:40:00
3572955,2019,Baseline Rd,I-10 Exit 155 J1-Ramp,0.0,Intersection 4 Way 202,0.0,0.0,No Injury,Left Turn,Dark Lighted,Clear,Wet,26.0,Male,East,Making Left Turn,No Improper Action,No Apparent Influence,No Apparent Influence,56.0,Male,East,Going Straight Ahead,Disregarded Traffic Signal,No Apparent Influence,No Apparent Influence,33.3783,-111.96738,2019-09-23,09:58:00
3597703,2019,48th St,Broadway Rd,0.0,Intersection T Inter 203,0.0,0.0,No Injury,Angle - Other Than Left Turn 2,Dark Lighted,Rain,Wet,21.0,Female,South,Going Straight Ahead,Speed To Fast For Conditions,No Apparent Influence,No Apparent Influence,25.0,Male,East,Going Straight Ahead,Followed Too Closely,No Apparent Influence,No Apparent Influence,33.40733,-111.97829,2019-09-23,12:25:00
3571003,2019,Priest Dr,21st St,0.0,Intersection T Inter 203,0.0,0.0,No Injury,Angle - Other Than Left Turn 2,Dawn,Rain,Wet,23.0,Female,North,Going Straight Ahead,Other,No Apparent Influence,No Apparent Influence,62.0,Female,West,Other,No Improper Action,No Apparent Influence,No Apparent Influence,33.40623,-111.96077,2019-09-23,14:03:00
3569386,2019,Broadway Rd,Farmer Ave,20.0,Intersection Related 206,0.0,0.0,No Injury,Rear End,Daylight,Cloudy,Wet,29.0,Female,West,Going Straight Ahead,Speed To Fast For Conditions,No Apparent Influence,No Apparent Influence,61.0,Male,West,Stopped In Trafficway,No Improper Action,No Apparent Influence,No Apparent Influence,33.40736,-111.94388,2019-09-23,14:14:00
3569809,2019,Rural Rd,6th St,0.0,Intersection Related 206,0.0,0.0,No Injury,Rear End,Dawn,Cloudy,Dry,49.0,Female,North,Unknown,Unknown,No Apparent Influence,No Apparent Influence,26.0,Female,North,Unknown,Unknown,No Apparent Influence,No Apparent Influence,33.4245,-111.9263,2019-09-23,14:14:00
3569388,2019,Broadway Rd,Jentilly Ln,-15.0,Intersection T Inter 203,0.0,0.0,No Injury,Sideswipe Same Direction,Daylight,Cloudy,Water Standing Moving,17.0,Male,East,Going Straight Ahead,Failed To Keep In Proper Lane,No Apparent Influence,No Apparent Influence,55.0,Male,East,Going Straight Ahead,No Improper Action,No Apparent Influence,No Apparent Influence,33.4075,-111.92377,2019-09-23,14:22:00
3571111,2019,Price Rd,Southern Ave,0.0,Intersection 4 Way 202,1.0,0.0,Suspected Minor Injury,Sideswipe Opposite Direction,Daylight,Clear,Dry,34.0,Female,North,Going Straight Ahead,Disregarded Traffic Signal,No Apparent Influence,No Apparent Influence,19.0,Female,West,Going Straight Ahead,No Improper Action,No Apparent Influence,No Apparent Influence,33.39295,-111.89045,2019-09-23,17:16:00
3569752,2019,Baseline Rd,Hardy Dr,108.0,Intersection 4 Way 202,1.0,0.0,Possible Injury,Rear End,Daylight,Clear,Dry,19.0,Male,West,Going Straight Ahead,Followed Too Closely,No Apparent Influence,No Apparent Influence,51.0,Female,West,Stopped In Trafficway,No Improper Action,No Apparent Influence,No Apparent Influence,33.37821,-111.95216,2019-09-23,22:53:00
3571132,2019,Orange St,Lola Ln,0.0,Intersection Related 206,0.0,0.0,No Injury,Sideswipe Same Direction,Daylight,Cloudy,Dry,53.0,Female,East,Making Right Turn,Made Improper Turn,No Apparent Influence,No Apparent Influence,47.0,Male,East,Properly Parked,No Improper Action,No Apparent Influence,No Apparent Influence,33.41843,-111.89399,2019-09-24,00:47:00
3569656,2019,Priest Dr,US-60 Exit 172 C2-Ramp,200.0,Intersection Related 206,0.0,0.0,No Injury,Sideswipe Same Direction,Daylight,Clear,Dry,29.0,Female,South,Changing Lanes,Unsafe Lane Change,No Apparent Influence,No Apparent Influence,40.0,Male,South,Changing Lanes,Unsafe Lane Change,No Apparent Influence,No Apparent Influence,33.3886,-111.96089,2019-09-24,01:30:00
3571015,2019,University Dr,Lola Ln,20.0,Intersection Related 206,0.0,0.0,No Injury,Sideswipe Same Direction,Dark Lighted,Rain,Wet,52.0,Male,East,Changing Lanes,Unsafe Lane Change,No Apparent Influence,No Apparent Influence,31.0,Male,East,Slowing In Trafficway,No Improper Action,No Apparent Influence,No Apparent Influence,33.42206,-111.89391,2019-09-24,01:39:00
3569761,2019,McClintock Dr,SR-202 Exit 8 A-Ramp,-120.0,Intersection Related 206,1.0,0.0,Possible Injury,Rear End,Dark Lighted,Clear,Dry,20.0,Male,North,Going Straight Ahead,Speed To Fast For Conditions,No Apparent Influence,No Apparent Influence,63.0,Male,North,Stopped In Trafficway,No Improper Action,No Apparent Influence,No Apparent Influence,33.43613,-111.9096,2019-09-24,01:47:00
3571011,2019,Lakeshore Dr,Southshore Dr,0.0,Intersection 4 Way 202,0.0,0.0,No Injury,Angle - Other Than Left Turn 2,Unknown 51,Clear,Dry,30.0,Female,South,Going Straight Ahead,Ran Stop Sign,No Apparent Influence,No Apparent Influence,35.0,Male,Northwest,Making Left Turn,No Improper Action,No Apparent Influence,No Apparent Influence,33.37122,-111.91997,2019-09-24,02:23:00
3575398,2019,Broadway Rd,Rural Rd,0.0,Intersection 4 Way 202,0.0,0.0,No Injury,Other,Dark Lighted,Clear,Dry,22.0,Male,West,Going Straight Ahead,Unsafe Lane Change,No Apparent Influence,No Apparent Influence,22.0,Female,East,Making Left Turn,Failed To Yield Right Of Way,No Apparent Influence,No Apparent Influence,33.4075,-111.92628,2019-09-24,03:28:00
3569218,2019,48th St,Fairmont Dr,0.0,Intersection T Inter 203,0.0,0.0,No Injury,Left Turn,Daylight,Cloudy,Dry,73.0,Male,West,Making Left Turn,Failed To Yield Right Of Way,No Apparent Influence,No Apparent Influence,45.0,Female,South,Going Straight Ahead,No Improper Action,No Apparent Influence,No Apparent Influence,33.39641,-111.97833,2019-09-24,14:42:00
3569758,2019,University Dr,Melody Ln,0.0,Intersection T Inter 203,0.0,0.0,No Injury,Rear End,Daylight,Clear,Dry,21.0,Female,West,Going Straight Ahead,Followed Too Closely,No Apparent Influence,No Apparent Influence,34.0,Male,West,Stopped In Trafficway,No Improper Action,No Apparent Influence,No Apparent Influence,33.42203,-111.90547,2019-09-24,14:49:00
3569735,2019,Baseline Rd,Kenwood Ln,30.0,Intersection Related 206,0.0,0.0,No Injury,Sideswipe Same Direction,Daylight,Clear,Dry,38.0,Male,East,Changing Lanes,Unsafe Lane Change,No Apparent Influence,No Apparent Influence,21.0,Female,East,Going Straight Ahead,No Improper Action,No Apparent Influence,No Apparent Influence,33.37845,-111.90269,2019-09-24,17:18:00
3569315,2019,Elliot Rd,I-10 Exit 157 A-Ramp,0.0,Intersection 201,0.0,0.0,No Injury,Left Turn,Daylight,Clear,Dry,42.0,Female,South,Going Straight Ahead,Other,No Apparent Influence,No Apparent Influence,23.0,Female,South,Making Left Turn,No Improper Action,No Apparent Influence,No Apparent Influence,33.34907,-111.97283,2019-09-24,18:48:00
3569314,2019,Scottsdale Rd,SR-202 Exit 7 P-Ramp,25.0,Entrance Exit Ramp 205,0.0,0.0,No Injury,U Turn,Daylight,Clear,Dry,22.0,Female,North,Making U Turn,Made Improper Turn,No Apparent Influence,No Apparent Influence,24.0,Male,North,Making Left Turn,No Improper Action,No Apparent Influence,No Apparent Influence,33.43551,-111.92626,2019-09-24,22:08:00
3569364,2019,Elliot Rd,Harl Ave,0.0,Intersection 4 Way 202,2.0,0.0,Suspected Minor Injury,Left Turn,Daylight,Clear,Dry,22.0,Female,West,Making Left Turn,Failed To Yield Right Of Way,No Apparent Influence,No Apparent Influence,23.0,Male,East,Going Straight Ahead,No Improper Action,No Apparent Influence,No Apparent Influence,33.34908,-111.96593,2019-09-24,22:33:00
3569376,2019,Southern Ave,Price Rd,-160.0,Intersection Related 206,0.0,0.0,No Injury,Sideswipe Same Direction,Daylight,Clear,Dry,28.0,Female,Northeast,Other,Unknown,No Apparent Influence,No Apparent Influence,24.0,Male,East,Going Straight Ahead,Unknown,No Apparent Influence,No Apparent Influence,33.39297,-111.89255,2019-09-25,00:28:00
3569717,2019,Apache Blvd,Normal Ave,0.0,Intersection 4 Way 202,0.0,0.0,No Injury,Left Turn,Dusk,Clear,Dry,24.0,Male,East,Making Left Turn,Failed To Yield Right Of Way,No Apparent Influence,No Apparent Influence,22.0,Male,West,Going Straight Ahead,No Improper Action,No Apparent Influence,No Apparent Influence,33.4147,-111.93279,2019-09-25,01:07:00
3569362,2019,McClintock Dr,Don Carlos Ave,0.0,Intersection 4 Way 202,1.0,0.0,Possible Injury,Left Turn,Dark Lighted,Clear,Dry,39.0,Female,North,Making Left Turn,Failed To Yield Right Of Way,No Apparent Influence,No Apparent Influence,20.0,Male,South,Going Straight Ahead,No Improper Action,No Apparent Influence,No Apparent Influence,33.41748,-111.90911,2019-09-25,01:38:00
3569363,2019,Guadalupe Rd,McClintock Dr,0.0,Intersection 4 Way 202,0.0,0.0,No Injury,Left Turn,Dark Lighted,Clear,Dry,24.0,Female,East,Making Left Turn,Failed To Yield Right Of Way,No Apparent Influence,No Apparent Influence,38.0,Female,West,Going Straight Ahead,No Improper Action,No Apparent Influence,No Apparent Influence,33.36376,-111.91126,2019-09-25,02:09:00
3569391,2019,Elliot Rd,Dateland Dr,0.0,Intersection Related 206,0.0,0.0,No Injury,Angle - Other Than Left Turn 2,Dawn,Clear,Dry,36.0,Male,West,Going Straight Ahead,Speed To Fast For Conditions,No Apparent Influence,No Apparent Influence,65.0,Male,East,Making Left Turn,No Improper Action,No Apparent Influence,No Apparent Influence,33.3492,-111.94144,2019-09-25,13:18:00
3572953,2019,Price Rd,Southern Ave,0.0,Intersection 4 Way 202,0.0,0.0,No Injury,Other,Daylight,Cloudy,Dry,52.0,Female,North,Going Straight Ahead,Unknown,No Apparent Influence,No Apparent Influence,25.0,Female,North,Making Left Turn,Unknown,No Apparent Influence,No Apparent Influence,33.39295,-111.89045,2019-09-25,14:22:00
3569731,2019,Kyrene Rd,Colgate Dr,-40.0,Not Junction Related,0.0,0.0,No Injury,Rear End,Daylight,Clear,Dry,35.0,Female,North,Going Straight Ahead,Followed Too Closely,No Apparent Influence,No Apparent Influence,25.0,Male,North,Stopped In Trafficway,No Improper Action,No Apparent Influence,No Apparent Influence,33.37408,-111.94596,2019-09-25,14:45:00
3571030,2019,Baseline Rd,I-10 Exit 155 A1-Ramp,0.0,Intersection 4 Way 202,0.0,0.0,No Injury,Rear End,Unknown 51,Unknown,Dry,25.0,Male,North,Going Straight Ahead,Followed Too Closely,No Apparent Influence,No Apparent Influence,68.0,Male,North,Stopped In Trafficway,No Improper Action,No Apparent Influence,No Apparent Influence,33.37827,-111.96863,2019-09-25,18:12:00
3569760,2019,College Ave,Valerie Dr,0.0,Intersection T Inter 203,2.0,0.0,Suspected Minor Injury,Left Turn,Daylight,Clear,Dry,21.0,Male,West,Making Left Turn,Failed To Yield Right Of Way,No Apparent Influence,No Apparent Influence,18.0,Female,North,Going Straight Ahead,No Improper Action,No Apparent Influence,No Apparent Influence,33.44517,-111.93326,2019-09-25,20:52:00
3569337,2019,Broadway Rd,Mill Ave,-90.0,Intersection Related 206,0.0,0.0,No Injury,Rear End,Daylight,Cloudy,Dry,20.0,Male,West,Going Straight Ahead,Followed Too Closely,No Apparent Influence,No Apparent Influence,42.0,Male,West,Stopped In Trafficway,No Improper Action,No Apparent Influence,No Apparent Influence,33.40739,-111.94012,2019-09-25,20:56:00
3570985,2019,Price Rd,Elliot Rd,0.26,Not Junction Related,0.0,0.0,No Injury,Sideswipe Same Direction,Daylight,Clear,Dry,61.0,Female,South,Unknown,Unknown,No Apparent Influence,No Apparent Influence,32.0,Male,South,Unknown,Unknown,No Apparent Influence,No Apparent Influence,33.35309,-111.8948,2019-09-26,00:50:00
3569360,2019,McClintock Dr,8th St,0.0,Intersection T Inter 203,1.0,0.0,Suspected Minor Injury,Left Turn,Daylight,Clear,Wet,31.0,Female,North,Making Left Turn,Failed To Yield Right Of Way,No Apparent Influence,No Apparent Influence,24.0,Male,South,Going Straight Ahead,No Improper Action,No Apparent Influence,No Apparent Influence,33.41952,-111.9091,2019-09-26,00:51:00
3569787,2019,Elliot Rd,Kachina Dr,110.0,Driveway Or Alley,0.0,0.0,No Injury,Sideswipe Same Direction,Daylight,Clear,Dry,53.0,Male,West,Changing Lanes,Unsafe Lane Change,No Apparent Influence,No Apparent Influence,53.0,Male,West,Going Straight Ahead,No Improper Action,No Apparent Influence,No Apparent Influence,33.34915,-111.90867,2019-09-26,14:52:00
3569733,2019,Broadway Rd,Sierra Vista Dr,0.0,Intersection T Inter 203,2.0,0.0,Suspected Minor Injury,Rear End,Daylight,Clear,Dry,29.0,Female,West,Going Straight Ahead,Followed Too Closely,No Apparent Influence,No Apparent Influence,26.0,Male,West,Slowing In Trafficway,No Improper Action,No Apparent Influence,No Apparent Influence,33.40747,-111.93112,2019-09-26,15:54:00
3569803,2019,Broadway Rd,Cutler Dr,0.0,Intersection 4 Way 202,1.0,0.0,Suspected Minor Injury,Left Turn,Daylight,Clear,Dry,40.0,Male,East,Going Straight Ahead,Exceeded Lawful Speed,No Apparent Influence,No Apparent Influence,20.0,Female,North,Making Left Turn,Failed To Yield Right Of Way,No Apparent Influence,No Apparent Influence,33.40741,-111.95837,2019-09-26,16:12:00
3569871,2019,Warner Rd,Rural Rd,-30.0,Intersection Related 206,0.0,0.0,No Injury,Rear End,Daylight,Clear,Dry,66.0,Male,East,Changing Lanes,Followed Too Closely,No Apparent Influence,No Apparent Influence,54.0,Female,East,Stopped In Trafficway,No Improper Action,No Apparent Influence,No Apparent Influence,33.33465,-111.92851,2019-09-26,21:22:00
3566573,2019,S Packard Dr,Rio Salado Pkwy,20.0,Intersection Related 206,0.0,0.0,No Injury,Rear End,Daylight,Cloudy,Dry,22.0,Female,North,Backing,Other,No Apparent Influence,No Apparent Influence,21.0,Female,North,Going Straight Ahead,No Improper Action,No Apparent Influence,No Apparent Influence,33.42878,-111.92929,2019-09-26,21:26:00
3569372,2019,Rural Rd,E Terrace Rd,0.0,Intersection T Inter 203,1.0,0.0,Possible Injury,Rear End,Daylight,Rain,Wet,21.0,Male,North,Going Straight Ahead,Speed To Fast For Conditions,No Apparent Influence,No Apparent Influence,21.0,Female,North,Stopped In Trafficway,No Improper Action,No Apparent Influence,No Apparent Influence,33.41914,-111.9263,2019-09-26,23:21:00
3569730,2019,Kyrene Rd,Elliot Rd,25.0,Intersection Related 206,1.0,0.0,Suspected Minor Injury,Angle - Other Than Left Turn 2,Daylight,Rain,Wet,55.0,Male,West,Making Right Turn,Speed To Fast For Conditions,No Apparent Influence,No Apparent Influence,32.0,Male,South,Stopped In Trafficway,No Improper Action,No Apparent Influence,No Apparent Influence,33.34927,-111.94573,2019-09-26,23:40:00
3569769,2019,Rural Rd,Guadalupe Rd,-92.0,Intersection Related 206,0.0,0.0,No Injury,Angle - Other Than Left Turn 2,Daylight,Cloudy,Wet,17.0,Male,West,Making Left Turn,Speed To Fast For Conditions,No Apparent Influence,No Apparent Influence,77.0,Male,North,Stopped In Trafficway,No Improper Action,No Apparent Influence,No Apparent Influence,33.3635,-111.9286,2019-09-26,23:41:00
3569728,2019,Elliot Rd,Juniper St,-60.0,Not Junction Related,2.0,0.0,Suspected Minor Injury,Rear End,Daylight,Clear,Wet,58.0,Female,East,Going Straight Ahead,Followed Too Closely,No Apparent Influence,No Apparent Influence,43.0,Female,East,Stopped In Trafficway,No Improper Action,No Apparent Influence,No Apparent Influence,33.34914,-111.91675,2019-09-26,23:55:00
3569700,2019,Baseline Rd,Hardy Dr,130.0,Intersection Related 206,1.0,0.0,Possible Injury,Rear End,Daylight,Cloudy,Dry,17.0,Female,West,Going Straight Ahead,Followed Too Closely,No Apparent Influence,No Apparent Influence,57.0,Female,West,Stopped In Trafficway,No Improper Action,No Apparent Influence,No Apparent Influence,33.37821,-111.95209,2019-09-27,00:33:00
3569259,2019,Priest Dr,Fairmont Dr,175.0,Intersection Related 206,1.0,0.0,Suspected Minor Injury,Left Turn,Dusk,Cloudy,Dry,20.0,Male,South,Making U Turn,Made Improper Turn,No Apparent Influence,No Apparent Influence,52.0,Male,South,Going Straight Ahead,No Improper Action,No Apparent Influence,No Apparent Influence,33.39697,-111.9608,2019-09-27,01:34:00
3572908,2019,Rural Rd,Lemon St,0.0,Not Junction Related,0.0,0.0,No Injury,Left Turn,Dark Lighted,Clear,Dry,19.0,Female,East,Making Left Turn,Made Improper Turn,No Apparent Influence,No Apparent Influence,20.0,Female,North,Going Straight Ahead,No Improper Action,No Apparent Influence,No Apparent Influence,33.41684,-111.9263,2019-09-27,02:10:00
3585095,2019,McClintock Dr,Rio Salado Pkwy,0.0,Intersection Related 206,2.0,0.0,Possible Injury,Rear End,Dark Lighted,Clear,Dry,38.0,Male,South,Going Straight Ahead,Speed To Fast For Conditions,No Apparent Influence,No Apparent Influence,20.0,Male,South,Stopped In Trafficway,No Improper Action,No Apparent Influence,No Apparent Influence,33.42926,-111.90907,2019-09-27,05:17:00
3569217,2019,College Ave,Weber Dr,0.0,Intersection 4 Way 202,1.0,0.0,Possible Injury,Angle - Other Than Left Turn 2,Dark Lighted,Clear,Dry,57.0,Male,West,Going Straight Ahead,Failed To Yield Right Of Way,No Apparent Influence,No Apparent Influence,51.0,Male,South,Going Straight Ahead,No Improper Action,No Apparent Influence,No Apparent Influence,33.44241,-111.93148,2019-09-27,11:21:00
3572929,2019,Guadalupe Rd,McClintock Dr,40.0,Intersection Related 206,0.0,0.0,No Injury,Rear End,Daylight,Clear,Dry,56.0,Male,East,Backing,Other,No Apparent Influence,No Apparent Influence,47.0,Female,West,Stopped In Trafficway,No Improper Action,No Apparent Influence,No Apparent Influence,33.36376,-111.91113,2019-09-27,16:51:00
3569739,2019,La Rosa Dr,Dunbar Dr,31.0,Intersection Related 206,0.0,0.0,No Injury,Sideswipe Same Direction,Daylight,Cloudy,Dry,22.0,Female,South,Overtaking Passing,Other,No Apparent Influence,No Apparent Influence,34.0,Male,South,Making Right Turn,No Improper Action,No Apparent Influence,No Apparent Influence,33.37937,-111.93116,2019-09-27,16:54:00
3569792,2019,Cornell Dr,La Rosa Dr,-64.0,Intersection Related 206,0.0,0.0,No Injury,U Turn,Daylight,Clear,Dry,18.0,Female,East,Making U Turn,Unsafe Lane Change,No Apparent Influence,No Apparent Influence,49.0,Male,East,Going Straight Ahead,No Improper Action,No Apparent Influence,No Apparent Influence,33.37217,-111.93126,2019-09-27,18:41:00