Incident_ID,Year,Street_Name,Cross_Street,Distance,Junction_Relation,Total_Injuries,Total_Fatalities,Injury_Severity,Collision_Manner,Light_Condition,Weather,Surface_Condition,Age_1,Gender_1,Travel_One,UnitAction_One,Violation1_Drv1,AlcoholUse_ 1,DrugUse_1,Age_2,Gender_2,TravelDirection_2,UnitAction_2,Violation_2,AlcoholUse_2,DrugUse_2,Latitude,Longitude,Date,Time
3584719,2019,Calle Los Cerros,Baseline Rd,0.0,Intersection T Inter 203,1.0,0.0,Possible Injury,Left Turn,Daylight,Clear,Dry,60.0,Female,South,Making Left Turn,Disregarded Traffic Signal,No Apparent Influence,No Apparent Influence,53.0,Male,West,Going Straight Ahead,No Improper Action,No Apparent Influence,No Apparent Influence,33.37821,-111.97409,2019-10-16,14:34:00
3584997,2019,Kyrene Rd,Guadalupe Rd,40.0,Intersection Related 206,0.0,0.0,No Injury,Rear End,Daylight,Clear,Dry,25.0,Female,South,Going Straight Ahead,Speed To Fast For Conditions,No Apparent Influence,No Apparent Influence,29.0,Female,South,Stopped In Trafficway,No Improper Action,No Apparent Influence,No Apparent Influence,33.36377,-111.94589,2019-10-16,14:57:00
3585077,2019,Priest Dr,Auto Dr,200.0,Not Junction Related,0.0,0.0,No Injury,Angle - Other Than Left Turn 2,Daylight,Clear,Dry,71.0,Female,Southwest,Other,Failed To Yield Right Of Way,No Apparent Influence,No Apparent Influence,43.0,Female,North,Going Straight Ahead,No Improper Action,No Apparent Influence,No Apparent Influence,33.34603,-111.96315,2019-10-16,17:45:00
3584851,2019,48th St,I-10 Cardinal Frontage,0.0,Intersection 4 Way 202,2.0,0.0,Suspected Minor Injury,Angle - Other Than Left Turn 2,Daylight,Clear,Dry,22.0,Female,North,Going Straight Ahead,Disregarded Traffic Signal,No Apparent Influence,No Apparent Influence,21.0,Male,East,Going Straight Ahead,No Improper Action,No Apparent Influence,No Apparent Influence,33.40932,-111.97822,2019-10-16,17:59:00
3584720,2019,Priest Dr,Elliot Rd,-115.0,Intersection Related 206,0.0,0.0,No Injury,Rear End,Daylight,Clear,Dry,50.0,Male,North,Going Straight Ahead,Followed Too Closely,No Apparent Influence,No Apparent Influence,26.0,Female,North,Stopped In Trafficway,No Improper Action,No Apparent Influence,No Apparent Influence,33.34879,-111.96313,2019-10-16,20:15:00
3585027,2019,Broadway Rd,Priest Dr,150.0,Driveway Or Alley,0.0,0.0,No Injury,Left Turn,Daylight,Clear,Dry,30.0,Male,South,Making Left Turn,Failed To Yield Right Of Way,No Apparent Influence,No Apparent Influence,25.0,Female,West,Going Straight Ahead,No Improper Action,No Apparent Influence,No Apparent Influence,33.40742,-111.96029,2019-10-16,22:35:00
3584818,2019,Priest Dr,Southern Ave,-150.0,Intersection Related 206,0.0,0.0,No Injury,Rear End,Daylight,Clear,Dry,18.0,Female,South,Going Straight Ahead,Followed Too Closely,No Apparent Influence,No Apparent Influence,60.0,Male,South,Stopped In Trafficway,No Improper Action,No Apparent Influence,No Apparent Influence,33.39247,-111.96078,2019-10-16,22:48:00
3585018,2019,Elliot Rd,McClintock Dr,15.0,Intersection Related 206,1.0,0.0,Possible Injury,Rear End,Daylight,Clear,Dry,28.0,Female,West,Going Straight Ahead,Followed Too Closely,No Apparent Influence,No Apparent Influence,46.0,Male,West,Slowing In Trafficway,No Improper Action,No Apparent Influence,No Apparent Influence,33.34913,-111.91114,2019-10-16,23:03:00
3575444,2019,Apache Blvd,Dorsey Ln,0.0,Intersection 4 Way 202,1.0,0.0,Suspected Minor Injury,Left Turn,Daylight,Clear,Dry,25.0,Female,East,Making Left Turn,Made Improper Turn,No Apparent Influence,No Apparent Influence,41.0,Male,West,Going Straight Ahead,No Improper Action,No Apparent Influence,No Apparent Influence,33.41476,-111.9177,2019-10-16,23:58:00
3575454,2019,Minton Dr,Hardy Dr,30.0,Intersection Related 206,0.0,0.0,No Injury,Rear End,Dusk,Clear,Dry,26.0,Male,West,Backing,Other,No Apparent Influence,No Apparent Influence,62.0,Female,West,Slowing In Trafficway,No Improper Action,No Apparent Influence,No Apparent Influence,33.38098,-111.95234,2019-10-17,00:53:00
3584996,2019,Broadway Rd,Price Rd,0.0,Intersection 4 Way 202,0.0,0.0,No Injury,Angle - Other Than Left Turn 2,Dark Lighted,Clear,Dry,51.0,Male,West,Making Right Turn,Unsafe Lane Change,Alcohol,No Apparent Influence,64.0,Male,West,Going Straight Ahead,No Improper Action,No Apparent Influence,No Apparent Influence,33.40748,-111.89033,2019-10-17,01:07:00
3584898,2019,McClintock Dr,Don Carlos Ave,0.0,Intersection 4 Way 202,1.0,0.0,Possible Injury,Left Turn,Dark Lighted,Clear,Dry,35.0,Male,North,Making Left Turn,Failed To Yield Right Of Way,No Apparent Influence,No Apparent Influence,42.0,Female,South,Going Straight Ahead,No Improper Action,No Apparent Influence,No Apparent Influence,33.41748,-111.90911,2019-10-17,01:11:00
3575394,2019,Southern Ave,Rural Rd,-200.0,Intersection Related 206,0.0,0.0,No Injury,Rear End,Dark Lighted,Clear,Dry,35.0,Female,East,Going Straight Ahead,Speed To Fast For Conditions,No Apparent Influence,No Apparent Influence,33.0,Female,East,Stopped In Trafficway,No Improper Action,No Apparent Influence,No Apparent Influence,33.39296,-111.92698,2019-10-17,01:34:00
3575451,2019,Warner Rd,Beck Ave,-60.0,Not Junction Related,0.0,0.0,No Injury,Rear End,Dark Lighted,Unknown,Dry,39.0,Female,West,Going Straight Ahead,Followed Too Closely,No Apparent Influence,No Apparent Influence,62.0,Male,West,Slowing In Trafficway,No Improper Action,No Apparent Influence,No Apparent Influence,33.33455,-111.95882,2019-10-17,01:40:00
3584899,2019,Kyrene Rd,Guadalupe Rd,-200.0,Intersection Related 206,1.0,0.0,Possible Injury,Sideswipe Same Direction,Dark Lighted,Clear,Dry,29.0,Male,North,Changing Lanes,Unsafe Lane Change,No Apparent Influence,No Apparent Influence,36.0,Female,North,Going Straight Ahead,No Improper Action,No Apparent Influence,No Apparent Influence,33.36311,-111.94589,2019-10-17,02:50:00
3589152,2019,University Dr,Roosevelt St,-100.0,Intersection Related 206,0.0,0.0,No Injury,Rear End,Dark Lighted,Clear,Dry,52.0,Female,East,Going Straight Ahead,Speed To Fast For Conditions,No Apparent Influence,No Apparent Influence,27.0,Female,East,Stopped In Trafficway,No Improper Action,No Apparent Influence,No Apparent Influence,33.4219,-111.94762,2019-10-17,03:15:00
3575390,2019,Priest Dr,University Dr,-100.0,Intersection Related 206,0.0,0.0,No Injury,Left Turn,Dark Lighted,Clear,Dry,21.0,Male,West,Making Left Turn,Failed To Yield Right Of Way,No Apparent Influence,No Apparent Influence,23.0,Male,South,Going Straight Ahead,No Improper Action,No Apparent Influence,No Apparent Influence,33.42167,-111.96091,2019-10-17,04:02:00
3584302,2019,Hardy Dr,Laguna Dr,-97.0,Not Junction Related,1.0,0.0,Possible Injury,Rear End,Daylight,Clear,Dry,42.0,Male,North,Going Straight Ahead,Speed To Fast For Conditions,No Apparent Influence,No Apparent Influence,35.0,Female,North,Stopped In Trafficway,No Improper Action,No Apparent Influence,No Apparent Influence,33.39074,-111.95221,2019-10-17,13:59:00
3584247,2019,University Dr,Park Ln,0.0,Intersection T Inter 203,1.0,0.0,Suspected Minor Injury,Left Turn,Daylight,Clear,Dry,59.0,Female,North,Making Left Turn,Disregarded Traffic Signal,No Apparent Influence,No Apparent Influence,35.0,Male,East,Going Straight Ahead,No Improper Action,No Apparent Influence,No Apparent Influence,33.42191,-111.97469,2019-10-17,14:02:00
3585078,2019,Broadway Rd,Dorsey Ln,0.0,Intersection 4 Way 202,2.0,0.0,Possible Injury,Left Turn,Daylight,Clear,Dry,29.0,Female,East,Making Left Turn,Failed To Yield Right Of Way,No Apparent Influence,No Apparent Influence,25.0,Female,West,Going Straight Ahead,No Improper Action,No Apparent Influence,No Apparent Influence,33.40751,-111.9177,2019-10-17,14:30:00
3585080,2019,Rural Rd,Broadmor Dr,128.0,Not Junction Related,0.0,0.0,No Injury,Rear End,Daylight,Clear,Dry,37.0,Male,North,Going Straight Ahead,Speed To Fast For Conditions,No Apparent Influence,No Apparent Influence,46.0,Female,North,Slowing In Trafficway,No Improper Action,No Apparent Influence,No Apparent Influence,33.40386,-111.9263,2019-10-17,14:39:00
3585025,2019,Broadway Rd,Price Rd,-25.0,Intersection Related 206,0.0,0.0,No Injury,Angle - Other Than Left Turn 2,Daylight,Clear,Dry,24.0,Male,North,Making Left Turn,Made Improper Turn,No Apparent Influence,No Apparent Influence,30.0,Female,North,Making Left Turn,No Improper Action,No Apparent Influence,No Apparent Influence,33.40748,-111.89042,2019-10-17,16:18:00
3584824,2019,Rural Rd,Apache Blvd,-30.0,Intersection Related 206,0.0,0.0,No Injury,Rear End,Daylight,Clear,Dry,19.0,Female,North,Going Straight Ahead,Speed To Fast For Conditions,No Apparent Influence,No Apparent Influence,24.0,Male,North,Stopped In Trafficway,No Improper Action,No Apparent Influence,No Apparent Influence,33.41468,-111.92629,2019-10-17,16:59:00
3589153,2019,Baseline Rd,Kyrene Rd,15.0,Intersection Related 206,1.0,0.0,Possible Injury,Angle - Other Than Left Turn 2,Daylight,Clear,Dry,27.0,Female,North,Making Right Turn,Failed To Yield Right Of Way,No Apparent Influence,No Apparent Influence,28.0,Male,East,Going Straight Ahead,No Improper Action,No Apparent Influence,No Apparent Influence,33.3782,-111.94594,2019-10-17,19:17:00
3585021,2019,Southern Ave,Priest Dr,-25.0,Intersection Related 206,0.0,0.0,No Injury,Rear End,Daylight,Clear,Dry,29.0,Female,East,Going Straight Ahead,Followed Too Closely,No Apparent Influence,No Apparent Influence,30.0,Female,East,Stopped In Trafficway,No Improper Action,No Apparent Influence,No Apparent Influence,33.39288,-111.96085,2019-10-17,22:27:00
3584971,2019,Priest Dr,13th St,0.0,Intersection T Inter 203,1.0,0.0,Suspected Minor Injury,Left Turn,Daylight,Clear,Dry,26.0,Male,South,Making Left Turn,Failed To Yield Right Of Way,No Apparent Influence,No Apparent Influence,54.0,Female,North,Going Straight Ahead,No Improper Action,No Apparent Influence,No Apparent Influence,33.41469,-111.96082,2019-10-17,22:43:00
3589180,2019,Rural Rd,University Dr,-50.0,Intersection Related 206,0.0,0.0,No Injury,Rear End,Daylight,Clear,Dry,20.0,Male,North,Going Straight Ahead,Followed Too Closely,No Apparent Influence,No Apparent Influence,21.0,Female,North,Going Straight Ahead,No Improper Action,No Apparent Influence,No Apparent Influence,33.42189,-111.92631,2019-10-17,23:42:00
3584313,2019,Rural Rd,Loyola Dr,0.0,Intersection 4 Way 202,0.0,0.0,No Injury,Angle - Other Than Left Turn 2,Daylight,Clear,Dry,72.0,Male,North,Making Left Turn,Failed To Yield Right Of Way,No Apparent Influence,No Apparent Influence,17.0,Female,South,Going Straight Ahead,No Improper Action,No Apparent Influence,No Apparent Influence,33.39697,-111.92632,2019-10-18,00:03:00
3584159,2019,Broadway Rd,Rural Rd,0.0,Intersection 4 Way 202,0.0,0.0,No Injury,Left Turn,Dusk,Clear,Dry,36.0,Male,West,Making Left Turn,Failed To Yield Right Of Way,No Apparent Influence,No Apparent Influence,64.0,Male,East,Going Straight Ahead,No Improper Action,No Apparent Influence,No Apparent Influence,33.4075,-111.92628,2019-10-18,00:24:00
3584993,2019,University Dr,Maple Ave,0.0,Intersection Related 206,0.0,0.0,No Injury,Rear End,Dark Lighted,Clear,Dry,43.0,Male,West,Going Straight Ahead,No Improper Action,No Apparent Influence,No Apparent Influence,19.0,Male,East,Going Straight Ahead,Speed To Fast For Conditions,No Apparent Influence,No Apparent Influence,33.42193,-111.94125,2019-10-18,02:38:00
3575446,2019,Broadway Rd,Rural Rd,0.0,Intersection 4 Way 202,1.0,0.0,Possible Injury,Left Turn,Dark Not Lighted,Clear,Dry,28.0,Male,West,Making Left Turn,Failed To Yield Right Of Way,No Apparent Influence,No Apparent Influence,21.0,Female,East,Going Straight Ahead,No Improper Action,No Apparent Influence,No Apparent Influence,33.4075,-111.92628,2019-10-18,02:56:00
3585079,2019,McClintock Dr,Don Carlos Ave,0.0,Unknown,1.0,0.0,Suspected Minor Injury,Unknown,Dark Lighted,Clear,Unknown,52.0,Male,Unknown,Unknown,Unknown,No Apparent Influence,No Apparent Influence,26.0,Male,Unknown,Unknown,Unknown,No Apparent Influence,No Apparent Influence,33.41748,-111.90911,2019-10-18,05:00:00
3584823,2019,Broadway Rd,Cutler Dr,230.0,Not Junction Related,0.0,0.0,No Injury,Left Turn,Daylight,Clear,Dry,50.0,Female,South,Making Left Turn,Failed To Yield Right Of Way,No Apparent Influence,No Apparent Influence,22.0,Female,West,Going Straight Ahead,No Improper Action,No Apparent Influence,No Apparent Influence,33.40742,-111.95762,2019-10-18,14:38:00
3575459,2019,Hohokam Dr,University Dr,-80.0,Not Junction Related,0.0,0.0,No Injury,Left Turn,Daylight,Clear,Dry,36.0,Male,Southeast,Making Left Turn,Failed To Yield Right Of Way,No Apparent Influence,No Apparent Influence,62.0,Male,South,Going Straight Ahead,Unknown,No Apparent Influence,No Apparent Influence,33.42171,-111.9718,2019-10-18,14:43:00
3575392,2019,Curry Rd,Scottsdale Rd,30.0,Not Junction Related,0.0,0.0,No Injury,Other,Daylight,Clear,Dry,24.0,Female,West,Backing,Other,No Apparent Influence,No Apparent Influence,37.0,Male,West,Stopped In Trafficway,No Improper Action,No Apparent Influence,No Apparent Influence,33.4403,-111.92624,2019-10-18,14:50:00
3584972,2019,Baseline Rd,Wendler Dr,0.0,Intersection T Inter 203,0.0,0.0,No Injury,Left Turn,Daylight,Clear,Dry,35.0,Male,East,Going Straight Ahead,Unknown,No Apparent Influence,No Apparent Influence,54.0,Male,South,Making Left Turn,Unknown,No Apparent Influence,No Apparent Influence,33.37826,-111.96979,2019-10-18,16:40:00
3585155,2019,Priest Dr,US-60 Exit 172 G-Ramp,0.0,Not Junction Related,0.0,0.0,No Injury,Sideswipe Same Direction,Daylight,Clear,Dry,62.0,Female,South,Unknown,Unknown,No Apparent Influence,No Apparent Influence,25.0,Male,South,Unknown,Unknown,No Apparent Influence,No Apparent Influence,33.38677,-111.96094,2019-10-18,16:54:00
3584126,2019,McClintock Dr,12th St,10.0,Unknown,0.0,0.0,No Injury,Sideswipe Same Direction,Dark Lighted,Clear,Dry,29.0,Female,Southeast,Making Right Turn,Speed To Fast For Conditions,No Apparent Influence,No Apparent Influence,41.0,Male,South,Going Straight Ahead,Unknown,No Apparent Influence,No Apparent Influence,33.41618,-111.90912,2019-10-18,17:23:00
3585069,2019,Elliot Rd,River Pkwy,-105.0,Intersection Related 206,0.0,0.0,No Injury,Rear End,Daylight,Clear,Dry,25.0,Female,East,Going Straight Ahead,Followed Too Closely,No Apparent Influence,No Apparent Influence,35.0,Male,East,Stopped In Trafficway,No Improper Action,No Apparent Influence,No Apparent Influence,33.34928,-111.89825,2019-10-18,22:41:00
3598064,2019,Southern Ave,Shafer Dr,150.0,Not Junction Related,0.0,0.0,No Injury,Rear End,Daylight,Clear,Dry,64.0,Male,East,Going Straight Ahead,Speed To Fast For Conditions,No Apparent Influence,No Apparent Influence,40.0,Male,East,Stopped In Trafficway,No Improper Action,No Apparent Influence,No Apparent Influence,33.39286,-111.95638,2019-10-18,23:09:00
3585068,2019,Southern Ave,Kachina Dr,-20.0,Intersection Related 206,0.0,0.0,No Injury,Left Turn,Daylight,Clear,Dry,24.0,Female,South,Making Left Turn,Failed To Yield Right Of Way,No Apparent Influence,No Apparent Influence,82.0,Male,North,Making Left Turn,Speed To Fast For Conditions,No Apparent Influence,No Apparent Influence,33.39298,-111.90654,2019-10-19,00:10:00
3584365,2019,Elliot Rd,River Pkwy,-30.0,Intersection Related 206,0.0,0.0,No Injury,Rear End,Dusk,Clear,Dry,26.0,Female,East,Going Straight Ahead,Speed To Fast For Conditions,No Apparent Influence,No Apparent Influence,19.0,Female,East,Stopped In Trafficway,No Improper Action,No Apparent Influence,No Apparent Influence,33.34928,-111.89801,2019-10-19,00:13:00
3584895,2019,McClintock Dr,Guadalupe Rd,-45.0,Intersection Related 206,0.0,0.0,No Injury,Angle - Other Than Left Turn 2,Dark Lighted,Clear,Dry,16.0,Male,East,Making Left Turn,Made Improper Turn,No Apparent Influence,No Apparent Influence,23.0,Female,South,Going Straight Ahead,No Improper Action,No Apparent Influence,No Apparent Influence,33.36364,-111.91126,2019-10-19,01:49:00
3585147,2019,McClintock Dr,US-60 Exit 175 A-Ramp,0.0,Intersection 4 Way 202,0.0,0.0,No Injury,Left Turn,Dark Lighted,Clear,Dry,39.0,Female,West,Making Left Turn,Disregarded Traffic Signal,No Apparent Influence,No Apparent Influence,38.0,Male,North,Going Straight Ahead,No Improper Action,No Apparent Influence,No Apparent Influence,33.38515,-111.90921,2019-10-19,03:09:00
3593519,2019,McClintock Dr,Baseline Rd,-50.0,Intersection Related 206,1.0,0.0,Possible Injury,Sideswipe Same Direction,Dark Lighted,Clear,Dry,20.0,Male,North,Going Straight Ahead,Disregarded Traffic Signal,Alcohol,No Apparent Influence,18.0,Female,North,Stopped In Trafficway,No Improper Action,No Apparent Influence,No Apparent Influence,33.37829,-111.90926,2019-10-19,04:57:00
3597115,2019,Baseline Rd,Kyrene Rd,0.0,Intersection T Inter 203,0.0,0.0,No Injury,Sideswipe Same Direction,Daylight,Clear,Dry,74.0,Male,Northeast,Making Right Turn,Unknown,No Apparent Influence,No Apparent Influence,62.0,Female,Northeast,Making Right Turn,No Improper Action,No Apparent Influence,No Apparent Influence,33.3782,-111.94599,2019-10-19,16:38:00
3585064,2019,Rural Rd,Terrace Rd,-100.0,Intersection Related 206,2.0,0.0,Possible Injury,Rear End,Daylight,Clear,Dry,18.0,Male,North,Going Straight Ahead,Unknown,No Apparent Influence,No Apparent Influence,57.0,Male,North,Stopped In Trafficway,No Improper Action,No Apparent Influence,No Apparent Influence,33.42,-111.9263,2019-10-19,19:33:00
3584354,2019,Southern Ave,McClintock Dr,20.0,Intersection Related 206,0.0,0.0,No Injury,Rear End,Daylight,Clear,Dry,20.0,Female,West,Going Straight Ahead,Speed To Fast For Conditions,No Apparent Influence,No Apparent Influence,23.0,Male,West,Stopped In Trafficway,No Improper Action,No Apparent Influence,No Apparent Influence,33.39299,-111.90906,2019-10-19,19:55:00
3584897,2019,McClintock Dr,SR-202 Exit 8 A-Ramp,-30.0,Intersection Related 206,2.0,0.0,Possible Injury,Sideswipe Opposite Direction,Daylight,Clear,Dry,34.0,Male,South,Making Right Turn,Speed To Fast For Conditions,Alcohol,No Apparent Influence,41.0,Male,North,Stopped In Trafficway,No Improper Action,No Apparent Influence,No Apparent Influence,33.43637,-111.90961,2019-10-19,21:50:00
3584260,2019,McClintock Dr,University Dr,-10.0,Intersection 201,0.0,0.0,No Injury,Sideswipe Same Direction,Daylight,Clear,Dry,20.0,Male,South,Changing Lanes,Unsafe Lane Change,No Apparent Influence,No Apparent Influence,69.0,Female,South,Going Straight Ahead,No Improper Action,No Apparent Influence,No Apparent Influence,33.42196,-111.90909,2019-10-19,22:54:00
3590954,2019,McClintock Dr,University Dr,100.0,Intersection Related 206,0.0,0.0,No Injury,Sideswipe Same Direction,Unknown 51,Unknown,Dry,30.0,Male,South,Changing Lanes,Unsafe Lane Change,No Apparent Influence,No Apparent Influence,20.0,Female,South,Going Straight Ahead,No Improper Action,No Apparent Influence,No Apparent Influence,33.42226,-111.90911,2019-10-20,00:08:00
3585005,2019,Baseline Rd,Darrow Dr,-25.0,Intersection Related 206,0.0,0.0,No Injury,Rear End,Dark Lighted,Clear,Dry,39.0,Male,East,Going Straight Ahead,Speed To Fast For Conditions,No Apparent Influence,No Apparent Influence,27.0,Female,East,Going Straight Ahead,No Improper Action,No Apparent Influence,No Apparent Influence,33.37824,-111.96121,2019-10-20,01:25:00
3584918,2019,Rio Salado Pkwy,Priest Dr,30.0,Intersection Related 206,0.0,0.0,No Injury,Angle - Other Than Left Turn 2,Dark Lighted,Clear,Dry,64.0,Male,West,Making Right Turn,Unsafe Lane Change,No Apparent Influence,No Apparent Influence,26.0,Female,West,Making Right Turn,No Improper Action,No Apparent Influence,No Apparent Influence,33.42959,-111.96088,2019-10-20,02:40:00
3585000,2019,Rio Salado Pkwy,Price Rd,0.0,Intersection 201,2.0,0.0,Possible Injury,Sideswipe Same Direction,Daylight,Clear,Dry,24.0,Male,East,Changing Lanes,Unsafe Lane Change,No Apparent Influence,No Apparent Influence,47.0,Female,East,Going Straight Ahead,No Improper Action,No Apparent Influence,No Apparent Influence,33.42931,-111.89026,2019-10-20,16:42:00
3589105,2019,University Dr,Dorsey Ln,-10.0,Intersection 4 Way 202,0.0,0.0,No Injury,Rear End,Daylight,Clear,Dry,30.0,Female,East,Going Straight Ahead,Speed To Fast For Conditions,No Apparent Influence,No Apparent Influence,18.0,Female,East,Going Straight Ahead,No Improper Action,No Apparent Influence,No Apparent Influence,33.42202,-111.91772,2019-10-20,19:16:00
3585033,2019,University Dr,Evergreen Rd,0.0,Intersection 4 Way 202,2.0,0.0,Suspected Minor Injury,Left Turn,Dark Lighted,Clear,Dry,18.0,Male,North,Making Left Turn,Failed To Yield Right Of Way,No Apparent Influence,No Apparent Influence,42.0,Male,South,Going Straight Ahead,No Improper Action,No Apparent Influence,No Apparent Influence,33.42211,-111.88302,2019-10-21,01:16:00
3584904,2019,College Ave,6th St,0.0,Intersection 4 Way 202,0.0,0.0,No Injury,Angle - Other Than Left Turn 2,Dark Lighted,Clear,Dry,29.0,Female,Southwest,Making Left Turn,Failed To Yield Right Of Way,No Apparent Influence,No Apparent Influence,22.0,Female,Southeast,Making Left Turn,No Improper Action,No Apparent Influence,No Apparent Influence,33.42436,-111.93498,2019-10-21,04:27:00
3589185,2019,University Dr,Mill Ave,-15.0,Intersection Related 206,0.0,0.0,No Injury,Angle - Other Than Left Turn 2,Dark Lighted,Clear,Dry,22.0,Male,Southeast,Making Right Turn,No Improper Action,No Apparent Influence,No Apparent Influence,43.0,Male,Southeast,Making Right Turn,No Improper Action,No Apparent Influence,No Apparent Influence,33.42193,-111.94007,2019-10-21,05:15:00
3584724,2019,Warner Rd,Fairfield Dr,0.0,Intersection T Inter 203,2.0,0.0,Suspected Minor Injury,Left Turn,Daylight,Clear,Dry,27.0,Female,North,Making Left Turn,Failed To Yield Right Of Way,No Apparent Influence,No Apparent Influence,36.0,Female,East,Going Straight Ahead,No Improper Action,No Apparent Influence,No Apparent Influence,33.33474,-111.90109,2019-10-21,13:45:00
3584166,2019,Rural Rd,Vista Del Cerro Dr,-45.0,Intersection Related 206,1.0,0.0,Possible Injury,Rear End,Daylight,Clear,Dry,20.0,Female,North,Going Straight Ahead,Followed Too Closely,No Apparent Influence,No Apparent Influence,48.0,Male,North,Stopped In Trafficway,No Improper Action,No Apparent Influence,No Apparent Influence,33.41,-111.92628,2019-10-21,18:54:00
3584868,2019,Rural Rd,Terrace Rd,0.0,Intersection Related 206,0.0,0.0,No Injury,Rear End,Daylight,Clear,Dry,60.0,Male,North,Going Straight Ahead,Followed Too Closely,No Apparent Influence,No Apparent Influence,18.0,Male,North,Slowing In Trafficway,No Improper Action,No Apparent Influence,No Apparent Influence,33.42028,-111.9263,2019-10-21,21:02:00
3584256,2019,River Pkwy,Elliot Rd,0.0,Intersection Related 206,1.0,0.0,Possible Injury,Sideswipe Same Direction,Daylight,Clear,Dry,29.0,Male,South,Making Right Turn,Made Improper Turn,No Apparent Influence,No Apparent Influence,34.0,Female,South,Making Right Turn,No Improper Action,No Apparent Influence,No Apparent Influence,33.34928,-111.89791,2019-10-21,21:30:00
3584977,2019,Baseline Rd,Lakeshore Dr,0.0,Intersection 4 Way 202,2.0,0.0,Suspected Minor Injury,Angle - Other Than Left Turn 2,Daylight,Clear,Dry,34.0,Male,West,Going Straight Ahead,Disregarded Traffic Signal,No Apparent Influence,No Apparent Influence,29.0,Male,North,Going Straight Ahead,No Improper Action,No Apparent Influence,No Apparent Influence,33.37832,-111.9205,2019-10-21,21:37:00
3584987,2019,University Dr,Veterans Way,100.0,Not Junction Related,1.0,0.0,Possible Injury,Rear End,Daylight,Clear,Dry,57.0,Male,East,Stopped In Trafficway,Speed To Fast For Conditions,No Apparent Influence,No Apparent Influence,21.0,Female,East,Going Straight Ahead,No Improper Action,No Apparent Influence,No Apparent Influence,33.42202,-111.92861,2019-10-21,22:04:00
3584842,2019,Warner Rd,Beck Ave,150.0,Driveway Or Alley,0.0,0.0,No Injury,Sideswipe Same Direction,Daylight,Clear,Dry,52.0,Male,West,Changing Lanes,Unsafe Lane Change,No Apparent Influence,No Apparent Influence,69.0,Male,West,Going Straight Ahead,No Improper Action,No Apparent Influence,No Apparent Influence,33.33455,-111.95813,2019-10-21,23:21:00
3584840,2019,McClintock Dr,Don Carlos Ave,130.0,Intersection Related 206,0.0,0.0,No Injury,Sideswipe Same Direction,Dark Lighted,Clear,Dry,29.0,Female,South,Changing Lanes,Unsafe Lane Change,No Apparent Influence,No Apparent Influence,52.0,Male,South,Going Straight Ahead,No Improper Action,No Apparent Influence,No Apparent Influence,33.41784,-111.90911,2019-10-22,00:23:00
3584985,2019,McClintock Dr,Guadalupe Rd,50.0,Intersection Related 206,0.0,0.0,No Injury,Left Turn,Dark Lighted,Clear,Dry,50.0,Male,East,Making Left Turn,Failed To Yield Right Of Way,No Apparent Influence,No Apparent Influence,26.0,Male,North,Going Straight Ahead,No Improper Action,No Apparent Influence,No Apparent Influence,33.3639,-111.91126,2019-10-22,01:25:00
3590955,2019,Broadway Rd,Terrace Rd,15.0,Intersection Related 206,0.0,0.0,No Injury,Sideswipe Same Direction,Dark Lighted,Clear,Dry,33.0,Female,West,Making Right Turn,Made Improper Turn,No Apparent Influence,No Apparent Influence,38.0,Male,West,Going Straight Ahead,No Improper Action,No Apparent Influence,No Apparent Influence,33.40751,-111.92257,2019-10-22,02:06:00
3585007,2019,Southern Ave,George Dr,0.0,Not Junction Related,0.0,0.0,No Injury,Left Turn,Dark Lighted,Clear,Dry,26.0,Male,North,Making Left Turn,Failed To Yield Right Of Way,No Apparent Influence,No Apparent Influence,19.0,Male,West,Going Straight Ahead,No Improper Action,No Apparent Influence,No Apparent Influence,33.39301,-111.88769,2019-10-22,03:08:00
3584978,2019,Hardy Dr,Guadalupe Rd,30.0,Intersection Related 206,0.0,0.0,No Injury,Other,Daylight,Clear,Dry,46.0,Male,South,Backing,Other,No Apparent Influence,No Apparent Influence,33.0,Male,South,Stopped In Trafficway,No Improper Action,No Apparent Influence,No Apparent Influence,33.36377,-111.95453,2019-10-22,14:11:00
3584164,2019,Geneva Dr,Hardy Dr,31.0,Intersection Related 206,1.0,0.0,Suspected Minor Injury,Sideswipe Same Direction,Daylight,Clear,Dry,58.0,Male,West,Making Right Turn,Made Improper Turn,No Apparent Influence,No Apparent Influence,55.0,Male,West,Stopped In Trafficway,No Improper Action,No Apparent Influence,No Apparent Influence,33.39493,-111.952,2019-10-22,14:48:00
3584348,2019,University Dr,Mill Ave,-40.0,Intersection Related 206,0.0,0.0,No Injury,Rear End,Daylight,Clear,Dry,73.0,Female,East,Going Straight Ahead,Speed To Fast For Conditions,No Apparent Influence,No Apparent Influence,23.0,Male,East,Stopped In Trafficway,No Improper Action,No Apparent Influence,No Apparent Influence,33.42193,-111.94015,2019-10-22,15:39:00
3588615,2019,Broadway Rd,Price Rd,200.0,Intersection Related 206,0.0,0.0,No Injury,Sideswipe Same Direction,Daylight,Clear,Dry,73.0,Female,West,Changing Lanes,Unsafe Lane Change,No Apparent Influence,No Apparent Influence,60.0,Male,West,Going Straight Ahead,No Improper Action,No Apparent Influence,No Apparent Influence,33.40749,-111.88968,2019-10-22,17:32:00