Incident_ID,Year,Street_Name,Cross_Street,Distance,Junction_Relation,Total_Injuries,Total_Fatalities,Injury_Severity,Collision_Manner,Light_Condition,Weather,Surface_Condition,Age_1,Gender_1,Travel_One,UnitAction_One,Violation1_Drv1,AlcoholUse_ 1,DrugUse_1,Age_2,Gender_2,TravelDirection_2,UnitAction_2,Violation_2,AlcoholUse_2,DrugUse_2,Latitude,Longitude,Date,Time
3589165,2019,48th St,Broadway Rd,30.0,Intersection Related 206,0.0,0.0,No Injury,Rear End,Dark Lighted,Clear,Dry,19.0,Male,South,Going Straight Ahead,Speed To Fast For Conditions,No Apparent Influence,No Apparent Influence,62.0,Female,South,Stopped In Trafficway,No Improper Action,No Apparent Influence,No Apparent Influence,33.40741,-111.97828,2019-11-13,12:42:00
3593765,2019,Roosevelt St,7th St,-110.0,Not Junction Related,0.0,0.0,No Injury,U Turn,Daylight,Clear,Dry,21.0,Male,South,Making U Turn,Other,No Apparent Influence,No Apparent Influence,35.0,Female,South,Going Straight Ahead,No Improper Action,No Apparent Influence,No Apparent Influence,33.42293,-111.94728,2019-11-13,14:26:00
3594135,2019,Broadway Rd,Roosevelt St,0.0,Intersection 4 Way 202,0.0,0.0,No Injury,Angle - Other Than Left Turn 2,Daylight,Clear,Dry,29.0,Male,West,Going Straight Ahead,Disregarded Traffic Signal,No Apparent Influence,No Apparent Influence,33.0,Female,South,Going Straight Ahead,No Improper Action,No Apparent Influence,No Apparent Influence,33.40738,-111.94785,2019-11-13,15:15:00
3609006,2019,Priest Dr,SR-202 Non-Cardinal Frontage,0.0,Intersection 4 Way 202,0.0,0.0,No Injury,Left Turn,Daylight,Clear,Dry,38.0,Male,North,Going Straight Ahead,Disregarded Traffic Signal,No Apparent Influence,No Apparent Influence,37.0,Female,West,Making Left Turn,No Improper Action,No Apparent Influence,No Apparent Influence,33.4385,-111.96084,2019-11-13,16:11:00
3594126,2019,Rio Salado Pkwy,River Dr,-55.0,Intersection Related 206,0.0,0.0,No Injury,Rear End,Daylight,Clear,Dry,35.0,Male,East,Going Straight Ahead,Followed Too Closely,No Apparent Influence,No Apparent Influence,56.0,Male,East,Slowing In Trafficway,No Improper Action,No Apparent Influence,No Apparent Influence,33.42936,-111.89551,2019-11-13,16:18:00
3589110,2019,Guadalupe Rd,Price Rd,-30.0,Intersection Related 206,1.0,0.0,Suspected Minor Injury,Rear End,Daylight,Clear,Dry,32.0,Male,East,Going Straight Ahead,Followed Too Closely,No Apparent Influence,No Apparent Influence,21.0,Female,East,Stopped In Trafficway,No Improper Action,No Apparent Influence,No Apparent Influence,33.36389,-111.89477,2019-11-13,16:30:00
3589162,2019,Rural Rd,Apache Blvd,60.0,Intersection Related 206,1.0,0.0,Possible Injury,Rear End,Daylight,Clear,Dry,20.0,Female,South,Going Straight Ahead,Followed Too Closely,No Apparent Influence,No Apparent Influence,33.0,Female,South,Stopped In Trafficway,No Improper Action,No Apparent Influence,No Apparent Influence,33.41493,-111.92629,2019-11-13,19:43:00
3594123,2019,48th St,Broadway Rd,116.0,Intersection Related 206,1.0,0.0,Suspected Minor Injury,Sideswipe Same Direction,Daylight,Clear,Dry,36.0,Male,South,Avoiding Vehicle Object Pedestrian,Unsafe Lane Change,No Apparent Influence,No Apparent Influence,53.0,Female,South,Going Straight Ahead,No Improper Action,No Apparent Influence,No Apparent Influence,33.40765,-111.97826,2019-11-13,20:46:00
3594282,2019,Price Rd,University Dr,0.0,Intersection 4 Way 202,1.0,0.0,Suspected Minor Injury,Angle - Other Than Left Turn 2,Daylight,Clear,Dry,51.0,Female,West,Going Straight Ahead,Disregarded Traffic Signal,No Apparent Influence,No Apparent Influence,20.0,Female,South,Going Straight Ahead,No Improper Action,No Apparent Influence,No Apparent Influence,33.42202,-111.89031,2019-11-13,21:37:00
3589117,2019,McClintock Dr,Southern Ave,-15.0,Intersection Related 206,0.0,0.0,No Injury,Left Turn,Daylight,Clear,Dry,32.0,Male,West,Making Left Turn,Speed To Fast For Conditions,No Apparent Influence,No Apparent Influence,43.0,Female,North,Stopped In Trafficway,No Improper Action,No Apparent Influence,No Apparent Influence,33.39295,-111.90913,2019-11-13,22:07:00
3593510,2019,Rural Rd,Libra Dr,100.0,Intersection Related 206,1.0,0.0,Suspected Minor Injury,Sideswipe Same Direction,Daylight,Clear,Dry,46.0,Female,South,Changing Lanes,Unsafe Lane Change,No Apparent Influence,No Apparent Influence,37.0,Female,South,Going Straight Ahead,No Improper Action,No Apparent Influence,No Apparent Influence,33.36585,-111.92862,2019-11-13,22:51:00
3594215,2019,Southern Ave,Hardy Dr,0.0,Intersection 4 Way 202,1.0,0.0,Suspected Minor Injury,Left Turn,Dark Lighted,Clear,Dry,33.0,Male,West,Making Left Turn,Failed To Yield Right Of Way,No Apparent Influence,No Apparent Influence,29.0,Male,East,Going Straight Ahead,No Improper Action,No Apparent Influence,No Apparent Influence,33.39286,-111.95198,2019-11-14,01:30:00
3589127,2019,Elliot Rd,I-10 Exit 157 A-Ramp,0.0,Intersection 201,0.0,0.0,No Injury,Angle - Other Than Left Turn 2,Dark Lighted,Clear,Dry,63.0,Male,South,Going Straight Ahead,Failed To Keep In Proper Lane,No Apparent Influence,No Apparent Influence,24.0,Male,South,Making Left Turn,No Improper Action,No Apparent Influence,No Apparent Influence,33.34907,-111.97283,2019-11-14,02:07:00
3594137,2019,Rural Rd,University Dr,20.0,Intersection 4 Way 202,0.0,0.0,No Injury,Left Turn,Dark Lighted,Clear,Dry,18.0,Male,North,Making Left Turn,Unsafe Lane Change,No Apparent Influence,No Apparent Influence,19.0,Female,West,Going Straight Ahead,No Improper Action,No Apparent Influence,No Apparent Influence,33.42208,-111.92631,2019-11-14,02:57:00
3593521,2019,University Dr,52nd St,0.0,Intersection 4 Way 202,2.0,0.0,Suspected Minor Injury,Left Turn,Daylight,Clear,Dry,33.0,Male,West,Making Left Turn,Failed To Yield Right Of Way,No Apparent Influence,No Apparent Influence,32.0,Male,East,Going Straight Ahead,No Improper Action,No Apparent Influence,No Apparent Influence,33.42194,-111.96957,2019-11-14,15:37:00
3593509,2019,Elliot Rd,Rural Rd,0.0,Intersection 4 Way 202,0.0,0.0,No Injury,Left Turn,Daylight,Clear,Dry,22.0,Female,East,Making Left Turn,Failed To Yield Right Of Way,No Apparent Influence,No Apparent Influence,49.0,Female,West,Going Straight Ahead,No Improper Action,No Apparent Influence,No Apparent Influence,33.34919,-111.92848,2019-11-14,16:17:00
3597640,2019,McClintock Dr,Guadalupe Rd,-123.0,Intersection Related 206,1.0,0.0,Suspected Minor Injury,Rear End,Daylight,Clear,Dry,52.0,Female,North,Going Straight Ahead,Speed To Fast For Conditions,No Apparent Influence,No Apparent Influence,22.0,Female,North,Stopped In Trafficway,No Improper Action,No Apparent Influence,No Apparent Influence,33.36343,-111.91125,2019-11-14,19:18:00
3593690,2019,University Dr,Casitas Dr,168.0,Driveway Or Alley,0.0,0.0,No Injury,Left Turn,Daylight,Clear,Dry,40.0,Female,North,Making Left Turn,Failed To Yield Right Of Way,No Apparent Influence,No Apparent Influence,30.0,Female,East,Going Straight Ahead,No Improper Action,No Apparent Influence,No Apparent Influence,33.42201,-111.90674,2019-11-14,21:34:00
3593695,2019,Terrace Rd,Lemon St,78.0,Intersection 4 Way 202,0.0,0.0,No Injury,Left Turn,Daylight,Clear,Dry,21.0,Female,South,Making Left Turn,Failed To Yield Right Of Way,No Apparent Influence,No Apparent Influence,56.0,Male,North,Going Straight Ahead,No Improper Action,No Apparent Influence,No Apparent Influence,33.41691,-111.92259,2019-11-14,22:17:00
3594351,2019,Grove Pkwy,Priest Dr,0.0,Intersection T Inter 203,2.0,0.0,Suspected Minor Injury,Left Turn,Daylight,Unknown,Dry,35.0,Female,North,Making Left Turn,Failed To Yield Right Of Way,No Apparent Influence,No Apparent Influence,69.0,Male,South,Going Straight Ahead,No Improper Action,No Apparent Influence,No Apparent Influence,33.35148,-111.96246,2019-11-15,00:31:00
3593645,2019,McClintock Dr,Warner Rd,0.0,Intersection 4 Way 202,2.0,0.0,Suspected Minor Injury,Left Turn,Dusk,Clear,Dry,29.0,Male,East,Making Left Turn,Failed To Yield Right Of Way,No Apparent Influence,No Apparent Influence,84.0,Male,West,Going Straight Ahead,No Improper Action,No Apparent Influence,No Apparent Influence,33.33464,-111.91118,2019-11-15,00:37:00
3589144,2019,Broadway Rd,Rural Rd,0.0,Intersection 4 Way 202,0.0,0.0,No Injury,Left Turn,Dark Lighted,Clear,Dry,44.0,Male,West,Making Left Turn,Failed To Yield Right Of Way,No Apparent Influence,No Apparent Influence,25.0,Male,East,Going Straight Ahead,No Improper Action,No Apparent Influence,No Apparent Influence,33.4075,-111.92628,2019-11-15,01:48:00
3593678,2019,Rural Rd,Spence Ave,-186.0,Not Junction Related,0.0,0.0,No Injury,Rear End,Daylight,Clear,Dry,18.0,Female,South,Going Straight Ahead,Speed To Fast For Conditions,No Apparent Influence,No Apparent Influence,22.0,Male,South,Stopped In Trafficway,No Improper Action,No Apparent Influence,No Apparent Influence,33.41236,-111.92629,2019-11-15,05:22:00
3613978,2019,McClintock Dr,Palmcroft Dr,0.0,Intersection T Inter 203,0.0,0.0,No Injury,Angle - Other Than Left Turn 2,Dark Lighted,Clear,Dry,23.0,Female,Southeast,Making Left Turn,Failed To Yield Right Of Way,No Apparent Influence,No Apparent Influence,18.0,Female,North,Going Straight Ahead,No Improper Action,No Apparent Influence,No Apparent Influence,33.40466,-111.90913,2019-11-15,05:22:00
3593540,2019,Broadway Rd,Terrace Rd,0.0,Intersection 4 Way 202,2.0,0.0,Suspected Minor Injury,Left Turn,Daylight,Clear,Dry,20.0,Female,West,Making Left Turn,Failed To Yield Right Of Way,No Apparent Influence,No Apparent Influence,22.0,Male,East,Going Straight Ahead,No Improper Action,No Apparent Influence,No Apparent Influence,33.40751,-111.92261,2019-11-15,18:32:00
3593505,2019,Elliot Rd,Price Rd,-80.0,Intersection Related 206,0.0,0.0,No Injury,Rear End,Daylight,Clear,Dry,19.0,Male,East,Going Straight Ahead,Followed Too Closely,No Apparent Influence,No Apparent Influence,64.0,Female,East,Stopped In Trafficway,No Improper Action,No Apparent Influence,No Apparent Influence,33.34934,-111.89463,2019-11-15,19:29:00
3607967,2019,Rural Rd,University Dr,-40.0,Intersection Related 206,0.0,0.0,No Injury,Sideswipe Same Direction,Daylight,Clear,Dry,30.0,Female,North,Changing Lanes,Unknown,No Apparent Influence,No Apparent Influence,36.0,Female,North,Going Straight Ahead,No Improper Action,No Apparent Influence,No Apparent Influence,33.42192,-111.92631,2019-11-15,20:15:00
3593528,2019,Warner Rd,River Pkwy,0.0,Intersection T Inter 203,2.0,0.0,Suspected Minor Injury,Left Turn,Daylight,Clear,Dry,39.0,Male,West,Going Straight Ahead,Disregarded Traffic Signal,No Apparent Influence,No Apparent Influence,25.0,Male,South,Making Left Turn,No Improper Action,No Apparent Influence,No Apparent Influence,33.33478,-111.89767,2019-11-15,20:16:00
3594187,2019,Mill Ave,Hermosa Dr,0.0,Intersection 4 Way 202,0.0,0.0,No Injury,Left Turn,Daylight,Clear,Dry,52.0,Male,South,Going Straight Ahead,Unknown,No Apparent Influence,No Apparent Influence,20.0,Female,East,Making Left Turn,Unknown,No Apparent Influence,No Apparent Influence,33.38821,-111.93953,2019-11-15,20:19:00
3593506,2019,48th St,Fairmont Dr,-180.0,Driveway Or Alley,1.0,0.0,Suspected Minor Injury,Angle - Other Than Left Turn 2,Daylight,Clear,Dry,33.0,Female,West,Making Right Turn,Failed To Yield Right Of Way,No Apparent Influence,No Apparent Influence,23.0,Female,North,Going Straight Ahead,No Improper Action,No Apparent Influence,No Apparent Influence,33.39591,-111.97833,2019-11-15,23:04:00
3593563,2019,McClintock Dr,Elliot Rd,15.0,Intersection Related 206,0.0,0.0,No Injury,Rear End,Daylight,Clear,Dry,24.0,Male,South,Going Straight Ahead,Followed Too Closely,No Apparent Influence,No Apparent Influence,22.0,Female,South,Making Right Turn,No Improper Action,No Apparent Influence,No Apparent Influence,33.34917,-111.91119,2019-11-16,00:27:00
3589150,2019,Apache Blvd,Martin Ln,100.0,Intersection Related 206,0.0,0.0,No Injury,Rear End,Dark Lighted,Clear,Dry,38.0,Female,West,Going Straight Ahead,Followed Too Closely,No Apparent Influence,No Apparent Influence,22.0,Male,West,Stopped In Trafficway,No Improper Action,No Apparent Influence,No Apparent Influence,33.41477,-111.90124,2019-11-16,01:42:00
3593515,2019,Rural Rd,Rio Salado Pkwy,0.0,Intersection 4 Way 202,0.0,0.0,No Injury,Angle - Other Than Left Turn 2,Dark Lighted,Clear,Dry,18.0,Male,South,Making Left Turn,Made Improper Turn,No Apparent Influence,No Apparent Influence,20.0,Male,Northwest,Going Straight Ahead,No Improper Action,No Apparent Influence,No Apparent Influence,33.42885,-111.92629,2019-11-16,03:25:00
3593754,2019,Scottsdale Rd,Weber Dr,0.0,Intersection 4 Way 202,2.0,0.0,Suspected Minor Injury,Left Turn,Daylight,Clear,Dry,24.0,Female,North,Making Left Turn,Failed To Yield Right Of Way,No Apparent Influence,No Apparent Influence,54.0,Male,West,Going Straight Ahead,No Improper Action,No Apparent Influence,No Apparent Influence,33.44399,-111.92644,2019-11-16,18:21:00
3636699,2019,Apache Blvd,Price Rd,0.0,Intersection 201,0.0,0.0,No Injury,Left Turn,Daylight,Clear,Dry,19.0,Male,East,Going Straight Ahead,Disregarded Traffic Signal,No Apparent Influence,No Apparent Influence,43.0,Female,North,Making Left Turn,No Improper Action,No Apparent Influence,No Apparent Influence,33.41479,-111.89073,2019-11-16,22:10:00
3593780,2019,Kyrene Rd,Elliot Rd,0.0,Intersection 4 Way 202,1.0,0.0,Possible Injury,Left Turn,Daylight,Clear,Dry,60.0,Male,North,Making Left Turn,Failed To Yield Right Of Way,No Apparent Influence,No Apparent Influence,53.0,Male,West,Going Straight Ahead,No Improper Action,No Apparent Influence,No Apparent Influence,33.3492,-111.94573,2019-11-16,23:25:00
3598083,2019,Hardy Dr,5th St,0.0,Intersection 4 Way 202,0.0,0.0,No Injury,Angle - Other Than Left Turn 2,Dark Lighted,Clear,Dry,55.0,Male,East,Going Straight Ahead,Ran Stop Sign,Alcohol,No Apparent Influence,27.0,Female,South,Going Straight Ahead,No Improper Action,No Apparent Influence,No Apparent Influence,33.42549,-111.95227,2019-11-17,02:47:00
3605135,2019,University Dr,Priest Dr,0.0,Intersection Related Non Interchange,0.0,0.0,No Injury,Left Turn,Dark Lighted,Clear,Dry,19.0,Female,North,Making Left Turn,Failed To Yield Right Of Way,No Apparent Influence,No Apparent Influence,25.0,Male,West,Going Straight Ahead,No Improper Action,No Apparent Influence,No Apparent Influence,33.42194,-111.96092,2019-11-17,07:32:00
3593524,2019,Elliot Rd,I-10 Exit 157 A-Ramp,30.0,Intersection Related 206,0.0,0.0,No Injury,Sideswipe Same Direction,Daylight,Clear,Dry,68.0,Female,South,Making Left Turn,Unknown,No Apparent Influence,No Apparent Influence,66.0,Male,South,Making Left Turn,Unknown,No Apparent Influence,No Apparent Influence,33.34908,-111.97273,2019-11-17,23:45:00
3594136,2019,Scottsdale Rd,Curry Rd,-93.0,Intersection Related 206,1.0,0.0,Suspected Minor Injury,Rear End,Daylight,Clear,Dry,29.0,Female,North,Going Straight Ahead,Followed Too Closely,No Apparent Influence,No Apparent Influence,30.0,Female,North,Going Straight Ahead,No Improper Action,No Apparent Influence,No Apparent Influence,33.44004,-111.92633,2019-11-18,15:12:00
3593662,2019,Apache Blvd,Martin Ln,0.0,Intersection 4 Way 202,2.0,0.0,Suspected Minor Injury,Left Turn,Daylight,Clear,Dry,41.0,Male,East,Going Straight Ahead,Disregarded Traffic Signal,No Apparent Influence,No Apparent Influence,56.0,Male,West,Making Left Turn,No Improper Action,No Apparent Influence,No Apparent Influence,33.41477,-111.90157,2019-11-18,17:49:00
3594213,2019,Priest Dr,University Dr,-63.0,Intersection Related 206,1.0,0.0,Suspected Minor Injury,Rear End,Daylight,Clear,Dry,29.0,Female,North,Going Straight Ahead,Followed Too Closely,No Apparent Influence,No Apparent Influence,53.0,Male,North,Stopped In Trafficway,No Improper Action,No Apparent Influence,No Apparent Influence,33.42177,-111.96091,2019-11-18,19:14:00
3593655,2019,University Dr,SR-143 Exit 1 T-Ramp,0.0,Intersection Related 206,0.0,0.0,No Injury,Rear End,Daylight,Clear,Dry,52.0,Male,North,Making Right Turn,Failed To Yield Right Of Way,No Apparent Influence,No Apparent Influence,32.0,Male,East,Going Straight Ahead,No Improper Action,No Apparent Influence,No Apparent Influence,33.42189,-111.97767,2019-11-18,19:28:00
3594163,2019,Rural Rd,Alameda Dr,-60.0,Intersection 201,0.0,0.0,No Injury,Rear End,Daylight,Clear,Dry,18.0,Male,South,Going Straight Ahead,Speed To Fast For Conditions,No Apparent Influence,No Apparent Influence,23.0,Male,South,Stopped In Trafficway,No Improper Action,No Apparent Influence,No Apparent Influence,33.40006,-111.92631,2019-11-18,20:13:00
3593659,2019,McClintock Dr,SR-202 Exit 8 A-Ramp,-100.0,Not Junction Related,0.0,0.0,No Injury,Sideswipe Same Direction,Daylight,Clear,Dry,63.0,Male,South,Changing Lanes,Unsafe Lane Change,No Apparent Influence,No Apparent Influence,20.0,Female,South,Going Straight Ahead,No Improper Action,No Apparent Influence,No Apparent Influence,33.43618,-111.9096,2019-11-18,20:49:00
3593656,2019,Broadway Rd,Price Rd,-125.0,Intersection Related 206,0.0,0.0,No Injury,Rear End,Daylight,Clear,Dry,52.0,Female,East,Going Straight Ahead,Followed Too Closely,No Apparent Influence,No Apparent Influence,63.0,Female,East,Stopped In Trafficway,No Improper Action,No Apparent Influence,No Apparent Influence,33.40747,-111.89074,2019-11-18,21:39:00
3596830,2019,Price Rd,Guadalupe Rd,-0.5,Intersection T Inter 203,2.0,0.0,Suspected Minor Injury,Angle - Other Than Left Turn 2,Daylight,Unknown,Dry,38.0,Female,East,Going Straight Ahead,Failed To Yield Right Of Way,No Apparent Influence,No Apparent Influence,34.0,Male,South,Going Straight Ahead,No Improper Action,No Apparent Influence,No Apparent Influence,33.35664,-111.8949,2019-11-18,22:42:00
3597618,2019,Scottsdale Rd,Papago Dr,215.0,Not Junction Related,0.0,0.0,No Injury,Sideswipe Same Direction,Daylight,Cloudy,Dry,25.0,Male,South,Changing Lanes,Unsafe Lane Change,No Apparent Influence,No Apparent Influence,49.0,Male,South,Going Straight Ahead,No Improper Action,No Apparent Influence,No Apparent Influence,33.45401,-111.92643,2019-11-18,22:53:00
3598114,2019,University Dr,Lindon Ln,0.0,Not Junction Related,2.0,0.0,Suspected Minor Injury,Rear End,Dusk,Clear,Dry,22.0,Female,East,Going Straight Ahead,Speed To Fast For Conditions,No Apparent Influence,No Apparent Influence,48.0,Male,East,Slowing In Trafficway,No Improper Action,No Apparent Influence,No Apparent Influence,33.42194,-111.96524,2019-11-19,00:10:00
3593739,2019,Rural Rd,E Terrace Rd,30.0,Not Junction Related,0.0,0.0,No Injury,Rear End,Dark Lighted,Clear,Dry,24.0,Male,North,Going Straight Ahead,Speed To Fast For Conditions,No Apparent Influence,No Apparent Influence,23.0,Male,North,Changing Lanes,Unsafe Lane Change,No Apparent Influence,No Apparent Influence,33.41922,-111.9263,2019-11-19,01:30:00
3593706,2019,Price Rd,Rio Salado Pkwy,0.0,Intersection 4 Way 202,0.0,0.0,No Injury,Sideswipe Same Direction,Dark Lighted,Cloudy,Dry,66.0,Female,Southeast,Making Left Turn,Unknown,No Apparent Influence,No Apparent Influence,37.0,Male,Southeast,Making Left Turn,Unknown,No Apparent Influence,No Apparent Influence,33.42938,-111.89183,2019-11-19,01:38:00
3593547,2019,George Dr,Loyola Dr,20.0,Intersection Related 206,0.0,0.0,No Injury,Rear End,Dark Not Lighted,Unknown,Dry,21.0,Female,North,Going Straight Ahead,Speed To Fast For Conditions,No Apparent Influence,No Apparent Influence,30.0,Male,North,Slowing In Trafficway,No Improper Action,No Apparent Influence,No Apparent Influence,33.39636,-111.88794,2019-11-19,02:10:00
3593742,2019,Mill Ave,University Dr,-25.0,Not Junction Related,0.0,0.0,No Injury,Rear End,Dark Lighted,Clear,Dry,22.0,Female,North,Going Straight Ahead,Speed To Fast For Conditions,No Apparent Influence,No Apparent Influence,20.0,Female,North,Stopped In Trafficway,No Improper Action,No Apparent Influence,No Apparent Influence,33.42187,-111.94001,2019-11-19,02:44:00
3597633,2019,McClintock Dr,Rio Salado Pkwy,85.0,Not Junction Related,0.0,0.0,No Injury,Left Turn,Dark Lighted,Clear,Dry,18.0,Female,West,Making Left Turn,Failed To Yield Right Of Way,No Apparent Influence,No Apparent Influence,36.0,Male,North,Going Straight Ahead,No Improper Action,No Apparent Influence,No Apparent Influence,33.4295,-111.90908,2019-11-19,03:24:00
3598194,2019,Priest Dr,SR-202 Cardinal Frontage,0.0,Intersection Related 206,0.0,0.0,No Injury,Unknown,Dark Lighted,Clear,Dry,36.0,Male,North,Going Straight Ahead,Other,No Apparent Influence,No Apparent Influence,26.0,Male,North,Stopped In Trafficway,No Improper Action,No Apparent Influence,No Apparent Influence,33.43715,-111.96094,2019-11-19,03:26:00
3594125,2019,Priest Dr,SR-202 Exit 5 J-Ramp,0.0,Intersection 201,1.0,0.0,Suspected Minor Injury,Left Turn,Dark Lighted,Clear,Dry,48.0,Male,West,Making Left Turn,Disregarded Traffic Signal,No Apparent Influence,No Apparent Influence,34.0,Male,South,Going Straight Ahead,No Improper Action,No Apparent Influence,No Apparent Influence,33.4385,-111.96084,2019-11-19,12:03:00
3593654,2019,Elliot Rd,Rural Rd,0.0,Intersection 4 Way 202,2.0,0.0,Suspected Minor Injury,Left Turn,Daylight,Clear,Dry,23.0,Female,East,Making Left Turn,Failed To Yield Right Of Way,No Apparent Influence,No Apparent Influence,24.0,Female,West,Going Straight Ahead,No Improper Action,No Apparent Influence,No Apparent Influence,33.34919,-111.92848,2019-11-19,13:30:00
3598084,2019,Kyrene Rd,Duke Dr,-67.0,Not Junction Related,0.0,0.0,No Injury,Rear End,Daylight,Cloudy,Dry,32.0,Female,North,Going Straight Ahead,Speed To Fast For Conditions,No Apparent Influence,No Apparent Influence,47.0,Male,North,Stopped In Trafficway,No Improper Action,No Apparent Influence,No Apparent Influence,33.37534,-111.94597,2019-11-19,14:10:00
3593691,2019,Darrow Dr,Priest Dr,-67.0,Intersection Related 206,0.0,0.0,No Injury,Rear End,Daylight,Cloudy,Dry,24.0,Male,West,Going Straight Ahead,Followed Too Closely,No Apparent Influence,No Apparent Influence,60.0,Female,West,Stopped In Trafficway,No Improper Action,No Apparent Influence,No Apparent Influence,33.38056,-111.96142,2019-11-19,14:26:00
3593661,2019,Carson Dr,Dorsey Ln,161.0,Driveway Or Alley,0.0,0.0,No Injury,Left Turn,Daylight,Cloudy,Dry,35.0,Female,South,Making Left Turn,Failed To Yield Right Of Way,No Apparent Influence,No Apparent Influence,32.0,Female,North,Stopped In Trafficway,No Improper Action,No Apparent Influence,No Apparent Influence,33.38347,-111.91687,2019-11-19,15:56:00
3593658,2019,McClintock Dr,University Dr,110.0,Intersection Related 206,1.0,0.0,Possible Injury,Rear End,Daylight,Rain,Dry,62.0,Female,South,Going Straight Ahead,Followed Too Closely,No Apparent Influence,No Apparent Influence,62.0,Female,South,Stopped In Trafficway,No Improper Action,No Apparent Influence,No Apparent Influence,33.42228,-111.90911,2019-11-19,21:28:00
3593640,2019,Rural Rd,Guadalupe Rd,79.0,Intersection Related 206,0.0,0.0,No Injury,Rear End,Daylight,Rain,Wet,51.0,Male,South,Slowing In Trafficway,Followed Too Closely,No Apparent Influence,No Apparent Influence,18.0,Female,South,Stopped In Trafficway,No Improper Action,No Apparent Influence,No Apparent Influence,33.36397,-111.92861,2019-11-19,22:05:00
3593762,2019,McClintock Dr,Calle De Caballos,100.0,Intersection Related 206,1.0,0.0,Suspected Minor Injury,Rear End,Daylight,Rain,Wet,25.0,Female,South,Going Straight Ahead,Followed Too Closely,No Apparent Influence,No Apparent Influence,31.0,Male,South,Slowing In Trafficway,No Improper Action,No Apparent Influence,No Apparent Influence,33.33991,-111.91118,2019-11-19,22:41:00
3593757,2019,Priest Dr,23rd St,0.0,Intersection 4 Way 202,1.0,0.0,Suspected Minor Injury,Left Turn,Daylight,Cloudy,Dry,31.0,Male,East,Making Left Turn,Unknown,No Apparent Influence,No Apparent Influence,51.0,Male,West,Unknown,Unknown,No Apparent Influence,No Apparent Influence,33.40368,-111.96078,2019-11-19,23:22:00
3598115,2019,Playa Del Norte Dr,Miller Rd,-100.0,Not Junction Related,2.0,0.0,Suspected Minor Injury,Sideswipe Opposite Direction,Dusk,Cloudy,Wet,22.0,Female,Southwest,Going Straight Ahead,Speed To Fast For Conditions,No Apparent Influence,No Apparent Influence,22.0,Male,East,Going Straight Ahead,No Improper Action,No Apparent Influence,No Apparent Influence,33.43554,-111.92048,2019-11-19,23:23:00
3597639,2019,Rio Salado Pkwy,River Dr,80.0,Not Junction Related,0.0,0.0,No Injury,Rear End,Dusk,Rain,Wet,17.0,Female,East,Slowing In Trafficway,Speed To Fast For Conditions,No Apparent Influence,No Apparent Influence,26.0,Female,East,Stopped In Trafficway,No Improper Action,No Apparent Influence,No Apparent Influence,33.42936,-111.89507,2019-11-20,00:02:00
3594203,2019,Southern Ave,48th St,80.0,Intersection Related 206,0.0,0.0,No Injury,Sideswipe Same Direction,Daylight,Rain,Wet,20.0,Female,East,Changing Lanes,Unsafe Lane Change,No Apparent Influence,No Apparent Influence,40.0,Male,East,Going Straight Ahead,No Improper Action,No Apparent Influence,No Apparent Influence,33.39277,-111.97808,2019-11-20,00:25:00
3598076,2019,Mill Ave,14th St,-90.0,Not Junction Related,2.0,0.0,Possible Injury,Rear End,Dark Lighted,Rain,Wet,82.0,Female,South,Slowing In Trafficway,Speed To Fast For Conditions,No Apparent Influence,No Apparent Influence,50.0,Male,South,Stopped In Trafficway,No Improper Action,No Apparent Influence,No Apparent Influence,33.41325,-111.93989,2019-11-20,00:35:00
3593760,2019,Price Rd,Southern Ave,0.0,Intersection 4 Way 202,0.0,0.0,No Injury,Sideswipe Same Direction,Daylight,Rain,Dry,60.0,Female,North,Unknown,Unknown,No Apparent Influence,No Apparent Influence,50.0,Male,North,Unknown,Unknown,No Apparent Influence,No Apparent Influence,33.39295,-111.89045,2019-11-20,01:10:00
3593685,2019,Fairmont Dr,Roosevelt St,0.0,Intersection 4 Way 202,0.0,0.0,No Injury,Angle - Other Than Left Turn 2,Unknown 51,Unknown,Dry,22.0,Male,East,Going Straight Ahead,Failed To Yield Right Of Way,No Apparent Influence,No Apparent Influence,33.0,Male,South,Going Straight Ahead,No Improper Action,No Apparent Influence,No Apparent Influence,33.39648,-111.94783,2019-11-20,01:32:00
3593704,2019,McClintock Dr,Rio Salado Pkwy,64.0,Intersection Related 206,0.0,0.0,No Injury,Rear End,Dark Not Lighted,Cloudy,Dry,19.0,Male,South,Going Straight Ahead,Speed To Fast For Conditions,No Apparent Influence,No Apparent Influence,30.0,Male,South,Going Straight Ahead,No Improper Action,No Apparent Influence,No Apparent Influence,33.42944,-111.90907,2019-11-20,02:12:00
3596827,2019,University Dr,Dorsey Ln,10.0,Intersection Related 206,1.0,0.0,Suspected Minor Injury,Rear End,Dark Lighted,Rain,Wet,48.0,Male,West,Going Straight Ahead,Speed To Fast For Conditions,No Apparent Influence,No Apparent Influence,22.0,Male,West,Going Straight Ahead,No Improper Action,No Apparent Influence,No Apparent Influence,33.42202,-111.91766,2019-11-20,02:38:00