Incident_ID,Year,Street_Name,Cross_Street,Distance,Junction_Relation,Total_Injuries,Total_Fatalities,Injury_Severity,Collision_Manner,Light_Condition,Weather,Surface_Condition,Age_1,Gender_1,Travel_One,UnitAction_One,Violation1_Drv1,AlcoholUse_ 1,DrugUse_1,Age_2,Gender_2,TravelDirection_2,UnitAction_2,Violation_2,AlcoholUse_2,DrugUse_2,Latitude,Longitude,Date,Time
3605349,2019,McClintock Dr,US-60 Exit 175 J-Ramp,-151.0,Intersection Related 206,0.0,0.0,No Injury,Sideswipe Same Direction,Daylight,Clear,Dry,36.0,Male,North,Changing Lanes,Unknown,No Apparent Influence,No Apparent Influence,22.0,Male,North,Changing Lanes,Unknown,No Apparent Influence,No Apparent Influence,33.38583,-111.9092,2019-11-27,16:11:00
3598123,2019,Guadalupe Rd,Price Rd,0.0,Intersection 4 Way 202,0.0,0.0,No Injury,Angle - Other Than Left Turn 2,Daylight,Clear,Dry,55.0,Female,East,Going Straight Ahead,Disregarded Traffic Signal,No Apparent Influence,No Apparent Influence,58.0,Male,South,Going Straight Ahead,No Improper Action,No Apparent Influence,No Apparent Influence,33.36389,-111.89467,2019-11-27,17:04:00
3606713,2019,Mill Ave,University Dr,-30.0,Intersection Related 206,0.0,0.0,No Injury,Rear End,Daylight,Clear,Dry,32.0,Male,North,Going Straight Ahead,Followed Too Closely,No Apparent Influence,No Apparent Influence,24.0,Male,North,Stopped In Trafficway,No Improper Action,No Apparent Influence,No Apparent Influence,33.42185,-111.94001,2019-11-27,17:49:00
3599717,2019,Southern Ave,Price Rd,-79.0,Not Junction Related,0.0,0.0,No Injury,Sideswipe Same Direction,Daylight,Clear,Dry,80.0,Male,West,Changing Lanes,Unsafe Lane Change,No Apparent Influence,No Apparent Influence,21.0,Male,West,Going Straight Ahead,No Improper Action,No Apparent Influence,No Apparent Influence,33.39295,-111.89071,2019-11-27,18:12:00
3598056,2019,Rural Rd,Baseline Rd,133.0,Not Junction Related,0.0,0.0,No Injury,Rear End,Daylight,Clear,Dry,30.0,Female,North,Going Straight Ahead,Followed Too Closely,No Apparent Influence,No Apparent Influence,48.0,Male,North,Stopped In Trafficway,No Improper Action,No Apparent Influence,No Apparent Influence,33.37861,-111.92869,2019-11-27,19:12:00
3605365,2019,Elliot Rd,Priest Dr,-150.0,Intersection Related 206,1.0,0.0,Suspected Minor Injury,Rear End,Daylight,Clear,Dry,22.0,Male,East,Going Straight Ahead,Followed Too Closely,No Apparent Influence,No Apparent Influence,24.0,Female,East,Slowing In Trafficway,No Improper Action,No Apparent Influence,No Apparent Influence,33.3491,-111.96362,2019-11-27,19:35:00
3598126,2019,Scottsdale Rd,Lilac Dr,-115.0,Not Junction Related,1.0,0.0,Suspected Minor Injury,Rear End,Daylight,Cloudy,Dry,35.0,Female,North,Going Straight Ahead,Speed To Fast For Conditions,No Apparent Influence,No Apparent Influence,30.0,Female,North,Stopped In Trafficway,No Improper Action,No Apparent Influence,No Apparent Influence,33.44844,-111.92646,2019-11-27,20:29:00
3598057,2019,Warner Rd,Juniper Dr,107.0,Not Junction Related,0.0,0.0,No Injury,Sideswipe Same Direction,Daylight,Clear,Dry,59.0,Male,East,Changing Lanes,Unsafe Lane Change,No Apparent Influence,No Apparent Influence,30.0,Female,East,Going Straight Ahead,No Improper Action,No Apparent Influence,No Apparent Influence,33.33466,-111.91513,2019-11-27,20:52:00
3598125,2019,Elliot Rd,Hardy Dr,0.0,Not Junction Related,1.0,0.0,Suspected Minor Injury,Sideswipe Same Direction,Daylight,Clear,Dry,21.0,Male,East,Backing,Unsafe Lane Change,No Apparent Influence,No Apparent Influence,21.0,Male,East,Going Straight Ahead,No Improper Action,No Apparent Influence,No Apparent Influence,33.34916,-111.95448,2019-11-27,22:20:00
3599716,2019,Mill Ave,Baseline Rd,168.0,Driveway Or Alley,1.0,0.0,Suspected Minor Injury,Angle - Other Than Left Turn 2,Daylight,Clear,Dry,43.0,Male,West,Making Right Turn,Failed To Yield Right Of Way,No Apparent Influence,No Apparent Influence,29.0,Female,North,Going Straight Ahead,No Improper Action,No Apparent Influence,No Apparent Influence,33.37867,-111.93938,2019-11-28,00:09:00
3597702,2019,Southern Ave,48th St,0.0,Intersection 4 Way 202,1.0,0.0,Suspected Minor Injury,Left Turn,Dusk,Clear,Dry,20.0,Male,South,Making Left Turn,Failed To Yield Right Of Way,No Apparent Influence,No Apparent Influence,28.0,Male,North,Going Straight Ahead,No Improper Action,No Apparent Influence,No Apparent Influence,33.39277,-111.97834,2019-11-28,00:42:00
3605281,2019,Priest Dr,Arizona Mills Access E,0.0,Intersection T Inter 203,0.0,0.0,No Injury,Left Turn,Dark Lighted,Clear,Dry,29.0,Male,South,Going Straight Ahead,Disregarded Traffic Signal,No Apparent Influence,No Apparent Influence,47.0,Male,North,Making Left Turn,No Improper Action,No Apparent Influence,No Apparent Influence,33.38467,-111.96095,2019-11-28,00:47:00
3617417,2019,Auto Dr,Priest Dr,0.0,Intersection Non Interchange,1.0,0.0,Possible Injury,Sideswipe Same Direction,Dark Lighted,Clear,Dry,43.0,Male,East,Making Right Turn,Made Improper Turn,No Apparent Influence,No Apparent Influence,20.0,Male,East,Going Straight Ahead,No Improper Action,No Apparent Influence,No Apparent Influence,33.34548,-111.96315,2019-11-28,02:30:00
3597634,2019,McClintock Dr,El Parque Dr,0.0,Not Junction Related,0.0,0.0,No Injury,Rear End,Dark Lighted,Cloudy,Dry,27.0,Female,South,Going Straight Ahead,Speed To Fast For Conditions,No Apparent Influence,No Apparent Influence,21.0,Male,South,Slowing In Trafficway,No Improper Action,No Apparent Influence,No Apparent Influence,33.40536,-111.90913,2019-11-28,03:38:00
3598116,2019,Continental Dr,Scottsdale Rd,-68.0,Not Junction Related,0.0,0.0,No Injury,Sideswipe Opposite Direction,Daylight,Cloudy,Wet,21.0,Male,South,Making Right Turn,Speed To Fast For Conditions,No Apparent Influence,No Apparent Influence,34.0,Female,East,Stopped In Trafficway,No Improper Action,No Apparent Influence,No Apparent Influence,33.45848,-111.92657,2019-11-29,17:30:00
3606719,2019,McClintock Dr,E Tempe Marketplace,-80.0,Intersection Related 206,0.0,0.0,No Injury,Rear End,Dark Lighted,Clear,Dry,77.0,Female,North,Going Straight Ahead,Speed To Fast For Conditions,No Apparent Influence,No Apparent Influence,23.0,Male,North,Going Straight Ahead,No Improper Action,No Apparent Influence,No Apparent Influence,33.43187,-111.90926,2019-11-30,00:33:00
3625744,2019,Hardy Dr,Cornell Dr,0.0,Intersection 4 Way 202,0.0,0.0,No Injury,Angle - Other Than Left Turn 2,Dark Lighted,Clear,Dry,17.0,Female,East,Going Straight Ahead,Failed To Yield Right Of Way,No Apparent Influence,No Apparent Influence,30.0,Male,North,Going Straight Ahead,No Improper Action,No Apparent Influence,No Apparent Influence,33.3709,-111.95456,2019-11-30,00:47:00
3597617,2019,University Dr,Farmer Ave,0.0,Intersection Related 206,0.0,0.0,No Injury,Rear End,Unknown 51,Unknown,Dry,18.0,Female,East,Going Straight Ahead,Speed To Fast For Conditions,No Apparent Influence,No Apparent Influence,22.0,Male,East,Stopped In Trafficway,No Improper Action,No Apparent Influence,No Apparent Influence,33.42189,-111.94427,2019-11-30,05:21:00
3599740,2019,Priest Dr,University Dr,78.0,Intersection Related 206,0.0,0.0,No Injury,Rear End,Daylight,Clear,Dry,18.0,Male,South,Going Straight Ahead,Speed To Fast For Conditions,No Apparent Influence,No Apparent Influence,41.0,Male,South,Stopped In Trafficway,No Improper Action,No Apparent Influence,No Apparent Influence,33.42216,-111.96094,2019-11-30,20:06:00
3597699,2019,Southern Ave,Rural Rd,0.0,Not Junction Related,0.0,0.0,No Injury,Sideswipe Same Direction,Daylight,Clear,Dry,30.0,Female,East,Going Straight Ahead,Speed To Fast For Conditions,No Apparent Influence,No Apparent Influence,77.0,Female,East,Slowing In Trafficway,No Improper Action,No Apparent Influence,No Apparent Influence,33.39296,-111.92633,2019-11-30,23:25:00
3608021,2019,University Dr,Beck Ave,-115.0,Intersection Related 206,0.0,0.0,No Injury,Rear End,Unknown 51,Unknown,Dry,27.0,Male,West,Going Straight Ahead,Speed To Fast For Conditions,No Apparent Influence,No Apparent Influence,41.0,Male,West,Slowing In Trafficway,Unknown,No Apparent Influence,No Apparent Influence,33.42193,-111.95687,2019-12-01,01:57:00
3607961,2019,Priest Dr,SR-202 Exit 5 A-Ramp,0.0,Intersection 201,0.0,0.0,No Injury,Left Turn,Dark Lighted,Clear,Dry,62.0,Female,North,Going Straight Ahead,Disregarded Traffic Signal,No Apparent Influence,No Apparent Influence,43.0,Male,Southeast,Making Left Turn,No Improper Action,No Apparent Influence,No Apparent Influence,33.43715,-111.96094,2019-12-01,02:26:00
3607976,2019,University Dr,Lindon Ln,30.0,Intersection Related 206,0.0,0.0,No Injury,Rear End,Unknown 51,Unknown,Dry,29.0,Female,West,Going Straight Ahead,Speed To Fast For Conditions,No Apparent Influence,No Apparent Influence,27.0,Female,West,Slowing In Trafficway,No Improper Action,No Apparent Influence,No Apparent Influence,33.42194,-111.96514,2019-12-01,03:04:00
3606114,2019,McClintock Dr,Southern Ave,0.0,Intersection 4 Way 202,0.0,0.0,No Injury,Angle - Other Than Left Turn 2,Dark Lighted,Clear,Dry,17.0,Male,West,Going Straight Ahead,Disregarded Traffic Signal,No Apparent Influence,No Apparent Influence,55.0,Male,South,Going Straight Ahead,No Improper Action,No Apparent Influence,No Apparent Influence,33.39299,-111.90913,2019-12-01,04:00:00
3614252,2019,Scottsdale Rd,Playa Del Norte Dr,30.0,Intersection Related 206,0.0,0.0,No Injury,Rear End,Unknown 51,Clear,Unknown,26.0,Male,South,Going Straight Ahead,Disregarded Traffic Signal,No Apparent Influence,No Apparent Influence,57.0,Male,South,Stopped In Trafficway,Unknown,No Apparent Influence,No Apparent Influence,33.43412,-111.92626,2019-12-01,06:30:00
3597140,2019,Scottsdale Rd,Playa Del Norte Dr,20.0,Intersection Related 206,1.0,0.0,Possible Injury,Angle - Other Than Left Turn 2,Daylight,Clear,Dry,42.0,Female,West,Making Right Turn,Made Improper Turn,No Apparent Influence,No Apparent Influence,22.0,Female,South,Making U Turn,No Improper Action,No Apparent Influence,No Apparent Influence,33.43409,-111.92626,2019-12-01,17:43:00
3598190,2019,Arizona Mills Cir,Darrow Dr,0.0,Not Junction Related,0.0,0.0,No Injury,Other,Dark Lighted,Clear,Dry,31.0,Female,North,Going Straight Ahead,Unknown,No Apparent Influence,No Apparent Influence,40.0,Female,North,Going Straight Ahead,Unknown,No Apparent Influence,No Apparent Influence,33.38114,-111.96233,2019-12-02,01:57:00
3597650,2019,Hardy Dr,Southern Ave,0.0,Intersection 4 Way 202,2.0,0.0,Suspected Minor Injury,Left Turn,Unknown 51,Unknown,Dry,62.0,Male,Northwest,Making Left Turn,Failed To Yield Right Of Way,No Apparent Influence,No Apparent Influence,61.0,Male,South,Going Straight Ahead,No Improper Action,No Apparent Influence,No Apparent Influence,33.39286,-111.95198,2019-12-02,11:44:00
3597152,2019,Priest Dr,Greentree Dr,0.0,Intersection T Inter 203,1.0,0.0,Possible Injury,Left Turn,Daylight,Clear,Dry,24.0,Male,West,Making Left Turn,Failed To Yield Right Of Way,No Apparent Influence,No Apparent Influence,79.0,Female,North,Going Straight Ahead,No Improper Action,No Apparent Influence,No Apparent Influence,33.33171,-111.96311,2019-12-02,14:17:00
3614072,2019,Rural Rd,Spence Ave,30.0,Intersection Related 206,0.0,0.0,No Injury,Rear End,Daylight,Cloudy,Dry,28.0,Male,South,Going Straight Ahead,Speed To Fast For Conditions,No Apparent Influence,No Apparent Influence,19.0,Female,South,Making Right Turn,No Improper Action,No Apparent Influence,No Apparent Influence,33.41294,-111.92629,2019-12-02,15:09:00
3605313,2019,52nd St,University Dr,120.0,Intersection Related 206,0.0,0.0,No Injury,Rear End,Daylight,Clear,Dry,43.0,Male,South,Going Straight Ahead,Followed Too Closely,No Apparent Influence,No Apparent Influence,36.0,Female,South,Stopped In Trafficway,No Improper Action,No Apparent Influence,No Apparent Influence,33.42227,-111.96957,2019-12-02,15:30:00
3597154,2019,48th St,Broadway Rd,-25.0,Intersection Related 206,1.0,0.0,Possible Injury,Rear End,Daylight,Clear,Dry,20.0,Male,North,Going Straight Ahead,Followed Too Closely,No Apparent Influence,No Apparent Influence,44.0,Female,North,Stopped In Trafficway,No Improper Action,No Apparent Influence,No Apparent Influence,33.40726,-111.97829,2019-12-02,16:16:00
3606716,2019,Scottsdale Rd,Playa Del Norte Dr,-100.0,Intersection Related 206,1.0,0.0,Possible Injury,Rear End,Daylight,Clear,Dry,20.0,Female,North,Going Straight Ahead,Followed Too Closely,No Apparent Influence,No Apparent Influence,43.0,Female,North,Stopped In Trafficway,No Improper Action,No Apparent Influence,No Apparent Influence,33.43376,-111.92627,2019-12-02,16:33:00
3597149,2019,University Dr,McClintock Dr,200.0,Driveway Or Alley,0.0,0.0,No Injury,Left Turn,Daylight,Clear,Dry,29.0,Male,North,Making Left Turn,Failed To Yield Right Of Way,No Apparent Influence,No Apparent Influence,28.0,Female,East,Going Straight Ahead,No Improper Action,No Apparent Influence,No Apparent Influence,33.42199,-111.90843,2019-12-02,18:48:00
3597150,2019,Baseline Rd,Arizona Mills S,0.0,Intersection T Inter 203,0.0,0.0,No Injury,Sideswipe Same Direction,Daylight,Clear,Dry,51.0,Male,East,Unknown,Unknown,No Apparent Influence,No Apparent Influence,36.0,Female,East,Unknown,Unknown,No Apparent Influence,No Apparent Influence,33.37827,-111.96546,2019-12-02,19:42:00
3597147,2019,Baseline Rd,Arizona Mills S,40.0,Intersection Related 206,1.0,0.0,Suspected Minor Injury,Rear End,Daylight,Clear,Dry,20.0,Male,East,Going Straight Ahead,Followed Too Closely,No Apparent Influence,No Apparent Influence,31.0,Male,East,Stopped In Trafficway,No Improper Action,No Apparent Influence,No Apparent Influence,33.37827,-111.96532,2019-12-02,23:01:00
3597157,2019,Priest Dr,SR-202 Exit 5 J-Ramp,0.0,Intersection 201,2.0,0.0,Suspected Minor Injury,Left Turn,Dusk,Clear,Dry,20.0,Female,South,Going Straight Ahead,Disregarded Traffic Signal,No Apparent Influence,No Apparent Influence,29.0,Female,North,Making Left Turn,No Improper Action,No Apparent Influence,No Apparent Influence,33.4385,-111.96084,2019-12-02,23:45:00
3598188,2019,Rural Rd,Guadalupe Rd,0.0,Intersection 4 Way 202,0.0,0.0,No Injury,Rear End,Dusk,Clear,Dry,28.0,Female,South,Going Straight Ahead,Speed To Fast For Conditions,No Apparent Influence,No Apparent Influence,35.0,Male,South,Stopped In Trafficway,No Improper Action,No Apparent Influence,No Apparent Influence,33.36375,-111.92861,2019-12-03,00:22:00
3606650,2019,Rural Rd,Hermosa Dr,0.0,Intersection 4 Way 202,0.0,0.0,No Injury,Left Turn,Dark Lighted,Clear,Dry,27.0,Female,North,Making Left Turn,Failed To Yield Right Of Way,No Apparent Influence,No Apparent Influence,21.0,Male,South,Going Straight Ahead,No Improper Action,No Apparent Influence,No Apparent Influence,33.38777,-111.92645,2019-12-03,01:23:00
3597177,2019,Southern Ave,Terrace Rd,100.0,Intersection Related 206,1.0,0.0,Suspected Minor Injury,Rear End,Daylight,Clear,Dry,52.0,Female,West,Going Straight Ahead,Followed Too Closely,No Apparent Influence,No Apparent Influence,47.0,Female,West,Slowing In Trafficway,No Improper Action,No Apparent Influence,No Apparent Influence,33.39296,-111.9227,2019-12-03,13:57:00
3613999,2019,Rural Rd,Westchester Dr,0.0,Intersection 4 Way 202,0.0,0.0,No Injury,Left Turn,Daylight,Clear,Dry,41.0,Female,South,Making Left Turn,Failed To Yield Right Of Way,No Apparent Influence,No Apparent Influence,56.0,Female,North,Going Straight Ahead,No Improper Action,No Apparent Influence,No Apparent Influence,33.36739,-111.92863,2019-12-03,14:38:00
3598199,2019,Scottsdale Rd,SR-202 Exit 7 P-Ramp,0.0,Intersection 4 Way 202,0.0,0.0,No Injury,Sideswipe Same Direction,Daylight,Clear,Dry,36.0,Male,East,Making U Turn,Made Improper Turn,No Apparent Influence,No Apparent Influence,58.0,Female,East,Making Left Turn,No Improper Action,No Apparent Influence,No Apparent Influence,33.43544,-111.92626,2019-12-03,15:48:00
3606646,2019,McClintock Dr,Apache Blvd,-100.0,Intersection Related 206,0.0,0.0,No Injury,Rear End,Daylight,Clear,Dry,73.0,Male,North,Going Straight Ahead,Followed Too Closely,No Apparent Influence,No Apparent Influence,28.0,Male,North,Stopped In Trafficway,No Improper Action,No Apparent Influence,No Apparent Influence,33.41449,-111.90913,2019-12-03,18:45:00
3598197,2019,Mill Ave,US-60 Exit 173 A-Ramp,0.0,Intersection 4 Way 202,0.0,0.0,No Injury,Angle - Other Than Left Turn 2,Daylight,Clear,Dry,26.0,Female,South,Going Straight Ahead,Disregarded Traffic Signal,No Apparent Influence,No Apparent Influence,39.0,Male,East,Making Left Turn,No Improper Action,No Apparent Influence,No Apparent Influence,33.38511,-111.93947,2019-12-03,18:46:00
3606649,2019,7th St,College Ave,-200.0,Not Junction Related,0.0,0.0,No Injury,Angle - Other Than Left Turn 2,Daylight,Clear,Dry,57.0,Female,Southeast,Backing,Other,No Apparent Influence,No Apparent Influence,54.0,Female,East,Stopped In Trafficway,No Improper Action,No Apparent Influence,No Apparent Influence,33.4232,-111.93563,2019-12-03,23:22:00
3598185,2019,Broadway Rd,Granada Dr,-55.0,Intersection Related 206,0.0,0.0,No Injury,Rear End,Dusk,Cloudy,Dry,32.0,Male,East,Going Straight Ahead,Speed To Fast For Conditions,No Apparent Influence,No Apparent Influence,48.0,Female,East,Stopped In Trafficway,No Improper Action,No Apparent Influence,No Apparent Influence,33.4075,-111.92814,2019-12-04,00:44:00
3598186,2019,Baseline Rd,Rural Rd,-90.0,Intersection Related 206,1.0,0.0,Possible Injury,Rear End,Dark Lighted,Cloudy,Dry,25.0,Male,East,Going Straight Ahead,Speed To Fast For Conditions,No Apparent Influence,No Apparent Influence,48.0,Male,East,Stopped In Trafficway,No Improper Action,No Apparent Influence,No Apparent Influence,33.37825,-111.92898,2019-12-04,01:14:00
3605354,2019,Priest Dr,Alameda Dr,72.0,Intersection Related 206,0.0,0.0,No Injury,Rear End,Dark Lighted,Rain,Wet,21.0,Male,South,Going Straight Ahead,Speed To Fast For Conditions,No Apparent Influence,No Apparent Influence,43.0,Male,South,Stopped In Trafficway,No Improper Action,No Apparent Influence,No Apparent Influence,33.40034,-111.96077,2019-12-04,01:31:00
3597173,2019,Rio Salado Pkwy,Priest Dr,0.0,Driveway Or Alley,1.0,0.0,Suspected Minor Injury,Sideswipe Same Direction,Dark Lighted,Cloudy,Wet,35.0,Male,North,Making Left Turn,Failed To Yield Right Of Way,No Apparent Influence,No Apparent Influence,57.0,Male,West,Going Straight Ahead,No Improper Action,No Apparent Influence,No Apparent Influence,33.42956,-111.96097,2019-12-04,02:30:00
3606718,2019,Rural Rd,Lemon St,100.0,Intersection Related 206,0.0,0.0,No Injury,Angle - Other Than Left Turn 2,Dark Lighted,Cloudy,Dry,19.0,Female,West,Making Right Turn,Failed To Yield Right Of Way,No Apparent Influence,No Apparent Influence,27.0,Male,North,Going Straight Ahead,No Improper Action,No Apparent Influence,No Apparent Influence,33.41711,-111.9263,2019-12-04,06:35:00
3597178,2019,Mill Ave,US-60 Exit 173 C-Ramp,-50.0,Intersection Related 206,0.0,0.0,No Injury,Rear End,Dark Lighted,Clear,Dry,29.0,Female,North,Going Straight Ahead,Speed To Fast For Conditions,No Apparent Influence,No Apparent Influence,19.0,Female,North,Stopped In Trafficway,No Improper Action,No Apparent Influence,No Apparent Influence,33.38591,-111.93948,2019-12-04,12:21:00
3598168,2019,Rural Rd,Rio Salado Pkwy,0.0,Intersection Related 206,0.0,0.0,No Injury,Rear End,Daylight,Cloudy,Dry,32.0,Female,North,Going Straight Ahead,Followed Too Closely,No Apparent Influence,No Apparent Influence,31.0,Male,North,Stopped In Trafficway,No Improper Action,No Apparent Influence,No Apparent Influence,33.42885,-111.92629,2019-12-04,14:13:00
3605195,2019,Scottsdale Rd,Continental Dr,-200.0,Driveway Or Alley,1.0,0.0,Suspected Minor Injury,Left Turn,Daylight,Cloudy,Dry,57.0,Female,Unknown,Unknown,Unknown,No Apparent Influence,No Apparent Influence,42.0,Male,North,Making Left Turn,Unknown,No Apparent Influence,No Apparent Influence,33.45794,-111.92636,2019-12-04,15:38:00
3605317,2019,Baseline Rd,Pointe Pkwy,80.0,Intersection Related 206,0.0,0.0,No Injury,Rear End,Daylight,Cloudy,Dry,21.0,Male,East,Going Straight Ahead,Followed Too Closely,No Apparent Influence,No Apparent Influence,45.0,Female,East,Stopped In Trafficway,No Improper Action,No Apparent Influence,No Apparent Influence,33.37822,-111.97173,2019-12-04,15:46:00
3597165,2019,Ventura Dr,Broadway Rd,30.0,Intersection Related 206,1.0,0.0,Suspected Minor Injury,Head On,Daylight,Clear,Dry,18.0,Female,West,Making Right Turn,Speed To Fast For Conditions,No Apparent Influence,No Apparent Influence,30.0,Male,South,Slowing In Trafficway,No Improper Action,No Apparent Influence,No Apparent Influence,33.40756,-111.93012,2019-12-04,16:47:00
3606640,2019,Priest Dr,Washington St,-125.0,Intersection Related 206,0.0,0.0,No Injury,Angle - Other Than Left Turn 2,Daylight,Clear,Dry,60.0,Male,West,Making Left Turn,Unknown,No Apparent Influence,No Apparent Influence,25.0,Male,East,Making Right Turn,Unknown,No Apparent Influence,No Apparent Influence,33.44242,-111.95694,2019-12-04,17:35:00
3606715,2019,Jewell St,Warner Rd,25.0,Intersection Related 206,0.0,0.0,No Injury,Rear End,Daylight,Unknown,Dry,25.0,Male,South,Slowing In Trafficway,Followed Too Closely,No Apparent Influence,No Apparent Influence,45.0,Female,South,Stopped In Trafficway,No Improper Action,No Apparent Influence,No Apparent Influence,33.3346,-111.9683,2019-12-04,19:33:00
3613996,2019,Rio Salado Pkwy,Perry Ln,0.0,Intersection 201,0.0,0.0,No Injury,Rear End,Daylight,Clear,Dry,22.0,Male,South,Making Left Turn,Other,No Apparent Influence,No Apparent Influence,52.0,Female,South,Stopped In Trafficway,No Improper Action,No Apparent Influence,No Apparent Influence,33.42924,-111.90477,2019-12-04,21:03:00
3606656,2019,Baseline Rd,48th St,80.0,Not Junction Related,0.0,0.0,No Injury,Sideswipe Same Direction,Daylight,Clear,Dry,51.0,Male,East,Going Straight Ahead,Failed To Keep In Proper Lane,No Apparent Influence,No Apparent Influence,35.0,Male,East,Going Straight Ahead,No Improper Action,No Apparent Influence,No Apparent Influence,33.37819,-111.97815,2019-12-04,21:04:00
3598170,2019,Apache Blvd,McClintock Dr,93.0,Intersection Related 206,0.0,0.0,No Injury,Rear End,Daylight,Clear,Dry,20.0,Female,West,Going Straight Ahead,Followed Too Closely,No Apparent Influence,No Apparent Influence,51.0,Male,West,Stopped In Trafficway,No Improper Action,No Apparent Influence,No Apparent Influence,33.41476,-111.90883,2019-12-04,21:28:00
3606638,2019,Elliot Rd,River Pkwy,0.0,Intersection 4 Way 202,0.0,0.0,No Injury,Rear End,Daylight,Cloudy,Dry,51.0,Male,East,Going Straight Ahead,Followed Too Closely,No Apparent Influence,No Apparent Influence,49.0,Male,East,Slowing In Trafficway,No Improper Action,No Apparent Influence,No Apparent Influence,33.34928,-111.89791,2019-12-04,23:29:00
3608861,2019,Priest Dr,Elliot Rd,150.0,Intersection Related 206,0.0,0.0,No Injury,Sideswipe Same Direction,Daylight,Clear,Dry,72.0,Female,North,Making Right Turn,Made Improper Turn,No Apparent Influence,No Apparent Influence,29.0,Female,North,Changing Lanes,No Improper Action,No Apparent Influence,No Apparent Influence,33.34952,-111.96314,2019-12-04,23:38:00
3597167,2019,McClintock Dr,Carson Dr,-66.0,Intersection Related 206,2.0,0.0,Suspected Minor Injury,Rear End,Dark Lighted,Clear,Dry,22.0,Female,North,Going Straight Ahead,Followed Too Closely,No Apparent Influence,No Apparent Influence,30.0,Female,North,Stopped In Trafficway,No Improper Action,No Apparent Influence,No Apparent Influence,33.3837,-111.90921,2019-12-05,00:41:00
3605369,2019,Baseline Rd,Priest Dr,-215.0,Intersection Related 206,0.0,0.0,No Injury,Rear End,Dusk,Cloudy,Dry,18.0,Male,East,Going Straight Ahead,Followed Too Closely,No Apparent Influence,No Apparent Influence,25.0,Male,East,Slowing In Trafficway,No Improper Action,No Apparent Influence,No Apparent Influence,33.37825,-111.96388,2019-12-05,00:51:00
3598171,2019,Rural Rd,Loyola Dr,0.0,Intersection 4 Way 202,0.0,0.0,No Injury,Left Turn,Dark Lighted,Cloudy,Dry,25.0,Male,North,Making Left Turn,Failed To Yield Right Of Way,No Apparent Influence,No Apparent Influence,35.0,Male,South,Going Straight Ahead,No Improper Action,No Apparent Influence,No Apparent Influence,33.39697,-111.92632,2019-12-05,01:17:00
3598174,2019,Broadway Rd,Hardy Dr,70.0,Intersection Related 206,0.0,0.0,No Injury,Rear End,Dark Lighted,Cloudy,Dry,26.0,Female,West,Going Straight Ahead,Speed To Fast For Conditions,No Apparent Influence,No Apparent Influence,40.0,Female,West,Stopped In Trafficway,No Improper Action,No Apparent Influence,No Apparent Influence,33.40739,-111.95194,2019-12-05,01:50:00
3606717,2019,University Dr,McClintock Dr,115.0,Intersection Related 206,1.0,0.0,Suspected Minor Injury,Left Turn,Dark Lighted,Cloudy,Dry,39.0,Female,South,Making Left Turn,Failed To Yield Right Of Way,No Apparent Influence,No Apparent Influence,31.0,Male,West,Going Straight Ahead,No Improper Action,No Apparent Influence,No Apparent Influence,33.42199,-111.90871,2019-12-05,02:18:00
3607968,2019,Baseline Rd,Mill Ave,-30.0,Intersection Related 206,0.0,0.0,No Injury,Rear End,Dark Lighted,Cloudy,Dry,48.0,Male,East,Going Straight Ahead,Speed To Fast For Conditions,Alcohol,No Apparent Influence,53.0,Male,East,Stopped In Trafficway,No Improper Action,No Apparent Influence,No Apparent Influence,33.37821,-111.93946,2019-12-05,07:51:00
3606657,2019,Maple Ave,10th St,0.0,Intersection 4 Way 202,0.0,0.0,No Injury,Angle - Other Than Left Turn 2,Daylight,Clear,Dry,22.0,Male,West,Going Straight Ahead,Failed To Yield Right Of Way,No Apparent Influence,No Apparent Influence,35.0,Female,North,Going Straight Ahead,No Improper Action,No Apparent Influence,No Apparent Influence,33.41905,-111.94123,2019-12-05,19:15:00
3605367,2019,McClintock Dr,Apache Blvd,40.0,Intersection Related 206,0.0,0.0,No Injury,Rear End,Daylight,Clear,Dry,43.0,Male,East,Making Left Turn,Followed Too Closely,No Apparent Influence,No Apparent Influence,23.0,Female,North,Stopped In Trafficway,No Improper Action,No Apparent Influence,No Apparent Influence,33.41487,-111.90913,2019-12-05,21:37:00
3606712,2019,McClintock Dr,Libra Dr,0.0,Intersection 4 Way 202,1.0,0.0,Suspected Minor Injury,Angle - Other Than Left Turn 2,Daylight,Clear,Dry,71.0,Male,East,Going Straight Ahead,Failed To Yield Right Of Way,No Apparent Influence,No Apparent Influence,60.0,Female,North,Going Straight Ahead,No Improper Action,No Apparent Influence,No Apparent Influence,33.36559,-111.91127,2019-12-05,21:51:00
3597198,2019,Rio Salado Pkwy,1st St,0.22,Not Junction Related,0.0,0.0,No Injury,Sideswipe Same Direction,Daylight,Clear,Dry,53.0,Male,West,Making Right Turn,Made Improper Turn,No Apparent Influence,No Apparent Influence,28.0,Female,West,Going Straight Ahead,No Improper Action,No Apparent Influence,No Apparent Influence,33.43066,-111.95588,2019-12-05,22:08:00
3597103,2019,Elliot Rd,Priest Dr,0.18,Intersection Related 206,0.0,0.0,No Injury,Sideswipe Same Direction,Daylight,Clear,Dry,43.0,Male,West,Changing Lanes,Unsafe Lane Change,No Apparent Influence,No Apparent Influence,42.0,Male,West,Slowing In Trafficway,No Improper Action,No Apparent Influence,No Apparent Influence,33.34913,-111.96002,2019-12-05,22:35:00