Incident_ID,Year,Street_Name,Cross_Street,Distance,Junction_Relation,Total_Injuries,Total_Fatalities,Injury_Severity,Collision_Manner,Light_Condition,Weather,Surface_Condition,Age_1,Gender_1,Travel_One,UnitAction_One,Violation1_Drv1,AlcoholUse_ 1,DrugUse_1,Age_2,Gender_2,TravelDirection_2,UnitAction_2,Violation_2,AlcoholUse_2,DrugUse_2,Latitude,Longitude,Date,Time
3608920,2019,48th St,Broadway Rd,-113.0,Intersection Related 206,2.0,0.0,Suspected Minor Injury,Rear End,Daylight,Clear,Dry,22.0,Male,North,Going Straight Ahead,Followed Too Closely,No Apparent Influence,No Apparent Influence,46.0,Male,North,Stopped In Trafficway,No Improper Action,No Apparent Influence,No Apparent Influence,33.40702,-111.97829,2019-12-20,16:57:00
3607999,2019,Warner Rd,Emerald Dr,50.0,Intersection Related 206,0.0,0.0,No Injury,Rear End,Daylight,Clear,Dry,38.0,Male,West,Going Straight Ahead,Speed To Fast For Conditions,No Apparent Influence,No Apparent Influence,68.0,Male,West,Stopped In Trafficway,No Improper Action,No Apparent Influence,No Apparent Influence,33.3345,-111.96651,2019-12-20,19:15:00
3605023,2019,Broadway Rd,College Ave,0.0,Intersection 4 Way 202,0.0,0.0,No Injury,Angle - Other Than Left Turn 2,Daylight,Clear,Dry,30.0,Male,East,Going Straight Ahead,Disregarded Traffic Signal,No Apparent Influence,No Apparent Influence,59.0,Female,South,Going Straight Ahead,No Improper Action,No Apparent Influence,No Apparent Influence,33.40744,-111.93491,2019-12-20,19:29:00
3608844,2019,University Dr,Lola Ln,-100.0,Intersection Related Non Interchange,2.0,0.0,Suspected Minor Injury,Rear End,Daylight,Clear,Dry,26.0,Female,East,Going Straight Ahead,Followed Too Closely,No Apparent Influence,No Apparent Influence,31.0,Male,East,Slowing In Trafficway,No Improper Action,No Apparent Influence,No Apparent Influence,33.42207,-111.89431,2019-12-20,19:34:00
3605182,2019,Baseline Rd,I-10 Exit 155 G-Ramp,-100.0,Unknown,0.0,0.0,No Injury,Rear End,Unknown 51,Unknown,Dry,31.0,Male,West,Going Straight Ahead,Speed To Fast For Conditions,No Apparent Influence,No Apparent Influence,29.0,Male,West,Going Straight Ahead,No Improper Action,No Apparent Influence,No Apparent Influence,33.37827,-111.96896,2019-12-20,20:00:00
3605255,2019,Priest Dr,Auto Dr,230.0,Not Junction Related,0.0,0.0,No Injury,Rear End,Daylight,Clear,Dry,69.0,Male,North,Going Straight Ahead,Followed Too Closely,No Apparent Influence,No Apparent Influence,18.0,Female,North,Stopped In Trafficway,No Improper Action,No Apparent Influence,No Apparent Influence,33.34611,-111.96315,2019-12-20,21:10:00
3605276,2019,Warner Rd,Jewell St,0.0,Intersection T Inter 203,1.0,0.0,Suspected Minor Injury,Angle - Other Than Left Turn 2,Daylight,Clear,Dry,56.0,Female,South,Making Right Turn,Failed To Yield Right Of Way,No Apparent Influence,No Apparent Influence,18.0,Male,West,Going Straight Ahead,No Improper Action,No Apparent Influence,No Apparent Influence,33.33453,-111.9683,2019-12-20,22:21:00
3605157,2019,McClintock Dr,Larkspur Ln,-177.0,Not Junction Related,0.0,0.0,No Injury,Angle - Other Than Left Turn 2,Daylight,Clear,Dry,40.0,Female,South,Going Straight Ahead,Followed Too Closely,No Apparent Influence,No Apparent Influence,46.0,Male,South,Stopped In Trafficway,No Improper Action,No Apparent Influence,No Apparent Influence,33.44939,-111.90934,2019-12-20,23:14:00
3605024,2019,McClintock Dr,Don Carlos Ave,0.0,Intersection 4 Way 202,0.0,0.0,No Injury,Left Turn,Daylight,Clear,Dry,45.0,Male,North,Making Left Turn,Failed To Yield Right Of Way,No Apparent Influence,No Apparent Influence,21.0,Female,South,Going Straight Ahead,No Improper Action,No Apparent Influence,No Apparent Influence,33.41748,-111.90911,2019-12-20,23:24:00
3606112,2019,Rural Rd,Apache Blvd,0.0,Intersection Related 206,0.0,0.0,No Injury,Angle - Other Than Left Turn 2,Dark Lighted,Clear,Dry,28.0,Male,North,Going Straight Ahead,Disregarded Traffic Signal,No Apparent Influence,No Apparent Influence,49.0,Male,East,Going Straight Ahead,No Improper Action,No Apparent Influence,No Apparent Influence,33.41476,-111.92629,2019-12-21,03:40:00
3606096,2019,Rural Rd,Hermosa Dr,0.0,Not Junction Related,0.0,0.0,No Injury,Sideswipe Same Direction,Dark Lighted,Clear,Dry,21.0,Female,Southwest,Making Left Turn,Failed To Yield Right Of Way,No Apparent Influence,No Apparent Influence,17.0,Male,North,Going Straight Ahead,Speed To Fast For Conditions,No Apparent Influence,No Apparent Influence,33.38777,-111.92645,2019-12-21,05:20:00
3614217,2019,Apache Blvd,Price Rd,0.0,Intersection 4 Way 202,1.0,0.0,Suspected Minor Injury,Angle - Other Than Left Turn 2,Dark Lighted,Clear,Dry,18.0,Female,West,Going Straight Ahead,Disregarded Traffic Signal,No Apparent Influence,No Apparent Influence,62.0,Male,South,Going Straight Ahead,No Improper Action,No Apparent Influence,No Apparent Influence,33.4148,-111.89195,2019-12-21,06:23:00
3605896,2019,University Dr,Price Rd,25.0,Intersection Related 206,0.0,0.0,No Injury,Rear End,Dawn,Clear,Dry,23.0,Male,West,Stopped In Trafficway,Other,No Apparent Influence,No Apparent Influence,57.0,Female,West,Stopped In Trafficway,No Improper Action,No Apparent Influence,No Apparent Influence,33.42202,-111.89023,2019-12-21,13:46:00
3605901,2019,University Dr,Rural Rd,160.0,Driveway Or Alley,0.0,0.0,No Injury,Angle - Other Than Left Turn 2,Daylight,Clear,Dry,26.0,Female,North,Making Right Turn,Failed To Yield Right Of Way,No Apparent Influence,No Apparent Influence,50.0,Male,East,Going Straight Ahead,No Improper Action,No Apparent Influence,No Apparent Influence,33.42203,-111.92579,2019-12-21,18:02:00
3607996,2019,Elliot Rd,Rural Rd,-45.0,Intersection Related 206,1.0,0.0,Possible Injury,Angle - Other Than Left Turn 2,Daylight,Clear,Dry,34.0,Male,West,Making Right Turn,Speed To Fast For Conditions,No Apparent Influence,No Apparent Influence,43.0,Female,West,Going Straight Ahead,No Improper Action,No Apparent Influence,No Apparent Influence,33.34919,-111.92862,2019-12-21,18:54:00
3623043,2019,Southern Ave,48th St,100.0,Driveway Or Alley,0.0,0.0,No Injury,Angle - Other Than Left Turn 2,Daylight,Clear,Dry,33.0,Male,Northeast,Making Right Turn,Failed To Yield Right Of Way,No Apparent Influence,No Apparent Influence,16.0,Male,East,Going Straight Ahead,No Improper Action,No Apparent Influence,No Apparent Influence,33.39277,-111.97801,2019-12-21,20:13:00
3606113,2019,Rural Rd,Vista Del Cerro Dr,-25.0,Intersection Related 206,0.0,0.0,No Injury,Rear End,Daylight,Clear,Dry,29.0,Male,North,Going Straight Ahead,Speed To Fast For Conditions,No Apparent Influence,No Apparent Influence,44.0,Male,North,Stopped In Trafficway,No Improper Action,No Apparent Influence,No Apparent Influence,33.41005,-111.92628,2019-12-21,23:02:00
3606093,2019,Rural Rd,Lemon St,0.0,Intersection 4 Way 202,2.0,0.0,Possible Injury,Angle - Other Than Left Turn 2,Daylight,Clear,Dry,21.0,Male,North,Going Straight Ahead,Speed To Fast For Conditions,No Apparent Influence,No Apparent Influence,20.0,Female,West,Making Left Turn,No Improper Action,No Apparent Influence,No Apparent Influence,33.41684,-111.9263,2019-12-21,23:51:00
3605289,2019,Mill Ave,6th St,0.0,Intersection Related 206,0.0,0.0,No Injury,Sideswipe Same Direction,Dark Lighted,Clear,Dry,22.0,Male,South,Going Straight Ahead,Other,Alcohol,No Apparent Influence,24.0,Female,South,Stopped In Trafficway,No Improper Action,No Apparent Influence,No Apparent Influence,33.42435,-111.94002,2019-12-22,09:18:00
3605129,2019,Rio Salado Pkwy,Rockford Dr,120.0,Intersection Related 206,2.0,0.0,Possible Injury,Rear End,Daylight,Cloudy,Dry,18.0,Female,West,Slowing In Trafficway,Followed Too Closely,No Apparent Influence,No Apparent Influence,49.0,Female,West,Stopped In Trafficway,No Improper Action,No Apparent Influence,No Apparent Influence,33.42936,-111.89665,2019-12-22,20:07:00
3605188,2019,Los Arboles Dr,Dateland Dr,-15.0,Intersection Related 206,0.0,0.0,No Injury,Angle - Other Than Left Turn 2,Dark Lighted,Clear,Dry,28.0,Male,West,Making Left Turn,Made Improper Turn,No Apparent Influence,No Apparent Influence,36.0,Male,East,Stopped In Trafficway,No Improper Action,No Apparent Influence,No Apparent Influence,33.33564,-111.94128,2019-12-23,02:33:00
3608883,2019,Warner Rd,Fairfield Dr,0.0,Not Junction Related,0.0,0.0,No Injury,Sideswipe Same Direction,Dark Lighted,Clear,Dry,72.0,Male,East,Going Straight Ahead,Failed To Keep In Proper Lane,Alcohol,No Apparent Influence,25.0,Female,East,Going Straight Ahead,No Improper Action,No Apparent Influence,No Apparent Influence,33.33474,-111.90109,2019-12-23,07:02:00
3608860,2019,Broadway Rd,River Dr,0.0,Intersection 4 Way 202,2.0,0.0,Suspected Minor Injury,Left Turn,Daylight,Clear,Dry,50.0,Male,East,Going Straight Ahead,Disregarded Traffic Signal,No Apparent Influence,No Apparent Influence,20.0,Female,North,Making Left Turn,No Improper Action,No Apparent Influence,No Apparent Influence,33.4075,-111.89775,2019-12-23,16:04:00
3609004,2019,Baseline Rd,I-10 Exit 155 J1-Ramp,0.0,Intersection Related 206,0.0,0.0,No Injury,Rear End,Daylight,Unknown,Dry,32.0,Female,West,Going Straight Ahead,Followed Too Closely,No Apparent Influence,No Apparent Influence,48.0,Female,West,Backing,Other,No Apparent Influence,No Apparent Influence,33.3783,-111.96738,2019-12-23,22:36:00
3604970,2019,Rio Salado Pkwy,Siesta Ln,0.0,Intersection T Inter 203,0.0,0.0,No Injury,Left Turn,Daylight,Clear,Dry,28.0,Male,West,Making Left Turn,Failed To Yield Right Of Way,No Apparent Influence,No Apparent Influence,19.0,Male,East,Going Straight Ahead,No Improper Action,No Apparent Influence,No Apparent Influence,33.42937,-111.89362,2019-12-23,22:52:00
3605102,2019,Baseline Rd,McClintock Dr,125.0,Intersection Related 206,0.0,0.0,No Injury,Rear End,Daylight,Rain,Wet,49.0,Male,West,Going Straight Ahead,Speed To Fast For Conditions,No Apparent Influence,No Apparent Influence,30.0,Male,West,Stopped In Trafficway,No Improper Action,No Apparent Influence,No Apparent Influence,33.37843,-111.90885,2019-12-24,17:11:00
3604979,2019,Baseline Rd,McClintock Dr,-120.0,Intersection Related 206,0.0,0.0,No Injury,Rear End,Daylight,Rain,Wet,84.0,Female,East,Going Straight Ahead,Followed Too Closely,No Apparent Influence,No Apparent Influence,45.0,Male,East,Stopped In Trafficway,No Improper Action,No Apparent Influence,No Apparent Influence,33.37842,-111.90965,2019-12-24,19:16:00
3608872,2019,Hardy Dr,Broadway Rd,61.0,Intersection Related 206,0.0,0.0,No Injury,Rear End,Daylight,Cloudy,Dry,31.0,Female,North,Slowing In Trafficway,Speed To Fast For Conditions,No Apparent Influence,No Apparent Influence,43.0,Male,North,Stopped In Trafficway,No Improper Action,No Apparent Influence,No Apparent Influence,33.40756,-111.95217,2019-12-24,20:40:00
3605208,2019,Dava Dr,McClintock Dr,-63.0,Intersection Related 206,0.0,0.0,No Injury,Angle - Other Than Left Turn 2,Daylight,Cloudy,Dry,18.0,Male,South,Making Right Turn,Speed To Fast For Conditions,No Apparent Influence,No Apparent Influence,65.0,Female,East,Slowing In Trafficway,No Improper Action,No Apparent Influence,No Apparent Influence,33.35433,-111.91141,2019-12-24,21:40:00
3608955,2019,Kyrene Rd,Elliot Rd,0.0,Intersection 201,0.0,0.0,No Injury,Angle - Other Than Left Turn 2,Dark Lighted,Clear,Dry,30.0,Male,Northwest,Making Left Turn,Failed To Yield Right Of Way,No Apparent Influence,No Apparent Influence,25.0,Male,South,Going Straight Ahead,No Improper Action,No Apparent Influence,No Apparent Influence,33.3492,-111.94573,2019-12-25,06:08:00
3605137,2019,McClintock Dr,SR-202 Exit 8 J-Ramp,0.0,Intersection T Inter 203,1.0,0.0,Suspected Minor Injury,Left Turn,Daylight,Clear,Dry,24.0,Female,North,Making Left Turn,Failed To Yield Right Of Way,No Apparent Influence,No Apparent Influence,27.0,Female,South,Going Straight Ahead,No Improper Action,No Apparent Influence,No Apparent Influence,33.43662,-111.90962,2019-12-26,17:29:00
3614069,2019,Scottsdale Rd,Gilbert Dr,0.0,Intersection 4 Way 202,1.0,0.0,Suspected Minor Injury,Left Turn,Daylight,Cloudy,Dry,22.0,Male,North,Making Left Turn,Failed To Yield Right Of Way,No Apparent Influence,No Apparent Influence,38.0,Female,South,Going Straight Ahead,No Improper Action,No Apparent Influence,No Apparent Influence,33.43756,-111.92628,2019-12-26,21:14:00
3614070,2019,5th St,Farmer Ave,0.0,Intersection 4 Way 202,0.0,0.0,No Injury,Angle - Other Than Left Turn 2,Daylight,Cloudy,Dry,18.0,Male,North,Going Straight Ahead,Failed To Yield Right Of Way,No Apparent Influence,No Apparent Influence,40.0,Male,West,Going Straight Ahead,No Improper Action,No Apparent Influence,No Apparent Influence,33.42547,-111.94429,2019-12-26,23:23:00
3614111,2019,Scottsdale Rd,Weber Dr,-216.0,Not Junction Related,0.0,0.0,No Injury,Angle - Other Than Left Turn 2,Daylight,Cloudy,Dry,60.0,Male,South,Making Right Turn,Failed To Yield Right Of Way,No Apparent Influence,No Apparent Influence,75.0,Female,South,Going Straight Ahead,No Improper Action,No Apparent Influence,No Apparent Influence,33.4434,-111.92642,2019-12-26,23:57:00
3615080,2019,Baseline Rd,I-10 Exit 155 C2-Ramp,-50.0,Intersection Related 206,0.0,0.0,No Injury,Rear End,Daylight,Cloudy,Dry,35.0,Male,West,Going Straight Ahead,Followed Too Closely,No Apparent Influence,No Apparent Influence,26.0,Female,West,Stopped In Trafficway,No Improper Action,No Apparent Influence,No Apparent Influence,33.3783,-111.96754,2019-12-27,18:17:00
3614187,2019,McClintock Dr,SR-202 Exit 8 A-Ramp,0.0,Intersection 201,0.0,0.0,No Injury,Angle - Other Than Left Turn 2,Daylight,Rain,Wet,61.0,Male,East,Making Right Turn,Failed To Yield Right Of Way,No Apparent Influence,No Apparent Influence,32.0,Female,South,Going Straight Ahead,No Improper Action,No Apparent Influence,No Apparent Influence,33.43646,-111.90961,2019-12-27,20:18:00
3614077,2019,Mill Ave,Hermosa Dr,135.0,Intersection Related 206,1.0,0.0,Possible Injury,Rear End,Daylight,Rain,Wet,37.0,Female,South,Going Straight Ahead,Followed Too Closely,No Apparent Influence,No Apparent Influence,48.0,Male,South,Stopped In Trafficway,No Improper Action,No Apparent Influence,No Apparent Influence,33.38858,-111.93953,2019-12-27,21:19:00
3614075,2019,Roosevelt St,Broadway Rd,-200.0,Driveway Or Alley,0.0,0.0,No Injury,Rear End,Daylight,Clear,Dry,51.0,Male,West,Making Right Turn,Failed To Yield Right Of Way,No Apparent Influence,No Apparent Influence,44.0,Female,North,Going Straight Ahead,No Improper Action,No Apparent Influence,No Apparent Influence,33.40683,-111.94785,2019-12-27,21:36:00
3614081,2019,Scottsdale Rd,McKellips Rd,0.0,Intersection 4 Way 202,2.0,0.0,Suspected Minor Injury,Angle - Other Than Left Turn 2,Dark Lighted,Rain,Wet,42.0,Female,South,Going Straight Ahead,Disregarded Traffic Signal,No Apparent Influence,No Apparent Influence,29.0,Male,East,Going Straight Ahead,No Improper Action,No Apparent Influence,No Apparent Influence,33.45124,-111.92647,2019-12-28,00:15:00
3605220,2019,Price Rd,Baseline Rd,140.0,Intersection 201,0.0,0.0,No Injury,Rear End,Dark Lighted,Clear,Dry,42.0,Male,South,Going Straight Ahead,Other,Alcohol,No Apparent Influence,24.0,Male,South,Stopped In Trafficway,No Improper Action,No Apparent Influence,No Apparent Influence,33.37883,-111.89354,2019-12-28,06:44:00
3614258,2019,Baseline Rd,I-10 Exit 155 C2-Ramp,0.0,Intersection 4 Way 202,0.0,0.0,No Injury,Sideswipe Same Direction,Daylight,Clear,Unknown,74.0,Male,East,Going Straight Ahead,Unsafe Lane Change,No Apparent Influence,No Apparent Influence,25.0,Female,East,Going Straight Ahead,No Improper Action,No Apparent Influence,No Apparent Influence,33.3783,-111.96738,2019-12-28,17:46:00
3614163,2019,Scottsdale Rd,Gilbert Dr,-80.0,Intersection Related 206,0.0,0.0,No Injury,Sideswipe Same Direction,Daylight,Clear,Dry,66.0,Male,North,Changing Lanes,Unsafe Lane Change,No Apparent Influence,No Apparent Influence,61.0,Male,North,Going Straight Ahead,No Improper Action,No Apparent Influence,No Apparent Influence,33.43734,-111.92627,2019-12-28,18:26:00
3614211,2019,Baseline Rd,S Roosevelt St,20.0,Not Junction Related,1.0,0.0,Possible Injury,Angle - Other Than Left Turn 2,Daylight,Clear,Dry,21.0,Male,West,Making Right Turn,No Improper Action,No Apparent Influence,No Apparent Influence,22.0,Male,South,Going Straight Ahead,No Improper Action,No Apparent Influence,No Apparent Influence,33.37819,-111.94761,2019-12-28,23:22:00
3608884,2019,McClintock Dr,Elliot Rd,129.0,Intersection 4 Way 202,0.0,0.0,No Injury,Other,Dark Lighted,Clear,Dry,25.0,Male,North,Backing,Other,Alcohol,No Apparent Influence,25.0,Male,South,Stopped In Trafficway,No Improper Action,No Apparent Influence,No Apparent Influence,33.34948,-111.9112,2019-12-29,03:54:00
3605189,2019,Rural Rd,University Dr,-10.0,Not Junction Related,0.0,0.0,No Injury,Sideswipe Same Direction,Dark Lighted,Cloudy,Dry,73.0,Male,North,Changing Lanes,Unsafe Lane Change,No Apparent Influence,No Apparent Influence,18.0,Male,North,Going Straight Ahead,No Improper Action,No Apparent Influence,No Apparent Influence,33.422,-111.92631,2019-12-29,04:06:00
3614073,2019,Kyrene Rd,Elliot Rd,15.0,Intersection Related 206,0.0,0.0,No Injury,Sideswipe Same Direction,Dark Lighted,Clear,Dry,21.0,Female,Northwest,Making Right Turn,Unknown,No Apparent Influence,No Apparent Influence,55.0,Male,Northwest,Making Right Turn,Unknown,No Apparent Influence,No Apparent Influence,33.34924,-111.94573,2019-12-29,04:18:00
3636698,2019,Elliot Rd,McClintock Dr,-35.0,Intersection Related 206,0.0,0.0,No Injury,Head On,Dark Lighted,Clear,Dry,34.0,Male,West,Making Right Turn,Made Improper Turn,Alcohol,No Apparent Influence,50.0,Female,East,Making Left Turn,No Improper Action,No Apparent Influence,No Apparent Influence,33.34913,-111.9113,2019-12-30,04:01:00
3605185,2019,Southern Ave,Roosevelt St,0.0,Intersection Related 206,0.0,0.0,No Injury,Rear End,Dark Lighted,Clear,Dry,24.0,Male,West,Going Straight Ahead,Disregarded Traffic Signal,Alcohol,No Apparent Influence,26.0,Male,West,Stopped In Trafficway,No Improper Action,No Apparent Influence,No Apparent Influence,33.39285,-111.94783,2019-12-30,09:25:00
3614297,2019,Priest Dr,SR-202 Exit 5 J-Ramp,0.0,Intersection 4 Way 202,2.0,0.0,Possible Injury,Left Turn,Dark Lighted,Clear,Dry,26.0,Male,Northwest,Making Left Turn,Disregarded Traffic Signal,No Apparent Influence,No Apparent Influence,72.0,Female,South,Going Straight Ahead,No Improper Action,No Apparent Influence,No Apparent Influence,33.4385,-111.96084,2019-12-30,13:29:00
3608874,2019,Kyrene Rd,Elliot Rd,-77.0,Intersection Related 206,0.0,0.0,No Injury,Rear End,Daylight,Cloudy,Dry,28.0,Female,East,Making Right Turn,Failed To Yield Right Of Way,No Apparent Influence,No Apparent Influence,60.0,Male,South,Going Straight Ahead,No Improper Action,No Apparent Influence,No Apparent Influence,33.34899,-111.94574,2019-12-30,18:48:00
3608875,2019,McClintock Dr,Guadalupe Rd,0.0,Intersection 4 Way 202,0.0,0.0,No Injury,Rear End,Daylight,Unknown,Dry,30.0,Male,North,Going Straight Ahead,Followed Too Closely,No Apparent Influence,No Apparent Influence,33.0,Female,North,Stopped In Trafficway,No Improper Action,No Apparent Influence,No Apparent Influence,33.36376,-111.91126,2019-12-30,21:08:00
3615085,2019,Rural Rd,Watson Dr,15.0,Intersection Related 206,0.0,0.0,No Injury,Rear End,Dark Lighted,Clear,Dry,20.0,Male,South,Going Straight Ahead,Speed To Fast For Conditions,No Apparent Influence,No Apparent Influence,23.0,Female,South,Making Right Turn,No Improper Action,No Apparent Influence,No Apparent Influence,33.36978,-111.92865,2019-12-31,04:45:00
3625747,2019,Mill Ave,Southern Ave,-50.0,Intersection Related 206,0.0,0.0,No Injury,Rear End,Daylight,Clear,Dry,32.0,Female,North,Going Straight Ahead,Speed To Fast For Conditions,No Apparent Influence,No Apparent Influence,30.0,Male,North,Stopped In Trafficway,No Improper Action,No Apparent Influence,No Apparent Influence,33.39273,-111.9396,2019-12-31,09:07:00
3614290,2019,Scottsdale Rd,McKellips Rd,-170.0,Driveway Or Alley,0.0,0.0,No Injury,Left Turn,Daylight,Clear,Dry,22.0,Female,East,Making Left Turn,Failed To Yield Right Of Way,No Apparent Influence,No Apparent Influence,69.0,Male,South,Going Straight Ahead,No Improper Action,No Apparent Influence,No Apparent Influence,33.45077,-111.92647,2019-12-31,16:54:00
3617440,2019,Rural Rd,Apache Blvd,50.0,Not Junction Related,0.0,0.0,No Injury,Unknown,Dark Lighted,Clear,Dry,19.0,Male,South,Making Left Turn,Failed To Yield Right Of Way,No Apparent Influence,No Apparent Influence,54.0,Male,North,Going Straight Ahead,No Improper Action,No Apparent Influence,No Apparent Influence,33.4149,-111.92629,2020-01-01,03:26:00
3617435,2019,Rio Salado Pkwy,Rural Rd,0.0,Intersection 4 Way 202,2.0,0.0,Suspected Minor Injury,Left Turn,Dark Lighted,Clear,Dry,34.0,Female,South,Making Left Turn,Failed To Yield Right Of Way,No Apparent Influence,No Apparent Influence,54.0,Male,North,Going Straight Ahead,No Improper Action,No Apparent Influence,No Apparent Influence,33.42885,-111.92629,2020-01-01,04:32:00
3614716,2020,Ash Ave,University Dr,80.0,Intersection Related 206,0.0,0.0,No Injury,Rear End,Dark Lighted,Clear,Dry,21.0,Male,South,Going Straight Ahead,Followed Too Closely,Alcohol,No Apparent Influence,28.0,Male,South,Stopped In Trafficway,No Improper Action,No Apparent Influence,No Apparent Influence,33.42215,-111.9424,2020-01-01,09:02:00
3608918,2020,Wilson St,6th St,0.0,Intersection 4 Way 202,0.0,0.0,No Injury,Angle - Other Than Left Turn 2,Dark Not Lighted,Clear,Dry,23.0,Male,Southwest,Making Left Turn,Disregarded Traffic Signal,No Apparent Influence,No Apparent Influence,61.0,Male,South,Going Straight Ahead,No Improper Action,No Apparent Influence,No Apparent Influence,33.42432,-111.94577,2020-01-01,09:41:00
3614179,2020,Scottsdale Rd,Playa Del Norte Dr,0.0,Intersection T Inter 203,1.0,0.0,Possible Injury,Angle - Other Than Left Turn 2,Daylight,Clear,Dry,27.0,Male,North,Going Straight Ahead,Disregarded Traffic Signal,No Apparent Influence,No Apparent Influence,52.0,Female,West,Making Left Turn,No Improper Action,No Apparent Influence,No Apparent Influence,33.43403,-111.92626,2020-01-01,21:37:00
3614177,2020,Price Rd,Broadway Rd,0.0,Intersection 4 Way 202,0.0,0.0,No Injury,Left Turn,Daylight,Clear,Dry,29.0,Male,Northwest,Making Left Turn,Failed To Keep In Proper Lane,No Apparent Influence,No Apparent Influence,24.0,Male,Northwest,Making Left Turn,No Improper Action,No Apparent Influence,No Apparent Influence,33.40748,-111.89033,2020-01-01,23:45:00
3614301,2020,Rural Rd,Apache Blvd,30.0,Intersection Related 206,0.0,0.0,No Injury,Rear End,Dark Lighted,Clear,Dry,19.0,Male,South,Going Straight Ahead,Followed Too Closely,No Apparent Influence,No Apparent Influence,35.0,Female,South,Stopped In Trafficway,No Improper Action,No Apparent Influence,No Apparent Influence,33.41484,-111.92629,2020-01-02,03:45:00
3614202,2020,Baseline Rd,Priest Dr,0.0,Intersection 4 Way 202,1.0,0.0,Possible Injury,Angle - Other Than Left Turn 2,Daylight,Clear,Dry,21.0,Male,West,Going Straight Ahead,Disregarded Traffic Signal,No Apparent Influence,No Apparent Influence,35.0,Male,North,Going Straight Ahead,No Improper Action,No Apparent Influence,No Apparent Influence,33.37824,-111.96318,2020-01-02,16:33:00
3614181,2020,Price Rd,University Dr,0.0,Intersection 4 Way 202,0.0,0.0,No Injury,Left Turn,Daylight,Clear,Dry,63.0,Female,South,Going Straight Ahead,Failed To Keep In Proper Lane,No Apparent Influence,No Apparent Influence,26.0,Female,South,Making Left Turn,No Improper Action,No Apparent Influence,No Apparent Influence,33.42201,-111.89195,2020-01-02,19:57:00
3614190,2020,Kyrene Rd,Warner Rd,0.0,Intersection 4 Way 202,0.0,0.0,No Injury,Angle - Other Than Left Turn 2,Daylight,Clear,Dry,32.0,Male,South,Going Straight Ahead,Disregarded Traffic Signal,No Apparent Influence,No Apparent Influence,42.0,Female,East,Going Straight Ahead,No Improper Action,No Apparent Influence,No Apparent Influence,33.3346,-111.94566,2020-01-02,20:45:00
3614223,2020,Rio Salado Pkwy,Smith Rd,0.0,Intersection 4 Way 202,0.0,0.0,No Injury,Left Turn,Dark Lighted,Clear,Dry,24.0,Male,West,Making Left Turn,Failed To Yield Right Of Way,No Apparent Influence,No Apparent Influence,31.0,Female,East,Going Straight Ahead,No Improper Action,No Apparent Influence,No Apparent Influence,33.42928,-111.90046,2020-01-03,01:08:00
3617396,2020,Elliot Rd,Price Rd,-155.0,Not Junction Related,0.0,0.0,No Injury,Rear End,Dark Lighted,Clear,Dry,24.0,Female,East,Going Straight Ahead,Speed To Fast For Conditions,No Apparent Influence,No Apparent Influence,18.0,Male,East,Stopped In Trafficway,No Improper Action,No Apparent Influence,No Apparent Influence,33.34933,-111.89487,2020-01-03,01:16:00
3614226,2020,Broadway Rd,Rural Rd,75.0,Intersection Related 206,0.0,0.0,No Injury,Other,Dark Lighted,Clear,Dry,55.0,Male,West,Backing,Other,No Apparent Influence,No Apparent Influence,21.0,Female,West,Stopped In Trafficway,No Improper Action,No Apparent Influence,No Apparent Influence,33.40751,-111.92604,2020-01-03,01:23:00
3614224,2020,Elliot Rd,Rural Rd,0.0,Intersection 4 Way 202,0.0,0.0,No Injury,Left Turn,Dark Lighted,Clear,Dry,20.0,Male,East,Making Left Turn,Failed To Yield Right Of Way,No Apparent Influence,No Apparent Influence,24.0,Female,West,Going Straight Ahead,No Improper Action,No Apparent Influence,No Apparent Influence,33.34919,-111.92848,2020-01-03,02:32:00
3632437,2020,Broadway Rd,Hardy Dr,40.0,Not Junction Related,0.0,0.0,No Injury,Sideswipe Same Direction,Dark Lighted,Clear,Dry,28.0,Female,West,Going Straight Ahead,Other,No Apparent Influence,No Apparent Influence,53.0,Female,West,Going Straight Ahead,No Improper Action,No Apparent Influence,No Apparent Influence,33.40739,-111.95203,2020-01-03,13:47:00
3614183,2020,Evergreen Rd,University Dr,25.0,Intersection Related 206,0.0,0.0,No Injury,Rear End,Daylight,Clear,Dry,41.0,Male,South,Going Straight Ahead,Followed Too Closely,No Apparent Influence,No Apparent Influence,39.0,Female,South,Stopped In Trafficway,No Improper Action,No Apparent Influence,No Apparent Influence,33.42218,-111.88302,2020-01-03,16:06:00
3614299,2020,Mill Ave,5th St,0.0,Intersection 4 Way 202,0.0,0.0,No Injury,Angle - Other Than Left Turn 2,Unknown 51,Unknown,Dry,22.0,Male,North,Going Straight Ahead,Disregarded Traffic Signal,No Apparent Influence,No Apparent Influence,23.0,Male,West,Going Straight Ahead,No Improper Action,No Apparent Influence,No Apparent Influence,33.4255,-111.94002,2020-01-03,16:10:00
3614200,2020,Rural Rd,Guadalupe Rd,107.0,Intersection Related 206,0.0,0.0,No Injury,Rear End,Daylight,Clear,Dry,20.0,Female,South,Going Straight Ahead,Speed To Fast For Conditions,No Apparent Influence,No Apparent Influence,66.0,Male,South,Stopped In Trafficway,No Improper Action,No Apparent Influence,No Apparent Influence,33.36405,-111.92861,2020-01-03,16:56:00