Incident_ID,Year,Street_Name,Cross_Street,Distance,Junction_Relation,Total_Injuries,Total_Fatalities,Injury_Severity,Collision_Manner,Light_Condition,Weather,Surface_Condition,Age_1,Gender_1,Travel_One,UnitAction_One,Violation1_Drv1,AlcoholUse_ 1,DrugUse_1,Age_2,Gender_2,TravelDirection_2,UnitAction_2,Violation_2,AlcoholUse_2,DrugUse_2,Latitude,Longitude,Date,Time
3614283,2020,Rural Rd,El Freda Rd,0.0,Intersection 201,0.0,0.0,No Injury,Sideswipe Same Direction,Daylight,Clear,Dry,44.0,Male,North,Going Straight Ahead,Unsafe Lane Change,No Apparent Influence,No Apparent Influence,62.0,Female,North,Stopped In Trafficway,No Improper Action,No Apparent Influence,No Apparent Influence,33.3383,-111.92842,2020-01-03,19:56:00
3614083,2020,Baseline Rd,Pointe Pkwy,50.0,Intersection Related 206,1.0,0.0,Suspected Minor Injury,Rear End,Daylight,Clear,Dry,64.0,Female,West,Going Straight Ahead,Followed Too Closely,No Apparent Influence,No Apparent Influence,76.0,Male,West,Stopped In Trafficway,No Improper Action,No Apparent Influence,No Apparent Influence,33.37822,-111.97183,2020-01-03,23:31:00
3615093,2020,Hardy Dr,5th St,-63.0,Intersection Related 206,1.0,0.0,Suspected Minor Injury,Rear End,Daylight,Clear,Dry,36.0,Male,North,Going Straight Ahead,Followed Too Closely,No Apparent Influence,No Apparent Influence,28.0,Male,North,Stopped In Trafficway,No Improper Action,No Apparent Influence,No Apparent Influence,33.42532,-111.95227,2020-01-03,23:33:00
3614220,2020,Warner Rd,Kenwood Ln,0.0,Intersection T Inter 203,0.0,0.0,No Injury,Left Turn,Dark Lighted,Clear,Dry,19.0,Female,South,Making Right Turn,Failed To Yield Right Of Way,No Apparent Influence,No Apparent Influence,40.0,Male,West,Going Straight Ahead,No Improper Action,No Apparent Influence,No Apparent Influence,33.33472,-111.90292,2020-01-04,01:24:00
3614302,2020,Scottsdale Rd,Hancock Ave,0.0,Intersection 4 Way 202,1.0,0.0,Possible Injury,Left Turn,Dark Lighted,Clear,Dry,48.0,Male,South,Making Left Turn,Failed To Yield Right Of Way,No Apparent Influence,No Apparent Influence,49.0,Female,North,Going Straight Ahead,No Improper Action,No Apparent Influence,No Apparent Influence,33.44666,-111.92646,2020-01-04,02:27:00
3623044,2020,University Dr,48th St,130.0,Not Junction Related,0.0,0.0,No Injury,U Turn,Daylight,Clear,Dry,69.0,Female,Northwest,Making U Turn,Failed To Yield Right Of Way,No Apparent Influence,No Apparent Influence,33.0,Female,West,Going Straight Ahead,No Improper Action,No Apparent Influence,No Apparent Influence,33.42191,-111.97582,2020-01-05,21:43:00
3656220,2020,Baseline Rd,I-10 Exit 155 G-Ramp,0.0,Intersection 4 Way 202,0.0,0.0,No Injury,Rear End,Daylight,Clear,Dry,28.0,Female,East,Going Straight Ahead,Speed To Fast For Conditions,No Apparent Influence,No Apparent Influence,36.0,Male,East,Slowing In Trafficway,No Improper Action,No Apparent Influence,No Apparent Influence,33.37827,-111.96863,2020-01-05,23:34:00
3614000,2020,Broadway Rd,Jentilly Ln,0.0,Intersection T Inter 203,0.0,0.0,No Injury,Left Turn,Dusk,Clear,Dry,22.0,Male,South,Making Left Turn,Failed To Yield Right Of Way,No Apparent Influence,No Apparent Influence,34.0,Female,East,Going Straight Ahead,No Improper Action,No Apparent Influence,No Apparent Influence,33.4075,-111.92372,2020-01-06,00:48:00
3617419,2020,Scottsdale Rd,Hancock Ave,22.0,Intersection Related 206,2.0,0.0,Possible Injury,Rear End,Unknown 51,Unknown,Dry,23.0,Male,South,Unknown,Speed To Fast For Conditions,No Apparent Influence,No Apparent Influence,17.0,Male,South,Unknown,No Improper Action,No Apparent Influence,No Apparent Influence,33.44672,-111.92646,2020-01-06,01:47:00
3633450,2020,McKemy St,Yale Dr,-200.0,Not Junction Related,0.0,0.0,No Injury,Head On,Dark Lighted,Clear,Dry,26.0,Female,South,Going Straight Ahead,Speed To Fast For Conditions,No Apparent Influence,No Apparent Influence,31.0,Male,South,Going Straight Ahead,No Improper Action,No Apparent Influence,No Apparent Influence,33.36976,-111.95278,2020-01-06,05:24:00
3614013,2020,University Dr,Rural Rd,104.0,Intersection Related 206,1.0,0.0,Possible Injury,Rear End,Daylight,Clear,Dry,41.0,Male,West,Going Straight Ahead,Speed To Fast For Conditions,No Apparent Influence,No Apparent Influence,45.0,Female,West,Going Straight Ahead,No Improper Action,No Apparent Influence,No Apparent Influence,33.42203,-111.92597,2020-01-06,14:47:00
3614306,2020,Price Rd,Wildermuth Ave,225.0,Not Junction Related,1.0,0.0,Possible Injury,Rear End,Daylight,Clear,Dry,25.0,Female,South,Going Straight Ahead,Followed Too Closely,No Apparent Influence,No Apparent Influence,29.0,Female,South,Stopped In Trafficway,No Improper Action,No Apparent Influence,No Apparent Influence,33.41358,-111.89196,2020-01-06,15:50:00
3614295,2020,Price Rd,Apache Blvd,80.0,Intersection Related 206,0.0,0.0,No Injury,Rear End,Daylight,Clear,Dry,58.0,Male,South,Slowing In Trafficway,Followed Too Closely,No Apparent Influence,No Apparent Influence,25.0,Male,South,Stopped In Trafficway,No Improper Action,No Apparent Influence,No Apparent Influence,33.41502,-111.89194,2020-01-06,20:15:00
3614173,2020,Baseline Rd,Kyrene Rd,0.0,Intersection T Inter 203,0.0,0.0,No Injury,Left Turn,Daylight,Clear,Dry,32.0,Male,South,Making Left Turn,Failed To Yield Right Of Way,No Apparent Influence,No Apparent Influence,32.0,Female,West,Going Straight Ahead,No Improper Action,No Apparent Influence,No Apparent Influence,33.37822,-111.94389,2020-01-06,22:47:00
3614167,2020,Broadway Rd,River Dr,0.0,Intersection T Inter 203,1.0,0.0,Suspected Minor Injury,Left Turn,Daylight,Clear,Dry,27.0,Female,West,Making Left Turn,Failed To Yield Right Of Way,No Apparent Influence,No Apparent Influence,20.0,Female,East,Going Straight Ahead,No Improper Action,No Apparent Influence,No Apparent Influence,33.4075,-111.89775,2020-01-07,00:17:00
3614191,2020,Baseline Rd,Priest Dr,15.0,Intersection Related 206,1.0,0.0,Possible Injury,Angle - Other Than Left Turn 2,Dark Lighted,Clear,Dry,21.0,Male,North,Making Right Turn,Made Improper Turn,No Apparent Influence,No Apparent Influence,37.0,Male,West,Going Straight Ahead,No Improper Action,No Apparent Influence,No Apparent Influence,33.37824,-111.96313,2020-01-07,05:32:00
3614199,2020,Continental Dr,McAllister Ave,200.0,Not Junction Related,0.0,0.0,No Injury,Sideswipe Same Direction,Daylight,Clear,Dry,22.0,Female,East,Other,Failed To Yield Right Of Way,No Apparent Influence,No Apparent Influence,45.0,Male,East,Going Straight Ahead,No Improper Action,No Apparent Influence,No Apparent Influence,33.45843,-111.93004,2020-01-07,15:40:00
3615097,2020,5th St,Price Rd,-34.0,Intersection Related 206,0.0,0.0,No Injury,Rear End,Daylight,Clear,Dry,51.0,Male,East,Going Straight Ahead,Followed Too Closely,No Apparent Influence,No Apparent Influence,44.0,Male,East,Stopped In Trafficway,No Improper Action,No Apparent Influence,No Apparent Influence,33.42569,-111.89201,2020-01-07,18:04:00
3615092,2020,Baseline Rd,Calle Los Cerros,-30.0,Intersection Related 206,1.0,0.0,Suspected Minor Injury,Rear End,Daylight,Clear,Dry,19.0,Female,East,Going Straight Ahead,Followed Too Closely,No Apparent Influence,No Apparent Influence,33.0,Female,East,Stopped In Trafficway,No Improper Action,No Apparent Influence,No Apparent Influence,33.37821,-111.97419,2020-01-07,21:39:00
3614288,2020,1st St,Beck Ave,0.0,Intersection T Inter 203,0.0,0.0,No Injury,Angle - Other Than Left Turn 2,Daylight,Clear,Dry,37.0,Male,North,Making Left Turn,Failed To Yield Right Of Way,No Apparent Influence,No Apparent Influence,52.0,Male,East,Going Straight Ahead,No Improper Action,No Apparent Influence,No Apparent Influence,33.42908,-111.95673,2020-01-07,23:32:00
3614272,2020,Warner Rd,McKemy St,0.0,Intersection T Inter 203,0.0,0.0,No Injury,Rear End,Daylight,Clear,Dry,62.0,Male,East,Going Straight Ahead,Followed Too Closely,No Apparent Influence,No Apparent Influence,72.0,Male,East,Slowing In Trafficway,No Improper Action,No Apparent Influence,No Apparent Influence,33.33459,-111.94944,2020-01-08,18:55:00
3614169,2020,Rural Rd,Terrace Rd,90.0,Intersection Related 206,0.0,0.0,No Injury,Rear End,Daylight,Clear,Dry,29.0,Female,South,Slowing In Trafficway,Followed Too Closely,No Apparent Influence,No Apparent Influence,51.0,Male,South,Slowing In Trafficway,Followed Too Closely,No Apparent Influence,No Apparent Influence,33.42052,-111.9263,2020-01-08,22:05:00
3614244,2020,Broadway Rd,52nd St,0.0,Intersection 4 Way 202,1.0,0.0,Possible Injury,Sideswipe Same Direction,Daylight,Clear,Dry,57.0,Male,West,Going Straight Ahead,Unknown,No Apparent Influence,No Apparent Influence,21.0,Female,West,Going Straight Ahead,Unknown,No Apparent Influence,No Apparent Influence,33.40925,-111.96953,2020-01-08,22:16:00
3614025,2020,Mill Ave,Alameda Dr,-165.0,Not Junction Related,1.0,0.0,Suspected Minor Injury,Rear End,Daylight,Clear,Dry,22.0,Male,South,Going Straight Ahead,Followed Too Closely,No Apparent Influence,No Apparent Influence,60.0,Male,South,Stopped In Trafficway,No Improper Action,No Apparent Influence,No Apparent Influence,33.39966,-111.9397,2020-01-08,23:24:00
3615098,2020,McClintock Dr,SR-202 Exit 8 A-Ramp,0.0,Intersection 201,2.0,0.0,Suspected Minor Injury,Left Turn,Dark Lighted,Clear,Dry,39.0,Female,North,Making Left Turn,Failed To Yield Right Of Way,No Apparent Influence,No Apparent Influence,65.0,Female,South,Going Straight Ahead,No Improper Action,No Apparent Influence,No Apparent Influence,33.43646,-111.90961,2020-01-09,01:52:00
3614215,2020,University Dr,SR-143 Exit 1 J-Ramp,0.0,Intersection 201,1.0,0.0,Possible Injury,Angle - Other Than Left Turn 2,Daylight,Clear,Dry,17.0,Male,East,Going Straight Ahead,Unknown,No Apparent Influence,No Apparent Influence,24.0,Female,North,Making Left Turn,Unknown,No Apparent Influence,No Apparent Influence,33.42189,-111.97817,2020-01-09,03:35:00
3614032,2020,Price Rd,University Dr,-120.0,Intersection Related 206,1.0,0.0,Possible Injury,Angle - Other Than Left Turn 2,Dark Lighted,Clear,Dry,49.0,Female,East,Making Right Turn,Failed To Yield Right Of Way,No Apparent Influence,No Apparent Influence,28.0,Male,South,Going Straight Ahead,No Improper Action,No Apparent Influence,No Apparent Influence,33.42168,-111.89196,2020-01-09,03:44:00
3614084,2020,Southern Ave,Mill Ave,99.0,Intersection Related 206,1.0,0.0,Possible Injury,Sideswipe Same Direction,Dark Lighted,Clear,Dry,54.0,Male,Northeast,Making Right Turn,Failed To Yield Right Of Way,No Apparent Influence,No Apparent Influence,69.0,Male,East,Going Straight Ahead,Other,No Apparent Influence,No Apparent Influence,33.39287,-111.93928,2020-01-09,13:19:00
3617404,2020,Kyrene Rd,La Donna Dr,34.0,Not Junction Related,2.0,0.0,Suspected Minor Injury,Rear End,Daylight,Clear,Dry,29.0,Female,North,Going Straight Ahead,Followed Too Closely,No Apparent Influence,No Apparent Influence,33.0,Female,North,Slowing In Trafficway,No Improper Action,No Apparent Influence,No Apparent Influence,33.3681,-111.94592,2020-01-09,20:42:00
3614196,2020,University Dr,Rockford Dr,115.0,Intersection Related 206,1.0,0.0,Possible Injury,Rear End,Daylight,Clear,Dry,39.0,Male,East,Going Straight Ahead,Followed Too Closely,No Apparent Influence,No Apparent Influence,34.0,Female,East,Stopped In Trafficway,No Improper Action,No Apparent Influence,No Apparent Influence,33.4221,-111.89769,2020-01-09,22:13:00
3614034,2020,Guadalupe Rd,La Rosa Dr,0.0,Intersection T Inter 203,0.0,0.0,No Injury,Left Turn,Daylight,Cloudy,Dry,20.0,Female,North,Making Left Turn,Failed To Yield Right Of Way,No Apparent Influence,No Apparent Influence,32.0,Female,West,Going Straight Ahead,No Improper Action,No Apparent Influence,No Apparent Influence,33.36375,-111.93088,2020-01-10,00:35:00
3614030,2020,Rural Rd,US-60 Exit 174 G-Ramp,133.0,Intersection Related 206,1.0,0.0,Possible Injury,Rear End,Dark Lighted,Clear,Dry,31.0,Male,South,Going Straight Ahead,Followed Too Closely,Alcohol,No Apparent Influence,22.0,Male,South,Stopped In Trafficway,No Improper Action,No Apparent Influence,No Apparent Influence,33.38539,-111.92647,2020-01-10,08:01:00
3614018,2020,Scottsdale Rd,Rio Salado Pkwy,0.22,Not Junction Related,2.0,0.0,Possible Injury,Rear End,Daylight,Clear,Unknown,63.0,Female,South,Going Straight Ahead,Speed To Fast For Conditions,No Apparent Influence,No Apparent Influence,24.0,Male,South,Going Straight Ahead,Unknown,No Apparent Influence,No Apparent Influence,33.43204,-111.92627,2020-01-10,16:27:00
3617446,2020,Priest Dr,Elliot Rd,0.0,Intersection 4 Way 202,0.0,0.0,No Injury,Sideswipe Same Direction,Daylight,Clear,Dry,30.0,Male,North,Going Straight Ahead,Unknown,No Apparent Influence,No Apparent Influence,57.0,Male,North,Going Straight Ahead,Unknown,No Apparent Influence,No Apparent Influence,33.3491,-111.96313,2020-01-10,16:45:00
3614036,2020,Baseline Rd,56th St,-0.15,Intersection Related 206,0.0,0.0,No Injury,Sideswipe Same Direction,Daylight,Clear,Dry,35.0,Female,East,Changing Lanes,Unsafe Lane Change,No Apparent Influence,No Apparent Influence,32.0,Female,East,Going Straight Ahead,No Improper Action,No Apparent Influence,No Apparent Influence,33.37827,-111.96577,2020-01-10,16:51:00
3623262,2020,Elliot Rd,Price Rd,-10.0,Intersection Related 206,0.0,0.0,No Injury,Rear End,Daylight,Clear,Dry,39.0,Female,East,Going Straight Ahead,Followed Too Closely,No Apparent Influence,No Apparent Influence,71.0,Male,East,Stopped In Trafficway,No Improper Action,No Apparent Influence,No Apparent Influence,33.34934,-111.8944,2020-01-10,17:31:00
3617414,2020,Rio Salado Pkwy,Siesta Ln,75.0,Not Junction Related,0.0,0.0,No Injury,Rear End,Daylight,Clear,Dry,24.0,Female,West,Going Straight Ahead,Speed To Fast For Conditions,No Apparent Influence,No Apparent Influence,64.0,Male,West,Stopped In Trafficway,No Improper Action,No Apparent Influence,No Apparent Influence,33.42937,-111.89337,2020-01-10,17:44:00
3614045,2020,Fairmont Dr,52nd St,0.0,Intersection 4 Way 202,2.0,0.0,Suspected Minor Injury,Angle - Other Than Left Turn 2,Daylight,Clear,Dry,35.0,Female,East,Going Straight Ahead,Ran Stop Sign,No Apparent Influence,No Apparent Influence,28.0,Female,North,Going Straight Ahead,No Improper Action,No Apparent Influence,No Apparent Influence,33.39644,-111.97067,2020-01-10,18:48:00
3614037,2020,Broadway Rd,55th St,0.0,Intersection 4 Way 202,2.0,0.0,Suspected Minor Injury,Left Turn,Daylight,Clear,Dry,26.0,Female,West,Making Left Turn,Failed To Yield Right Of Way,No Apparent Influence,No Apparent Influence,30.0,Male,East,Going Straight Ahead,No Improper Action,No Apparent Influence,No Apparent Influence,33.40758,-111.96582,2020-01-10,19:01:00
3614269,2020,13th St,Farmer Ave,68.0,Intersection Related 206,0.0,0.0,No Injury,Rear End,Daylight,Clear,Dry,29.0,Female,East,Going Straight Ahead,Unknown,No Apparent Influence,No Apparent Influence,26.0,Female,East,Stopped In Trafficway,Unknown,No Apparent Influence,No Apparent Influence,33.41466,-111.94402,2020-01-10,23:16:00
3613995,2020,Mill Ave,Southern Ave,-150.0,Driveway Or Alley,0.0,0.0,No Injury,Left Turn,Daylight,Clear,Dry,39.0,Male,East,Making Left Turn,Failed To Yield Right Of Way,No Apparent Influence,No Apparent Influence,30.0,Female,South,Going Straight Ahead,No Improper Action,No Apparent Influence,No Apparent Influence,33.39245,-111.9396,2020-01-10,23:23:00
3629765,2020,Price Rd,University Dr,175.0,Intersection Related 206,0.0,0.0,No Injury,Rear End,Dusk,Clear,Dry,21.0,Male,South,Going Straight Ahead,Speed To Fast For Conditions,No Apparent Influence,No Apparent Influence,26.0,Male,South,Stopped In Trafficway,No Improper Action,No Apparent Influence,No Apparent Influence,33.42249,-111.89195,2020-01-11,00:54:00
3629769,2020,Priest Dr,University Dr,45.0,Intersection Related 206,0.0,0.0,No Injury,Left Turn,Dark Lighted,Clear,Dry,26.0,Male,Southeast,Making Left Turn,Failed To Yield Right Of Way,No Apparent Influence,No Apparent Influence,25.0,Male,North,Going Straight Ahead,No Improper Action,No Apparent Influence,No Apparent Influence,33.42206,-111.96093,2020-01-11,05:36:00
3614709,2020,Mill Ave,Southern Ave,0.0,Intersection 4 Way 202,0.0,0.0,No Injury,Angle - Other Than Left Turn 2,Dark Lighted,Clear,Dry,25.0,Female,West,Going Straight Ahead,Disregarded Traffic Signal,No Apparent Influence,Drugs,31.0,Male,South,Going Straight Ahead,No Improper Action,No Apparent Influence,No Apparent Influence,33.39286,-111.9396,2020-01-11,06:04:00
3629702,2020,Scottsdale Rd,Papago Dr,0.0,Not Junction Related,0.0,0.0,No Injury,Angle - Other Than Left Turn 2,Dark Lighted,Clear,Dry,22.0,Male,Southeast,Making Right Turn,Failed To Yield Right Of Way,No Apparent Influence,No Apparent Influence,27.0,Female,South,Going Straight Ahead,No Improper Action,No Apparent Influence,No Apparent Influence,33.45342,-111.92643,2020-01-11,08:25:00
3617420,2020,University Dr,Lindon Ln,0.0,Intersection T Inter 203,0.0,0.0,No Injury,Left Turn,Daylight,Clear,Dry,19.0,Male,East,Going Straight Ahead,Disregarded Traffic Signal,Alcohol,No Apparent Influence,19.0,Female,South,Making Left Turn,No Improper Action,No Apparent Influence,No Apparent Influence,33.42194,-111.96524,2020-01-11,16:10:00
3615086,2020,Priest Dr,Warner Rd,-100.0,Intersection Related 206,0.0,0.0,No Injury,Rear End,Unknown 51,Clear,Dry,54.0,Female,North,Slowing In Trafficway,Speed To Fast For Conditions,No Apparent Influence,No Apparent Influence,58.0,Male,North,Stopped In Trafficway,No Improper Action,No Apparent Influence,No Apparent Influence,33.33425,-111.96312,2020-01-11,18:30:00
3614230,2020,Maple Ave,10th St,0.0,Intersection 4 Way 202,1.0,0.0,Suspected Minor Injury,Angle - Other Than Left Turn 2,Daylight,Clear,Dry,32.0,Male,North,Going Straight Ahead,Failed To Yield Right Of Way,No Apparent Influence,No Apparent Influence,26.0,Male,West,Going Straight Ahead,No Improper Action,No Apparent Influence,No Apparent Influence,33.41905,-111.94123,2020-01-11,20:33:00
3635142,2020,Priest Dr,5th St,0.0,Intersection 4 Way 202,1.0,0.0,Suspected Minor Injury,Left Turn,Daylight,Clear,Dry,35.0,Male,East,Making Left Turn,Failed To Yield Right Of Way,No Apparent Influence,No Apparent Influence,19.0,Female,North,Going Straight Ahead,No Improper Action,No Apparent Influence,No Apparent Influence,33.42562,-111.96097,2020-01-11,23:48:00
3617412,2020,McClintock Dr,Guadalupe Rd,0.0,Intersection 4 Way 202,0.0,0.0,No Injury,Left Turn,Dark Lighted,Clear,Dry,47.0,Female,Northwest,Making Left Turn,Unknown,No Apparent Influence,No Apparent Influence,64.0,Male,South,Going Straight Ahead,Unknown,No Apparent Influence,No Apparent Influence,33.36376,-111.91126,2020-01-13,01:37:00
3623261,2020,University Dr,Ash Ave,140.0,Not Junction Related,1.0,0.0,Possible Injury,Rear End,Daylight,Clear,Dry,50.0,Male,East,Going Straight Ahead,Speed To Fast For Conditions,No Apparent Influence,No Apparent Influence,22.0,Female,East,Stopped In Trafficway,No Improper Action,No Apparent Influence,No Apparent Influence,33.42193,-111.94194,2020-01-13,15:50:00
3613986,2020,Priest Dr,Rio Salado Pkwy,150.0,Intersection Related 206,0.0,0.0,No Injury,Rear End,Daylight,Clear,Dry,23.0,Male,South,Going Straight Ahead,Speed To Fast For Conditions,No Apparent Influence,No Apparent Influence,38.0,Male,South,Going Straight Ahead,No Improper Action,No Apparent Influence,No Apparent Influence,33.42997,-111.96097,2020-01-13,18:15:00
3614236,2020,Smith Rd,Rio Salado Pkwy,-15.0,Intersection Related 206,0.0,0.0,No Injury,Sideswipe Same Direction,Daylight,Clear,Dry,28.0,Male,North,Going Straight Ahead,Other,No Apparent Influence,No Apparent Influence,65.0,Male,North,Making Right Turn,No Improper Action,No Apparent Influence,No Apparent Influence,33.42924,-111.90046,2020-01-13,18:50:00
3617443,2020,Broadway Rd,River Dr,-200.0,Not Junction Related,0.0,0.0,No Injury,Rear End,Daylight,Clear,Dry,21.0,Male,West,Going Straight Ahead,Followed Too Closely,No Apparent Influence,No Apparent Influence,65.0,Female,West,Going Straight Ahead,No Improper Action,No Apparent Influence,No Apparent Influence,33.4075,-111.8984,2020-01-13,21:03:00
3614193,2020,Rural Rd,Alexander Blvd,-15.0,Intersection Related 206,0.0,0.0,No Injury,Angle - Other Than Left Turn 2,Dawn,Clear,Dry,62.0,Female,South,Going Straight Ahead,Failed To Keep In Proper Lane,No Apparent Influence,No Apparent Influence,59.0,Female,South,Stopped In Trafficway,No Improper Action,No Apparent Influence,No Apparent Influence,33.32371,-111.92824,2020-01-13,21:38:00
3617447,2020,Warner Rd,Kyrene Rd,-200.0,Intersection Related 206,0.0,0.0,No Injury,Rear End,Daylight,Clear,Dry,64.0,Male,East,Going Straight Ahead,Followed Too Closely,No Apparent Influence,No Apparent Influence,18.0,Female,East,Stopped In Trafficway,No Improper Action,No Apparent Influence,No Apparent Influence,33.3346,-111.94631,2020-01-13,22:22:00
3614194,2020,Kyrene Rd,Magdalena Dr,-30.0,Not Junction Related,0.0,0.0,No Injury,Rear End,Daylight,Clear,Dry,51.0,Male,North,Going Straight Ahead,Speed To Fast For Conditions,No Apparent Influence,No Apparent Influence,27.0,Male,North,Going Straight Ahead,No Improper Action,No Apparent Influence,No Apparent Influence,33.3687,-111.94593,2020-01-13,23:15:00
3629739,2020,University Dr,McClintock Dr,0.0,Driveway Or Alley,0.0,0.0,No Injury,Sideswipe Same Direction,Dusk,Clear,Dry,46.0,Female,East,Changing Lanes,Unsafe Lane Change,No Apparent Influence,No Apparent Influence,22.0,Male,East,Going Straight Ahead,No Improper Action,No Apparent Influence,No Apparent Influence,33.42198,-111.90909,2020-01-14,00:17:00
3614250,2020,University Dr,Rural Rd,0.0,Intersection 4 Way 202,2.0,0.0,Suspected Minor Injury,Left Turn,Daylight,Clear,Dry,19.0,Female,West,Making Left Turn,Failed To Yield Right Of Way,No Apparent Influence,No Apparent Influence,29.0,Male,East,Going Straight Ahead,No Improper Action,No Apparent Influence,No Apparent Influence,33.42203,-111.92631,2020-01-14,01:05:00
3617415,2020,Scottsdale Rd,Gilbert Dr,200.0,Not Junction Related,1.0,0.0,Suspected Minor Injury,Rear End,Dark Lighted,Clear,Dry,22.0,Female,South,Changing Lanes,Unsafe Lane Change,No Apparent Influence,No Apparent Influence,36.0,Male,South,Going Straight Ahead,No Improper Action,No Apparent Influence,No Apparent Influence,33.43811,-111.92629,2020-01-14,01:15:00
3614195,2020,Elliot Rd,Priest Dr,-45.0,Intersection Related 206,0.0,0.0,No Injury,Rear End,Dark Lighted,Clear,Dry,16.0,Male,East,Going Straight Ahead,Speed To Fast For Conditions,No Apparent Influence,No Apparent Influence,22.0,Male,East,Going Straight Ahead,No Improper Action,No Apparent Influence,No Apparent Influence,33.3491,-111.96328,2020-01-14,03:29:00
3629715,2020,University Dr,Hohokam Dr,0.0,Intersection T Inter 203,1.0,0.0,Possible Injury,Left Turn,Dark Lighted,Clear,Dry,50.0,Female,North,Making Left Turn,Failed To Yield Right Of Way,No Apparent Influence,No Apparent Influence,26.0,Male,East,Going Straight Ahead,No Improper Action,No Apparent Influence,No Apparent Influence,33.42193,-111.9718,2020-01-14,13:02:00
3614234,2020,Broadway Rd,River Dr,-55.0,Intersection Related 206,0.0,0.0,No Injury,Rear End,Daylight,Clear,Dry,36.0,Female,East,Going Straight Ahead,Followed Too Closely,No Apparent Influence,No Apparent Influence,23.0,Male,East,Slowing In Trafficway,No Improper Action,No Apparent Influence,No Apparent Influence,33.4075,-111.89793,2020-01-14,13:40:00
3621845,2020,Southern Ave,Hardy Dr,0.0,Intersection 4 Way 202,2.0,0.0,Possible Injury,Left Turn,Daylight,Clear,Dry,17.0,Female,East,Making Left Turn,Failed To Yield Right Of Way,No Apparent Influence,No Apparent Influence,38.0,Male,West,Going Straight Ahead,No Improper Action,No Apparent Influence,No Apparent Influence,33.39286,-111.95198,2020-01-14,15:12:00
3623050,2020,Baseline Rd,Country Club Way,0.0,Intersection 4 Way 202,1.0,0.0,Possible Injury,Left Turn,Daylight,Clear,Dry,76.0,Female,East,Making Left Turn,Failed To Yield Right Of Way,No Apparent Influence,No Apparent Influence,72.0,Female,West,Going Straight Ahead,No Improper Action,No Apparent Influence,No Apparent Influence,33.37845,-111.90064,2020-01-14,15:25:00
3614262,2020,University Dr,McClintock Dr,30.0,Intersection Related 206,0.0,0.0,No Injury,Rear End,Daylight,Clear,Dry,25.0,Female,West,Going Straight Ahead,Followed Too Closely,No Apparent Influence,No Apparent Influence,27.0,Female,West,Stopped In Trafficway,No Improper Action,No Apparent Influence,No Apparent Influence,33.42199,-111.90899,2020-01-14,16:33:00
3614209,2020,Broadway Rd,Price Rd,75.0,Intersection Related 206,0.0,0.0,No Injury,Rear End,Daylight,Clear,Dry,31.0,Female,North,Making Right Turn,Failed To Yield Right Of Way,No Apparent Influence,No Apparent Influence,21.0,Female,East,Avoiding Vehicle Object Pedestrian,No Improper Action,No Apparent Influence,No Apparent Influence,33.40748,-111.89009,2020-01-14,20:41:00
3617434,2020,Mill Ave,Rio Salado Pkwy,190.0,Intersection Related 206,1.0,0.0,Suspected Minor Injury,Rear End,Daylight,Clear,Dry,77.0,Female,South,Going Straight Ahead,Followed Too Closely,No Apparent Influence,No Apparent Influence,69.0,Male,South,Stopped In Trafficway,No Improper Action,No Apparent Influence,No Apparent Influence,33.43014,-111.93998,2020-01-14,20:44:00
3632611,2020,Priest Dr,SR-202 Exit 5 A-Ramp,0.0,Intersection 201,0.0,0.0,No Injury,Angle - Other Than Left Turn 2,Daylight,Clear,Dry,25.0,Female,North,Making Right Turn,Unknown,No Apparent Influence,No Apparent Influence,39.0,Male,East,Going Straight Ahead,Unknown,No Apparent Influence,No Apparent Influence,33.43715,-111.96094,2020-01-14,20:54:00
3614241,2020,Baseline Rd,Calle Los Cerros,142.0,Intersection Related 206,0.0,0.0,No Injury,Rear End,Daylight,Clear,Dry,66.0,Female,East,Going Straight Ahead,Followed Too Closely,No Apparent Influence,No Apparent Influence,25.0,Female,East,Stopped In Trafficway,No Improper Action,No Apparent Influence,No Apparent Influence,33.37821,-111.97362,2020-01-15,00:21:00
3621856,2020,Rio Salado Pkwy,Smith Rd,100.0,Not Junction Related,0.0,0.0,No Injury,Rear End,Dark Lighted,Clear,Dry,32.0,Male,West,Going Straight Ahead,Speed To Fast For Conditions,No Apparent Influence,No Apparent Influence,47.0,Male,Unknown,Stopped In Trafficway,No Improper Action,No Apparent Influence,No Apparent Influence,33.42929,-111.90013,2020-01-15,02:17:00
3609762,2020,Broadway Rd,48th St,153.0,Intersection Related Interchange,0.0,0.0,No Injury,Sideswipe Same Direction,Dark Lighted,Clear,Dry,33.0,Female,East,Changing Lanes,Failed To Keep In Proper Lane,No Apparent Influence,No Apparent Influence,33.0,Female,East,Changing Lanes,Failed To Keep In Proper Lane,No Apparent Influence,No Apparent Influence,33.40733,-111.97779,2020-01-15,13:05:00
3621855,2020,Mill Ave,University Dr,-200.0,Not Junction Related,0.0,0.0,No Injury,Rear End,Daylight,Clear,Dry,27.0,Female,North,Going Straight Ahead,Followed Too Closely,No Apparent Influence,No Apparent Influence,50.0,Male,North,Stopped In Trafficway,No Improper Action,No Apparent Influence,No Apparent Influence,33.42139,-111.94,2020-01-15,14:42:00