Incident_ID,Year,Street_Name,Cross_Street,Distance,Junction_Relation,Total_Injuries,Total_Fatalities,Injury_Severity,Collision_Manner,Light_Condition,Weather,Surface_Condition,Age_1,Gender_1,Travel_One,UnitAction_One,Violation1_Drv1,AlcoholUse_ 1,DrugUse_1,Age_2,Gender_2,TravelDirection_2,UnitAction_2,Violation_2,AlcoholUse_2,DrugUse_2,Latitude,Longitude,Date,Time
3621839,2020,Scottsdale Rd,SR-202 Exit 7 T-Ramp,0.0,Intersection 201,0.0,0.0,No Injury,Rear End,Daylight,Clear,Dry,19.0,Male,East,Making Right Turn,Failed To Yield Right Of Way,No Apparent Influence,No Apparent Influence,29.0,Male,South,Stopped In Trafficway,No Improper Action,No Apparent Influence,No Apparent Influence,33.43544,-111.92626,2020-01-15,15:48:00
3617439,2020,Rural Rd,Lemon St,0.0,Intersection 4 Way 202,2.0,0.0,Suspected Minor Injury,Left Turn,Daylight,Clear,Dry,20.0,Male,North,Making Left Turn,Failed To Yield Right Of Way,No Apparent Influence,No Apparent Influence,64.0,Male,South,Going Straight Ahead,No Improper Action,No Apparent Influence,No Apparent Influence,33.41684,-111.9263,2020-01-15,18:10:00
3617444,2020,Elliot Rd,Priest Dr,120.0,Intersection Related 206,1.0,0.0,Possible Injury,Rear End,Daylight,Clear,Dry,45.0,Male,West,Going Straight Ahead,Followed Too Closely,No Apparent Influence,No Apparent Influence,26.0,Female,West,Stopped In Trafficway,No Improper Action,No Apparent Influence,No Apparent Influence,33.34911,-111.96274,2020-01-15,18:16:00
3635143,2020,Rural Rd,Baseline Rd,0.0,Intersection 4 Way 202,0.0,0.0,No Injury,Sideswipe Same Direction,Daylight,Clear,Dry,43.0,Male,North,Going Straight Ahead,Unsafe Lane Change,No Apparent Influence,No Apparent Influence,44.0,Female,North,Going Straight Ahead,No Improper Action,No Apparent Influence,No Apparent Influence,33.37825,-111.92869,2020-01-15,21:58:00
3614254,2020,52nd St,University Dr,65.0,Intersection Related 206,0.0,0.0,No Injury,Rear End,Daylight,Cloudy,Dry,55.0,Male,South,Going Straight Ahead,Followed Too Closely,No Apparent Influence,No Apparent Influence,36.0,Female,South,Stopped In Trafficway,No Improper Action,No Apparent Influence,No Apparent Influence,33.42212,-111.96957,2020-01-15,22:47:00
3617436,2020,Scottsdale Rd,Weber Dr,100.0,Intersection Related 206,0.0,0.0,No Injury,Rear End,Daylight,Clear,Dry,58.0,Female,South,Going Straight Ahead,Followed Too Closely,No Apparent Influence,No Apparent Influence,24.0,Female,South,Stopped In Trafficway,No Improper Action,No Apparent Influence,No Apparent Influence,33.44426,-111.92644,2020-01-15,23:06:00
3623268,2020,Broadway Rd,Rural Rd,-100.0,Intersection Related 206,0.0,0.0,No Injury,Angle - Other Than Left Turn 2,Dark Lighted,Clear,Dry,35.0,Male,East,Going Straight Ahead,Followed Too Closely,Alcohol,No Apparent Influence,56.0,Male,East,Stopped In Trafficway,No Improper Action,No Apparent Influence,No Apparent Influence,33.40749,-111.92661,2020-01-16,03:50:00
3617441,2020,Mill Ave,Southern Ave,-100.0,Not Junction Related,1.0,0.0,Suspected Minor Injury,Sideswipe Same Direction,Dark Lighted,Clear,Dry,62.0,Female,North,Making U Turn,Made Improper Turn,No Apparent Influence,No Apparent Influence,25.0,Female,North,Going Straight Ahead,No Improper Action,No Apparent Influence,No Apparent Influence,33.39259,-111.9396,2020-01-16,04:55:00
3614451,2020,Rio Salado Pkwy,Price Rd,0.0,Intersection 4 Way 202,0.0,0.0,No Injury,Left Turn,Dark Lighted,Clear,Dry,61.0,Male,Southwest,Going Straight Ahead,No Improper Action,No Apparent Influence,No Apparent Influence,20.0,Male,South,Making Left Turn,Failed To Yield Right Of Way,No Apparent Influence,No Apparent Influence,33.42938,-111.89183,2020-01-16,06:02:00
3632644,2020,University Dr,Evergreen Rd,-195.0,Unknown,0.0,0.0,No Injury,Sideswipe Same Direction,Dark Lighted,Clear,Dry,30.0,Male,West,Changing Lanes,Unsafe Lane Change,No Apparent Influence,No Apparent Influence,54.0,Male,West,Going Straight Ahead,No Improper Action,No Apparent Influence,No Apparent Influence,33.4221,-111.88365,2020-01-16,13:20:00
3621840,2020,Broadway Rd,I-10 Exit 153 P-Ramp,-30.0,Intersection Related 206,0.0,0.0,No Injury,Rear End,Daylight,Cloudy,Dry,29.0,Male,East,Going Straight Ahead,Followed Too Closely,No Apparent Influence,No Apparent Influence,43.0,Male,East,Stopped In Trafficway,No Improper Action,No Apparent Influence,No Apparent Influence,33.40833,-111.97393,2020-01-16,15:51:00
3617001,2020,Kyrene Rd,Elliot Rd,0.0,Intersection 4 Way 202,2.0,0.0,Suspected Minor Injury,Left Turn,Daylight,Clear,Dry,57.0,Female,North,Making Left Turn,Failed To Yield Right Of Way,No Apparent Influence,No Apparent Influence,21.0,Male,South,Going Straight Ahead,No Improper Action,No Apparent Influence,No Apparent Influence,33.3492,-111.94573,2020-01-16,21:48:00
3633480,2020,Pebble Beach Dr,Mill Ave,40.0,Not Junction Related,0.0,0.0,No Injury,Rear End,Daylight,Cloudy,Dry,47.0,Male,South,Going Straight Ahead,Speed To Fast For Conditions,No Apparent Influence,No Apparent Influence,41.0,Female,South,Stopped In Trafficway,No Improper Action,No Apparent Influence,No Apparent Influence,33.3907,-111.93943,2020-01-16,23:24:00
3614308,2020,Broadway Rd,Hardy Dr,-150.0,Not Junction Related,0.0,0.0,No Injury,Rear End,Dark Lighted,Cloudy,Dry,60.0,Female,East,Going Straight Ahead,Speed To Fast For Conditions,No Apparent Influence,No Apparent Influence,25.0,Male,East,Going Straight Ahead,No Improper Action,No Apparent Influence,No Apparent Influence,33.4074,-111.95266,2020-01-17,00:53:00
3617410,2020,Rural Rd,Campus Dr,0.0,Intersection 4 Way 202,1.0,0.0,Suspected Minor Injury,Left Turn,Dusk,Cloudy,Dry,21.0,Male,North,Making Left Turn,Failed To Yield Right Of Way,No Apparent Influence,No Apparent Influence,21.0,Male,South,Going Straight Ahead,No Improper Action,No Apparent Influence,No Apparent Influence,33.39857,-111.92632,2020-01-17,00:53:00
3623042,2020,Priest Dr,Rio Salado Pkwy,0.0,Intersection 4 Way 202,0.0,0.0,No Injury,Angle - Other Than Left Turn 2,Dark Lighted,Clear,Dry,75.0,Male,East,Making Right Turn,Failed To Yield Right Of Way,No Apparent Influence,No Apparent Influence,31.0,Female,South,Going Straight Ahead,No Improper Action,No Apparent Influence,No Apparent Influence,33.42956,-111.96097,2020-01-17,02:25:00
3630297,2020,Rural Rd,Apache Blvd,30.0,Intersection Related 206,0.0,0.0,No Injury,Rear End,Dark Lighted,Clear,Dry,33.0,Female,South,Going Straight Ahead,Speed To Fast For Conditions,No Apparent Influence,No Apparent Influence,40.0,Male,South,Stopped In Trafficway,No Improper Action,No Apparent Influence,No Apparent Influence,33.41484,-111.92629,2020-01-17,04:10:00
3632687,2020,Priest Dr,Washington St,-30.0,Not Junction Related,0.0,0.0,No Injury,Other,Dark Lighted,Clear,Dry,69.0,Male,South,Backing,Other,No Apparent Influence,No Apparent Influence,38.0,Male,North,Stopped In Trafficway,No Improper Action,No Apparent Influence,No Apparent Influence,33.44258,-111.95669,2020-01-17,13:06:00
3629727,2020,48th St,Roeser Rd,-100.0,Intersection Related 206,0.0,0.0,No Injury,Sideswipe Same Direction,Daylight,Clear,Dry,44.0,Male,North,Going Straight Ahead,Unknown,No Apparent Influence,No Apparent Influence,20.0,Female,North,Going Straight Ahead,Unknown,No Apparent Influence,No Apparent Influence,33.39977,-111.97831,2020-01-17,13:50:00
3623019,2020,McClintock Dr,La Jolla Dr,0.0,Intersection T Inter 203,2.0,0.0,Possible Injury,Angle - Other Than Left Turn 2,Daylight,Clear,Dry,47.0,Male,West,Making Left Turn,Failed To Yield Right Of Way,No Apparent Influence,No Apparent Influence,33.0,Female,North,Going Straight Ahead,No Improper Action,No Apparent Influence,No Apparent Influence,33.38965,-111.90917,2020-01-17,15:04:00
3629738,2020,Scottsdale Rd,Fillmore St,95.0,Not Junction Related,1.0,0.0,Possible Injury,Rear End,Daylight,Clear,Dry,22.0,Male,North,Going Straight Ahead,Speed To Fast For Conditions,No Apparent Influence,No Apparent Influence,41.0,Male,North,Slowing In Trafficway,No Improper Action,No Apparent Influence,No Apparent Influence,33.45384,-111.92643,2020-01-17,15:12:00
3632982,2020,Hohokam Dr,University Dr,-40.0,Not Junction Related,0.0,0.0,No Injury,Rear End,Daylight,Clear,Dry,35.0,Male,North,Making Right Turn,Speed To Fast For Conditions,No Apparent Influence,No Apparent Influence,24.0,Male,North,Making Right Turn,No Improper Action,No Apparent Influence,No Apparent Influence,33.42182,-111.9718,2020-01-17,17:28:00
3613981,2020,Warner Rd,McClintock Dr,0.0,Intersection 4 Way 202,0.0,0.0,No Injury,Left Turn,Daylight,Clear,Dry,33.0,Male,East,Making Left Turn,Failed To Yield Right Of Way,No Apparent Influence,No Apparent Influence,27.0,Female,West,Going Straight Ahead,No Improper Action,No Apparent Influence,No Apparent Influence,33.33464,-111.91118,2020-01-17,19:21:00
3613987,2020,Priest Dr,Elliot Rd,-145.0,Intersection Related 206,1.0,0.0,Possible Injury,Angle - Other Than Left Turn 2,Daylight,Clear,Dry,27.0,Female,North,Changing Lanes,Failed To Yield Right Of Way,No Apparent Influence,No Apparent Influence,18.0,Male,North,Going Straight Ahead,No Improper Action,No Apparent Influence,No Apparent Influence,33.34871,-111.96313,2020-01-17,22:11:00
3632438,2020,Southern Ave,Albert Ave,-45.0,Not Junction Related,0.0,0.0,No Injury,Angle - Other Than Left Turn 2,Daylight,Clear,Dry,43.0,Female,North,Making Left Turn,Failed To Yield Right Of Way,No Apparent Influence,No Apparent Influence,34.0,Male,East,Going Straight Ahead,No Improper Action,No Apparent Influence,No Apparent Influence,33.39287,-111.96287,2020-01-17,22:39:00
3617437,2020,5th St,Price Rd,-50.0,Not Junction Related,1.0,0.0,Possible Injury,Rear End,Daylight,Clear,Dry,30.0,Male,East,Going Straight Ahead,Speed To Fast For Conditions,No Apparent Influence,No Apparent Influence,32.0,Male,East,Slowing In Trafficway,No Improper Action,No Apparent Influence,No Apparent Influence,33.42569,-111.89207,2020-01-18,00:10:00
3617407,2020,Hardy Dr,Minton Dr,60.0,Not Junction Related,1.0,0.0,Possible Injury,Rear End,Dark Not Lighted,Clear,Dry,24.0,Male,South,Going Straight Ahead,Speed To Fast For Conditions,No Apparent Influence,No Apparent Influence,28.0,Female,South,Stopped In Trafficway,No Improper Action,No Apparent Influence,No Apparent Influence,33.38114,-111.95244,2020-01-18,00:44:00
3617428,2020,Priest Dr,SR-202 Exit 5 J-Ramp,0.0,Intersection 4 Way 202,0.0,0.0,No Injury,Left Turn,Dark Lighted,Clear,Dry,63.0,Male,South,Going Straight Ahead,Unknown,No Apparent Influence,No Apparent Influence,21.0,Male,North,Making Left Turn,Unknown,No Apparent Influence,No Apparent Influence,33.4385,-111.96084,2020-01-18,07:51:00
3623267,2020,Baseline Rd,Hardy Dr,-65.0,Driveway Or Alley,0.0,0.0,No Injury,Angle - Other Than Left Turn 2,Dark Lighted,Clear,Dry,24.0,Male,North,Making Left Turn,Aggressive Driving,Alcohol,Drugs,75.0,Male,East,Going Straight Ahead,No Improper Action,No Apparent Influence,No Apparent Influence,33.37821,-111.95273,2020-01-18,09:37:00
3621844,2020,Broadway Rd,Price Rd,15.0,Intersection Related 206,1.0,0.0,Possible Injury,Rear End,Daylight,Clear,Dry,27.0,Male,West,Going Straight Ahead,Followed Too Closely,No Apparent Influence,No Apparent Influence,61.0,Male,West,Making Right Turn,No Improper Action,No Apparent Influence,No Apparent Influence,33.40748,-111.89029,2020-01-18,17:55:00
3629764,2020,Price Rd,Apache Blvd,0.0,Intersection 4 Way 202,1.0,0.0,Possible Injury,Angle - Other Than Left Turn 2,Daylight,Clear,Dry,35.0,Female,East,Going Straight Ahead,Disregarded Traffic Signal,No Apparent Influence,No Apparent Influence,61.0,Male,North,Making Left Turn,No Improper Action,No Apparent Influence,No Apparent Influence,33.41479,-111.89073,2020-01-18,18:45:00
3623053,2020,Baseline Rd,Wendler Dr,-50.0,Intersection Related 206,0.0,0.0,No Injury,Rear End,Daylight,Clear,Dry,17.0,Male,East,Going Straight Ahead,Speed To Fast For Conditions,No Apparent Influence,No Apparent Influence,66.0,Female,East,Slowing In Trafficway,No Improper Action,No Apparent Influence,No Apparent Influence,33.37826,-111.96995,2020-01-18,18:48:00
3623052,2020,University Dr,Wilson St,175.0,Intersection Related 206,0.0,0.0,No Injury,Rear End,Daylight,Unknown,Dry,24.0,Male,West,Changing Lanes,Unsafe Lane Change,No Apparent Influence,No Apparent Influence,28.0,Male,West,Going Straight Ahead,No Improper Action,No Apparent Influence,No Apparent Influence,33.4219,-111.9452,2020-01-18,19:53:00
3624900,2020,Broadway Rd,Cutler Dr,-125.0,Not Junction Related,1.0,0.0,Suspected Serious Injury,Rear End,Daylight,Clear,Dry,27.0,Male,East,Changing Lanes,Unsafe Lane Change,No Apparent Influence,No Apparent Influence,43.0,Female,East,Going Straight Ahead,No Improper Action,No Apparent Influence,No Apparent Influence,33.40741,-111.95878,2020-01-18,20:47:00
3632680,2020,Veterans Way,University Dr,30.0,Intersection 201,0.0,0.0,No Injury,Head On,Unknown 51,Unknown,Dry,18.0,Male,North,Making Left Turn,Speed To Fast For Conditions,No Apparent Influence,No Apparent Influence,37.0,Male,North,Going Straight Ahead,No Improper Action,No Apparent Influence,No Apparent Influence,33.4221,-111.92895,2020-01-19,01:14:00
3623055,2020,University Dr,Smith Rd,-115.0,Intersection Related 206,0.0,0.0,No Injury,Sideswipe Same Direction,Daylight,Clear,Dry,59.0,Female,West,Going Straight Ahead,Failed To Keep In Proper Lane,No Apparent Influence,No Apparent Influence,33.0,Male,West,Going Straight Ahead,No Improper Action,No Apparent Influence,No Apparent Influence,33.4221,-111.90087,2020-01-19,18:32:00
3617438,2020,Broadway Rd,Ventura Dr,0.0,Intersection T Inter 203,0.0,0.0,No Injury,Angle - Other Than Left Turn 2,Daylight,Clear,Dry,21.0,Male,South,Making Left Turn,Failed To Yield Right Of Way,No Apparent Influence,No Apparent Influence,20.0,Male,West,Going Straight Ahead,No Improper Action,No Apparent Influence,No Apparent Influence,33.40748,-111.93012,2020-01-19,19:15:00
3654209,2020,Apache Blvd,Una Butte Ave,-30.0,Intersection Related 206,0.0,0.0,No Injury,Sideswipe Same Direction,Daylight,Clear,Dry,51.0,Female,East,Other,Unsafe Lane Change,No Apparent Influence,No Apparent Influence,30.0,Male,East,Other,Unsafe Lane Change,No Apparent Influence,No Apparent Influence,33.41476,-111.91244,2020-01-19,23:41:00
3617427,2020,Elliot Rd,I-10 Exit 157 J-Ramp,134.0,Intersection Related 206,0.0,0.0,No Injury,Rear End,Dark Not Lighted,Clear,Dry,22.0,Female,West,Going Straight Ahead,Speed To Fast For Conditions,No Apparent Influence,No Apparent Influence,26.0,Female,West,Stopped In Trafficway,No Improper Action,No Apparent Influence,No Apparent Influence,33.34909,-111.9705,2020-01-20,02:15:00
3632686,2020,Priest Dr,Broadway Rd,0.0,Intersection 4 Way 202,0.0,0.0,No Injury,Angle - Other Than Left Turn 2,Daylight,Clear,Dry,32.0,Male,Southwest,Going Straight Ahead,No Improper Action,No Apparent Influence,No Apparent Influence,27.0,Male,West,Going Straight Ahead,No Improper Action,No Apparent Influence,No Apparent Influence,33.40742,-111.96078,2020-01-20,05:25:00
3623016,2020,Priest Dr,Rio Salado Pkwy,0.0,Intersection 4 Way 202,0.0,0.0,No Injury,Angle - Other Than Left Turn 2,Daylight,Cloudy,Dry,66.0,Male,West,Making Right Turn,Failed To Yield Right Of Way,No Apparent Influence,No Apparent Influence,25.0,Male,North,Going Straight Ahead,No Improper Action,No Apparent Influence,No Apparent Influence,33.42956,-111.96097,2020-01-20,22:22:00
3622987,2020,McClintock Dr,Rio Salado Pkwy,15.0,Intersection Related 206,2.0,0.0,Suspected Minor Injury,Rear End,Daylight,Cloudy,Dry,33.0,Female,South,Going Straight Ahead,Speed To Fast For Conditions,No Apparent Influence,No Apparent Influence,54.0,Male,South,Stopped In Trafficway,No Improper Action,No Apparent Influence,No Apparent Influence,33.4293,-111.90907,2020-01-20,23:38:00
3623015,2020,McClintock Dr,Broadway Rd,-55.0,Intersection Related 206,0.0,0.0,No Injury,Rear End,Daylight,Cloudy,Dry,40.0,Male,North,Going Straight Ahead,Speed To Fast For Conditions,No Apparent Influence,No Apparent Influence,61.0,Female,North,Stopped In Trafficway,No Improper Action,No Apparent Influence,No Apparent Influence,33.40735,-111.90912,2020-01-20,23:46:00
3631703,2020,Priest Dr,University Dr,-100.0,Intersection Related 206,0.0,0.0,No Injury,Angle - Other Than Left Turn 2,Daylight,Cloudy,Dry,22.0,Male,North,Going Straight Ahead,Failed To Yield Right Of Way,No Apparent Influence,No Apparent Influence,25.0,Male,East,Going Straight Ahead,No Improper Action,No Apparent Influence,No Apparent Influence,33.42167,-111.96091,2020-01-20,23:48:00
3630246,2020,Rural Rd,Elliot Rd,200.0,Intersection Related 206,1.0,0.0,Possible Injury,Angle - Other Than Left Turn 2,Daylight,Clear,Dry,19.0,Female,East,Going Straight Ahead,Failed To Yield Right Of Way,No Apparent Influence,No Apparent Influence,64.0,Female,South,Going Straight Ahead,No Improper Action,No Apparent Influence,No Apparent Influence,33.34974,-111.92849,2020-01-20,23:57:00
3623017,2020,Rural Rd,Broadway Rd,130.0,Intersection Related 206,0.0,0.0,No Injury,Rear End,Dusk,Cloudy,Dry,16.0,Male,North,Going Straight Ahead,Speed To Fast For Conditions,No Apparent Influence,No Apparent Influence,19.0,Female,North,Stopped In Trafficway,No Improper Action,No Apparent Influence,No Apparent Influence,33.40786,-111.92628,2020-01-21,00:19:00
3664674,2020,Rural Rd,Elliot Rd,0.0,Intersection 4 Way 202,2.0,0.0,Suspected Serious Injury,Angle - Other Than Left Turn 2,Dark Lighted,Rain,Wet,57.0,Female,West,Going Straight Ahead,Disregarded Traffic Signal,No Apparent Influence,No Apparent Influence,66.0,Male,South,Going Straight Ahead,No Improper Action,No Apparent Influence,No Apparent Influence,33.34919,-111.92848,2020-01-21,12:46:00
3617422,2020,Mill Ave,Southern Ave,-162.0,Intersection Related 206,0.0,0.0,No Injury,Sideswipe Same Direction,Dark Lighted,Rain,Dry,21.0,Male,North,Changing Lanes,Unsafe Lane Change,No Apparent Influence,No Apparent Influence,69.0,Male,North,Going Straight Ahead,No Improper Action,No Apparent Influence,No Apparent Influence,33.39242,-111.93959,2020-01-21,13:35:00
3617381,2020,Mill Ave,Carter Dr,-84.0,Not Junction Related,0.0,0.0,No Injury,Rear End,Dawn,Rain,Wet,40.0,Male,North,Slowing In Trafficway,Speed To Fast For Conditions,No Apparent Influence,No Apparent Influence,64.0,Female,North,Stopped In Trafficway,No Improper Action,No Apparent Influence,No Apparent Influence,33.38305,-111.93945,2020-01-21,14:23:00
3617449,2020,Scottsdale Rd,Curry Rd,-24.0,Intersection Related 206,1.0,0.0,Possible Injury,Rear End,Daylight,Rain,Wet,35.0,Male,North,Slowing In Trafficway,Speed To Fast For Conditions,No Apparent Influence,No Apparent Influence,34.0,Female,North,Slowing In Trafficway,No Improper Action,No Apparent Influence,No Apparent Influence,33.44023,-111.92633,2020-01-21,14:23:00
3617450,2020,Rural Rd,Elliot Rd,180.0,Not Junction Related,0.0,0.0,No Injury,Left Turn,Daylight,Rain,Wet,26.0,Male,Northeast,Making Left Turn,Speed To Fast For Conditions,No Apparent Influence,No Apparent Influence,42.0,Male,South,Stopped In Trafficway,No Improper Action,No Apparent Influence,No Apparent Influence,33.34968,-111.92849,2020-01-21,14:54:00
3623265,2020,Price Rd,Apache Blvd,-170.0,Intersection Related 206,0.0,0.0,No Injury,Rear End,Daylight,Cloudy,Wet,37.0,Male,North,Going Straight Ahead,Followed Too Closely,No Apparent Influence,No Apparent Influence,70.0,Female,North,Stopped In Trafficway,No Improper Action,No Apparent Influence,No Apparent Influence,33.41433,-111.89073,2020-01-21,16:03:00
3617395,2020,Broadway Rd,Dorsey Ln,0.0,Driveway Or Alley,0.0,0.0,No Injury,Angle - Other Than Left Turn 2,Daylight,Cloudy,Wet,20.0,Female,Northeast,Making Right Turn,Failed To Yield Right Of Way,No Apparent Influence,No Apparent Influence,37.0,Female,East,Going Straight Ahead,No Improper Action,No Apparent Influence,No Apparent Influence,33.40751,-111.9177,2020-01-21,16:46:00
3623008,2020,University Dr,McClintock Dr,30.0,Intersection Related 206,0.0,0.0,No Injury,Rear End,Daylight,Cloudy,Wet,48.0,Male,West,Going Straight Ahead,Followed Too Closely,No Apparent Influence,No Apparent Influence,20.0,Male,West,Stopped In Trafficway,No Improper Action,No Apparent Influence,No Apparent Influence,33.42199,-111.90899,2020-01-21,20:01:00
3632441,2020,Rio Salado Pkwy,River Dr,95.0,Not Junction Related,0.0,0.0,No Injury,Sideswipe Same Direction,Daylight,Rain,Wet,50.0,Male,West,Changing Lanes,Failed To Yield Right Of Way,No Apparent Influence,No Apparent Influence,68.0,Male,West,Going Straight Ahead,No Improper Action,No Apparent Influence,No Apparent Influence,33.42936,-111.89502,2020-01-21,20:12:00
3617002,2020,Scottsdale Rd,Tempe Dr,50.0,Not Junction Related,0.0,0.0,No Injury,Sideswipe Same Direction,Daylight,Rain,Wet,19.0,Male,North,Going Straight Ahead,Followed Too Closely,No Apparent Influence,No Apparent Influence,21.0,Male,North,Slowing In Trafficway,No Improper Action,No Apparent Influence,No Apparent Influence,33.44236,-111.9264,2020-01-21,20:41:00
3623007,2020,Baseline Rd,Pointe Pkwy,132.0,Not Junction Related,2.0,0.0,Suspected Minor Injury,Rear End,Daylight,Cloudy,Wet,24.0,Male,East,Going Straight Ahead,Followed Too Closely,No Apparent Influence,No Apparent Influence,24.0,Male,East,Stopped In Trafficway,No Improper Action,No Apparent Influence,No Apparent Influence,33.37822,-111.97156,2020-01-21,21:22:00
3623020,2020,College Ave,Aepli Dr,0.0,Intersection 201,0.0,0.0,No Injury,Angle - Other Than Left Turn 2,Daylight,Cloudy,Dry,88.0,Male,West,Making Left Turn,Failed To Yield Right Of Way,No Apparent Influence,No Apparent Influence,47.0,Male,South,Slowing In Trafficway,No Improper Action,No Apparent Influence,No Apparent Influence,33.40562,-111.93491,2020-01-21,22:57:00
3623005,2020,Guadalupe Rd,McClintock Dr,96.0,Intersection Related 206,0.0,0.0,No Injury,Left Turn,Daylight,Cloudy,Dry,22.0,Female,South,Making Left Turn,Failed To Yield Right Of Way,No Apparent Influence,No Apparent Influence,33.0,Male,West,Going Straight Ahead,No Improper Action,No Apparent Influence,No Apparent Influence,33.36376,-111.91094,2020-01-21,23:23:00
3623266,2020,Rural Rd,Vista Del Cerro Dr,-40.0,Intersection Related 206,0.0,0.0,No Injury,Rear End,Daylight,Cloudy,Wet,21.0,Female,North,Going Straight Ahead,Followed Too Closely,No Apparent Influence,No Apparent Influence,31.0,Male,North,Going Straight Ahead,No Improper Action,No Apparent Influence,No Apparent Influence,33.41001,-111.92628,2020-01-21,23:27:00
3622984,2020,Priest Dr,14th St,60.0,Intersection Related 206,1.0,0.0,Suspected Minor Injury,Rear End,Unknown 51,Unknown,Wet,28.0,Female,South,Going Straight Ahead,Speed To Fast For Conditions,No Apparent Influence,No Apparent Influence,21.0,Male,South,Stopped In Trafficway,No Improper Action,No Apparent Influence,No Apparent Influence,33.41333,-111.96082,2020-01-21,23:31:00
3622966,2020,Baseline Rd,Priest Dr,-166.0,Intersection Related 206,0.0,0.0,No Injury,Rear End,Daylight,Cloudy,Wet,35.0,Female,West,Going Straight Ahead,Followed Too Closely,No Apparent Influence,No Apparent Influence,42.0,Male,West,Stopped In Trafficway,No Improper Action,No Apparent Influence,No Apparent Influence,33.37825,-111.96372,2020-01-22,00:11:00
3623039,2020,Southern Ave,Price Rd,0.0,Intersection 4 Way 202,0.0,0.0,No Injury,Angle - Other Than Left Turn 2,Dark Lighted,Clear,Dry,48.0,Female,West,Going Straight Ahead,Disregarded Traffic Signal,No Apparent Influence,No Apparent Influence,61.0,Female,South,Going Straight Ahead,No Improper Action,No Apparent Influence,No Apparent Influence,33.39296,-111.89203,2020-01-22,11:04:00
3621825,2020,McClintock Dr,SR-202 Exit 8 J-Ramp,0.0,Intersection 201,1.0,0.0,Suspected Minor Injury,Left Turn,Dark Lighted,Cloudy,Dry,19.0,Male,North,Making Left Turn,Failed To Yield Right Of Way,No Apparent Influence,No Apparent Influence,25.0,Female,South,Going Straight Ahead,No Improper Action,No Apparent Influence,No Apparent Influence,33.43662,-111.90962,2020-01-22,13:55:00
3632596,2020,River Pkwy,Centennial Cir,0.0,Intersection T Inter 203,0.0,0.0,No Injury,Angle - Other Than Left Turn 2,Dawn,Clear,Dry,49.0,Male,Southeast,Going Straight Ahead,Ran Stop Sign,No Apparent Influence,No Apparent Influence,47.0,Male,Southwest,Going Straight Ahead,No Improper Action,No Apparent Influence,No Apparent Influence,33.33956,-111.89896,2020-01-22,14:01:00
3632987,2020,Knox Rd,La Rosa Dr,60.0,Not Junction Related,0.0,0.0,No Injury,U Turn,Daylight,Clear,Dry,50.0,Female,West,Going Straight Ahead,Followed Too Closely,No Apparent Influence,No Apparent Influence,19.0,Male,West,Making U Turn,Other,No Apparent Influence,No Apparent Influence,33.32735,-111.92967,2020-01-22,14:15:00
3631668,2020,Baseline Rd,Price Rd,-70.0,Intersection Related 206,0.0,0.0,No Injury,Sideswipe Same Direction,Daylight,Cloudy,Dry,72.0,Male,East,Stopped In Trafficway,Other,No Apparent Influence,No Apparent Influence,22.0,Female,East,Going Straight Ahead,No Improper Action,No Apparent Influence,No Apparent Influence,33.37846,-111.89385,2020-01-22,15:10:00
3632986,2020,Elliot Rd,Hardy Dr,0.0,Intersection 4 Way 202,0.0,0.0,No Injury,Left Turn,Daylight,Clear,Dry,43.0,Male,West,Making Left Turn,Failed To Yield Right Of Way,No Apparent Influence,No Apparent Influence,29.0,Female,East,Going Straight Ahead,No Improper Action,No Apparent Influence,No Apparent Influence,33.34916,-111.95448,2020-01-22,15:26:00
3629726,2020,Mill Ave,Apache Blvd,0.0,Intersection T Inter 203,0.0,0.0,No Injury,Angle - Other Than Left Turn 2,Daylight,Cloudy,Dry,39.0,Female,West,Going Straight Ahead,Disregarded Traffic Signal,No Apparent Influence,No Apparent Influence,73.0,Female,North,Making Left Turn,No Improper Action,No Apparent Influence,No Apparent Influence,33.41602,-111.93953,2020-01-22,17:49:00
3622999,2020,Rio Salado Pkwy,Priest Dr,-40.0,Intersection Related 206,0.0,0.0,No Injury,Rear End,Daylight,Clear,Dry,54.0,Male,East,Going Straight Ahead,Followed Too Closely,No Apparent Influence,No Apparent Influence,47.0,Male,East,Stopped In Trafficway,No Improper Action,No Apparent Influence,No Apparent Influence,33.42953,-111.96109,2020-01-22,17:50:00
3623023,2020,Priest Dr,Warner Rd,-15.0,Intersection Related 206,0.0,0.0,No Injury,Sideswipe Same Direction,Daylight,Clear,Unknown,35.0,Male,North,Making Right Turn,Failed To Keep In Proper Lane,No Apparent Influence,No Apparent Influence,76.0,Female,North,Stopped In Trafficway,No Improper Action,No Apparent Influence,No Apparent Influence,33.33448,-111.96312,2020-01-22,18:18:00
3632642,2020,University Dr,Forest Service 01 Tempe Ave,150.0,Not Junction Related,0.0,0.0,No Injury,Rear End,Daylight,Clear,Dry,52.0,Female,East,Going Straight Ahead,Followed Too Closely,No Apparent Influence,No Apparent Influence,40.0,Male,East,Stopped In Trafficway,No Improper Action,No Apparent Influence,No Apparent Influence,33.42195,-111.93616,2020-01-22,18:42:00