Incident_ID,Year,Street_Name,Cross_Street,Distance,Junction_Relation,Total_Injuries,Total_Fatalities,Injury_Severity,Collision_Manner,Light_Condition,Weather,Surface_Condition,Age_1,Gender_1,Travel_One,UnitAction_One,Violation1_Drv1,AlcoholUse_ 1,DrugUse_1,Age_2,Gender_2,TravelDirection_2,UnitAction_2,Violation_2,AlcoholUse_2,DrugUse_2,Latitude,Longitude,Date,Time
3632988,2020,Baseline Rd,Darrow Dr,195.0,Not Junction Related,0.0,0.0,No Injury,Angle - Other Than Left Turn 2,Daylight,Clear,Dry,32.0,Male,South,Other,Failed To Yield Right Of Way,No Apparent Influence,No Apparent Influence,20.0,Male,West,Going Straight Ahead,No Improper Action,No Apparent Influence,No Apparent Influence,33.37824,-111.96049,2020-01-22,21:52:00
3623035,2020,Southern Ave,Mill Ave,-0.11,Intersection Related 206,0.0,0.0,No Injury,Rear End,Daylight,Clear,Dry,46.0,Male,East,Going Straight Ahead,Speed To Fast For Conditions,No Apparent Influence,No Apparent Influence,84.0,Female,East,Going Straight Ahead,No Improper Action,No Apparent Influence,No Apparent Influence,33.39285,-111.94151,2020-01-22,22:42:00
3633000,2020,Warner Rd,Taylor Dr,0.0,Intersection T Inter 203,1.0,0.0,Possible Injury,Angle - Other Than Left Turn 2,Daylight,Clear,Dry,72.0,Female,Unknown,Changing Lanes,Unknown,No Apparent Influence,No Apparent Influence,76.0,Male,Unknown,Going Straight Ahead,No Improper Action,No Apparent Influence,No Apparent Influence,33.33467,-111.90785,2020-01-22,23:09:00
3629712,2020,Warner Rd,Juniper Dr,-50.0,Intersection Related 206,1.0,0.0,Possible Injury,Rear End,Daylight,Clear,Dry,52.0,Male,East,Going Straight Ahead,Other,No Apparent Influence,No Apparent Influence,49.0,Male,East,Stopped In Trafficway,No Improper Action,No Apparent Influence,No Apparent Influence,33.33467,-111.91564,2020-01-22,23:24:00
3629737,2020,Rio Salado Pkwy,SR-101 Cardinal Frontage,-150.0,Intersection Related 206,0.0,0.0,No Injury,Rear End,Daylight,Cloudy,Dry,37.0,Male,East,Going Straight Ahead,Followed Too Closely,No Apparent Influence,No Apparent Influence,52.0,Male,East,Stopped In Trafficway,No Improper Action,No Apparent Influence,No Apparent Influence,33.42937,-111.89232,2020-01-22,23:33:00
3629760,2020,Kyrene Rd,Elliot Rd,0.0,Intersection 4 Way 202,1.0,0.0,Suspected Minor Injury,Left Turn,Daylight,Clear,Dry,58.0,Female,North,Making Left Turn,Failed To Yield Right Of Way,No Apparent Influence,No Apparent Influence,53.0,Male,South,Going Straight Ahead,No Improper Action,Alcohol,No Apparent Influence,33.3492,-111.94573,2020-01-23,00:16:00
3622973,2020,McClintock Dr,Randall Dr,50.0,Intersection Related 206,2.0,0.0,Suspected Minor Injury,Left Turn,Dark Lighted,Clear,Dry,32.0,Male,North,Making Left Turn,Failed To Yield Right Of Way,No Apparent Influence,No Apparent Influence,30.0,Female,South,Going Straight Ahead,No Improper Action,No Apparent Influence,No Apparent Influence,33.41833,-111.9091,2020-01-23,00:55:00
3623003,2020,Elliot Rd,McClintock Dr,-40.0,Intersection Related 206,0.0,0.0,No Injury,Rear End,Daylight,Clear,Dry,71.0,Male,East,Going Straight Ahead,Followed Too Closely,No Apparent Influence,No Apparent Influence,24.0,Female,East,Stopped In Trafficway,No Improper Action,No Apparent Influence,No Apparent Influence,33.34913,-111.91132,2020-01-23,00:58:00
3623041,2020,University Dr,Rural Rd,0.0,Intersection 4 Way 202,0.0,0.0,No Injury,Left Turn,Dark Lighted,Clear,Dry,20.0,Male,West,Making Left Turn,Failed To Yield Right Of Way,No Apparent Influence,No Apparent Influence,29.0,Male,East,Going Straight Ahead,No Improper Action,No Apparent Influence,No Apparent Influence,33.42203,-111.92631,2020-01-23,02:21:00
3623034,2020,Baseline Rd,Price Rd,0.0,Intersection Related 206,0.0,0.0,No Injury,Angle - Other Than Left Turn 2,Dark Lighted,Clear,Dry,40.0,Female,East,Unknown,Failed To Yield Right Of Way,No Apparent Influence,No Apparent Influence,41.0,Male,South,Going Straight Ahead,No Improper Action,No Apparent Influence,No Apparent Influence,33.37846,-111.89362,2020-01-23,10:23:00
3633013,2020,Southern Ave,Fair Ln,60.0,Driveway Or Alley,0.0,0.0,No Injury,Angle - Other Than Left Turn 2,Daylight,Clear,Dry,67.0,Male,South,Making Left Turn,Failed To Yield Right Of Way,No Apparent Influence,No Apparent Influence,28.0,Male,East,Changing Lanes,No Improper Action,No Apparent Influence,No Apparent Influence,33.39278,-111.97581,2020-01-23,15:16:00
3622990,2020,Rural Rd,Gail Dr,115.0,Intersection Related 206,0.0,0.0,No Injury,Rear End,Daylight,Clear,Dry,17.0,Female,South,Going Straight Ahead,Followed Too Closely,No Apparent Influence,No Apparent Influence,42.0,Female,South,Stopped In Trafficway,No Improper Action,No Apparent Influence,No Apparent Influence,33.32277,-111.92822,2020-01-23,18:42:00
3615558,2020,Broadway Rd,48th St,0.0,Intersection T Inter 203,0.0,0.0,No Injury,Left Turn,Daylight,Clear,Dry,79.0,Male,East,Making Left Turn,Failed To Yield Right Of Way,No Apparent Influence,No Apparent Influence,71.0,Male,Southwest,Going Straight Ahead,No Improper Action,No Apparent Influence,No Apparent Influence,33.40733,-111.97829,2020-01-23,20:29:00
3623009,2020,Rural Rd,Rio Salado Pkwy,-217.0,Not Junction Related,0.0,0.0,No Injury,Sideswipe Same Direction,Daylight,Clear,Dry,25.0,Female,South,Changing Lanes,Unsafe Lane Change,No Apparent Influence,No Apparent Influence,60.0,Male,South,Going Straight Ahead,No Improper Action,No Apparent Influence,No Apparent Influence,33.42825,-111.92629,2020-01-23,20:41:00
3622988,2020,McClintock Dr,Hayden Ln,50.0,Not Junction Related,0.0,0.0,No Injury,Rear End,Daylight,Clear,Dry,21.0,Female,North,Going Straight Ahead,Followed Too Closely,No Apparent Influence,No Apparent Influence,81.0,Female,North,Slowing In Trafficway,No Improper Action,No Apparent Influence,No Apparent Influence,33.41912,-111.9091,2020-01-23,21:36:00
3623260,2020,Elna Rae St,Priest Dr,-12.0,Intersection Related 206,1.0,0.0,Possible Injury,Head On,Daylight,Clear,Dry,69.0,Female,West,Making Left Turn,Speed To Fast For Conditions,No Apparent Influence,No Apparent Influence,62.0,Male,East,Stopped In Trafficway,No Improper Action,No Apparent Influence,No Apparent Influence,33.4196,-111.96091,2020-01-23,21:39:00
3632681,2020,8th St,McClintock Dr,-60.0,Intersection Related 206,0.0,0.0,No Injury,Angle - Other Than Left Turn 2,Daylight,Clear,Dry,53.0,Female,South,Going Straight Ahead,Speed To Fast For Conditions,No Apparent Influence,No Apparent Influence,50.0,Female,East,Stopped In Trafficway,No Improper Action,No Apparent Influence,No Apparent Influence,33.41952,-111.90929,2020-01-23,22:04:00
3622993,2020,Southern Ave,Mill Ave,-180.0,Intersection Related 206,0.0,0.0,No Injury,Rear End,Daylight,Clear,Dry,21.0,Male,East,Going Straight Ahead,Followed Too Closely,No Apparent Influence,No Apparent Influence,60.0,Female,East,Stopped In Trafficway,No Improper Action,No Apparent Influence,No Apparent Influence,33.39286,-111.94019,2020-01-23,23:17:00
3623040,2020,Guadalupe Rd,Rural Rd,-60.0,Intersection Related 206,2.0,0.0,Suspected Minor Injury,Rear End,Dark Lighted,Clear,Dry,54.0,Female,East,Going Straight Ahead,Followed Too Closely,No Apparent Influence,No Apparent Influence,31.0,Female,East,Slowing In Trafficway,No Improper Action,No Apparent Influence,No Apparent Influence,33.36375,-111.9288,2020-01-24,02:45:00
3630272,2020,McClintock Dr,SR-202 Exit 8 A-Ramp,-45.0,Intersection Related 206,0.0,0.0,No Injury,Rear End,Dark Lighted,Clear,Dry,58.0,Male,South,Slowing In Trafficway,Unsafe Lane Change,No Apparent Influence,No Apparent Influence,31.0,Female,South,Going Straight Ahead,No Improper Action,No Apparent Influence,No Apparent Influence,33.43633,-111.90961,2020-01-24,12:00:00
3632690,2020,Warner Rd,McKemy St,-106.0,Not Junction Related,1.0,0.0,Possible Injury,Rear End,Daylight,Clear,Dry,36.0,Male,West,Going Straight Ahead,Speed To Fast For Conditions,No Apparent Influence,No Apparent Influence,49.0,Female,West,Stopped In Trafficway,No Improper Action,No Apparent Influence,No Apparent Influence,33.33458,-111.94979,2020-01-24,21:04:00
3621867,2020,Elliot Rd,McClintock Dr,30.0,Intersection Related 206,1.0,0.0,Possible Injury,Rear End,Daylight,Clear,Dry,65.0,Male,West,Going Straight Ahead,Followed Too Closely,No Apparent Influence,No Apparent Influence,54.0,Female,West,Stopped In Trafficway,No Improper Action,No Apparent Influence,No Apparent Influence,33.34913,-111.91109,2020-01-24,21:10:00
3632637,2020,Southern Ave,Potter Dr,0.2,Not Junction Related,0.0,0.0,No Injury,Rear End,Daylight,Clear,Dry,58.0,Male,East,Going Straight Ahead,Speed To Fast For Conditions,No Apparent Influence,No Apparent Influence,41.0,Male,East,Stopped In Trafficway,No Improper Action,No Apparent Influence,No Apparent Influence,33.39282,-111.96887,2020-01-24,21:21:00
3654238,2020,McClintock Dr,Rio Salado Pkwy,-0.07,Driveway Or Alley,0.0,0.0,No Injury,Left Turn,Daylight,Clear,Dry,30.0,Male,West,Making Left Turn,Failed To Yield Right Of Way,No Apparent Influence,No Apparent Influence,66.0,Female,South,Making Left Turn,No Improper Action,No Apparent Influence,No Apparent Influence,33.42825,-111.90906,2020-01-24,21:27:00
3630247,2020,Broadway Rd,48th St,200.0,Intersection Related 206,0.0,0.0,No Injury,Rear End,Daylight,Clear,Dry,66.0,Female,West,Going Straight Ahead,Followed Too Closely,No Apparent Influence,No Apparent Influence,29.0,Male,West,Stopped In Trafficway,No Improper Action,No Apparent Influence,No Apparent Influence,33.40733,-111.97763,2020-01-24,23:29:00
3632428,2020,Baseline Rd,I-10 Exit 155 C2-Ramp,0.0,Intersection Related 206,0.0,0.0,No Injury,Angle - Other Than Left Turn 2,Dark Lighted,Unknown,Dry,68.0,Male,South,Making Left Turn,Failed To Keep In Proper Lane,Alcohol,No Apparent Influence,47.0,Male,East,Stopped In Trafficway,No Improper Action,No Apparent Influence,No Apparent Influence,33.3783,-111.96738,2020-01-25,07:52:00
3621861,2020,Mill Ave,Southern Ave,0.0,Intersection 4 Way 202,0.0,0.0,No Injury,Left Turn,Dawn,Clear,Dry,17.0,Female,South,Making Left Turn,Unknown,No Apparent Influence,No Apparent Influence,73.0,Female,North,Going Straight Ahead,Unknown,No Apparent Influence,No Apparent Influence,33.39286,-111.9396,2020-01-25,14:04:00
3631704,2020,8th St,McClintock Dr,-20.0,Intersection Related 206,0.0,0.0,No Injury,Other,Daylight,Clear,Dry,21.0,Male,East,Backing,Other,No Apparent Influence,No Apparent Influence,18.0,Female,East,Stopped In Trafficway,No Improper Action,No Apparent Influence,No Apparent Influence,33.41952,-111.90916,2020-01-25,23:41:00
3623259,2020,Warner Rd,Kyrene Rd,28.0,Intersection Related 206,1.0,0.0,Suspected Minor Injury,Rear End,Dark Lighted,Clear,Dry,46.0,Female,West,Going Straight Ahead,Speed To Fast For Conditions,Alcohol,No Apparent Influence,42.0,Female,West,Stopped In Trafficway,No Improper Action,No Apparent Influence,No Apparent Influence,33.3346,-111.94557,2020-01-26,02:29:00
3635003,2020,52nd St,Broadway Rd,0.0,Intersection Related 206,0.0,0.0,No Injury,Rear End,Dark Lighted,Clear,Dry,46.0,Female,Northeast,Going Straight Ahead,Speed To Fast For Conditions,No Apparent Influence,No Apparent Influence,44.0,Female,Northeast,Stopped In Trafficway,No Improper Action,No Apparent Influence,No Apparent Influence,33.40925,-111.96953,2020-01-26,02:33:00
3632427,2020,Southern Ave,Country Club Way,0.0,Intersection 201,0.0,0.0,No Injury,Left Turn,Dark Lighted,Clear,Dry,17.0,Female,North,Making Left Turn,Failed To Yield Right Of Way,No Apparent Influence,No Apparent Influence,39.0,Male,West,Going Straight Ahead,No Improper Action,No Apparent Influence,No Apparent Influence,33.39298,-111.90056,2020-01-26,02:40:00
3632632,2020,Southern Ave,Roosevelt St,0.0,Intersection 4 Way 202,2.0,0.0,Suspected Minor Injury,Left Turn,Dark Lighted,Clear,Dry,21.0,Male,West,Making Left Turn,Failed To Yield Right Of Way,No Apparent Influence,No Apparent Influence,22.0,Male,East,Going Straight Ahead,No Improper Action,No Apparent Influence,No Apparent Influence,33.39285,-111.94783,2020-01-26,02:49:00
3654223,2020,Priest Dr,SR-202 Exit 5 A-Ramp,-25.0,Intersection 201,0.0,0.0,No Injury,Sideswipe Same Direction,Daylight,Clear,Dry,26.0,Female,East,Making Right Turn,Failed To Yield Right Of Way,No Apparent Influence,No Apparent Influence,32.0,Male,South,Going Straight Ahead,No Improper Action,No Apparent Influence,No Apparent Influence,33.43708,-111.96095,2020-01-26,15:22:00
3631664,2020,Priest Dr,Elliot Rd,0.0,Intersection 4 Way 202,1.0,0.0,Suspected Minor Injury,Left Turn,Daylight,Clear,Dry,20.0,Male,South,Making Left Turn,Unknown,No Apparent Influence,No Apparent Influence,22.0,Female,East,Going Straight Ahead,Unknown,No Apparent Influence,No Apparent Influence,33.3491,-111.96313,2020-01-26,22:56:00
3632678,2020,Mill Ave,University Dr,-40.0,Intersection Related 206,0.0,0.0,No Injury,Rear End,Unknown 51,Unknown,Unknown,26.0,Female,North,Unknown,Unknown,No Apparent Influence,No Apparent Influence,42.0,Male,North,Unknown,Unknown,No Apparent Influence,No Apparent Influence,33.42183,-111.94001,2020-01-27,00:11:00
3632422,2020,Kyrene Rd,Calle Monte Vista Dr,125.0,Driveway Or Alley,0.0,0.0,No Injury,Angle - Other Than Left Turn 2,Daylight,Clear,Dry,71.0,Male,East,Making Right Turn,Failed To Yield Right Of Way,No Apparent Influence,No Apparent Influence,40.0,Male,North,Going Straight Ahead,No Improper Action,No Apparent Influence,No Apparent Influence,33.3371,-111.94569,2020-01-27,13:38:00
3630293,2020,Baseline Rd,I-10 Exit 155 A1-Ramp,0.0,Intersection 201,1.0,0.0,Possible Injury,Left Turn,Daylight,Clear,Dry,47.0,Male,West,Going Straight Ahead,No Improper Action,No Apparent Influence,No Apparent Influence,26.0,Female,South,Making Left Turn,No Improper Action,No Apparent Influence,No Apparent Influence,33.37827,-111.96863,2020-01-27,17:56:00
3632967,2020,McClintock Dr,Bell De Mar Dr,100.0,Intersection Related 206,1.0,0.0,Suspected Minor Injury,Rear End,Daylight,Clear,Dry,34.0,Male,South,Going Straight Ahead,Followed Too Closely,No Apparent Influence,No Apparent Influence,46.0,Female,South,Slowing In Trafficway,No Improper Action,No Apparent Influence,No Apparent Influence,33.35998,-111.91123,2020-01-27,21:37:00
3621860,2020,Rural Rd,Southern Ave,198.0,Driveway Or Alley,1.0,0.0,Suspected Minor Injury,Left Turn,Daylight,Clear,Dry,19.0,Male,East,Making Left Turn,Aggressive Driving,No Apparent Influence,No Apparent Influence,65.0,Female,South,Going Straight Ahead,No Improper Action,No Apparent Influence,No Apparent Influence,33.39351,-111.92633,2020-01-27,23:13:00
3629705,2020,Rio Salado Pkwy,Rural Rd,0.0,Intersection 4 Way 202,2.0,0.0,Suspected Minor Injury,Left Turn,Dusk,Clear,Dry,92.0,Male,West,Making Left Turn,Failed To Yield Right Of Way,No Apparent Influence,No Apparent Influence,25.0,Female,East,Going Straight Ahead,No Improper Action,No Apparent Influence,No Apparent Influence,33.42885,-111.92629,2020-01-27,23:37:00
3630240,2020,Broadway Rd,Price Rd,-152.0,Intersection Related 206,0.0,0.0,No Injury,Rear End,Daylight,Clear,Dry,57.0,Female,East,Going Straight Ahead,Followed Too Closely,No Apparent Influence,No Apparent Influence,56.0,Female,East,Stopped In Trafficway,No Improper Action,No Apparent Influence,No Apparent Influence,33.4075,-111.8925,2020-01-28,00:03:00
3632972,2020,University Dr,SR-143 Exit 1 T-Ramp,0.0,Intersection 201,0.0,0.0,No Injury,Angle - Other Than Left Turn 2,Dusk,Clear,Dry,17.0,Female,North,Making Right Turn,Failed To Yield Right Of Way,No Apparent Influence,No Apparent Influence,25.0,Male,East,Going Straight Ahead,No Improper Action,No Apparent Influence,No Apparent Influence,33.42189,-111.97767,2020-01-28,00:52:00
3632966,2020,Broadway Rd,Sierra Vista Dr,40.0,Intersection Related 206,0.0,0.0,No Injury,Rear End,Daylight,Clear,Dry,18.0,Male,West,Going Straight Ahead,Speed To Fast For Conditions,No Apparent Influence,No Apparent Influence,42.0,Female,West,Stopped In Trafficway,No Improper Action,No Apparent Influence,No Apparent Influence,33.40747,-111.93099,2020-01-28,15:28:00
3632675,2020,Rio Salado Pkwy,Packard Dr,-72.0,Intersection 4 Way 202,1.0,0.0,Suspected Minor Injury,Rear End,Daylight,Unknown,Dry,25.0,Male,East,Going Straight Ahead,Speed To Fast For Conditions,No Apparent Influence,No Apparent Influence,44.0,Male,East,Stopped In Trafficway,No Improper Action,No Apparent Influence,No Apparent Influence,33.42872,-111.92953,2020-01-28,15:58:00
3621858,2020,Rio Salado Pkwy,McClintock Dr,0.0,Intersection 4 Way 202,0.0,0.0,No Injury,Left Turn,Daylight,Clear,Dry,19.0,Male,East,Making Left Turn,Unknown,No Apparent Influence,No Apparent Influence,19.0,Male,East,Making Left Turn,Unknown,No Apparent Influence,No Apparent Influence,33.42926,-111.90907,2020-01-28,17:55:00
3632638,2020,Baseline Rd,Darrow Dr,-65.0,Intersection Related 206,0.0,0.0,No Injury,Rear End,Daylight,Clear,Dry,18.0,Female,East,Going Straight Ahead,Followed Too Closely,No Apparent Influence,No Apparent Influence,64.0,Male,East,Stopped In Trafficway,No Improper Action,No Apparent Influence,No Apparent Influence,33.37824,-111.96134,2020-01-28,20:52:00
3632692,2020,Southern Ave,Mill Ave,0.0,Not Junction Related,0.0,0.0,No Injury,Sideswipe Same Direction,Daylight,Clear,Dry,37.0,Male,East,Making Right Turn,Failed To Yield Right Of Way,No Apparent Influence,No Apparent Influence,63.0,Male,South,Going Straight Ahead,No Improper Action,No Apparent Influence,No Apparent Influence,33.39286,-111.9396,2020-01-28,22:29:00
3622997,2020,Elliot Rd,Price Rd,109.0,Intersection Related 206,0.0,0.0,No Injury,Rear End,Daylight,Clear,Dry,39.0,Female,West,Going Straight Ahead,Followed Too Closely,No Apparent Influence,No Apparent Influence,24.0,Female,West,Stopped In Trafficway,No Improper Action,No Apparent Influence,No Apparent Influence,33.34935,-111.89401,2020-01-28,23:47:00
3632973,2020,Scottsdale Rd,Playa Del Norte Dr,30.0,Intersection Related 206,1.0,0.0,Possible Injury,Rear End,Dark Lighted,Clear,Dry,24.0,Male,South,Going Straight Ahead,Speed To Fast For Conditions,No Apparent Influence,No Apparent Influence,25.0,Female,South,Stopped In Trafficway,No Improper Action,No Apparent Influence,No Apparent Influence,33.43412,-111.92626,2020-01-29,02:59:00
3632983,2020,University Dr,Ash Ave,0.0,Intersection 201,0.0,0.0,No Injury,Left Turn,Daylight,Clear,Dry,38.0,Male,East,Making Left Turn,Failed To Yield Right Of Way,No Apparent Influence,No Apparent Influence,20.0,Male,West,Going Straight Ahead,No Improper Action,No Apparent Influence,No Apparent Influence,33.42193,-111.9424,2020-01-29,14:05:00
3633020,2020,University Dr,Perry Ln,-100.0,Intersection Related 206,1.0,0.0,Possible Injury,Rear End,Daylight,Clear,Dry,23.0,Female,West,Going Straight Ahead,Followed Too Closely,No Apparent Influence,No Apparent Influence,31.0,Female,West,Stopped In Trafficway,No Improper Action,No Apparent Influence,No Apparent Influence,33.42204,-111.90514,2020-01-29,15:00:00
3630251,2020,Broadway Rd,River Dr,150.0,Driveway Or Alley,1.0,0.0,Possible Injury,Rear End,Daylight,Clear,Dry,28.0,Male,East,Going Straight Ahead,Speed To Fast For Conditions,No Apparent Influence,No Apparent Influence,23.0,Female,East,Making Right Turn,No Improper Action,No Apparent Influence,No Apparent Influence,33.4075,-111.89726,2020-01-29,15:20:00
3622992,2020,Kyrene Rd,Guadalupe Rd,0.0,Intersection 4 Way 202,0.0,0.0,No Injury,Left Turn,Daylight,Clear,Dry,20.0,Female,South,Making Left Turn,Failed To Yield Right Of Way,No Apparent Influence,No Apparent Influence,36.0,Female,North,Going Straight Ahead,No Improper Action,No Apparent Influence,No Apparent Influence,33.36366,-111.94589,2020-01-29,15:43:00
3630298,2020,McClintock Dr,Rio Salado Pkwy,-122.0,Intersection Related 206,1.0,0.0,Possible Injury,Rear End,Daylight,Clear,Dry,27.0,Male,North,Going Straight Ahead,Followed Too Closely,No Apparent Influence,No Apparent Influence,56.0,Male,North,Going Straight Ahead,No Improper Action,No Apparent Influence,No Apparent Influence,33.42893,-111.90906,2020-01-29,18:50:00
3629733,2020,Baseline Rd,Marine Dr,100.0,Intersection Related 206,0.0,0.0,No Injury,Sideswipe Same Direction,Daylight,Cloudy,Dry,23.0,Male,East,Changing Lanes,Unsafe Lane Change,No Apparent Influence,No Apparent Influence,79.0,Male,East,Going Straight Ahead,No Improper Action,No Apparent Influence,No Apparent Influence,33.37839,-111.91347,2020-01-29,21:35:00
3630249,2020,Baseline Rd,Hardy Dr,-140.0,Intersection Related 206,0.0,0.0,No Injury,Rear End,Dusk,Clear,Dry,20.0,Female,East,Going Straight Ahead,Followed Too Closely,No Apparent Influence,No Apparent Influence,37.0,Female,East,Stopped In Trafficway,No Improper Action,No Apparent Influence,No Apparent Influence,33.37822,-111.95297,2020-01-30,00:37:00
3630242,2020,Southern Ave,Rural Rd,210.0,Intersection Related 206,1.0,0.0,Possible Injury,Angle - Other Than Left Turn 2,Dark Lighted,Clear,Dry,44.0,Female,North,Making Left Turn,Failed To Yield Right Of Way,No Apparent Influence,No Apparent Influence,30.0,Female,West,Avoiding Vehicle Object Pedestrian,Failed To Keep In Proper Lane,No Apparent Influence,No Apparent Influence,33.39296,-111.92564,2020-01-30,01:16:00
3629669,2020,Baseline Rd,McClintock Dr,-20.0,Intersection Related 206,0.0,0.0,No Injury,Rear End,Dark Lighted,Clear,Dry,23.0,Male,East,Going Straight Ahead,Speed To Fast For Conditions,No Apparent Influence,No Apparent Influence,50.0,Male,East,Going Straight Ahead,No Improper Action,No Apparent Influence,No Apparent Influence,33.37842,-111.90933,2020-01-30,01:51:00
3631665,2020,5th St,Ash Ave,0.0,Intersection 4 Way 202,0.0,0.0,No Injury,Left Turn,Dark Lighted,Clear,Dry,23.0,Male,West,Making Left Turn,Failed To Yield Right Of Way,No Apparent Influence,No Apparent Influence,20.0,Female,East,Going Straight Ahead,No Improper Action,No Apparent Influence,No Apparent Influence,33.42549,-111.94337,2020-01-30,03:06:00
3629686,2020,University Dr,Smith Rd,-1.0,Other,0.0,0.0,No Injury,Rear End,Daylight,Clear,Dry,21.0,Male,West,Going Straight Ahead,Speed To Fast For Conditions,No Apparent Influence,No Apparent Influence,18.0,Female,West,Going Straight Ahead,No Improper Action,No Apparent Influence,No Apparent Influence,33.42202,-111.9178,2020-01-30,16:00:00
3632567,2020,Lemon St,Rural Rd,124.0,Not Junction Related,0.0,0.0,No Injury,Sideswipe Same Direction,Daylight,Clear,Dry,18.0,Male,East,Making Right Turn,Failed To Yield Right Of Way,No Apparent Influence,No Apparent Influence,18.0,Female,East,Going Straight Ahead,No Improper Action,No Apparent Influence,No Apparent Influence,33.41683,-111.92589,2020-01-30,19:49:00
3630241,2020,University Dr,McClintock Dr,30.0,Not Junction Related,1.0,0.0,Suspected Minor Injury,Rear End,Daylight,Clear,Dry,22.0,Male,East,Unknown,Followed Too Closely,No Apparent Influence,No Apparent Influence,47.0,Male,East,Stopped In Trafficway,No Improper Action,No Apparent Influence,No Apparent Influence,33.42199,-111.90899,2020-01-30,22:08:00
3629708,2020,Price Rd,Guadalupe Rd,-0.5,Intersection 4 Way 202,2.0,0.0,Suspected Minor Injury,Left Turn,Daylight,Clear,Dry,63.0,Male,West,Making Left Turn,Failed To Yield Right Of Way,No Apparent Influence,No Apparent Influence,43.0,Male,South,Going Straight Ahead,No Improper Action,No Apparent Influence,No Apparent Influence,33.35664,-111.8949,2020-01-31,00:47:00
3632549,2020,Rio Salado Pkwy,Siesta Ln,0.0,Intersection T Inter 203,0.0,0.0,No Injury,Rear End,Dark Lighted,Clear,Dry,25.0,Female,East,Going Straight Ahead,Followed Too Closely,No Apparent Influence,No Apparent Influence,22.0,Female,East,Stopped In Trafficway,No Improper Action,No Apparent Influence,No Apparent Influence,33.42937,-111.89362,2020-01-31,01:19:00
3632646,2020,Apache Blvd,McAllister Ave,75.0,Intersection Related 206,0.0,0.0,No Injury,Rear End,Dark Lighted,Clear,Dry,20.0,Male,West,Going Straight Ahead,Speed To Fast For Conditions,No Apparent Influence,No Apparent Influence,24.0,Female,West,Stopped In Trafficway,No Improper Action,No Apparent Influence,No Apparent Influence,33.41473,-111.93042,2020-01-31,02:10:00
3632529,2020,Rural Rd,Broadway Rd,167.0,Not Junction Related,0.0,0.0,No Injury,Rear End,Daylight,Clear,Dry,20.0,Female,North,Going Straight Ahead,Speed To Fast For Conditions,No Apparent Influence,No Apparent Influence,78.0,Male,North,Stopped In Trafficway,No Improper Action,No Apparent Influence,No Apparent Influence,33.40796,-111.92628,2020-01-31,14:43:00
3632528,2020,Washington St,56th St,107.0,Not Junction Related,1.0,0.0,Suspected Minor Injury,Rear End,Daylight,Clear,Dry,38.0,Male,West,Going Straight Ahead,Speed To Fast For Conditions,No Apparent Influence,No Apparent Influence,46.0,Male,West,Stopped In Trafficway,No Improper Action,No Apparent Influence,No Apparent Influence,33.44527,-111.9607,2020-01-31,17:07:00
3632525,2020,McClintock Dr,Hayden Ln,-80.0,Intersection Related 206,0.0,0.0,No Injury,Rear End,Daylight,Clear,Dry,31.0,Male,North,Stopped In Trafficway,Followed Too Closely,No Apparent Influence,No Apparent Influence,33.0,Female,North,Going Straight Ahead,No Improper Action,No Apparent Influence,No Apparent Influence,33.41876,-111.9091,2020-01-31,18:34:00
3629709,2020,Baseline Rd,Priest Dr,183.0,Intersection Related 206,0.0,0.0,No Injury,Sideswipe Same Direction,Daylight,Clear,Dry,27.0,Female,West,Changing Lanes,Unsafe Lane Change,No Apparent Influence,No Apparent Influence,34.0,Male,West,Going Straight Ahead,No Improper Action,No Apparent Influence,No Apparent Influence,33.37824,-111.96258,2020-01-31,19:00:00
3632541,2020,Rural Rd,Rio Salado Pkwy,-134.0,Not Junction Related,0.0,0.0,No Injury,Rear End,Daylight,Clear,Dry,19.0,Female,North,Going Straight Ahead,Speed To Fast For Conditions,No Apparent Influence,No Apparent Influence,29.0,Female,North,Stopped In Trafficway,No Improper Action,No Apparent Influence,No Apparent Influence,33.42848,-111.92629,2020-01-31,19:34:00
3630299,2020,McClintock Dr,E Gaylon Dr,113.0,Not Junction Related,0.0,0.0,No Injury,Rear End,Daylight,Clear,Dry,19.0,Male,South,Going Straight Ahead,Followed Too Closely,No Apparent Influence,No Apparent Influence,38.0,Female,South,Slowing In Trafficway,No Improper Action,No Apparent Influence,No Apparent Influence,33.40206,-111.90913,2020-01-31,21:14:00
3630252,2020,Apache Blvd,Terrace Rd,70.0,Intersection Related 206,0.0,0.0,No Injury,Sideswipe Same Direction,Daylight,Clear,Dry,39.0,Female,East,Going Straight Ahead,Unknown,No Apparent Influence,No Apparent Influence,31.0,Male,East,Going Straight Ahead,Unknown,No Apparent Influence,No Apparent Influence,33.41477,-111.9202,2020-01-31,23:10:00
3629675,2020,Rural Rd,US-60 Exit 174 A-Ramp,0.0,Entrance Exit Ramp 205,0.0,0.0,No Injury,Rear End,Dusk,Clear,Dry,27.0,Male,North,Going Straight Ahead,Followed Too Closely,No Apparent Influence,No Apparent Influence,32.0,Male,North,Slowing In Trafficway,No Improper Action,No Apparent Influence,No Apparent Influence,33.38502,-111.92648,2020-02-01,00:36:00