Incident_ID,Year,Street_Name,Cross_Street,Distance,Junction_Relation,Total_Injuries,Total_Fatalities,Injury_Severity,Collision_Manner,Light_Condition,Weather,Surface_Condition,Age_1,Gender_1,Travel_One,UnitAction_One,Violation1_Drv1,AlcoholUse_ 1,DrugUse_1,Age_2,Gender_2,TravelDirection_2,UnitAction_2,Violation_2,AlcoholUse_2,DrugUse_2,Latitude,Longitude,Date,Time
3629717,2020,University Dr,Rural Rd,0.0,Intersection 4 Way 202,0.0,0.0,No Injury,Left Turn,Unknown 51,Unknown,Dry,41.0,Female,West,Making U Turn,Made Improper Turn,No Apparent Influence,No Apparent Influence,21.0,Male,East,Going Straight Ahead,No Improper Action,No Apparent Influence,No Apparent Influence,33.42203,-111.92631,2020-02-01,02:45:00
3632443,2020,Priest Dr,Arizona Mills Access E,100.0,Not Junction Related,0.0,0.0,No Injury,Rear End,Daylight,Clear,Dry,69.0,Male,North,Going Straight Ahead,Speed To Fast For Conditions,Alcohol,No Apparent Influence,22.0,Female,North,Stopped In Trafficway,No Improper Action,No Apparent Influence,No Apparent Influence,33.38494,-111.96094,2020-02-01,03:24:00
3632436,2020,Mill Ave,13th St,0.0,Intersection 4 Way 202,0.0,0.0,No Injury,Head On,Dark Lighted,Clear,Dry,25.0,Male,West,Making Left Turn,Unknown,No Apparent Influence,No Apparent Influence,21.0,Male,East,Going Straight Ahead,Unknown,No Apparent Influence,No Apparent Influence,33.41475,-111.93991,2020-02-01,05:46:00
3632989,2020,48th St,Broadway Rd,0.0,Intersection 4 Way 202,0.0,0.0,No Injury,Angle - Other Than Left Turn 2,Dark Lighted,Clear,Dry,20.0,Male,East,Going Straight Ahead,Disregarded Traffic Signal,No Apparent Influence,No Apparent Influence,45.0,Male,South,Going Straight Ahead,No Improper Action,No Apparent Influence,No Apparent Influence,33.40733,-111.97829,2020-02-01,06:45:00
3629670,2020,Darrow Dr,Priest Dr,0.0,Intersection 4 Way 202,1.0,0.0,Suspected Minor Injury,Angle - Other Than Left Turn 2,Daylight,Clear,Dry,19.0,Male,West,Going Straight Ahead,Unknown,No Apparent Influence,No Apparent Influence,31.0,Male,South,Going Straight Ahead,Unknown,No Apparent Influence,No Apparent Influence,33.38067,-111.96159,2020-02-01,15:59:00
3632969,2020,Baseline Rd,La Rosa Dr,-100.0,Not Junction Related,0.0,0.0,No Injury,Rear End,Daylight,Clear,Dry,71.0,Male,South,Making Left Turn,Failed To Yield Right Of Way,No Apparent Influence,No Apparent Influence,30.0,Male,East,Going Straight Ahead,No Improper Action,No Apparent Influence,No Apparent Influence,33.37824,-111.93154,2020-02-01,17:10:00
3632520,2020,McClintock Dr,Warner Rd,60.0,Not Junction Related,0.0,0.0,No Injury,Left Turn,Daylight,Clear,Dry,57.0,Female,West,Stopped In Trafficway,Failed To Yield Right Of Way,No Apparent Influence,No Apparent Influence,24.0,Female,North,Going Straight Ahead,No Improper Action,No Apparent Influence,No Apparent Influence,33.33477,-111.91118,2020-02-01,22:17:00
3632971,2020,University Dr,Rural Rd,0.0,Intersection 4 Way 202,0.0,0.0,No Injury,Sideswipe Opposite Direction,Dark Lighted,Clear,Dry,29.0,Male,West,Making Left Turn,Failed To Yield Right Of Way,No Apparent Influence,No Apparent Influence,20.0,Male,East,Going Straight Ahead,No Improper Action,No Apparent Influence,No Apparent Influence,33.42203,-111.92631,2020-02-02,05:04:00
3632669,2020,Baseline Rd,Country Club Way,50.0,Intersection Related 206,2.0,0.0,Suspected Minor Injury,Rear End,Daylight,Clear,Dry,19.0,Male,East,Going Straight Ahead,Speed To Fast For Conditions,No Apparent Influence,No Apparent Influence,43.0,Male,East,Making Right Turn,Failed To Yield Right Of Way,No Apparent Influence,No Apparent Influence,33.37845,-111.90047,2020-02-02,16:46:00
3654208,2020,Apache Blvd,Dorsey Ln,0.0,Intersection T Inter 203,0.0,0.0,No Injury,Left Turn,Daylight,Clear,Dry,56.0,Male,North,Making Left Turn,Disregarded Traffic Signal,No Apparent Influence,No Apparent Influence,27.0,Female,West,Going Straight Ahead,No Improper Action,No Apparent Influence,No Apparent Influence,33.41476,-111.9177,2020-02-02,21:49:00
3632674,2020,56th St,Baseline Rd,-24.0,Not Junction Related,0.0,0.0,No Injury,Sideswipe Same Direction,Dark Lighted,Clear,Dry,18.0,Male,North,Changing Lanes,Unsafe Lane Change,No Apparent Influence,No Apparent Influence,45.0,Male,North,Stopped In Trafficway,No Improper Action,No Apparent Influence,No Apparent Influence,33.37818,-111.96317,2020-02-02,22:57:00
3654210,2020,Broadway Rd,Price Rd,-30.0,Intersection Related 206,0.0,0.0,No Injury,Sideswipe Same Direction,Dark Lighted,Clear,Dry,18.0,Female,West,Making Right Turn,Made Improper Turn,No Apparent Influence,No Apparent Influence,22.0,Female,West,Going Straight Ahead,No Improper Action,No Apparent Influence,No Apparent Influence,33.4075,-111.8921,2020-02-03,02:16:00
3635006,2020,University Dr,McAllister Ave,0.0,Intersection 4 Way 202,0.0,0.0,No Injury,Unknown,Dark Lighted,Clear,Dry,22.0,Female,Southwest,Making Left Turn,Failed To Yield Right Of Way,No Apparent Influence,No Apparent Influence,25.0,Female,East,Going Straight Ahead,No Improper Action,No Apparent Influence,No Apparent Influence,33.42202,-111.92894,2020-02-03,04:13:00
3632571,2020,Harl Ave,Todd Dr,0.0,Intersection 4 Way 202,0.0,0.0,No Injury,Left Turn,Dark Lighted,Clear,Dry,45.0,Female,North,Making Left Turn,Failed To Yield Right Of Way,No Apparent Influence,No Apparent Influence,38.0,Male,South,Going Straight Ahead,No Improper Action,No Apparent Influence,No Apparent Influence,33.35272,-111.9665,2020-02-03,12:54:00
3630265,2020,McClintock Dr,University Dr,45.0,Intersection Related 206,0.0,0.0,No Injury,Sideswipe Same Direction,Dawn,Clear,Dry,64.0,Male,North,Going Straight Ahead,Unknown,No Apparent Influence,No Apparent Influence,39.0,Male,North,Going Straight Ahead,Unknown,No Apparent Influence,No Apparent Influence,33.42211,-111.9091,2020-02-03,13:57:00
3629672,2020,Broadway Rd,Rural Rd,0.0,Intersection 4 Way 202,0.0,0.0,No Injury,Left Turn,Dawn,Clear,Dry,31.0,Female,Southwest,Making Left Turn,Failed To Yield Right Of Way,No Apparent Influence,No Apparent Influence,18.0,Male,East,Going Straight Ahead,No Improper Action,No Apparent Influence,No Apparent Influence,33.4075,-111.92628,2020-02-03,14:03:00
3618065,2020,Rio Salado Pkwy,SR-101 Exit 51 A2-Ramp,-15.0,Intersection Related 206,0.0,0.0,No Injury,Angle - Other Than Left Turn 2,Daylight,Clear,Dry,27.0,Male,Southwest,Going Straight Ahead,Disregarded Traffic Signal,No Apparent Influence,No Apparent Influence,25.0,Male,Southeast,Going Straight Ahead,No Improper Action,No Apparent Influence,No Apparent Influence,33.42938,-111.89187,2020-02-03,15:08:00
3634994,2020,Broadway Rd,Dorsey Ln,0.0,Intersection 4 Way 202,2.0,0.0,Suspected Minor Injury,Angle - Other Than Left Turn 2,Daylight,Cloudy,Dry,26.0,Male,East,Going Straight Ahead,Disregarded Traffic Signal,No Apparent Influence,No Apparent Influence,20.0,Male,South,Going Straight Ahead,No Improper Action,No Apparent Influence,No Apparent Influence,33.40751,-111.9177,2020-02-03,17:47:00
3634970,2020,Rural Rd,Elliot Rd,0.0,Intersection 4 Way 202,2.0,0.0,Suspected Minor Injury,Left Turn,Daylight,Cloudy,Dry,42.0,Male,South,Making Left Turn,Failed To Yield Right Of Way,No Apparent Influence,No Apparent Influence,17.0,Male,North,Going Straight Ahead,No Improper Action,No Apparent Influence,No Apparent Influence,33.34919,-111.92848,2020-02-03,22:21:00
3631264,2020,Spence Ave,Rural Rd,0.0,Not Junction Related,0.0,0.0,No Injury,Sideswipe Opposite Direction,Daylight,Clear,Dry,75.0,Male,West,Making Left Turn,Made Improper Turn,No Apparent Influence,No Apparent Influence,45.0,Female,East,Stopped In Trafficway,No Improper Action,No Apparent Influence,No Apparent Influence,33.41287,-111.92629,2020-02-03,22:40:00
3632994,2020,Apache Blvd,McAllister Ave,0.0,Intersection 4 Way 202,1.0,0.0,Possible Injury,Left Turn,Dark Lighted,Clear,Dry,48.0,Female,East,Making Left Turn,Failed To Yield Right Of Way,No Apparent Influence,No Apparent Influence,23.0,Female,West,Going Straight Ahead,No Improper Action,No Apparent Influence,No Apparent Influence,33.41472,-111.93067,2020-02-04,00:47:00
3631667,2020,Southern Ave,Kyrene Rd,0.0,Intersection T Inter 203,2.0,0.0,Suspected Minor Injury,Head On,Daylight,Clear,Dry,23.0,Male,East,Going Straight Ahead,Failed To Keep In Proper Lane,No Apparent Influence,No Apparent Influence,29.0,Male,West,Stopped In Trafficway,No Improper Action,No Apparent Influence,No Apparent Influence,33.39284,-111.94368,2020-02-04,13:31:00
3631666,2020,Warner Rd,Hardy Dr,0.0,Intersection 4 Way 202,2.0,0.0,Suspected Minor Injury,Left Turn,Daylight,Clear,Dry,20.0,Female,East,Making Left Turn,Failed To Yield Right Of Way,No Apparent Influence,No Apparent Influence,23.0,Male,West,Going Straight Ahead,No Improper Action,No Apparent Influence,No Apparent Influence,33.33457,-111.95434,2020-02-04,15:00:00
3630301,2020,Broadway Rd,Hardy Dr,0.0,Intersection 4 Way 202,1.0,0.0,Suspected Minor Injury,Left Turn,Daylight,Clear,Dry,61.0,Male,West,Making Left Turn,Failed To Yield Right Of Way,No Apparent Influence,No Apparent Influence,51.0,Male,East,Going Straight Ahead,No Improper Action,No Apparent Influence,No Apparent Influence,33.40739,-111.95217,2020-02-04,20:31:00
3630230,2020,Rural Rd,Apache Blvd,-45.0,Intersection Related 206,0.0,0.0,No Injury,Rear End,Daylight,Clear,Dry,28.0,Female,North,Going Straight Ahead,Followed Too Closely,No Apparent Influence,No Apparent Influence,39.0,Male,North,Going Straight Ahead,No Improper Action,No Apparent Influence,No Apparent Influence,33.41464,-111.92629,2020-02-05,00:37:00
3630239,2020,Guadalupe Rd,Rural Rd,0.0,Intersection 4 Way 202,2.0,0.0,Suspected Minor Injury,Left Turn,Daylight,Clear,Dry,41.0,Female,East,Making Left Turn,Failed To Yield Right Of Way,No Apparent Influence,No Apparent Influence,23.0,Female,West,Going Straight Ahead,No Improper Action,No Apparent Influence,No Apparent Influence,33.36375,-111.9286,2020-02-05,14:43:00
3634981,2020,Hardy Dr,Broadway Rd,0.0,Intersection 4 Way 202,2.0,0.0,Possible Injury,Left Turn,Daylight,Cloudy,Dry,39.0,Female,South,Making Left Turn,Failed To Yield Right Of Way,No Apparent Influence,No Apparent Influence,44.0,Male,North,Going Straight Ahead,No Improper Action,No Apparent Influence,No Apparent Influence,33.40739,-111.95217,2020-02-05,15:07:00
3629677,2020,McClintock Dr,Bell De Mar Dr,0.0,Intersection 4 Way 202,0.0,0.0,No Injury,Left Turn,Daylight,Clear,Dry,34.0,Female,West,Going Straight Ahead,Failed To Yield Right Of Way,No Apparent Influence,No Apparent Influence,38.0,Female,North,Making Left Turn,No Improper Action,No Apparent Influence,No Apparent Influence,33.35971,-111.91123,2020-02-05,16:07:00
3632523,2020,McKellips Rd,Scottsdale Rd,0.0,Intersection 4 Way 202,2.0,0.0,Possible Injury,Left Turn,Daylight,Clear,Dry,44.0,Male,West,Making Left Turn,Failed To Yield Right Of Way,No Apparent Influence,No Apparent Influence,39.0,Male,East,Going Straight Ahead,No Improper Action,No Apparent Influence,No Apparent Influence,33.45124,-111.92647,2020-02-05,22:01:00
3635076,2020,Broadway Rd,McClintock Dr,-65.0,Intersection Related 206,0.0,0.0,No Injury,Rear End,Daylight,Clear,Dry,29.0,Female,East,Going Straight Ahead,Followed Too Closely,No Apparent Influence,No Apparent Influence,54.0,Female,East,Stopped In Trafficway,No Improper Action,No Apparent Influence,No Apparent Influence,33.4075,-111.90934,2020-02-05,22:48:00
3630228,2020,Elliot Rd,River Pkwy,0.0,Intersection 4 Way 202,0.0,0.0,No Injury,Left Turn,Daylight,Clear,Dry,20.0,Female,West,Making Left Turn,Failed To Yield Right Of Way,No Apparent Influence,No Apparent Influence,24.0,Female,East,Going Straight Ahead,No Improper Action,No Apparent Influence,No Apparent Influence,33.34928,-111.89791,2020-02-06,00:20:00
3632434,2020,Hardy Dr,Baseline Rd,70.0,Not Junction Related,0.0,0.0,No Injury,Angle - Other Than Left Turn 2,Daylight,Clear,Dry,21.0,Female,West,Making Right Turn,Failed To Keep In Proper Lane,Alcohol,No Apparent Influence,51.0,Male,South,Stopped In Trafficway,No Improper Action,No Apparent Influence,No Apparent Influence,33.37841,-111.95251,2020-02-06,00:21:00
3629681,2020,Broadway Rd,Priest Dr,200.0,Intersection Related 206,1.0,0.0,Possible Injury,Angle - Other Than Left Turn 2,Daylight,Clear,Dry,31.0,Male,South,Making Left Turn,Failed To Yield Right Of Way,No Apparent Influence,No Apparent Influence,32.0,Male,West,Going Straight Ahead,No Improper Action,No Apparent Influence,No Apparent Influence,33.40742,-111.96013,2020-02-06,00:37:00
3632564,2020,University Dr,McClintock Dr,225.0,Driveway Or Alley,0.0,0.0,No Injury,Angle - Other Than Left Turn 2,Daylight,Clear,Dry,30.0,Female,South,Making Right Turn,Failed To Yield Right Of Way,No Apparent Influence,No Apparent Influence,21.0,Female,West,Going Straight Ahead,No Improper Action,No Apparent Influence,No Apparent Influence,33.422,-111.90835,2020-02-06,15:05:00
3632995,2020,Rural Rd,Broadway Rd,-35.0,Intersection Related 206,1.0,0.0,Possible Injury,Rear End,Daylight,Clear,Dry,32.0,Female,North,Going Straight Ahead,Speed To Fast For Conditions,No Apparent Influence,No Apparent Influence,45.0,Female,North,Stopped In Trafficway,No Improper Action,No Apparent Influence,No Apparent Influence,33.40741,-111.92628,2020-02-06,22:00:00
3632996,2020,Hardy Dr,Baseline Rd,45.0,Intersection Related 206,0.0,0.0,No Injury,Rear End,Daylight,Clear,Dry,57.0,Female,South,Going Straight Ahead,Followed Too Closely,No Apparent Influence,No Apparent Influence,47.0,Male,South,Stopped In Trafficway,No Improper Action,No Apparent Influence,No Apparent Influence,33.37834,-111.95251,2020-02-06,22:04:00
3632431,2020,Priest Dr,12th St,0.0,Intersection T Inter 203,2.0,0.0,Possible Injury,Angle - Other Than Left Turn 2,Daylight,Clear,Dry,36.0,Female,East,Other,Made Improper Turn,No Apparent Influence,No Apparent Influence,71.0,Male,South,Going Straight Ahead,No Improper Action,No Apparent Influence,No Apparent Influence,33.41614,-111.96084,2020-02-06,22:31:00
3629685,2020,Rural Rd,Elliot Rd,97.0,Intersection Related 206,0.0,0.0,No Injury,Rear End,Daylight,Clear,Dry,28.0,Male,South,Going Straight Ahead,Followed Too Closely,No Apparent Influence,No Apparent Influence,41.0,Female,South,Stopped In Trafficway,No Improper Action,No Apparent Influence,No Apparent Influence,33.34946,-111.92848,2020-02-06,22:51:00
3629684,2020,Los Feliz Dr,Pebble Beach Dr,0.0,Intersection 4 Way 202,2.0,0.0,Suspected Minor Injury,Angle - Other Than Left Turn 2,Daylight,Clear,Dry,37.0,Female,East,Going Straight Ahead,Failed To Yield Right Of Way,No Apparent Influence,No Apparent Influence,21.0,Male,North,Going Straight Ahead,No Improper Action,No Apparent Influence,No Apparent Influence,33.39053,-111.90487,2020-02-06,23:43:00
3632524,2020,Elliot Rd,Kyrene Rd,0.0,Intersection 4 Way 202,0.0,0.0,No Injury,Left Turn,Daylight,Clear,Dry,29.0,Female,East,Making U Turn,Failed To Yield Right Of Way,No Apparent Influence,No Apparent Influence,19.0,Female,West,Going Straight Ahead,No Improper Action,No Apparent Influence,No Apparent Influence,33.3492,-111.94573,2020-02-07,00:08:00
3632682,2020,Warner Rd,Priest Dr,20.0,Intersection 4 Way 202,0.0,0.0,No Injury,Left Turn,Daylight,Clear,Dry,49.0,Female,East,Going Straight Ahead,Disregarded Traffic Signal,No Apparent Influence,No Apparent Influence,45.0,Male,West,Making Left Turn,No Improper Action,No Apparent Influence,No Apparent Influence,33.33453,-111.96305,2020-02-07,14:38:00
3633018,2020,Rural Rd,Lemon St,-148.0,Intersection Related 206,2.0,0.0,Possible Injury,Rear End,Daylight,Clear,Dry,21.0,Female,North,Going Straight Ahead,Speed To Fast For Conditions,No Apparent Influence,No Apparent Influence,22.0,Male,North,Going Straight Ahead,No Improper Action,No Apparent Influence,No Apparent Influence,33.41643,-111.9263,2020-02-07,20:09:00
3632538,2020,Veterans Way,University Dr,102.0,Intersection Related 206,1.0,0.0,Possible Injury,Rear End,Daylight,Clear,Dry,32.0,Female,South,Going Straight Ahead,Followed Too Closely,No Apparent Influence,No Apparent Influence,19.0,Female,South,Stopped In Trafficway,No Improper Action,No Apparent Influence,No Apparent Influence,33.4223,-111.92899,2020-02-07,22:03:00
3633105,2020,University Dr,Dorsey Ln,0.0,Intersection 4 Way 202,0.0,0.0,No Injury,Left Turn,Daylight,Clear,Dry,38.0,Female,North,Making Left Turn,Failed To Yield Right Of Way,No Apparent Influence,No Apparent Influence,22.0,Female,North,Going Straight Ahead,No Improper Action,No Apparent Influence,No Apparent Influence,33.42202,-111.91769,2020-02-07,22:19:00
3632997,2020,Southern Ave,Fair Ln,-118.0,Driveway Or Alley,2.0,0.0,Suspected Minor Injury,Left Turn,Daylight,Clear,Dry,25.0,Female,East,Making Left Turn,Failed To Yield Right Of Way,No Apparent Influence,No Apparent Influence,23.0,Female,West,Going Straight Ahead,Speed To Fast For Conditions,No Apparent Influence,No Apparent Influence,33.39278,-111.97639,2020-02-07,22:42:00
3632540,2020,48th St,Broadway Rd,-130.0,Intersection Related 206,1.0,0.0,Possible Injury,Sideswipe Same Direction,Daylight,Clear,Dry,38.0,Male,North,Changing Lanes,Unsafe Lane Change,No Apparent Influence,No Apparent Influence,25.0,Male,North,Going Straight Ahead,No Improper Action,No Apparent Influence,No Apparent Influence,33.40697,-111.97829,2020-02-07,23:00:00
3657911,2020,Southern Ave,48th St,0.5,Not Junction Related,0.0,0.0,No Injury,Rear End,Daylight,Clear,Dry,68.0,Female,West,Going Straight Ahead,Speed To Fast For Conditions,No Apparent Influence,No Apparent Influence,67.0,Male,West,Slowing In Trafficway,No Improper Action,No Apparent Influence,No Apparent Influence,33.39281,-111.96969,2020-02-07,23:06:00
3633104,2020,McClintock Dr,US-60 Exit 175 A-Ramp,0.0,Intersection Related 206,0.0,0.0,No Injury,Sideswipe Same Direction,Daylight,Clear,Dry,24.0,Male,North,Changing Lanes,Unsafe Lane Change,No Apparent Influence,No Apparent Influence,54.0,Male,North,Going Straight Ahead,No Improper Action,No Apparent Influence,No Apparent Influence,33.38515,-111.90921,2020-02-07,23:23:00
3633103,2020,Southern Ave,McClintock Dr,0.0,Intersection Related 206,0.0,0.0,No Injury,Left Turn,Daylight,Clear,Dry,22.0,Female,North,Going Straight Ahead,Followed Too Closely,No Apparent Influence,No Apparent Influence,60.0,Female,North,Stopped In Trafficway,No Improper Action,No Apparent Influence,No Apparent Influence,33.39299,-111.90913,2020-02-07,23:42:00
3634992,2020,Scottsdale Rd,Playa Del Norte Dr,79.0,Intersection Related 206,1.0,0.0,Possible Injury,Rear End,Dark Lighted,Clear,Dry,36.0,Male,South,Going Straight Ahead,Speed To Fast For Conditions,No Apparent Influence,No Apparent Influence,26.0,Female,South,Slowing In Trafficway,No Improper Action,No Apparent Influence,No Apparent Influence,33.43425,-111.92626,2020-02-08,09:07:00
3632683,2020,McClintock Dr,E Tempe Marketplace,40.0,Intersection 201,0.0,0.0,No Injury,Other,Daylight,Clear,Dry,41.0,Male,Southwest,Making Left Turn,No Improper Action,No Apparent Influence,No Apparent Influence,25.0,Male,South,Stopped In Trafficway,No Improper Action,No Apparent Influence,No Apparent Influence,33.43219,-111.90929,2020-02-08,18:04:00
3632519,2020,Rio Salado Pkwy,Perry Ln,25.0,Intersection Related 206,0.0,0.0,No Injury,Angle - Other Than Left Turn 2,Daylight,Clear,Dry,33.0,Female,East,Going Straight Ahead,Disregarded Traffic Signal,No Apparent Influence,No Apparent Influence,28.0,Female,Southeast,Making Left Turn,No Improper Action,No Apparent Influence,No Apparent Influence,33.42924,-111.90468,2020-02-08,18:53:00
3632432,2020,Priest Dr,Broadway Rd,0.0,Intersection 4 Way 202,1.0,0.0,Possible Injury,Angle - Other Than Left Turn 2,Daylight,Clear,Dry,26.0,Female,West,Going Straight Ahead,Disregarded Traffic Signal,No Apparent Influence,No Apparent Influence,36.0,Male,North,Going Straight Ahead,No Improper Action,No Apparent Influence,No Apparent Influence,33.40742,-111.96078,2020-02-08,19:11:00
3629676,2020,Ash Ave,University Dr,0.0,Intersection 4 Way 202,0.0,0.0,No Injury,Angle - Other Than Left Turn 2,Daylight,Clear,Dry,30.0,Female,North,Going Straight Ahead,Other,No Apparent Influence,No Apparent Influence,52.0,Male,East,Making Left Turn,No Improper Action,No Apparent Influence,No Apparent Influence,33.42193,-111.9424,2020-02-08,20:54:00
3633003,2020,McClintock Dr,Baseline Rd,-40.0,Intersection Related 206,1.0,0.0,Possible Injury,Rear End,Daylight,Clear,Dry,36.0,Female,North,Going Straight Ahead,Speed To Fast For Conditions,No Apparent Influence,No Apparent Influence,27.0,Female,North,Stopped In Trafficway,No Improper Action,No Apparent Influence,No Apparent Influence,33.37831,-111.90926,2020-02-08,22:44:00
3656069,2020,Mill Ave,Broadway Rd,200.0,Intersection Related 206,0.0,0.0,No Injury,Rear End,Dark Lighted,Clear,Dry,33.0,Female,South,Going Straight Ahead,Speed To Fast For Conditions,Alcohol,No Apparent Influence,36.0,Male,South,Stopped In Trafficway,No Improper Action,No Apparent Influence,No Apparent Influence,33.40795,-111.93984,2020-02-09,08:34:00
3632545,2020,Mill Ave,Broadway Rd,45.0,Unknown,0.0,0.0,No Injury,Rear End,Daylight,Clear,Dry,24.0,Female,West,Making Right Turn,Aggressive Driving,No Apparent Influence,No Apparent Influence,30.0,Female,West,Making Right Turn,Aggressive Driving,No Apparent Influence,No Apparent Influence,33.40752,-111.93983,2020-02-09,18:24:00
3633459,2020,Warner Rd,Taylor Dr,-90.0,Intersection Related 206,0.0,0.0,No Injury,Sideswipe Same Direction,Daylight,Clear,Dry,41.0,Male,West,Going Straight Ahead,Followed Too Closely,No Apparent Influence,No Apparent Influence,48.0,Male,West,Making Right Turn,No Improper Action,No Apparent Influence,No Apparent Influence,33.33467,-111.90814,2020-02-09,18:45:00
3633405,2020,Baseline Rd,Hardy Dr,30.0,Intersection Related 206,0.0,0.0,No Injury,Angle - Other Than Left Turn 2,Daylight,Cloudy,Dry,29.0,Male,West,Going Straight Ahead,Speed To Fast For Conditions,No Apparent Influence,No Apparent Influence,25.0,Female,West,Stopped In Trafficway,No Improper Action,No Apparent Influence,No Apparent Influence,33.37821,-111.95241,2020-02-10,14:00:00
3632547,2020,Priest Dr,US-60 Exit 172 G-Ramp,-90.0,Intersection Related 206,0.0,0.0,No Injury,Sideswipe Same Direction,Daylight,Clear,Dry,24.0,Female,North,Making Left Turn,Unsafe Lane Change,No Apparent Influence,No Apparent Influence,50.0,Female,North,Going Straight Ahead,No Improper Action,No Apparent Influence,No Apparent Influence,33.38652,-111.96093,2020-02-10,15:02:00
3634980,2020,University Dr,Mill Ave,-127.0,Intersection Related 206,0.0,0.0,No Injury,Rear End,Daylight,Unknown,Dry,21.0,Female,East,Slowing In Trafficway,Speed To Fast For Conditions,No Apparent Influence,No Apparent Influence,53.0,Male,East,Slowing In Trafficway,No Improper Action,No Apparent Influence,No Apparent Influence,33.42193,-111.94043,2020-02-10,18:11:00
3631662,2020,6th St,College Ave,-30.0,Intersection Related 206,0.0,0.0,No Injury,Angle - Other Than Left Turn 2,Daylight,Clear,Dry,20.0,Male,South,Backing,Other,No Apparent Influence,Drugs,48.0,Male,East,Stopped In Trafficway,No Improper Action,No Apparent Influence,No Apparent Influence,33.42436,-111.93508,2020-02-10,19:23:00
3633403,2020,Baseline Rd,Kyrene Rd,60.0,Intersection Related 206,0.0,0.0,No Injury,Sideswipe Same Direction,Daylight,Clear,Dry,69.0,Female,Northeast,Going Straight Ahead,Failed To Yield Right Of Way,No Apparent Influence,No Apparent Influence,18.0,Male,Southwest,Making Right Turn,No Improper Action,No Apparent Influence,No Apparent Influence,33.3782,-111.94579,2020-02-10,21:05:00
3632671,2020,Rural Rd,Southern Ave,190.0,Driveway Or Alley,1.0,0.0,Suspected Minor Injury,Angle - Other Than Left Turn 2,Daylight,Cloudy,Dry,23.0,Male,East,Going Straight Ahead,Failed To Yield Right Of Way,No Apparent Influence,No Apparent Influence,22.0,Male,South,Going Straight Ahead,No Improper Action,No Apparent Influence,No Apparent Influence,33.39348,-111.92633,2020-02-11,00:11:00
3657453,2020,Broadway Rd,McClintock Dr,-100.0,Intersection Related 206,0.0,0.0,No Injury,Left Turn,Daylight,Cloudy,Dry,70.0,Female,West,Making Left Turn,Failed To Yield Right Of Way,No Apparent Influence,No Apparent Influence,37.0,Female,East,Going Straight Ahead,No Improper Action,No Apparent Influence,No Apparent Influence,33.4075,-111.90945,2020-02-11,00:17:00
3632688,2020,Priest Dr,Grove Pkwy,0.0,Intersection 201,0.0,0.0,No Injury,Angle - Other Than Left Turn 2,Daylight,Clear,Wet,55.0,Female,Northwest,Making Left Turn,Failed To Yield Right Of Way,Alcohol,No Apparent Influence,23.0,Male,South,Going Straight Ahead,No Improper Action,No Apparent Influence,No Apparent Influence,33.35148,-111.96246,2020-02-11,00:44:00
3635148,2020,Apache Blvd,Price Rd,-15.0,Intersection T Inter 203,0.0,0.0,No Injury,U Turn,Dark Lighted,Clear,Dry,19.0,Female,East,Making U Turn,Other,No Apparent Influence,No Apparent Influence,20.0,Male,West,Going Straight Ahead,No Improper Action,No Apparent Influence,No Apparent Influence,33.4148,-111.892,2020-02-11,02:05:00
3633418,2020,McClintock Dr,3rd St,-140.0,Not Junction Related,0.0,0.0,No Injury,Rear End,Dawn,Cloudy,Dry,42.0,Female,North,Going Straight Ahead,Speed To Fast For Conditions,No Apparent Influence,No Apparent Influence,57.0,Male,North,Stopped In Trafficway,No Improper Action,No Apparent Influence,No Apparent Influence,33.42701,-111.90906,2020-02-11,13:57:00
3634978,2020,University Dr,Veterans Way,100.0,Not Junction Related,0.0,0.0,No Injury,Rear End,Daylight,Cloudy,Dry,19.0,Male,West,Going Straight Ahead,Followed Too Closely,No Apparent Influence,No Apparent Influence,24.0,Male,West,Stopped In Trafficway,No Improper Action,No Apparent Influence,No Apparent Influence,33.42202,-111.92861,2020-02-11,14:53:00
3633404,2020,Scottsdale Rd,Playa Del Norte Dr,0.0,Intersection T Inter 203,0.0,0.0,No Injury,Sideswipe Same Direction,Daylight,Clear,Dry,67.0,Male,South,Changing Lanes,Unsafe Lane Change,No Apparent Influence,No Apparent Influence,35.0,Male,South,Going Straight Ahead,No Improper Action,No Apparent Influence,No Apparent Influence,33.43403,-111.92626,2020-02-11,15:53:00
3633481,2020,Curry Rd,Miller Rd,0.0,Intersection 4 Way 202,1.0,0.0,Possible Injury,Angle - Other Than Left Turn 2,Daylight,Clear,Dry,58.0,Male,East,Going Straight Ahead,Disregarded Traffic Signal,No Apparent Influence,No Apparent Influence,30.0,Male,South,Going Straight Ahead,No Improper Action,No Apparent Influence,No Apparent Influence,33.44038,-111.91796,2020-02-11,16:02:00
3632693,2020,Priest Dr,La Jolla Dr,0.0,Intersection T Inter 203,2.0,0.0,Suspected Minor Injury,Left Turn,Daylight,Clear,Dry,21.0,Female,North,Making Left Turn,Failed To Yield Right Of Way,No Apparent Influence,No Apparent Influence,20.0,Female,South,Going Straight Ahead,No Improper Action,No Apparent Influence,No Apparent Influence,33.39028,-111.96081,2020-02-11,22:44:00
3633102,2020,Baseline Rd,Calle Los Cerros,0.0,Intersection Related 206,0.0,0.0,No Injury,Rear End,Daylight,Clear,Dry,17.0,Female,North,Going Straight Ahead,No Improper Action,No Apparent Influence,No Apparent Influence,36.0,Male,North,Going Straight Ahead,No Improper Action,No Apparent Influence,No Apparent Influence,33.37821,-111.97409,2020-02-11,22:49:00