Incident_ID,Year,Street_Name,Cross_Street,Distance,Junction_Relation,Total_Injuries,Total_Fatalities,Injury_Severity,Collision_Manner,Light_Condition,Weather,Surface_Condition,Age_1,Gender_1,Travel_One,UnitAction_One,Violation1_Drv1,AlcoholUse_ 1,DrugUse_1,Age_2,Gender_2,TravelDirection_2,UnitAction_2,Violation_2,AlcoholUse_2,DrugUse_2,Latitude,Longitude,Date,Time
3633487,2020,Guadalupe Rd,McClintock Dr,100.0,Intersection Related 206,0.0,0.0,No Injury,Rear End,Daylight,Clear,Dry,22.0,Female,West,Going Straight Ahead,Followed Too Closely,No Apparent Influence,No Apparent Influence,25.0,Male,West,Going Straight Ahead,No Improper Action,No Apparent Influence,No Apparent Influence,33.36376,-111.91093,2020-02-11,22:54:00
3633002,2020,Mill Ave,Alameda Dr,0.0,Intersection 4 Way 202,0.0,0.0,No Injury,Angle - Other Than Left Turn 2,Daylight,Clear,Dry,20.0,Female,North,Going Straight Ahead,Disregarded Traffic Signal,No Apparent Influence,No Apparent Influence,21.0,Female,North,Making Left Turn,No Improper Action,No Apparent Influence,No Apparent Influence,33.40011,-111.93971,2020-02-11,23:01:00
3635081,2020,Broadway Rd,Ventura Dr,-80.0,Intersection Related 206,2.0,0.0,Possible Injury,Rear End,Daylight,Clear,Dry,22.0,Male,East,Going Straight Ahead,Followed Too Closely,No Apparent Influence,No Apparent Influence,60.0,Female,East,Slowing In Trafficway,No Improper Action,No Apparent Influence,No Apparent Influence,33.40748,-111.93038,2020-02-12,00:02:00
3633494,2020,Rio Salado Pkwy,Price Rd,-35.0,Intersection Related 206,1.0,0.0,Possible Injury,Rear End,Daylight,Clear,Dry,31.0,Male,East,Going Straight Ahead,Followed Too Closely,No Apparent Influence,No Apparent Influence,61.0,Male,East,Stopped In Trafficway,No Improper Action,No Apparent Influence,No Apparent Influence,33.42938,-111.89194,2020-02-12,00:50:00
3633434,2020,Rural Rd,Rio Salado Pkwy,0.0,Intersection 4 Way 202,2.0,0.0,Suspected Minor Injury,Left Turn,Daylight,Clear,Dry,24.0,Female,North,Making Left Turn,Failed To Yield Right Of Way,No Apparent Influence,No Apparent Influence,17.0,Male,South,Going Straight Ahead,No Improper Action,No Apparent Influence,No Apparent Influence,33.42885,-111.92629,2020-02-12,13:47:00
3633419,2020,Priest Dr,University Dr,90.0,Not Junction Related,0.0,0.0,No Injury,Sideswipe Same Direction,Daylight,Clear,Dry,49.0,Male,South,Making Left Turn,Unknown,No Apparent Influence,No Apparent Influence,25.0,Male,South,Stopped In Trafficway,Unknown,No Apparent Influence,No Apparent Influence,33.42219,-111.96094,2020-02-12,14:25:00
3656240,2020,College Ave,Gilbert Dr,200.0,Not Junction Related,0.0,0.0,No Injury,Head On,Daylight,Clear,Dry,35.0,Female,West,Negotiating A Curve,Drove Left Of Center Line,No Apparent Influence,No Apparent Influence,23.0,Male,North,Going Straight Ahead,No Improper Action,No Apparent Influence,No Apparent Influence,33.437,-111.9301,2020-02-12,19:31:00
3633483,2020,Rio Salado Pkwy,Clark Dr,-120.0,Intersection Related 206,0.0,0.0,No Injury,Angle - Other Than Left Turn 2,Daylight,Clear,Dry,21.0,Male,Southwest,Making Right Turn,Made Improper Turn,No Apparent Influence,No Apparent Influence,41.0,Male,West,Going Straight Ahead,No Improper Action,No Apparent Influence,No Apparent Influence,33.4293,-111.89914,2020-02-12,20:00:00
3633395,2020,Broadway Rd,Rural Rd,164.0,Intersection Related 206,0.0,0.0,No Injury,Rear End,Daylight,Clear,Dry,16.0,Male,West,Going Straight Ahead,Followed Too Closely,No Apparent Influence,No Apparent Influence,35.0,Male,West,Stopped In Trafficway,No Improper Action,No Apparent Influence,No Apparent Influence,33.40751,-111.92575,2020-02-12,22:16:00
3633509,2020,Rural Rd,US-60 Exit 174 A-Ramp,-5.0,Intersection 4 Way 202,2.0,0.0,Possible Injury,Rear End,Daylight,Clear,Dry,36.0,Female,South,Going Straight Ahead,Followed Too Closely,No Apparent Influence,No Apparent Influence,27.0,Male,South,Stopped In Trafficway,No Improper Action,No Apparent Influence,No Apparent Influence,33.38501,-111.92648,2020-02-12,22:44:00
3633113,2020,Elliot Rd,River Pkwy,120.0,Intersection Related 206,0.0,0.0,No Injury,Rear End,Daylight,Clear,Dry,70.0,Female,East,Going Straight Ahead,Followed Too Closely,No Apparent Influence,No Apparent Influence,30.0,Female,East,Stopped In Trafficway,No Improper Action,No Apparent Influence,No Apparent Influence,33.34928,-111.89752,2020-02-12,23:09:00
3633112,2020,Guadalupe Rd,Rural Rd,0.0,Intersection 4 Way 202,1.0,0.0,Suspected Minor Injury,Left Turn,Daylight,Clear,Dry,42.0,Male,West,Making Left Turn,Failed To Yield Right Of Way,No Apparent Influence,No Apparent Influence,56.0,Male,East,Going Straight Ahead,No Improper Action,No Apparent Influence,No Apparent Influence,33.36375,-111.9286,2020-02-13,00:11:00
3633508,2020,Autoplex Loop,Harl Ave,-40.0,Intersection Related 206,0.0,0.0,No Injury,Rear End,Dusk,Clear,Dry,18.0,Male,North,Going Straight Ahead,Followed Too Closely,No Apparent Influence,No Apparent Influence,40.0,Female,North,Stopped In Trafficway,No Improper Action,No Apparent Influence,No Apparent Influence,33.34886,-111.96592,2020-02-13,01:14:00
3633109,2020,Rio Salado Pkwy,Price Rd,85.0,Intersection Related 206,0.0,0.0,No Injury,Sideswipe Same Direction,Dark Lighted,Clear,Dry,27.0,Male,East,Changing Lanes,Unsafe Lane Change,No Apparent Influence,No Apparent Influence,42.0,Female,East,Going Straight Ahead,No Improper Action,No Apparent Influence,No Apparent Influence,33.42932,-111.88999,2020-02-13,01:44:00
3633016,2020,McKellips Rd,Cavalier Dr,0.0,Intersection T Inter 203,0.0,0.0,No Injury,Left Turn,Dark Lighted,Clear,Dry,27.0,Female,South,Making Left Turn,Failed To Yield Right Of Way,No Apparent Influence,No Apparent Influence,61.0,Female,West,Going Straight Ahead,No Improper Action,No Apparent Influence,No Apparent Influence,33.4512,-111.92912,2020-02-13,02:11:00
3633017,2020,University Dr,Ash Ave,85.0,Not Junction Related,0.0,0.0,No Injury,Rear End,Dark Lighted,Clear,Dry,67.0,Female,West,Going Straight Ahead,Followed Too Closely,No Apparent Influence,No Apparent Influence,73.0,Male,West,Stopped In Trafficway,Unknown,No Apparent Influence,No Apparent Influence,33.42193,-111.94212,2020-02-13,02:43:00
3633107,2020,Scottsdale Rd,Playa Del Norte,0.0,Intersection Related 206,2.0,0.0,Suspected Minor Injury,Rear End,Dark Lighted,Clear,Dry,21.0,Female,North,Going Straight Ahead,Speed To Fast For Conditions,No Apparent Influence,No Apparent Influence,48.0,Male,North,Stopped In Trafficway,No Improper Action,No Apparent Influence,No Apparent Influence,33.43404,-111.92626,2020-02-13,02:56:00
3654233,2020,Darrow Dr,Priest Dr,75.0,Intersection 4 Way 202,0.0,0.0,No Injury,Rear End,Dark Lighted,Clear,Dry,56.0,Male,East,Going Straight Ahead,Speed To Fast For Conditions,No Apparent Influence,No Apparent Influence,26.0,Female,East,Stopped In Trafficway,No Improper Action,No Apparent Influence,No Apparent Influence,33.38054,-111.9614,2020-02-13,03:06:00
3632999,2020,University Dr,Priest Dr,0.0,Intersection 4 Way 202,2.0,0.0,Suspected Minor Injury,Left Turn,Dark Lighted,Clear,Dry,33.0,Male,East,Making Left Turn,Failed To Yield Right Of Way,No Apparent Influence,No Apparent Influence,24.0,Female,West,Going Straight Ahead,No Improper Action,No Apparent Influence,No Apparent Influence,33.42194,-111.96092,2020-02-13,03:15:00
3632537,2020,Scottsdale Rd,Lilac Dr,0.0,Intersection T Inter 203,1.0,0.0,Suspected Minor Injury,Left Turn,Dark Lighted,Clear,Dry,44.0,Female,West,Making Left Turn,Failed To Yield Right Of Way,No Apparent Influence,No Apparent Influence,29.0,Male,North,Going Straight Ahead,No Improper Action,No Apparent Influence,No Apparent Influence,33.44876,-111.92647,2020-02-13,12:52:00
3633422,2020,Rural Rd,6th St,-90.0,Intersection Related 206,0.0,0.0,No Injury,Rear End,Daylight,Clear,Dry,45.0,Male,South,Going Straight Ahead,Speed To Fast For Conditions,No Apparent Influence,No Apparent Influence,22.0,Female,South,Stopped In Trafficway,No Improper Action,No Apparent Influence,No Apparent Influence,33.42425,-111.9263,2020-02-13,20:35:00
3633420,2020,Price Rd,Broadway Rd,0.0,Intersection 201,1.0,0.0,Possible Injury,Sideswipe Same Direction,Daylight,Clear,Dry,47.0,Male,North,Going Straight Ahead,Unsafe Lane Change,No Apparent Influence,No Apparent Influence,33.0,Female,North,Making Left Turn,No Improper Action,No Apparent Influence,No Apparent Influence,33.40748,-111.89033,2020-02-13,22:40:00
3632689,2020,Baseline Rd,Kyrene Rd,-36.0,Intersection Related 206,0.0,0.0,No Injury,Rear End,Daylight,Clear,Dry,33.0,Female,East,Going Straight Ahead,Exceeded Lawful Speed,No Apparent Influence,No Apparent Influence,56.0,Male,East,Stopped In Trafficway,No Improper Action,No Apparent Influence,No Apparent Influence,33.3782,-111.94611,2020-02-13,23:09:00
3633110,2020,McClintock Dr,Don Carlos Ave,0.0,Intersection 4 Way 202,0.0,0.0,No Injury,Left Turn,Daylight,Clear,Dry,47.0,Female,North,Making Left Turn,Failed To Yield Right Of Way,No Apparent Influence,No Apparent Influence,25.0,Male,South,Going Straight Ahead,No Improper Action,No Apparent Influence,No Apparent Influence,33.41748,-111.90911,2020-02-13,23:33:00
3633001,2020,Elliot Rd,River Pkwy,0.0,Intersection 4 Way 202,0.0,0.0,No Injury,Angle - Other Than Left Turn 2,Daylight,Clear,Dry,61.0,Female,West,Going Straight Ahead,Failed To Yield Right Of Way,No Apparent Influence,No Apparent Influence,42.0,Male,North,Going Straight Ahead,No Improper Action,No Apparent Influence,No Apparent Influence,33.34928,-111.89791,2020-02-13,23:57:00
3633108,2020,Broadway Rd,Hardy Dr,130.0,Intersection Related 206,1.0,0.0,Possible Injury,Rear End,Daylight,Clear,Dry,51.0,Male,East,Going Straight Ahead,Speed To Fast For Conditions,No Apparent Influence,No Apparent Influence,32.0,Male,East,Stopped In Trafficway,No Improper Action,No Apparent Influence,No Apparent Influence,33.40739,-111.95174,2020-02-14,00:27:00
3632522,2020,Rural Rd,Geneva Dr,15.0,Intersection Related 206,1.0,0.0,Suspected Minor Injury,Rear End,Dark Lighted,Clear,Dry,54.0,Male,South,Going Straight Ahead,Followed Too Closely,No Apparent Influence,No Apparent Influence,22.0,Male,South,Slowing In Trafficway,No Improper Action,No Apparent Influence,No Apparent Influence,33.39503,-111.92633,2020-02-14,04:53:00
3635141,2020,Broadway Rd,Kachina Dr,0.0,Intersection 201,0.0,0.0,No Injury,Left Turn,Daylight,Clear,Dry,21.0,Male,East,Making Left Turn,Failed To Yield Right Of Way,No Apparent Influence,No Apparent Influence,32.0,Female,West,Going Straight Ahead,No Improper Action,No Apparent Influence,No Apparent Influence,33.4075,-111.90671,2020-02-14,14:30:00
3633423,2020,Rural Rd,La Jolla Dr,-105.0,Intersection Related 206,0.0,0.0,No Injury,Sideswipe Same Direction,Daylight,Clear,Dry,21.0,Male,South,Changing Lanes,Unsafe Lane Change,No Apparent Influence,No Apparent Influence,68.0,Female,South,Changing Lanes,Unsafe Lane Change,No Apparent Influence,No Apparent Influence,33.38909,-111.92642,2020-02-14,15:40:00
3635100,2020,Mill Ave,University Dr,-97.0,Intersection Related 206,0.0,0.0,No Injury,Sideswipe Same Direction,Daylight,Clear,Dry,21.0,Male,North,Changing Lanes,Unsafe Lane Change,No Apparent Influence,No Apparent Influence,34.0,Male,North,Stopped In Trafficway,No Improper Action,No Apparent Influence,No Apparent Influence,33.42167,-111.94,2020-02-14,18:34:00
3633477,2020,Baseline Rd,Darrow Dr,0.0,Intersection 4 Way 202,1.0,0.0,Suspected Minor Injury,Left Turn,Daylight,Clear,Dry,19.0,Male,East,Making Left Turn,Failed To Yield Right Of Way,No Apparent Influence,No Apparent Influence,63.0,Male,West,Going Straight Ahead,No Improper Action,No Apparent Influence,No Apparent Influence,33.37824,-111.96113,2020-02-14,18:43:00
3635160,2020,Priest Dr,Greentree Dr,0.0,Intersection 201,0.0,0.0,No Injury,Angle - Other Than Left Turn 2,Daylight,Clear,Dry,41.0,Male,North,Making Left Turn,Failed To Yield Right Of Way,No Apparent Influence,No Apparent Influence,57.0,Male,South,Going Straight Ahead,No Improper Action,No Apparent Influence,No Apparent Influence,33.33171,-111.96311,2020-02-14,18:57:00
3633485,2020,Guadalupe Rd,Rural Rd,-40.0,Intersection Related 206,0.0,0.0,No Injury,Sideswipe Same Direction,Daylight,Clear,Dry,58.0,Male,East,Changing Lanes,Unsafe Lane Change,No Apparent Influence,No Apparent Influence,52.0,Male,East,Making Right Turn,No Improper Action,No Apparent Influence,No Apparent Influence,33.36375,-111.92874,2020-02-14,19:03:00
3635098,2020,Priest Dr,University Dr,107.0,Intersection Related 206,0.0,0.0,No Injury,Sideswipe Same Direction,Daylight,Clear,Dry,39.0,Male,South,Changing Lanes,Unsafe Lane Change,No Apparent Influence,No Apparent Influence,24.0,Male,South,Going Straight Ahead,No Improper Action,No Apparent Influence,No Apparent Influence,33.42224,-111.96095,2020-02-14,21:06:00
3633457,2020,Southern Ave,Fair Ln,-110.0,Driveway Or Alley,1.0,0.0,Suspected Minor Injury,Left Turn,Daylight,Clear,Dry,62.0,Male,East,Making Left Turn,Failed To Yield Right Of Way,No Apparent Influence,No Apparent Influence,38.0,Male,West,Going Straight Ahead,No Improper Action,No Apparent Influence,No Apparent Influence,33.39278,-111.97637,2020-02-14,22:36:00
3633106,2020,Elliot Rd,Roosevelt St,0.0,Not Junction Related,0.0,0.0,No Injury,Angle - Other Than Left Turn 2,Daylight,Clear,Dry,17.0,Female,North,Making Right Turn,Failed To Yield Right Of Way,No Apparent Influence,No Apparent Influence,20.0,Female,North,Going Straight Ahead,No Improper Action,No Apparent Influence,No Apparent Influence,33.34918,-111.95032,2020-02-15,00:43:00
3654211,2020,Elliot Rd,Rural Rd,0.0,Intersection 4 Way 202,1.0,0.0,Suspected Minor Injury,Left Turn,Dark Lighted,Clear,Dry,16.0,Female,West,Making Left Turn,Failed To Yield Right Of Way,No Apparent Influence,No Apparent Influence,38.0,Female,East,Going Straight Ahead,No Improper Action,No Apparent Influence,No Apparent Influence,33.34919,-111.92848,2020-02-15,02:51:00
3621596,2020,Elliot Rd,I-10 Exit 157 A-Ramp,0.0,Intersection 4 Way 202,0.0,0.0,No Injury,Left Turn,Dark Lighted,Clear,Dry,70.0,Male,East,Making Left Turn,Made Improper Turn,No Apparent Influence,No Apparent Influence,39.0,Female,West,Going Straight Ahead,No Improper Action,No Apparent Influence,No Apparent Influence,33.34907,-111.97283,2020-02-15,02:53:00
3635147,2020,Rio Salado Pkwy,McClintock Dr,0.0,Intersection 4 Way 202,0.0,0.0,No Injury,Rear End,Dark Lighted,Clear,Dry,55.0,Male,East,Making Right Turn,Speed To Fast For Conditions,No Apparent Influence,No Apparent Influence,52.0,Female,East,Making Right Turn,No Improper Action,No Apparent Influence,No Apparent Influence,33.42926,-111.90907,2020-02-15,07:23:00
3635149,2020,Rural Rd,Elliot Rd,100.0,Intersection Related 206,0.0,0.0,No Injury,Left Turn,Daylight,Clear,Dry,18.0,Female,South,Going Straight Ahead,Speed To Fast For Conditions,No Apparent Influence,No Apparent Influence,57.0,Male,South,Stopped In Trafficway,No Improper Action,No Apparent Influence,No Apparent Influence,33.34947,-111.92848,2020-02-15,19:39:00
3635011,2020,Baseline Rd,Calle Los Cerros,-200.0,Intersection 4 Way 202,0.0,0.0,No Injury,Rear End,Daylight,Clear,Dry,21.0,Female,East,Going Straight Ahead,No Improper Action,No Apparent Influence,No Apparent Influence,55.0,Male,East,Going Straight Ahead,No Improper Action,No Apparent Influence,No Apparent Influence,33.37821,-111.97474,2020-02-15,20:13:00
3633397,2020,Rural Rd,Baseline Rd,0.0,Intersection 4 Way 202,2.0,0.0,Suspected Minor Injury,Angle - Other Than Left Turn 2,Daylight,Clear,Dry,51.0,Female,East,Going Straight Ahead,Unknown,No Apparent Influence,No Apparent Influence,37.0,Male,South,Going Straight Ahead,Unknown,No Apparent Influence,No Apparent Influence,33.37825,-111.92869,2020-02-15,21:45:00
3654227,2020,Broadway Rd,48th St,0.0,Intersection 4 Way 202,1.0,0.0,Possible Injury,Angle - Other Than Left Turn 2,Dark Not Lighted,Clear,Dry,33.0,Male,North,Going Straight Ahead,Speed To Fast For Conditions,No Apparent Influence,No Apparent Influence,47.0,Male,East,Going Straight Ahead,No Improper Action,No Apparent Influence,No Apparent Influence,33.40733,-111.97829,2020-02-16,02:02:00
3635150,2020,48th St,Broadway Rd,0.0,Intersection 4 Way 202,0.0,0.0,No Injury,Left Turn,Dark Lighted,Clear,Dry,22.0,Female,South,Going Straight Ahead,Disregarded Traffic Signal,No Apparent Influence,No Apparent Influence,35.0,Female,Southwest,Making Left Turn,No Improper Action,No Apparent Influence,No Apparent Influence,33.40733,-111.97829,2020-02-16,04:16:00
3657448,2020,Apache Blvd,Rural Rd,0.0,Intersection 4 Way 202,0.0,0.0,No Injury,Left Turn,Dark Lighted,Clear,Dry,20.0,Female,South,Going Straight Ahead,Disregarded Traffic Signal,No Apparent Influence,No Apparent Influence,22.0,Female,North,Making Left Turn,Disregarded Traffic Signal,No Apparent Influence,No Apparent Influence,33.41476,-111.92629,2020-02-16,04:32:00
3634996,2020,Price Rd,University Dr,0.0,Intersection 4 Way 202,0.0,0.0,No Injury,Angle - Other Than Left Turn 2,Daylight,Clear,Dry,59.0,Male,North,Changing Lanes,Unsafe Lane Change,No Apparent Influence,No Apparent Influence,24.0,Female,Northwest,Making Left Turn,No Improper Action,No Apparent Influence,No Apparent Influence,33.42202,-111.89031,2020-02-16,22:34:00
3635012,2020,Guadalupe Rd,McClintock Dr,0.0,Intersection 4 Way 202,0.0,0.0,No Injury,Left Turn,Daylight,Clear,Dry,61.0,Female,North,Making Left Turn,Failed To Yield Right Of Way,No Apparent Influence,No Apparent Influence,38.0,Female,South,Going Straight Ahead,No Improper Action,No Apparent Influence,No Apparent Influence,33.36376,-111.91126,2020-02-16,23:15:00
3632544,2020,Baseline Rd,Calle Los Cerros,100.0,Unknown,0.0,0.0,No Injury,Sideswipe Same Direction,Dark Lighted,Clear,Dry,59.0,Female,West,Changing Lanes,Unsafe Lane Change,No Apparent Influence,No Apparent Influence,23.0,Male,West,Going Straight Ahead,Unknown,No Apparent Influence,Drugs,33.37821,-111.97376,2020-02-17,02:29:00
3635153,2020,Baseline Rd,Darrow Dr,32.0,Other,0.0,0.0,No Injury,Rear End,Dark Lighted,Clear,Dry,33.0,Female,East,Going Straight Ahead,Speed To Fast For Conditions,No Apparent Influence,No Apparent Influence,23.0,Female,East,Going Straight Ahead,No Improper Action,No Apparent Influence,No Apparent Influence,33.37824,-111.96103,2020-02-17,03:47:00
3635131,2020,Rural Rd,Rio Salado Pkwy,0.0,Intersection 4 Way 202,0.0,0.0,No Injury,Angle - Other Than Left Turn 2,Dark Lighted,Clear,Dry,26.0,Female,South,Making Left Turn,Failed To Yield Right Of Way,No Apparent Influence,No Apparent Influence,45.0,Male,West,Going Straight Ahead,No Improper Action,No Apparent Influence,No Apparent Influence,33.42885,-111.92629,2020-02-17,12:47:00
3633484,2020,Scottsdale Rd,Hancock Ave,0.0,Intersection 4 Way 202,0.0,0.0,No Injury,Left Turn,Dark Lighted,Clear,Dry,74.0,Female,Southeast,Making Left Turn,Failed To Yield Right Of Way,No Apparent Influence,No Apparent Influence,35.0,Female,Northeast,Making Left Turn,No Improper Action,No Apparent Influence,No Apparent Influence,33.44666,-111.92646,2020-02-17,13:16:00
3633444,2020,Southern Ave,College Ave,35.0,Intersection Related 206,2.0,0.0,Suspected Minor Injury,Rear End,Daylight,Clear,Dry,61.0,Female,West,Going Straight Ahead,Speed To Fast For Conditions,No Apparent Influence,No Apparent Influence,82.0,Male,West,Stopped In Trafficway,No Improper Action,No Apparent Influence,No Apparent Influence,33.39291,-111.9348,2020-02-17,16:06:00
3633442,2020,University Dr,Mill Ave,0.0,Driveway Or Alley,0.0,0.0,No Injury,Angle - Other Than Left Turn 2,Daylight,Clear,Dry,25.0,Female,North,Making Left Turn,Failed To Yield Right Of Way,No Apparent Influence,No Apparent Influence,39.0,Male,North,Going Straight Ahead,No Improper Action,No Apparent Influence,No Apparent Influence,33.42193,-111.94002,2020-02-17,18:16:00
3634991,2020,University Dr,Veterans Way,100.0,Unknown,0.0,0.0,No Injury,Sideswipe Same Direction,Daylight,Clear,Dry,18.0,Female,East,Going Straight Ahead,Unsafe Lane Change,No Apparent Influence,No Apparent Influence,22.0,Female,East,Going Straight Ahead,No Improper Action,No Apparent Influence,No Apparent Influence,33.42202,-111.92861,2020-02-17,18:36:00
3654228,2020,Price Rd,Broadway Rd,0.0,Intersection 201,1.0,0.0,Possible Injury,Rear End,Daylight,Clear,Dry,63.0,Male,North,Going Straight Ahead,Speed To Fast For Conditions,No Apparent Influence,No Apparent Influence,27.0,Male,North,Stopped In Trafficway,No Improper Action,No Apparent Influence,No Apparent Influence,33.40748,-111.89033,2020-02-17,19:24:00
3635018,2020,Southern Ave,Price Rd,0.0,Intersection 4 Way 202,2.0,0.0,Suspected Minor Injury,Angle - Other Than Left Turn 2,Daylight,Clear,Dry,74.0,Female,West,Going Straight Ahead,Other,No Apparent Influence,No Apparent Influence,29.0,Female,South,Going Straight Ahead,No Improper Action,No Apparent Influence,No Apparent Influence,33.39296,-111.89203,2020-02-17,20:47:00
3633425,2020,Baseline Rd,Mill Ave,-85.0,Intersection Related 206,0.0,0.0,No Injury,Rear End,Daylight,Clear,Dry,25.0,Male,East,Going Straight Ahead,Speed To Fast For Conditions,No Apparent Influence,No Apparent Influence,27.0,Male,East,Stopped In Trafficway,No Improper Action,No Apparent Influence,No Apparent Influence,33.37822,-111.93964,2020-02-17,22:29:00
3633446,2020,Hardy Dr,Southern Ave,220.0,Driveway Or Alley,0.0,0.0,No Injury,Angle - Other Than Left Turn 2,Daylight,Clear,Dry,59.0,Male,East,Making Left Turn,Failed To Keep In Proper Lane,No Apparent Influence,No Apparent Influence,33.0,Female,South,Going Straight Ahead,No Improper Action,No Apparent Influence,No Apparent Influence,33.39346,-111.95198,2020-02-17,23:12:00
3633437,2020,University Dr,McAllister Ave,60.0,Intersection Related 206,0.0,0.0,No Injury,Rear End,Daylight,Clear,Dry,20.0,Male,East,Going Straight Ahead,Speed To Fast For Conditions,No Apparent Influence,No Apparent Influence,32.0,Male,East,Stopped In Trafficway,No Improper Action,No Apparent Influence,No Apparent Influence,33.42202,-111.92874,2020-02-17,23:57:00
3633448,2020,University Dr,Farmer Ave,0.0,Intersection 4 Way 202,1.0,0.0,Possible Injury,Left Turn,Dark Lighted,Clear,Dry,76.0,Female,East,Making Left Turn,Failed To Yield Right Of Way,No Apparent Influence,No Apparent Influence,22.0,Male,West,Going Straight Ahead,No Improper Action,No Apparent Influence,No Apparent Influence,33.42189,-111.94427,2020-02-18,01:06:00
3633438,2020,Scottsdale Rd,Playa Del Norte,0.0,Intersection Related 206,0.0,0.0,No Injury,Rear End,Dark Lighted,Clear,Dry,19.0,Female,North,Going Straight Ahead,Speed To Fast For Conditions,No Apparent Influence,No Apparent Influence,20.0,Female,North,Stopped In Trafficway,No Improper Action,No Apparent Influence,No Apparent Influence,33.43404,-111.92626,2020-02-18,02:28:00
3634998,2020,McClintock Dr,Apache Blvd,-187.0,Intersection Related 206,0.0,0.0,No Injury,Sideswipe Same Direction,Daylight,Clear,Dry,25.0,Male,North,Changing Lanes,Unsafe Lane Change,No Apparent Influence,No Apparent Influence,43.0,Male,North,Going Straight Ahead,No Improper Action,No Apparent Influence,No Apparent Influence,33.41425,-111.90913,2020-02-18,15:16:00
3656122,2020,Hudson Ln,Mill Ave,-15.0,Intersection Related 206,0.0,0.0,No Injury,Angle - Other Than Left Turn 2,Daylight,Clear,Dry,22.0,Male,South,Going Straight Ahead,Speed To Fast For Conditions,No Apparent Influence,No Apparent Influence,26.0,Male,East,Stopped In Trafficway,No Improper Action,No Apparent Influence,No Apparent Influence,33.41363,-111.93994,2020-02-18,20:27:00
3633097,2020,McClintock Dr,Baseline Rd,0.0,Intersection 4 Way 202,1.0,0.0,Suspected Minor Injury,Left Turn,Daylight,Clear,Dry,49.0,Female,North,Making Left Turn,Disregarded Traffic Signal,No Apparent Influence,No Apparent Influence,52.0,Female,North,Going Straight Ahead,No Improper Action,No Apparent Influence,No Apparent Influence,33.37843,-111.90926,2020-02-18,21:38:00
3635002,2020,University Dr,Roosevelt St,0.0,Intersection Related 206,1.0,0.0,Possible Injury,Rear End,Daylight,Clear,Dry,49.0,Male,West,Going Straight Ahead,No Improper Action,No Apparent Influence,No Apparent Influence,70.0,Male,West,Stopped In Trafficway,No Improper Action,No Apparent Influence,No Apparent Influence,33.4219,-111.94729,2020-02-18,22:11:00
3633396,2020,Elliot Rd,River Pkwy,-35.0,Intersection Related 206,1.0,0.0,Suspected Minor Injury,Rear End,Daylight,Clear,Dry,67.0,Male,East,Going Straight Ahead,Exceeded Lawful Speed,No Apparent Influence,No Apparent Influence,18.0,Female,East,Stopped In Trafficway,No Improper Action,No Apparent Influence,No Apparent Influence,33.34928,-111.89802,2020-02-19,00:36:00
3654214,2020,Priest Dr,Warner Rd,-30.0,Intersection Related 206,0.0,0.0,No Injury,Rear End,Dark Lighted,Clear,Dry,50.0,Male,North,Going Straight Ahead,No Improper Action,No Apparent Influence,No Apparent Influence,60.0,Male,North,Stopped In Trafficway,Speed To Fast For Conditions,No Apparent Influence,No Apparent Influence,33.33444,-111.96312,2020-02-19,02:38:00
3633399,2020,Hardy Dr,Southern Ave,209.0,Driveway Or Alley,0.0,0.0,No Injury,Left Turn,Daylight,Clear,Dry,45.0,Male,East,Making Left Turn,Failed To Yield Right Of Way,No Apparent Influence,No Apparent Influence,68.0,Male,South,Going Straight Ahead,No Improper Action,No Apparent Influence,No Apparent Influence,33.39343,-111.95198,2020-02-19,18:10:00
3633421,2020,University Dr,River Dr,-60.0,Intersection Related 206,1.0,0.0,Possible Injury,Rear End,Daylight,Clear,Dry,19.0,Female,East,Going Straight Ahead,Followed Too Closely,No Apparent Influence,No Apparent Influence,18.0,Female,East,Stopped In Trafficway,No Improper Action,No Apparent Influence,No Apparent Influence,33.42209,-111.89555,2020-02-19,19:15:00
3634974,2020,Rural Rd,Broadway Rd,-85.0,Intersection Related 206,0.0,0.0,No Injury,Rear End,Daylight,Clear,Dry,39.0,Male,North,Going Straight Ahead,Followed Too Closely,No Apparent Influence,No Apparent Influence,31.0,Male,North,Stopped In Trafficway,No Improper Action,No Apparent Influence,No Apparent Influence,33.40727,-111.92628,2020-02-19,19:33:00
3654856,2020,Rural Rd,Warner Rd,-68.0,Intersection Related 206,2.0,0.0,Possible Injury,Rear End,Daylight,Clear,Dry,30.0,Female,North,Going Straight Ahead,Other,No Apparent Influence,No Apparent Influence,29.0,Male,North,Stopped In Trafficway,No Improper Action,No Apparent Influence,No Apparent Influence,33.33447,-111.92841,2020-02-19,19:54:00
3633099,2020,Baseline Rd,Pointe Pkwy,0.0,Intersection Related 206,1.0,0.0,Possible Injury,Rear End,Daylight,Clear,Dry,62.0,Female,North,Going Straight Ahead,Followed Too Closely,No Apparent Influence,No Apparent Influence,29.0,Male,North,Stopped In Trafficway,No Improper Action,No Apparent Influence,No Apparent Influence,33.37822,-111.97199,2020-02-19,20:28:00