Incident_ID,Year,Street_Name,Cross_Street,Distance,Junction_Relation,Total_Injuries,Total_Fatalities,Injury_Severity,Collision_Manner,Light_Condition,Weather,Surface_Condition,Age_1,Gender_1,Travel_One,UnitAction_One,Violation1_Drv1,AlcoholUse_ 1,DrugUse_1,Age_2,Gender_2,TravelDirection_2,UnitAction_2,Violation_2,AlcoholUse_2,DrugUse_2,Latitude,Longitude,Date,Time
3635158,2020,University Dr,Price Rd,30.0,Intersection Related 206,1.0,0.0,Possible Injury,Sideswipe Same Direction,Daylight,Clear,Dry,74.0,Male,West,Changing Lanes,Unsafe Lane Change,No Apparent Influence,No Apparent Influence,30.0,Female,West,Going Straight Ahead,No Improper Action,No Apparent Influence,No Apparent Influence,33.42202,-111.89021,2020-02-19,23:26:00
3635157,2020,Kyrene Rd,Elliot Rd,70.0,Intersection Related 206,0.0,0.0,No Injury,Left Turn,Daylight,Clear,Dry,95.0,Male,East,Making Left Turn,Unknown,No Apparent Influence,No Apparent Influence,20.0,Female,West,Making Right Turn,Unknown,No Apparent Influence,No Apparent Influence,33.34939,-111.94573,2020-02-20,01:04:00
3635159,2020,Price Rd,Guadalupe Rd,0.0,Intersection T Inter 203,1.0,0.0,Suspected Minor Injury,Angle - Other Than Left Turn 2,Daylight,Clear,Dry,36.0,Female,East,Going Straight Ahead,Failed To Yield Right Of Way,No Apparent Influence,No Apparent Influence,46.0,Male,South,Going Straight Ahead,No Improper Action,No Apparent Influence,No Apparent Influence,33.36389,-111.89467,2020-02-20,18:42:00
3634966,2020,Priest Dr,Darrow Dr,0.0,Intersection 4 Way 202,1.0,0.0,Suspected Minor Injury,Angle - Other Than Left Turn 2,Daylight,Clear,Dry,60.0,Male,South,Going Straight Ahead,Disregarded Traffic Signal,No Apparent Influence,No Apparent Influence,54.0,Male,West,Going Straight Ahead,No Improper Action,No Apparent Influence,No Apparent Influence,33.38067,-111.96159,2020-02-20,19:05:00
3635152,2020,Mill Ave,Southern Ave,-161.0,Driveway Or Alley,0.0,0.0,No Injury,Sideswipe Same Direction,Daylight,Clear,Dry,18.0,Female,South,Making Right Turn,Failed To Yield Right Of Way,No Apparent Influence,No Apparent Influence,54.0,Male,South,Going Straight Ahead,No Improper Action,No Apparent Influence,No Apparent Influence,33.39242,-111.93959,2020-02-20,22:59:00
3634973,2020,Hardy Dr,Minton Dr,-30.0,Intersection Related 206,1.0,0.0,Suspected Minor Injury,Rear End,Daylight,Clear,Dry,25.0,Male,South,Going Straight Ahead,Followed Too Closely,No Apparent Influence,No Apparent Influence,44.0,Female,South,Stopped In Trafficway,No Improper Action,No Apparent Influence,No Apparent Influence,33.3809,-111.95244,2020-02-20,23:39:00
3634988,2020,University Dr,S Athletes Pl,0.0,Intersection T Inter 203,1.0,0.0,Possible Injury,Left Turn,Dusk,Cloudy,Dry,24.0,Male,South,Making Left Turn,Aggressive Driving,No Apparent Influence,No Apparent Influence,33.0,Male,West,Going Straight Ahead,No Improper Action,No Apparent Influence,No Apparent Influence,33.42202,-111.9229,2020-02-21,01:09:00
3654218,2020,Baseline Rd,McClintock Dr,50.0,Not Junction Related,0.0,0.0,No Injury,Sideswipe Same Direction,Dark Lighted,Clear,Dry,63.0,Female,West,Changing Lanes,Unsafe Lane Change,No Apparent Influence,No Apparent Influence,22.0,Female,West,Going Straight Ahead,No Improper Action,No Apparent Influence,No Apparent Influence,33.37842,-111.9091,2020-02-21,02:02:00
3635156,2020,Rural Rd,Broadway Rd,158.0,Driveway Or Alley,0.0,0.0,No Injury,Left Turn,Daylight,Clear,Dry,58.0,Female,West,Making Left Turn,Failed To Yield Right Of Way,No Apparent Influence,No Apparent Influence,32.0,Male,South,Going Straight Ahead,No Improper Action,No Apparent Influence,No Apparent Influence,33.40794,-111.92628,2020-02-21,19:49:00
3634427,2020,Rural Rd,Spence Ave,61.0,Intersection Related 206,0.0,0.0,No Injury,Rear End,Daylight,Clear,Dry,20.0,Female,South,Going Straight Ahead,Speed To Fast For Conditions,No Apparent Influence,No Apparent Influence,28.0,Male,South,Stopped In Trafficway,No Improper Action,No Apparent Influence,No Apparent Influence,33.41302,-111.92629,2020-02-21,20:02:00
3634986,2020,Mill Ave,US-60 Exit 173 J-Ramp,83.0,Intersection Related 206,0.0,0.0,No Injury,Rear End,Daylight,Cloudy,Dry,57.0,Male,South,Going Straight Ahead,Followed Too Closely,No Apparent Influence,No Apparent Influence,27.0,Male,South,Going Straight Ahead,No Improper Action,No Apparent Influence,No Apparent Influence,33.38627,-111.9395,2020-02-21,22:20:00
3654207,2020,Victory Dr,Price Rd,0.0,Not Junction Related,0.0,0.0,No Injury,Angle - Other Than Left Turn 2,Daylight,Clear,Dry,69.0,Male,East,Going Straight Ahead,Failed To Yield Right Of Way,No Apparent Influence,No Apparent Influence,40.0,Male,North,Going Straight Ahead,No Improper Action,No Apparent Influence,No Apparent Influence,33.41843,-111.8906,2020-02-21,22:41:00
3654240,2020,McClintock Dr,Carson Dr,0.0,Intersection T Inter 203,0.0,0.0,No Injury,Left Turn,Daylight,Clear,Dry,24.0,Male,East,Making Left Turn,Failed To Yield Right Of Way,No Apparent Influence,No Apparent Influence,61.0,Female,South,Going Straight Ahead,No Improper Action,No Apparent Influence,No Apparent Influence,33.38388,-111.90921,2020-02-21,23:05:00
3634985,2020,Rural Rd,University Dr,106.0,Intersection Related 206,0.0,0.0,No Injury,Rear End,Daylight,Clear,Dry,35.0,Male,South,Going Straight Ahead,Followed Too Closely,No Apparent Influence,No Apparent Influence,24.0,Female,South,Stopped In Trafficway,No Improper Action,No Apparent Influence,No Apparent Influence,33.42232,-111.92631,2020-02-21,23:32:00
3634982,2020,Rockford Dr,Rio Salado Pkwy,0.0,Intersection 4 Way 202,0.0,0.0,No Injury,Left Turn,Dusk,Clear,Dry,62.0,Female,South,Making Left Turn,Failed To Yield Right Of Way,No Apparent Influence,No Apparent Influence,23.0,Male,North,Going Straight Ahead,No Improper Action,No Apparent Influence,No Apparent Influence,33.42936,-111.89704,2020-02-22,00:51:00
3634989,2020,Curry Rd,Scovel St,0.0,Intersection T Inter 203,0.0,0.0,No Injury,Left Turn,Dusk,Clear,Dry,30.0,Male,East,Making Left Turn,Failed To Yield Right Of Way,No Apparent Influence,No Apparent Influence,23.0,Male,West,Going Straight Ahead,No Improper Action,No Apparent Influence,No Apparent Influence,33.44042,-111.92006,2020-02-22,00:53:00
3635085,2020,Southern Ave,Mill Ave,15.0,Not Junction Related,0.0,0.0,No Injury,Rear End,Dusk,Clear,Dry,24.0,Male,East,Going Straight Ahead,Speed To Fast For Conditions,No Apparent Influence,No Apparent Influence,41.0,Female,East,Stopped In Trafficway,No Improper Action,No Apparent Influence,No Apparent Influence,33.39286,-111.93955,2020-02-22,01:40:00
3635151,2020,Apache Blvd,Rural Rd,25.0,Intersection Related 206,0.0,0.0,No Injury,Rear End,Dark Lighted,Clear,Dry,16.0,Female,West,Going Straight Ahead,Speed To Fast For Conditions,No Apparent Influence,No Apparent Influence,21.0,Male,West,Stopped In Trafficway,No Improper Action,No Apparent Influence,No Apparent Influence,33.41476,-111.92621,2020-02-22,02:48:00
3669188,2020,McKellips Rd,Hayden Rd,-15.0,Intersection Related Non Interchange,0.0,0.0,No Injury,Angle - Other Than Left Turn 2,Daylight,Rain,Wet,64.0,Male,Southwest,Making Right Turn,Failed To Keep In Proper Lane,No Apparent Influence,No Apparent Influence,31.0,Female,West,Going Straight Ahead,No Improper Action,No Apparent Influence,No Apparent Influence,33.45126,-111.90935,2020-02-22,18:22:00
3635013,2020,Rural Rd,Broadway Rd,80.0,Intersection Related 206,0.0,0.0,No Injury,Rear End,Daylight,Rain,Wet,34.0,Male,South,Slowing In Trafficway,Speed To Fast For Conditions,No Apparent Influence,No Apparent Influence,34.0,Male,South,Slowing In Trafficway,No Improper Action,No Apparent Influence,No Apparent Influence,33.40772,-111.92628,2020-02-22,18:39:00
3656224,2020,Priest Dr,SR-202 Exit 5 J-Ramp,0.0,Intersection 4 Way 202,0.0,0.0,No Injury,Angle - Other Than Left Turn 2,Daylight,Rain,Wet,38.0,Female,South,Going Straight Ahead,Disregarded Traffic Signal,No Apparent Influence,No Apparent Influence,26.0,Female,North,Making Left Turn,No Improper Action,No Apparent Influence,No Apparent Influence,33.4385,-111.96084,2020-02-22,18:56:00
3634983,2020,University Dr,Farmer Ave,-170.0,Not Junction Related,0.0,0.0,No Injury,Sideswipe Same Direction,Daylight,Cloudy,Dry,30.0,Male,South,Entering Parking Position,Failed To Keep In Proper Lane,No Apparent Influence,No Apparent Influence,46.0,Female,South,Properly Parked,No Improper Action,No Apparent Influence,No Apparent Influence,33.4219,-111.94483,2020-02-22,21:05:00
3657447,2020,Rural Rd,Guadalupe Rd,30.0,Intersection Related 206,0.0,0.0,No Injury,Left Turn,Daylight,Rain,Wet,55.0,Male,Northeast,Making Left Turn,Speed To Fast For Conditions,No Apparent Influence,No Apparent Influence,24.0,Female,South,Stopped In Trafficway,No Improper Action,No Apparent Influence,No Apparent Influence,33.36383,-111.92861,2020-02-22,22:00:00
3658634,2020,McClintock Dr,8th St,0.0,Not Junction Related,0.0,0.0,No Injury,Unknown,Daylight,Clear,Dry,30.0,Male,North,Making Left Turn,Failed To Yield Right Of Way,No Apparent Influence,No Apparent Influence,70.0,Female,South,Going Straight Ahead,No Improper Action,No Apparent Influence,No Apparent Influence,33.41952,-111.9091,2020-02-22,23:55:00
3656211,2020,56th St,Baseline Rd,-100.0,Not Junction Related,0.0,0.0,No Injury,Angle - Other Than Left Turn 2,Dark Lighted,Clear,Dry,16.0,Female,West,Making Left Turn,Failed To Yield Right Of Way,No Apparent Influence,No Apparent Influence,67.0,Male,North,Going Straight Ahead,No Improper Action,No Apparent Influence,No Apparent Influence,33.37797,-111.96317,2020-02-23,01:11:00
3634997,2020,Rio Salado Pkwy,McClintock Dr,95.0,Not Junction Related,0.0,0.0,No Injury,Sideswipe Same Direction,Dark Lighted,Cloudy,Dry,22.0,Male,West,Changing Lanes,Unsafe Lane Change,No Apparent Influence,No Apparent Influence,58.0,Female,West,Going Straight Ahead,No Improper Action,No Apparent Influence,No Apparent Influence,33.42929,-111.90876,2020-02-23,04:10:00
3654204,2020,Elliot Rd,Harl Ave,100.0,Intersection Related 206,0.0,0.0,No Injury,Rear End,Daylight,Clear,Dry,47.0,Male,East,Going Straight Ahead,Speed To Fast For Conditions,No Apparent Influence,No Apparent Influence,29.0,Female,East,Slowing In Trafficway,No Improper Action,No Apparent Influence,No Apparent Influence,33.34908,-111.9656,2020-02-23,18:54:00
3654875,2020,University Dr,Veterans Way,30.0,Intersection Related 206,0.0,0.0,No Injury,Rear End,Daylight,Clear,Dry,49.0,Female,East,Going Straight Ahead,Speed To Fast For Conditions,No Apparent Influence,No Apparent Influence,41.0,Female,East,Stopped In Trafficway,No Improper Action,No Apparent Influence,No Apparent Influence,33.42202,-111.92884,2020-02-24,00:13:00
3635017,2020,Baseline Rd,Pointe Pkwy,24.0,Intersection Related 206,0.0,0.0,No Injury,Rear End,Daylight,Clear,Dry,44.0,Female,West,Going Straight Ahead,Followed Too Closely,No Apparent Influence,No Apparent Influence,17.0,Female,West,Slowing In Trafficway,No Improper Action,No Apparent Influence,No Apparent Influence,33.37822,-111.97192,2020-02-24,00:17:00
3658588,2020,University Dr,Dorsey Ln,0.0,Intersection 4 Way 202,0.0,0.0,No Injury,Left Turn,Dark Lighted,Clear,Dry,22.0,Female,Southwest,Making Left Turn,Failed To Yield Right Of Way,No Apparent Influence,No Apparent Influence,22.0,Male,East,Going Straight Ahead,No Improper Action,No Apparent Influence,No Apparent Influence,33.42202,-111.91769,2020-02-24,02:11:00
3635094,2020,Broadway Rd,Roosevelt St,0.0,Intersection 4 Way 202,0.0,0.0,No Injury,Left Turn,Dark Lighted,Clear,Dry,21.0,Male,Southwest,Making Left Turn,Failed To Yield Right Of Way,No Apparent Influence,No Apparent Influence,49.0,Male,East,Going Straight Ahead,No Improper Action,No Apparent Influence,No Apparent Influence,33.40738,-111.94785,2020-02-24,13:01:00
3635000,2020,Kyrene Rd,Baseline Rd,-200.0,Intersection Related 206,0.0,0.0,No Injury,Rear End,Daylight,Unknown,Dry,58.0,Male,North,Going Straight Ahead,Speed To Fast For Conditions,No Apparent Influence,No Apparent Influence,27.0,Female,North,Stopped In Trafficway,No Improper Action,No Apparent Influence,No Apparent Influence,33.37765,-111.94598,2020-02-24,13:37:00
3654219,2020,5th St,Mill Ave,0.0,Intersection 201,0.0,0.0,No Injury,Sideswipe Same Direction,Daylight,Clear,Dry,22.0,Male,East,Making Right Turn,No Improper Action,No Apparent Influence,No Apparent Influence,57.0,Male,East,Making Right Turn,No Improper Action,No Apparent Influence,No Apparent Influence,33.4255,-111.94002,2020-02-24,14:11:00
3635005,2020,Guadalupe Rd,Kyrene Rd,0.0,Intersection 201,0.0,0.0,No Injury,Left Turn,Daylight,Clear,Dry,35.0,Female,Southwest,Making Left Turn,Failed To Yield Right Of Way,No Apparent Influence,No Apparent Influence,44.0,Female,East,Going Straight Ahead,No Improper Action,No Apparent Influence,No Apparent Influence,33.36366,-111.94589,2020-02-24,14:53:00
3654245,2020,Rural Rd,Southern Ave,-15.0,Intersection Related 206,0.0,0.0,No Injury,Rear End,Daylight,Clear,Dry,23.0,Female,North,Making Right Turn,Followed Too Closely,No Apparent Influence,No Apparent Influence,50.0,Male,North,Stopped In Trafficway,No Improper Action,No Apparent Influence,No Apparent Influence,33.39292,-111.92633,2020-02-24,16:05:00
3635112,2020,Scottsdale Rd,Weber Dr,150.0,Intersection Related 206,0.0,0.0,No Injury,Rear End,Daylight,Clear,Dry,19.0,Male,North,Going Straight Ahead,Followed Too Closely,No Apparent Influence,No Apparent Influence,25.0,Female,North,Slowing In Trafficway,No Improper Action,No Apparent Influence,No Apparent Influence,33.4444,-111.92644,2020-02-24,18:09:00
3635115,2020,1st St,Wilson St,0.0,Intersection T Inter 203,1.0,0.0,Possible Injury,Angle - Other Than Left Turn 2,Daylight,Clear,Dry,26.0,Male,South,Other,Failed To Yield Right Of Way,No Apparent Influence,No Apparent Influence,30.0,Male,West,Going Straight Ahead,No Improper Action,No Apparent Influence,No Apparent Influence,33.42914,-111.94579,2020-02-24,19:29:00
3635113,2020,Warner Rd,Terrace Rd,-100.0,Intersection Related 206,0.0,0.0,No Injury,Rear End,Daylight,Clear,Dry,22.0,Female,West,Going Straight Ahead,Followed Too Closely,No Apparent Influence,No Apparent Influence,49.0,Female,West,Stopped In Trafficway,No Improper Action,No Apparent Influence,No Apparent Influence,33.33468,-111.92443,2020-02-24,20:50:00
3635077,2020,Rural Rd,Hermosa Dr,0.0,Intersection 4 Way 202,1.0,0.0,Possible Injury,Left Turn,Daylight,Clear,Dry,22.0,Female,North,Making Left Turn,Failed To Yield Right Of Way,No Apparent Influence,No Apparent Influence,23.0,Female,South,Going Straight Ahead,No Improper Action,No Apparent Influence,No Apparent Influence,33.38777,-111.92645,2020-02-24,23:38:00
3654231,2020,University Dr,Maple Ave,0.0,Intersection T Inter 203,0.0,0.0,No Injury,Angle - Other Than Left Turn 2,Daylight,Clear,Dry,27.0,Male,North,Making Left Turn,Failed To Yield Right Of Way,No Apparent Influence,No Apparent Influence,49.0,Female,East,Going Straight Ahead,No Improper Action,No Apparent Influence,No Apparent Influence,33.42193,-111.94125,2020-02-25,00:30:00
3657449,2020,Apache Blvd,McClintock Dr,-25.0,Intersection Related 206,0.0,0.0,No Injury,Rear End,Dark Lighted,Clear,Dry,19.0,Male,East,Going Straight Ahead,Speed To Fast For Conditions,No Apparent Influence,No Apparent Influence,23.0,Female,East,Stopped In Trafficway,No Improper Action,No Apparent Influence,No Apparent Influence,33.41476,-111.90921,2020-02-25,02:51:00
3656226,2020,University Dr,Rural Rd,-25.0,Intersection Related 206,0.0,0.0,No Injury,Rear End,Dark Lighted,Clear,Dry,18.0,Male,East,Slowing In Trafficway,Speed To Fast For Conditions,No Apparent Influence,No Apparent Influence,32.0,Male,East,Stopped In Trafficway,No Improper Action,No Apparent Influence,No Apparent Influence,33.42203,-111.92639,2020-02-25,02:56:00
3662384,2020,Rural Rd,Apache Blvd,-48.0,Intersection 201,0.0,0.0,No Injury,Sideswipe Same Direction,Dark Lighted,Clear,Dry,41.0,Male,South,Going Straight Ahead,Failed To Keep In Proper Lane,No Apparent Influence,No Apparent Influence,47.0,Male,South,Going Straight Ahead,No Improper Action,No Apparent Influence,No Apparent Influence,33.41463,-111.92629,2020-02-25,04:38:00
3669220,2020,Hayden Rd,McKellips Rd,0.0,Intersection Non Interchange,0.0,0.0,No Injury,Sideswipe Same Direction,Daylight,Clear,Dry,27.0,Female,Northwest,Making Right Turn,Made Improper Turn,No Apparent Influence,No Apparent Influence,33.0,Male,North,Going Straight Ahead,No Improper Action,No Apparent Influence,No Apparent Influence,33.45126,-111.9093,2020-02-25,14:26:00
3656277,2020,Jentilly Ln,Minton Dr,-38.0,Intersection Related 206,0.0,0.0,No Injury,Rear End,Daylight,Clear,Dry,39.0,Male,North,Going Straight Ahead,Speed To Fast For Conditions,No Apparent Influence,No Apparent Influence,38.0,Female,North,Stopped In Trafficway,No Improper Action,No Apparent Influence,No Apparent Influence,33.37929,-111.92662,2020-02-25,15:33:00
3635097,2020,Baseline Rd,I-10 Exit 155 J1-Ramp,0.0,Intersection 4 Way 202,0.0,0.0,No Injury,Left Turn,Daylight,Clear,Dry,42.0,Male,East,Going Straight Ahead,Disregarded Traffic Signal,No Apparent Influence,No Apparent Influence,41.0,Male,North,Making Left Turn,No Improper Action,No Apparent Influence,No Apparent Influence,33.3783,-111.96738,2020-02-25,15:48:00
3657584,2020,Broadway Rd,Rural Rd,150.0,Not Junction Related,0.0,0.0,No Injury,Rear End,Daylight,Clear,Dry,30.0,Male,West,Going Straight Ahead,Followed Too Closely,No Apparent Influence,No Apparent Influence,23.0,Male,West,Stopped In Trafficway,No Improper Action,No Apparent Influence,No Apparent Influence,33.40751,-111.92579,2020-02-25,16:00:00
3635101,2020,University Dr,McClintock Dr,-12.0,Intersection Related 206,0.0,0.0,No Injury,Left Turn,Daylight,Clear,Dry,87.0,Female,South,Making Right Turn,Failed To Yield Right Of Way,No Apparent Influence,No Apparent Influence,33.0,Male,North,Making Left Turn,No Improper Action,No Apparent Influence,No Apparent Influence,33.42198,-111.90913,2020-02-25,16:27:00
3634425,2020,Rural Rd,US-60 Exit 174 G-Ramp,-130.0,Intersection Related 206,0.0,0.0,No Injury,Rear End,Daylight,Clear,Dry,32.0,Female,North,Going Straight Ahead,Followed Too Closely,No Apparent Influence,No Apparent Influence,76.0,Male,North,Stopped In Trafficway,No Improper Action,No Apparent Influence,No Apparent Influence,33.38466,-111.92649,2020-02-25,19:14:00
3656205,2020,Southern Ave,Rural Rd,0.0,Intersection 4 Way 202,0.0,0.0,No Injury,Left Turn,Daylight,Clear,Dry,16.0,Female,West,Making Left Turn,Failed To Keep In Proper Lane,No Apparent Influence,No Apparent Influence,20.0,Female,East,Going Straight Ahead,No Improper Action,No Apparent Influence,No Apparent Influence,33.39296,-111.92633,2020-02-25,22:07:00
3635080,2020,Elliot Rd,Priest Dr,-30.0,Intersection Related 206,0.0,0.0,No Injury,Sideswipe Same Direction,Daylight,Clear,Dry,72.0,Male,East,Making Left Turn,Other,No Apparent Influence,No Apparent Influence,40.0,Male,East,Stopped In Trafficway,No Improper Action,No Apparent Influence,No Apparent Influence,33.3491,-111.96323,2020-02-25,22:46:00
3654236,2020,48th St,Broadway Rd,60.0,Intersection Related 206,0.0,0.0,No Injury,Rear End,Dark Lighted,Clear,Dry,22.0,Female,South,Going Straight Ahead,Speed To Fast For Conditions,No Apparent Influence,No Apparent Influence,24.0,Male,South,Stopped In Trafficway,No Improper Action,No Apparent Influence,No Apparent Influence,33.40749,-111.97827,2020-02-26,01:28:00
3654237,2020,Baseline Rd,I-10 Exit 155 C2-Ramp,0.09,Intersection Related 206,2.0,0.0,Possible Injury,Rear End,Dark Lighted,Clear,Dry,16.0,Male,East,Going Straight Ahead,Speed To Fast For Conditions,No Apparent Influence,No Apparent Influence,52.0,Male,East,Stopped In Trafficway,No Improper Action,No Apparent Influence,No Apparent Influence,33.37828,-111.96582,2020-02-26,02:37:00
3654234,2020,Elliot Rd,Harl Ave,-75.0,Intersection Related 206,0.0,0.0,No Injury,Rear End,Dawn,Clear,Dry,36.0,Male,East,Slowing In Trafficway,Speed To Fast For Conditions,No Apparent Influence,No Apparent Influence,34.0,Male,East,Stopped In Trafficway,No Improper Action,No Apparent Influence,No Apparent Influence,33.34908,-111.96617,2020-02-26,13:36:00
3655414,2020,Elliot Rd,McClintock Dr,0.1,Not Junction Related,0.0,0.0,No Injury,Angle - Other Than Left Turn 2,Daylight,Clear,Dry,47.0,Male,West,Unknown,Unknown,No Apparent Influence,No Apparent Influence,32.0,Female,West,Going Straight Ahead,No Improper Action,No Apparent Influence,No Apparent Influence,33.34914,-111.90946,2020-02-26,14:45:00
3635078,2020,Priest Dr,University Dr,114.0,Driveway Or Alley,0.0,0.0,No Injury,Left Turn,Daylight,Clear,Dry,18.0,Male,West,Making Left Turn,Failed To Yield Right Of Way,No Apparent Influence,No Apparent Influence,41.0,Male,North,Going Straight Ahead,No Improper Action,No Apparent Influence,No Apparent Influence,33.42225,-111.96095,2020-02-26,20:49:00
3656293,2020,Priest Dr,Grove Pkwy,0.0,Intersection Related 206,0.0,0.0,No Injury,Rear End,Daylight,Clear,Dry,46.0,Female,South,Going Straight Ahead,Speed To Fast For Conditions,No Apparent Influence,No Apparent Influence,48.0,Male,South,Stopped In Trafficway,No Improper Action,No Apparent Influence,No Apparent Influence,33.35148,-111.96246,2020-02-26,21:36:00
3656294,2020,Elliot Rd,River Pkwy,165.0,Intersection Related 206,0.0,0.0,No Injury,Rear End,Daylight,Clear,Dry,19.0,Male,East,Going Straight Ahead,Speed To Fast For Conditions,No Apparent Influence,No Apparent Influence,32.0,Female,East,Stopped In Trafficway,No Improper Action,No Apparent Influence,No Apparent Influence,33.34929,-111.89737,2020-02-26,22:39:00
3635099,2020,Warner Rd,Rural Rd,-30.0,Intersection Related 206,2.0,0.0,Suspected Minor Injury,Rear End,Daylight,Clear,Dry,25.0,Male,East,Going Straight Ahead,Followed Too Closely,No Apparent Influence,No Apparent Influence,22.0,Male,East,Stopped In Trafficway,No Improper Action,No Apparent Influence,No Apparent Influence,33.33465,-111.92851,2020-02-26,23:05:00
3656127,2020,McClintock Dr,Elliot Rd,200.0,Driveway Or Alley,0.0,0.0,No Injury,Angle - Other Than Left Turn 2,Daylight,Clear,Dry,79.0,Female,East,Making Right Turn,Failed To Yield Right Of Way,No Apparent Influence,No Apparent Influence,56.0,Male,South,Going Straight Ahead,No Improper Action,No Apparent Influence,No Apparent Influence,33.34968,-111.91121,2020-02-27,00:40:00
3663197,2020,Calle Los Cerros,Baseline Rd,25.0,Intersection Related 206,0.0,0.0,No Injury,Other,Dark Lighted,Clear,Dry,47.0,Male,North,Backing,Other,No Apparent Influence,No Apparent Influence,55.0,Male,South,Slowing In Trafficway,No Improper Action,No Apparent Influence,No Apparent Influence,33.37828,-111.97409,2020-02-27,12:53:00
3656778,2020,Elliot Rd,Priest Dr,-25.0,Intersection Related 206,0.0,0.0,No Injury,Rear End,Daylight,Clear,Dry,23.0,Male,East,Going Straight Ahead,Speed To Fast For Conditions,No Apparent Influence,No Apparent Influence,27.0,Male,East,Stopped In Trafficway,No Improper Action,No Apparent Influence,No Apparent Influence,33.3491,-111.96322,2020-02-27,14:13:00
3656128,2020,Priest Dr,SR-202 Exit 5 A-Ramp,0.0,Intersection 201,1.0,0.0,Possible Injury,Angle - Other Than Left Turn 2,Daylight,Clear,Dry,54.0,Female,North,Going Straight Ahead,Disregarded Traffic Signal,No Apparent Influence,No Apparent Influence,39.0,Male,East,Making Left Turn,No Improper Action,No Apparent Influence,No Apparent Influence,33.43715,-111.96094,2020-02-27,17:19:00
3656130,2020,Baseline Rd,Lakeshore Dr,0.0,Intersection 4 Way 202,1.0,0.0,Possible Injury,Angle - Other Than Left Turn 2,Daylight,Clear,Dry,33.0,Female,West,Going Straight Ahead,Disregarded Traffic Signal,No Apparent Influence,No Apparent Influence,72.0,Male,South,Going Straight Ahead,No Improper Action,No Apparent Influence,No Apparent Influence,33.37832,-111.9205,2020-02-27,18:55:00
3656780,2020,Kyrene Rd,Elliot Rd,183.0,Intersection Related 206,0.0,0.0,No Injury,Sideswipe Same Direction,Daylight,Clear,Dry,73.0,Female,South,Changing Lanes,Unsafe Lane Change,No Apparent Influence,No Apparent Influence,26.0,Female,South,Going Straight Ahead,No Improper Action,No Apparent Influence,No Apparent Influence,33.3497,-111.94574,2020-02-27,21:01:00
3666771,2020,Scottsdale Rd,McKellips Rd,-75.0,Intersection Related 206,0.0,0.0,No Injury,Rear End,Dark Lighted,Clear,Dry,24.0,Female,North,Going Straight Ahead,Followed Too Closely,No Apparent Influence,No Apparent Influence,36.0,Male,North,Stopped In Trafficway,No Improper Action,No Apparent Influence,No Apparent Influence,33.45103,-111.92647,2020-02-28,03:57:00
3656260,2020,Warner Rd,Kyrene Rd,15.0,Intersection Related 206,0.0,0.0,No Injury,Angle - Other Than Left Turn 2,Daylight,Clear,Dry,28.0,Female,North,Making Right Turn,Failed To Yield Right Of Way,No Apparent Influence,No Apparent Influence,77.0,Female,East,Going Straight Ahead,No Improper Action,No Apparent Influence,No Apparent Influence,33.3346,-111.94561,2020-02-28,15:57:00
3656059,2020,University Dr,Rockford Dr,0.0,Intersection T Inter 203,0.0,0.0,No Injury,Left Turn,Daylight,Clear,Dry,35.0,Female,East,Making Left Turn,Failed To Yield Right Of Way,No Apparent Influence,No Apparent Influence,31.0,Female,West,Going Straight Ahead,No Improper Action,No Apparent Influence,No Apparent Influence,33.4221,-111.89807,2020-02-28,21:16:00
3656242,2020,48th St,Broadway Rd,-50.0,Intersection Related 206,0.0,0.0,No Injury,Sideswipe Same Direction,Daylight,Clear,Dry,88.0,Male,South,Changing Lanes,Unsafe Lane Change,No Apparent Influence,No Apparent Influence,17.0,Male,South,Going Straight Ahead,No Improper Action,No Apparent Influence,No Apparent Influence,33.40719,-111.97829,2020-02-28,22:17:00
3654823,2020,Broadway Rd,River Dr,0.0,Intersection 4 Way 202,2.0,0.0,Suspected Minor Injury,Left Turn,Daylight,Clear,Dry,24.0,Male,East,Going Straight Ahead,Disregarded Traffic Signal,No Apparent Influence,No Apparent Influence,26.0,Male,West,Making Left Turn,No Improper Action,No Apparent Influence,No Apparent Influence,33.4075,-111.89775,2020-02-28,23:13:00
3654869,2020,Rural Rd,Hermosa Dr,0.0,Intersection 4 Way 202,0.0,0.0,No Injury,Left Turn,Daylight,Clear,Dry,60.0,Male,North,Making Left Turn,Failed To Yield Right Of Way,No Apparent Influence,No Apparent Influence,34.0,Female,South,Going Straight Ahead,No Improper Action,No Apparent Influence,No Apparent Influence,33.38777,-111.92645,2020-02-29,00:09:00
3654212,2020,Kyrene Rd,Baseline Rd,40.0,Intersection Related 206,0.0,0.0,No Injury,Rear End,Dusk,Cloudy,Dry,23.0,Male,South,Slowing In Trafficway,Speed To Fast For Conditions,No Apparent Influence,No Apparent Influence,21.0,Male,South,Stopped In Trafficway,No Improper Action,No Apparent Influence,No Apparent Influence,33.37833,-111.94389,2020-02-29,01:06:00
3658635,2020,University Dr,Rural Rd,-148.0,Intersection Related 206,1.0,0.0,Possible Injury,Rear End,Dark Lighted,Clear,Dry,23.0,Male,East,Going Straight Ahead,Speed To Fast For Conditions,Alcohol,No Apparent Influence,59.0,Male,East,Stopped In Trafficway,No Improper Action,No Apparent Influence,No Apparent Influence,33.42203,-111.9268,2020-02-29,10:42:00