Incident_ID,Year,Street_Name,Cross_Street,Distance,Junction_Relation,Total_Injuries,Total_Fatalities,Injury_Severity,Collision_Manner,Light_Condition,Weather,Surface_Condition,Age_1,Gender_1,Travel_One,UnitAction_One,Violation1_Drv1,AlcoholUse_ 1,DrugUse_1,Age_2,Gender_2,TravelDirection_2,UnitAction_2,Violation_2,AlcoholUse_2,DrugUse_2,Latitude,Longitude,Date,Time
3656213,2020,McClintock Dr,Bell De Mar Dr,60.0,Intersection Related 206,0.0,0.0,No Injury,Angle - Other Than Left Turn 2,Daylight,Clear,Dry,63.0,Male,North,Going Straight Ahead,Speed To Fast For Conditions,No Apparent Influence,No Apparent Influence,25.0,Female,North,Going Straight Ahead,Other,No Apparent Influence,No Apparent Influence,33.35987,-111.91123,2020-02-29,16:00:00
3654221,2020,Elliot Rd,I-10 Exit 157 G-Ramp,0.0,Intersection 4 Way 202,0.0,0.0,No Injury,Angle - Other Than Left Turn 2,Daylight,Clear,Dry,72.0,Female,South,Going Straight Ahead,Other,No Apparent Influence,No Apparent Influence,42.0,Male,South,Making Left Turn,No Improper Action,No Apparent Influence,No Apparent Influence,33.34907,-111.97283,2020-02-29,16:50:00
3656223,2020,Rural Rd,Encanto Dr,20.0,Not Junction Related,0.0,0.0,No Injury,Rear End,Daylight,Clear,Dry,33.0,Female,South,Going Straight Ahead,Speed To Fast For Conditions,No Apparent Influence,No Apparent Influence,24.0,Female,South,Slowing In Trafficway,No Improper Action,No Apparent Influence,No Apparent Influence,33.40982,-111.92628,2020-02-29,16:58:00
3658583,2020,Southern Ave,Mill Ave,-50.0,Intersection Related 206,0.0,0.0,No Injury,Left Turn,Daylight,Clear,Dry,32.0,Female,North,Making Left Turn,Failed To Yield Right Of Way,No Apparent Influence,No Apparent Influence,50.0,Female,South,Going Straight Ahead,No Improper Action,No Apparent Influence,No Apparent Influence,33.39286,-111.93977,2020-02-29,19:22:00
3654225,2020,Price Rd,Broadway Rd,50.0,Intersection Related 206,0.0,0.0,No Injury,Sideswipe Same Direction,Daylight,Clear,Dry,69.0,Female,South,Changing Lanes,Unsafe Lane Change,No Apparent Influence,No Apparent Influence,34.0,Female,South,Going Straight Ahead,No Improper Action,No Apparent Influence,No Apparent Influence,33.40763,-111.892,2020-02-29,21:42:00
3654224,2020,Scottsdale Rd,SR-202 Exit 7 T-Ramp,-35.0,Intersection Related 206,0.0,0.0,No Injury,Sideswipe Same Direction,Daylight,Clear,Dry,46.0,Male,Southeast,Making Right Turn,Failed To Yield Right Of Way,No Apparent Influence,No Apparent Influence,63.0,Male,Southwest,Making Left Turn,No Improper Action,No Apparent Influence,No Apparent Influence,33.43535,-111.92626,2020-02-29,22:19:00
3656222,2020,1st St,McKemy St,200.0,Not Junction Related,0.0,0.0,No Injury,Angle - Other Than Left Turn 2,Daylight,Cloudy,Dry,23.0,Male,South,Other,Failed To Yield Right Of Way,No Apparent Influence,No Apparent Influence,29.0,Male,West,Going Straight Ahead,No Improper Action,No Apparent Influence,No Apparent Influence,33.42913,-111.94941,2020-02-29,22:31:00
3657443,2020,University Dr,Price Rd,0.0,Intersection Related 206,0.0,0.0,No Injury,Left Turn,Dark Lighted,Clear,Dry,25.0,Male,East,Making Left Turn,Made Improper Turn,No Apparent Influence,No Apparent Influence,36.0,Male,East,Going Straight Ahead,No Improper Action,No Apparent Influence,No Apparent Influence,33.42201,-111.89195,2020-03-01,05:49:00
3658586,2020,Elliot Rd,I-10 Exit 157 A-Ramp,0.0,Intersection T Inter 203,1.0,0.0,Suspected Minor Injury,Angle - Other Than Left Turn 2,Dark Lighted,Clear,Dry,29.0,Female,South,Going Straight Ahead,Disregarded Traffic Signal,Alcohol,No Apparent Influence,34.0,Male,East,Going Straight Ahead,No Improper Action,No Apparent Influence,No Apparent Influence,33.34907,-111.97283,2020-03-01,09:31:00
3654222,2020,Broadway Rd,Elm St,0.0,Intersection 201,1.0,0.0,Possible Injury,Angle - Other Than Left Turn 2,Daylight,Clear,Dry,25.0,Male,North,Making Left Turn,Made Improper Turn,No Apparent Influence,No Apparent Influence,45.0,Male,East,Going Straight Ahead,No Improper Action,No Apparent Influence,No Apparent Influence,33.40751,-111.91325,2020-03-01,18:32:00
3654203,2020,Rural Rd,Alameda Dr,-25.0,Intersection 4 Way 202,0.0,0.0,No Injury,Angle - Other Than Left Turn 2,Daylight,Clear,Dry,25.0,Male,South,Going Straight Ahead,Disregarded Traffic Signal,No Apparent Influence,No Apparent Influence,30.0,Male,East,Slowing In Trafficway,No Improper Action,No Apparent Influence,No Apparent Influence,33.40016,-111.92631,2020-03-01,18:54:00
3657582,2020,River Pkwy,Elliot Rd,0.0,Intersection T Inter 203,2.0,0.0,Suspected Minor Injury,Left Turn,Daylight,Clear,Dry,17.0,Male,West,Going Straight Ahead,Disregarded Traffic Signal,No Apparent Influence,No Apparent Influence,58.0,Male,South,Making Left Turn,No Improper Action,No Apparent Influence,No Apparent Influence,33.34928,-111.89791,2020-03-02,17:43:00
3654205,2020,Southern Ave,College Ave,0.0,Not Junction Related,0.0,0.0,No Injury,Angle - Other Than Left Turn 2,Daylight,Clear,Dry,37.0,Male,East,Going Straight Ahead,Speed To Fast For Conditions,No Apparent Influence,No Apparent Influence,80.0,Female,East,Going Straight Ahead,No Improper Action,No Apparent Influence,No Apparent Influence,33.39291,-111.93492,2020-03-02,22:44:00
3658587,2020,Veterans Way,University Dr,45.0,Intersection Related 206,0.0,0.0,No Injury,Sideswipe Same Direction,Daylight,Clear,Dry,30.0,Male,South,Changing Lanes,Unsafe Lane Change,No Apparent Influence,No Apparent Influence,18.0,Male,South,Going Straight Ahead,No Improper Action,No Apparent Influence,No Apparent Influence,33.42214,-111.92895,2020-03-03,01:08:00
3657575,2020,Baseline Rd,SR-101 Cardinal Frontage,-23.0,Entrance Exit Ramp 205,1.0,0.0,Suspected Minor Injury,Rear End,Daylight,Clear,Dry,39.0,Male,East,Making Right Turn,Followed Too Closely,No Apparent Influence,No Apparent Influence,20.0,Male,East,Stopped In Trafficway,No Improper Action,No Apparent Influence,No Apparent Influence,33.37846,-111.89369,2020-03-03,15:47:00
3663616,2020,Mill Ave,10th St,-165.0,Intersection Related 206,0.0,0.0,No Injury,Left Turn,Daylight,Clear,Dry,28.0,Male,North,Going Straight Ahead,Speed To Fast For Conditions,No Apparent Influence,No Apparent Influence,49.0,Male,North,Stopped In Trafficway,No Improper Action,No Apparent Influence,No Apparent Influence,33.41861,-111.93996,2020-03-03,15:51:00
3657573,2020,Priest Dr,Broadway Rd,201.0,Driveway Or Alley,0.0,0.0,No Injury,Sideswipe Opposite Direction,Daylight,Unknown,Dry,27.0,Male,East,Making Left Turn,Drove Left Of Center Line,No Apparent Influence,No Apparent Influence,45.0,Male,South,Changing Lanes,No Improper Action,No Apparent Influence,No Apparent Influence,33.40797,-111.96079,2020-03-03,18:18:00
3654868,2020,University Dr,Priest Dr,-202.0,Driveway Or Alley,0.0,0.0,No Injury,Left Turn,Daylight,Clear,Dry,53.0,Female,South,Making Left Turn,Failed To Yield Right Of Way,No Apparent Influence,No Apparent Influence,60.0,Male,East,Going Straight Ahead,No Improper Action,No Apparent Influence,No Apparent Influence,33.42194,-111.96159,2020-03-03,18:24:00
3656227,2020,Rio Salado Pkwy,Price Rd,0.0,Intersection 201,0.0,0.0,No Injury,Angle - Other Than Left Turn 2,Daylight,Clear,Dry,61.0,Male,South,Making Right Turn,Failed To Yield Right Of Way,No Apparent Influence,No Apparent Influence,58.0,Male,West,Going Straight Ahead,No Improper Action,No Apparent Influence,No Apparent Influence,33.42938,-111.89183,2020-03-03,20:50:00
3654824,2020,Baseline Rd,La Rosa Dr,-94.0,Intersection Related 206,0.0,0.0,No Injury,Sideswipe Same Direction,Daylight,Clear,Dry,50.0,Female,East,Changing Lanes,Unsafe Lane Change,No Apparent Influence,No Apparent Influence,42.0,Male,East,Going Straight Ahead,No Improper Action,No Apparent Influence,No Apparent Influence,33.37824,-111.93152,2020-03-04,00:29:00
3656774,2020,Broadway Rd,Price Rd,10.0,Intersection Related 206,0.0,0.0,No Injury,Head On,Dark Lighted,Clear,Dry,28.0,Female,East,Going Straight Ahead,Disregarded Traffic Signal,No Apparent Influence,No Apparent Influence,68.0,Female,West,Making Left Turn,No Improper Action,No Apparent Influence,No Apparent Influence,33.4075,-111.89197,2020-03-04,02:58:00
3656049,2020,University Dr,Rural Rd,0.0,Intersection 4 Way 202,2.0,0.0,Suspected Serious Injury,Left Turn,Dark Lighted,Clear,Dry,33.0,Male,East,Making Left Turn,Failed To Yield Right Of Way,No Apparent Influence,No Apparent Influence,27.0,Male,West,Going Straight Ahead,Unknown,No Apparent Influence,No Apparent Influence,33.42203,-111.92631,2020-03-04,04:50:00
3656228,2020,Price Rd,Elliot Rd,-30.0,Intersection Related 206,0.0,0.0,No Injury,Angle - Other Than Left Turn 2,Daylight,Clear,Dry,18.0,Female,East,Making Right Turn,Unknown,No Apparent Influence,No Apparent Influence,62.0,Female,South,Going Straight Ahead,Unknown,No Apparent Influence,No Apparent Influence,33.34926,-111.89436,2020-03-04,19:52:00
3656232,2020,Price Rd,Guadalupe Rd,150.0,Intersection Related 206,0.0,0.0,No Injury,Other,Dark Lighted,Clear,Dry,27.0,Male,South,Backing,Other,No Apparent Influence,No Apparent Influence,38.0,Male,South,Stopped In Trafficway,No Improper Action,No Apparent Influence,No Apparent Influence,33.3643,-111.89464,2020-03-05,12:05:00
3656237,2020,Broadway Rd,Price Rd,-40.0,Intersection 4 Way 202,0.0,0.0,No Injury,Sideswipe Same Direction,Daylight,Clear,Dry,65.0,Male,South,Making Right Turn,Unsafe Lane Change,No Apparent Influence,No Apparent Influence,48.0,Male,South,Making Right Turn,No Improper Action,No Apparent Influence,No Apparent Influence,33.4075,-111.89214,2020-03-05,13:01:00
3656121,2020,Elliot Rd,I-10 Exit 157 C-Ramp,-90.0,Intersection Related 206,0.0,0.0,No Injury,Rear End,Daylight,Clear,Dry,31.0,Female,East,Going Straight Ahead,Speed To Fast For Conditions,No Apparent Influence,No Apparent Influence,23.0,Male,East,Stopped In Trafficway,No Improper Action,No Apparent Influence,No Apparent Influence,33.34909,-111.97123,2020-03-05,16:03:00
3656221,2020,Broadway Rd,Mill Ave,0.0,Not Junction Related,0.0,0.0,No Injury,Sideswipe Same Direction,Daylight,Clear,Dry,40.0,Male,East,Going Straight Ahead,Unknown,No Apparent Influence,No Apparent Influence,56.0,Male,East,Going Straight Ahead,Unknown,No Apparent Influence,No Apparent Influence,33.4074,-111.93983,2020-03-05,16:55:00
3656134,2020,Baseline Rd,Darrow Dr,0.0,Intersection T Inter 203,0.0,0.0,No Injury,Left Turn,Daylight,Clear,Dry,21.0,Female,West,Making Left Turn,Unknown,No Apparent Influence,No Apparent Influence,46.0,Female,East,Going Straight Ahead,Unknown,No Apparent Influence,No Apparent Influence,33.37824,-111.96113,2020-03-05,17:06:00
3656750,2020,Priest Dr,Center Pkwy,0.0,Intersection 4 Way 202,0.0,0.0,No Injury,Left Turn,Daylight,Clear,Dry,50.0,Female,South,Going Straight Ahead,Disregarded Traffic Signal,No Apparent Influence,No Apparent Influence,20.0,Female,North,Making Left Turn,No Improper Action,No Apparent Influence,No Apparent Influence,33.44452,-111.95492,2020-03-05,19:06:00
3656781,2020,Rural Rd,US-60 Exit 174 G-Ramp,-100.0,Intersection Related 206,0.0,0.0,No Injury,Rear End,Daylight,Clear,Dry,20.0,Female,North,Going Straight Ahead,Speed To Fast For Conditions,No Apparent Influence,No Apparent Influence,54.0,Female,North,Stopped In Trafficway,No Improper Action,No Apparent Influence,No Apparent Influence,33.38475,-111.92649,2020-03-05,19:45:00
3659647,2020,Kyrene Rd,Vaughn St,0.0,Intersection 4 Way 202,0.0,0.0,No Injury,Left Turn,Daylight,Clear,Dry,24.0,Male,South,Making Left Turn,Failed To Yield Right Of Way,No Apparent Influence,No Apparent Influence,53.0,Male,North,Going Straight Ahead,No Improper Action,No Apparent Influence,No Apparent Influence,33.36147,-111.94588,2020-03-05,21:42:00
3655411,2020,Rural Rd,Cornell Dr,0.0,Intersection 4 Way 202,0.0,0.0,No Injury,Angle - Other Than Left Turn 2,Daylight,Clear,Dry,36.0,Male,West,Stopped In Trafficway,Failed To Yield Right Of Way,No Apparent Influence,No Apparent Influence,60.0,Male,South,Going Straight Ahead,No Improper Action,No Apparent Influence,No Apparent Influence,33.37211,-111.92865,2020-03-05,21:45:00
3654862,2020,Priest Dr,Baseline Rd,35.0,Intersection Related 206,0.0,0.0,No Injury,Rear End,Daylight,Clear,Dry,36.0,Female,South,Going Straight Ahead,Followed Too Closely,No Apparent Influence,No Apparent Influence,35.0,Male,South,Stopped In Trafficway,No Improper Action,No Apparent Influence,No Apparent Influence,33.37834,-111.96318,2020-03-05,23:00:00
3656252,2020,48th St,Broadway Rd,40.0,Intersection Related 206,0.0,0.0,No Injury,Rear End,Daylight,Clear,Dry,41.0,Male,South,Going Straight Ahead,Followed Too Closely,No Apparent Influence,No Apparent Influence,20.0,Female,South,Stopped In Trafficway,No Improper Action,No Apparent Influence,No Apparent Influence,33.40744,-111.97828,2020-03-05,23:39:00
3654866,2020,McClintock Dr,8th St,0.0,Intersection T Inter 203,0.0,0.0,No Injury,Left Turn,Daylight,Clear,Dry,40.0,Female,West,Making Left Turn,Failed To Yield Right Of Way,No Apparent Influence,No Apparent Influence,26.0,Male,South,Going Straight Ahead,No Improper Action,No Apparent Influence,No Apparent Influence,33.41952,-111.9091,2020-03-06,00:59:00
3658636,2020,McClintock Dr,Rio Salado Pkwy,150.0,Not Junction Related,0.0,0.0,No Injury,Rear End,Dusk,Clear,Dry,28.0,Male,North,Going Straight Ahead,Speed To Fast For Conditions,No Apparent Influence,No Apparent Influence,54.0,Male,North,Stopped In Trafficway,No Improper Action,No Apparent Influence,No Apparent Influence,33.42967,-111.90909,2020-03-06,01:21:00
3654881,2020,Mill Ave,Baseline Rd,0.0,Intersection 4 Way 202,0.0,0.0,No Injury,Left Turn,Dark Lighted,Clear,Dry,32.0,Female,South,Going Straight Ahead,Disregarded Traffic Signal,No Apparent Influence,No Apparent Influence,30.0,Male,West,Making Left Turn,No Improper Action,No Apparent Influence,No Apparent Influence,33.37821,-111.93937,2020-03-06,02:29:00
3656757,2020,48th St,Alameda Dr,0.0,Intersection 4 Way 202,0.0,0.0,No Injury,Left Turn,Daylight,Clear,Dry,29.0,Female,North,Making Left Turn,Failed To Yield Right Of Way,No Apparent Influence,No Apparent Influence,50.0,Female,South,Going Straight Ahead,No Improper Action,No Apparent Influence,No Apparent Influence,33.40005,-111.97831,2020-03-06,12:15:00
3656135,2020,48th St,Alameda Dr,0.0,Intersection 4 Way 202,2.0,0.0,Suspected Minor Injury,Left Turn,Daylight,Clear,Dry,23.0,Female,South,Making Left Turn,Failed To Yield Right Of Way,No Apparent Influence,No Apparent Influence,29.0,Male,North,Going Straight Ahead,No Improper Action,No Apparent Influence,No Apparent Influence,33.40005,-111.97831,2020-03-06,18:40:00
3656746,2020,McClintock Dr,Apache Blvd,-207.0,Intersection Related Non Interchange,0.0,0.0,No Injury,Rear End,Daylight,Clear,Dry,44.0,Male,South,Going Straight Ahead,Speed To Fast For Conditions,No Apparent Influence,No Apparent Influence,58.0,Male,South,Stopped In Trafficway,No Improper Action,No Apparent Influence,No Apparent Influence,33.41419,-111.90913,2020-03-06,18:55:00
3656238,2020,Southern Ave,Price Rd,40.0,Intersection Related 206,1.0,0.0,Possible Injury,Angle - Other Than Left Turn 2,Daylight,Clear,Dry,16.0,Male,North,Unknown,Speed To Fast For Conditions,No Apparent Influence,No Apparent Influence,84.0,Female,East,Going Straight Ahead,No Improper Action,No Apparent Influence,No Apparent Influence,33.39295,-111.89032,2020-03-06,19:55:00
3656180,2020,Broadway Rd,Roosevelt St,150.0,Intersection Related 206,0.0,0.0,No Injury,Rear End,Daylight,Clear,Dry,33.0,Male,West,Going Straight Ahead,Speed To Fast For Conditions,No Apparent Influence,No Apparent Influence,65.0,Male,West,Stopped In Trafficway,No Improper Action,No Apparent Influence,No Apparent Influence,33.40738,-111.94736,2020-03-06,20:47:00
3657653,2020,Los Feliz Dr,Wesleyan Dr,0.0,Driveway Or Alley,0.0,0.0,No Injury,Angle - Other Than Left Turn 2,Daylight,Clear,Dry,16.0,Female,South,Making Right Turn,Speed To Fast For Conditions,No Apparent Influence,No Apparent Influence,18.0,Male,South,Stopped In Trafficway,No Improper Action,No Apparent Influence,No Apparent Influence,33.39736,-111.90415,2020-03-06,21:24:00
3659421,2020,Priest Dr,SR-202 Cardinal Frontage,-200.0,Entrance Exit Ramp 205,0.0,0.0,No Injury,Rear End,Daylight,Clear,Dry,22.0,Female,North,Going Straight Ahead,Followed Too Closely,No Apparent Influence,No Apparent Influence,32.0,Male,North,Going Straight Ahead,No Improper Action,No Apparent Influence,No Apparent Influence,33.4366,-111.96097,2020-03-06,21:25:00
3656763,2020,Price Rd,Broadway Rd,0.0,Intersection Other 204,0.0,0.0,No Injury,Sideswipe Same Direction,Daylight,Clear,Dry,39.0,Female,South,Going Straight Ahead,Other,No Apparent Influence,No Apparent Influence,19.0,Female,South,Making Right Turn,No Improper Action,No Apparent Influence,No Apparent Influence,33.4075,-111.892,2020-03-06,21:36:00
3656764,2020,Rural Rd,Westchester Dr,0.0,Intersection 4 Way 202,0.0,0.0,No Injury,Left Turn,Daylight,Clear,Dry,17.0,Male,South,Making Left Turn,Failed To Yield Right Of Way,No Apparent Influence,No Apparent Influence,54.0,Female,North,Going Straight Ahead,No Improper Action,No Apparent Influence,No Apparent Influence,33.36739,-111.92863,2020-03-06,22:26:00
3656782,2020,Elliot Rd,Price Rd,45.0,Intersection Related 206,1.0,0.0,Possible Injury,Rear End,Daylight,Clear,Dry,20.0,Male,West,Slowing In Trafficway,Speed To Fast For Conditions,No Apparent Influence,No Apparent Influence,47.0,Female,West,Slowing In Trafficway,Unknown,No Apparent Influence,No Apparent Influence,33.34935,-111.89422,2020-03-06,23:14:00
3654879,2020,Priest Dr,Elliot Rd,-30.0,Intersection Related 206,0.0,0.0,No Injury,Sideswipe Same Direction,Daylight,Clear,Unknown,24.0,Male,North,Changing Lanes,Failed To Keep In Proper Lane,No Apparent Influence,No Apparent Influence,62.0,Female,North,Stopped In Trafficway,No Improper Action,No Apparent Influence,No Apparent Influence,33.34902,-111.96313,2020-03-07,00:50:00
3654865,2020,Price Rd,Broadway Rd,0.0,Intersection 4 Way 202,1.0,0.0,Possible Injury,Left Turn,Dark Lighted,Clear,Dry,56.0,Male,North,Going Straight Ahead,Failed To Keep In Proper Lane,No Apparent Influence,No Apparent Influence,25.0,Female,North,Making Left Turn,No Improper Action,No Apparent Influence,No Apparent Influence,33.40748,-111.89033,2020-03-07,02:39:00
3654873,2020,University Dr,Rural Rd,-30.0,Intersection Related 206,0.0,0.0,No Injury,Other,Daylight,Clear,Dry,62.0,Male,West,Backing,Other,No Apparent Influence,No Apparent Influence,21.0,Female,East,Stopped In Trafficway,No Improper Action,No Apparent Influence,No Apparent Influence,33.42203,-111.92641,2020-03-07,16:01:00
3656181,2020,Rural Rd,University Dr,50.0,Intersection Related 206,0.0,0.0,No Injury,Angle - Other Than Left Turn 2,Daylight,Clear,Dry,27.0,Female,North,Going Straight Ahead,Unknown,No Apparent Influence,No Apparent Influence,22.0,Male,North,Going Straight Ahead,Unknown,No Apparent Influence,No Apparent Influence,33.42217,-111.92631,2020-03-07,23:28:00
3654880,2020,Mill Ave,Southern Ave,-50.0,Intersection Related 206,0.0,0.0,No Injury,Sideswipe Opposite Direction,Daylight,Clear,Dry,61.0,Male,North,Changing Lanes,Unsafe Lane Change,No Apparent Influence,No Apparent Influence,26.0,Male,North,Going Straight Ahead,No Improper Action,No Apparent Influence,No Apparent Influence,33.39273,-111.9396,2020-03-07,23:38:00
3654874,2020,Scottsdale Rd,SR-202 Exit 7 P-Ramp,0.0,Intersection 4 Way 202,0.0,0.0,No Injury,Angle - Other Than Left Turn 2,Dark Lighted,Clear,Dry,18.0,Male,South,Changing Lanes,Unsafe Lane Change,No Apparent Influence,No Apparent Influence,19.0,Male,South,Going Straight Ahead,No Improper Action,No Apparent Influence,No Apparent Influence,33.43544,-111.92626,2020-03-08,03:19:00
3656125,2020,McClintock Dr,Dava Dr,0.11,Not Junction Related,0.0,0.0,No Injury,Rear End,Daylight,Clear,Dry,49.0,Female,North,Going Straight Ahead,Speed To Fast For Conditions,No Apparent Influence,No Apparent Influence,70.0,Male,North,Stopped In Trafficway,No Improper Action,No Apparent Influence,No Apparent Influence,33.35593,-111.91122,2020-03-08,15:30:00
3656182,2020,Warner Rd,Terrace Rd,100.0,Not Junction Related,1.0,0.0,Suspected Minor Injury,Rear End,Daylight,Clear,Dry,39.0,Male,East,Going Straight Ahead,Followed Too Closely,No Apparent Influence,No Apparent Influence,74.0,Male,East,Making U Turn,Other,No Apparent Influence,No Apparent Influence,33.33468,-111.92308,2020-03-08,16:28:00
3663620,2020,Guadalupe Rd,Kyrene Rd,100.0,Intersection Related 206,0.0,0.0,No Injury,Rear End,Daylight,Clear,Dry,25.0,Male,West,Changing Lanes,Speed To Fast For Conditions,No Apparent Influence,No Apparent Influence,55.0,Female,West,Stopped In Trafficway,No Improper Action,No Apparent Influence,No Apparent Influence,33.36366,-111.94557,2020-03-08,22:46:00
3657657,2020,Baseline Rd,Bala Dr,-75.0,Not Junction Related,2.0,0.0,Possible Injury,Left Turn,Daylight,Clear,Dry,64.0,Male,North,Making Left Turn,Failed To Yield Right Of Way,No Apparent Influence,No Apparent Influence,34.0,Female,East,Going Straight Ahead,No Improper Action,No Apparent Influence,No Apparent Influence,33.37845,-111.89543,2020-03-09,18:26:00
3657656,2020,Kyrene Rd,Baseline Rd,-80.0,Not Junction Related,0.0,0.0,No Injury,Sideswipe Same Direction,Daylight,Cloudy,Dry,59.0,Female,South,Making Left Turn,Failed To Keep In Proper Lane,No Apparent Influence,No Apparent Influence,44.0,Male,South,Making Left Turn,Unknown,No Apparent Influence,No Apparent Influence,33.37798,-111.94598,2020-03-09,20:51:00
3657440,2020,Rio Salado Pkwy,Price Rd,0.0,Intersection 4 Way 202,0.0,0.0,No Injury,Left Turn,Daylight,Clear,Dry,39.0,Female,South,Making Left Turn,Made Improper Turn,No Apparent Influence,No Apparent Influence,33.0,Male,East,Going Straight Ahead,No Improper Action,No Apparent Influence,No Apparent Influence,33.42938,-111.89183,2020-03-09,22:07:00
3657442,2020,McClintock Dr,Apache Blvd,-0.11,Driveway Or Alley,0.0,0.0,No Injury,Angle - Other Than Left Turn 2,Daylight,Clear,Dry,58.0,Female,West,Making Left Turn,Failed To Yield Right Of Way,No Apparent Influence,No Apparent Influence,37.0,Female,South,Going Straight Ahead,No Improper Action,No Apparent Influence,No Apparent Influence,33.41316,-111.90912,2020-03-09,22:13:00
3656214,2020,Broadway Rd,Terrace Rd,-50.0,Intersection 4 Way 202,0.0,0.0,No Injury,Sideswipe Same Direction,Daylight,Clear,Dry,19.0,Female,East,Changing Lanes,Unsafe Lane Change,No Apparent Influence,No Apparent Influence,56.0,Male,East,Going Straight Ahead,No Improper Action,No Apparent Influence,No Apparent Influence,33.4075,-111.92278,2020-03-09,22:22:00
3655413,2020,Elliot Rd,Willow Dr,0.0,Intersection 4 Way 202,0.0,0.0,No Injury,Angle - Other Than Left Turn 2,Daylight,Clear,Dry,31.0,Female,South,Making Left Turn,Failed To Yield Right Of Way,No Apparent Influence,No Apparent Influence,61.0,Male,West,Going Straight Ahead,No Improper Action,No Apparent Influence,No Apparent Influence,33.34913,-111.91485,2020-03-09,23:15:00
3656215,2020,Priest Dr,Todd Dr,30.0,Intersection T Inter 203,0.0,0.0,No Injury,Left Turn,Daylight,Clear,Dry,29.0,Male,East,Making Left Turn,Failed To Yield Right Of Way,No Apparent Influence,No Apparent Influence,23.0,Female,South,Going Straight Ahead,No Improper Action,No Apparent Influence,No Apparent Influence,33.35283,-111.96316,2020-03-09,23:41:00
3656185,2020,Scottsdale Rd,Rio Salado Pkwy,0.0,Intersection 4 Way 202,0.0,0.0,No Injury,Left Turn,Dark Lighted,Clear,Dry,16.0,Female,South,Making Left Turn,Failed To Yield Right Of Way,No Apparent Influence,No Apparent Influence,65.0,Male,North,Going Straight Ahead,No Improper Action,No Apparent Influence,No Apparent Influence,33.42885,-111.92629,2020-03-10,03:40:00
3656236,2020,Price Rd,Guadalupe Rd,15.0,Intersection Related 206,0.0,0.0,No Injury,Angle - Other Than Left Turn 2,Daylight,Clear,Dry,32.0,Male,South,Making Right Turn,Followed Too Closely,No Apparent Influence,No Apparent Influence,59.0,Male,South,Making Right Turn,No Improper Action,No Apparent Influence,No Apparent Influence,33.36393,-111.89466,2020-03-10,14:59:00
3654870,2020,Elliot Rd,Price Rd,121.0,Intersection Related 206,0.0,0.0,No Injury,Sideswipe Same Direction,Daylight,Cloudy,Dry,40.0,Male,East,Avoiding Vehicle Object Pedestrian,Unsafe Lane Change,No Apparent Influence,No Apparent Influence,38.0,Female,East,Going Straight Ahead,No Improper Action,No Apparent Influence,No Apparent Influence,33.34935,-111.89397,2020-03-10,19:08:00
3654859,2020,Scottsdale Rd,Playa Del Norte Dr,-30.0,Intersection Related 206,0.0,0.0,No Injury,Sideswipe Same Direction,Daylight,Cloudy,Dry,39.0,Male,North,Changing Lanes,Unsafe Lane Change,No Apparent Influence,No Apparent Influence,23.0,Male,North,Slowing In Trafficway,No Improper Action,No Apparent Influence,No Apparent Influence,33.43395,-111.92626,2020-03-10,20:08:00
3654871,2020,McClintock Dr,University Dr,55.0,Intersection Related 206,1.0,0.0,Suspected Minor Injury,Rear End,Daylight,Cloudy,Dry,24.0,Female,South,Going Straight Ahead,Followed Too Closely,No Apparent Influence,No Apparent Influence,77.0,Female,South,Stopped In Trafficway,No Improper Action,No Apparent Influence,No Apparent Influence,33.42213,-111.9091,2020-03-10,21:20:00
3657576,2020,Rural Rd,Geneva Dr,83.0,Not Junction Related,1.0,0.0,Possible Injury,Rear End,Daylight,Unknown,Dry,16.0,Male,South,Going Straight Ahead,Followed Too Closely,No Apparent Influence,No Apparent Influence,28.0,Male,South,Stopped In Trafficway,No Improper Action,No Apparent Influence,No Apparent Influence,33.39521,-111.92633,2020-03-10,23:34:00
3657612,2020,Broadway Rd,I-10 Exit 153 G-Ramp,30.0,Intersection Related 206,0.0,0.0,No Injury,Rear End,Daylight,Cloudy,Dry,49.0,Female,West,Going Straight Ahead,Speed To Fast For Conditions,No Apparent Influence,No Apparent Influence,27.0,Male,West,Stopped In Trafficway,No Improper Action,No Apparent Influence,No Apparent Influence,33.40848,-111.97351,2020-03-11,00:40:00
3656233,2020,Farmer Ave,6th St,108.0,Not Junction Related,0.0,0.0,No Injury,Sideswipe Opposite Direction,Daylight,Cloudy,Dry,50.0,Male,North,Going Straight Ahead,Unknown,No Apparent Influence,No Apparent Influence,36.0,Male,South,Going Straight Ahead,Unknown,No Apparent Influence,No Apparent Influence,33.42462,-111.94429,2020-03-11,00:50:00
3656755,2020,Rio Salado Pkwy,Price Rd,0.0,Intersection 4 Way 202,0.0,0.0,No Injury,Left Turn,Dark Lighted,Rain,Wet,23.0,Male,West,Making Left Turn,Made Improper Turn,No Apparent Influence,No Apparent Influence,25.0,Male,East,Going Straight Ahead,No Improper Action,No Apparent Influence,No Apparent Influence,33.42938,-111.89183,2020-03-11,02:04:00
3657457,2020,Southern Ave,College Ave,200.0,Not Junction Related,0.0,0.0,No Injury,Sideswipe Same Direction,Dark Lighted,Rain,Wet,19.0,Male,West,Changing Lanes,Unsafe Lane Change,No Apparent Influence,No Apparent Influence,30.0,Male,West,Going Straight Ahead,No Improper Action,No Apparent Influence,No Apparent Influence,33.39291,-111.93426,2020-03-11,02:23:00