Incident_ID,Year,Street_Name,Cross_Street,Distance,Junction_Relation,Total_Injuries,Total_Fatalities,Injury_Severity,Collision_Manner,Light_Condition,Weather,Surface_Condition,Age_1,Gender_1,Travel_One,UnitAction_One,Violation1_Drv1,AlcoholUse_ 1,DrugUse_1,Age_2,Gender_2,TravelDirection_2,UnitAction_2,Violation_2,AlcoholUse_2,DrugUse_2,Latitude,Longitude,Date,Time
3654857,2020,McClintock Dr,SR-202 Exit 8 A-Ramp,0.0,Intersection T Inter 203,0.0,0.0,No Injury,Angle - Other Than Left Turn 2,Dark Lighted,Rain,Wet,28.0,Female,East,Making Right Turn,Speed To Fast For Conditions,No Apparent Influence,No Apparent Influence,47.0,Male,North,Making Left Turn,No Improper Action,No Apparent Influence,No Apparent Influence,33.43646,-111.90961,2020-03-11,12:55:00
3664685,2020,McClintock Dr,SR-202 Exit 8 A-Ramp,0.0,Intersection Related 206,0.0,0.0,No Injury,Rear End,Daylight,Rain,Wet,20.0,Male,North,Going Straight Ahead,Speed To Fast For Conditions,No Apparent Influence,No Apparent Influence,24.0,Male,North,Stopped In Trafficway,No Improper Action,No Apparent Influence,No Apparent Influence,33.43646,-111.90961,2020-03-11,17:17:00
3656179,2020,College Ave,Weber Dr,0.0,Intersection 4 Way 202,1.0,0.0,Possible Injury,Angle - Other Than Left Turn 2,Daylight,Cloudy,Wet,55.0,Male,West,Going Straight Ahead,Failed To Yield Right Of Way,No Apparent Influence,No Apparent Influence,60.0,Male,South,Going Straight Ahead,No Improper Action,No Apparent Influence,No Apparent Influence,33.44241,-111.93148,2020-03-11,18:25:00
3656066,2020,6th St,Mill Ave,30.0,Intersection Related 206,0.0,0.0,No Injury,Angle - Other Than Left Turn 2,Daylight,Unknown,Unknown,29.0,Male,Unknown,Backing,Failed To Yield Right Of Way,No Apparent Influence,No Apparent Influence,20.0,Male,West,Going Straight Ahead,No Improper Action,No Apparent Influence,No Apparent Influence,33.42435,-111.93992,2020-03-11,18:30:00
3656248,2020,Broadway Rd,I-10 Exit 153 G-Ramp,60.0,Intersection Related 206,0.0,0.0,No Injury,Rear End,Daylight,Cloudy,Wet,41.0,Male,West,Going Straight Ahead,Speed To Fast For Conditions,No Apparent Influence,No Apparent Influence,77.0,Male,West,Stopped In Trafficway,No Improper Action,No Apparent Influence,No Apparent Influence,33.40852,-111.97342,2020-03-11,20:58:00
3656251,2020,Rural Rd,Terrace Rd,-215.0,Intersection Related 206,0.0,0.0,No Injury,Rear End,Daylight,Cloudy,Wet,32.0,Male,North,Going Straight Ahead,Speed To Fast For Conditions,No Apparent Influence,No Apparent Influence,40.0,Male,North,Stopped In Trafficway,No Improper Action,No Apparent Influence,No Apparent Influence,33.41968,-111.9263,2020-03-11,21:36:00
3657568,2020,52nd St,14th St,200.0,Intersection Related 206,0.0,0.0,No Injury,Rear End,Daylight,Rain,Wet,58.0,Male,South,Going Straight Ahead,Speed To Fast For Conditions,No Apparent Influence,No Apparent Influence,52.0,Female,South,Going Straight Ahead,No Improper Action,No Apparent Influence,No Apparent Influence,33.41413,-111.96952,2020-03-11,21:39:00
3657585,2020,University Dr,McClintock Dr,30.0,Intersection Related 206,0.0,0.0,No Injury,Rear End,Daylight,Rain,Wet,28.0,Male,West,Slowing In Trafficway,Speed To Fast For Conditions,No Apparent Influence,No Apparent Influence,32.0,Male,West,Stopped In Trafficway,No Improper Action,No Apparent Influence,No Apparent Influence,33.42199,-111.90899,2020-03-11,22:29:00
3657466,2020,Elliot Rd,Priest Dr,-50.0,Intersection Related 206,0.0,0.0,No Injury,Sideswipe Same Direction,Daylight,Cloudy,Wet,24.0,Male,East,Slowing In Trafficway,Unsafe Lane Change,No Apparent Influence,No Apparent Influence,26.0,Female,East,Slowing In Trafficway,No Improper Action,No Apparent Influence,No Apparent Influence,33.3491,-111.9633,2020-03-11,23:02:00
3656234,2020,Priest Dr,SR-202 Exit 5 J-Ramp,0.0,Intersection 201,0.0,0.0,No Injury,Left Turn,Daylight,Cloudy,Dry,56.0,Male,South,Going Straight Ahead,Disregarded Traffic Signal,No Apparent Influence,No Apparent Influence,23.0,Male,North,Making Left Turn,No Improper Action,No Apparent Influence,No Apparent Influence,33.4385,-111.96084,2020-03-12,22:47:00
3656235,2020,Warner Rd,McClintock Dr,-130.0,Intersection Related 206,1.0,0.0,Suspected Minor Injury,Rear End,Daylight,Cloudy,Dry,18.0,Male,East,Going Straight Ahead,Followed Too Closely,No Apparent Influence,No Apparent Influence,33.0,Female,East,Stopped In Trafficway,No Improper Action,No Apparent Influence,No Apparent Influence,33.33462,-111.9116,2020-03-13,16:35:00
3656137,2020,Rural Rd,Warner Rd,160.0,Intersection Related 206,2.0,0.0,Suspected Minor Injury,Rear End,Daylight,Cloudy,Dry,69.0,Male,South,Going Straight Ahead,Followed Too Closely,No Apparent Influence,No Apparent Influence,42.0,Female,South,Slowing In Trafficway,No Improper Action,No Apparent Influence,No Apparent Influence,33.33509,-111.92842,2020-03-13,19:17:00
3657569,2020,Elliot Rd,Price Rd,-30.0,Intersection Related 206,0.0,0.0,No Injury,Rear End,Daylight,Cloudy,Dry,23.0,Female,East,Slowing In Trafficway,Other,No Apparent Influence,No Apparent Influence,61.0,Male,East,Stopped In Trafficway,No Improper Action,No Apparent Influence,No Apparent Influence,33.34934,-111.89446,2020-03-13,21:17:00
3657470,2020,University Dr,Roosevelt St,0.0,Intersection 4 Way 202,1.0,0.0,Possible Injury,Left Turn,Daylight,Clear,Wet,21.0,Female,West,Making Left Turn,Failed To Yield Right Of Way,No Apparent Influence,No Apparent Influence,19.0,Female,East,Going Straight Ahead,No Improper Action,No Apparent Influence,No Apparent Influence,33.4219,-111.94729,2020-03-13,21:49:00
3656766,2020,Hardy Dr,Southern Ave,212.0,Driveway Or Alley,0.0,0.0,No Injury,Left Turn,Daylight,Cloudy,Dry,24.0,Male,East,Making Left Turn,Failed To Yield Right Of Way,No Apparent Influence,No Apparent Influence,29.0,Male,South,Going Straight Ahead,No Improper Action,No Apparent Influence,No Apparent Influence,33.39344,-111.95198,2020-03-13,22:43:00
3656136,2020,Smith Rd,University Dr,-70.0,Intersection Related 206,0.0,0.0,No Injury,Sideswipe Opposite Direction,Daylight,Rain,Wet,25.0,Male,West,Making Left Turn,Failed To Keep In Proper Lane,No Apparent Influence,No Apparent Influence,34.0,Female,North,Stopped In Trafficway,No Improper Action,No Apparent Influence,No Apparent Influence,33.42192,-111.90051,2020-03-14,00:13:00
3656171,2020,Mill Ave,US-60 Exit 173 J-Ramp,150.0,Not Junction Related,1.0,0.0,Suspected Minor Injury,Rear End,Dark Lighted,Rain,Wet,42.0,Male,South,Stopped In Trafficway,Speed To Fast For Conditions,No Apparent Influence,No Apparent Influence,58.0,Female,South,Going Straight Ahead,No Improper Action,No Apparent Influence,No Apparent Influence,33.38646,-111.93951,2020-03-14,02:15:00
3657570,2020,College Ave,E Marigold Ln,0.0,Intersection 201,0.0,0.0,No Injury,Rear End,Dark Lighted,Cloudy,Wet,24.0,Female,South,Going Straight Ahead,Speed To Fast For Conditions,No Apparent Influence,No Apparent Influence,26.0,Male,South,Slowing In Trafficway,No Improper Action,No Apparent Influence,No Apparent Influence,33.44786,-111.93516,2020-03-14,05:07:00
3656773,2020,Scottsdale Rd,Rio Salado Pkwy,150.0,Not Junction Related,1.0,0.0,Suspected Minor Injury,Rear End,Daylight,Cloudy,Dry,78.0,Female,South,Going Straight Ahead,Speed To Fast For Conditions,No Apparent Influence,No Apparent Influence,24.0,Female,South,Stopped In Trafficway,No Improper Action,No Apparent Influence,No Apparent Influence,33.42926,-111.92629,2020-03-14,20:00:00
3656216,2020,Kyrene Rd,Guadalupe Rd,20.0,Intersection Related 206,0.0,0.0,No Injury,Rear End,Dusk,Clear,Dry,54.0,Female,North,Going Straight Ahead,Speed To Fast For Conditions,No Apparent Influence,No Apparent Influence,63.0,Male,North,Stopped In Trafficway,No Improper Action,No Apparent Influence,No Apparent Influence,33.36371,-111.94589,2020-03-15,01:14:00
3656184,2020,Warner Rd,McClintock Dr,0.0,Intersection 4 Way 202,2.0,0.0,Suspected Minor Injury,Left Turn,Daylight,Clear,Dry,36.0,Male,West,Making Left Turn,Failed To Yield Right Of Way,No Apparent Influence,No Apparent Influence,31.0,Male,East,Going Straight Ahead,No Improper Action,No Apparent Influence,No Apparent Influence,33.33464,-111.91118,2020-03-15,19:27:00
3656250,2020,University Dr,Dorsey Ln,100.0,Intersection Related 206,0.0,0.0,No Injury,Rear End,Unknown 51,Unknown,Dry,22.0,Male,East,Going Straight Ahead,Speed To Fast For Conditions,No Apparent Influence,No Apparent Influence,23.0,Female,East,Stopped In Trafficway,No Improper Action,No Apparent Influence,No Apparent Influence,33.42202,-111.91736,2020-03-15,21:54:00
3656178,2020,Scottsdale Rd,Playa Del Norte Dr,-50.0,Intersection Related 206,0.0,0.0,No Injury,Sideswipe Same Direction,Daylight,Clear,Dry,50.0,Male,North,Changing Lanes,Unsafe Lane Change,No Apparent Influence,No Apparent Influence,21.0,Female,North,Slowing In Trafficway,No Improper Action,No Apparent Influence,No Apparent Influence,33.4339,-111.92626,2020-03-15,23:19:00
3656776,2020,Baseline Rd,Mill Ave,-114.0,Intersection Related 206,0.0,0.0,No Injury,Rear End,Dark Lighted,Clear,Dry,22.0,Male,East,Going Straight Ahead,Speed To Fast For Conditions,No Apparent Influence,No Apparent Influence,24.0,Female,East,Stopped In Trafficway,No Improper Action,No Apparent Influence,No Apparent Influence,33.37822,-111.93974,2020-03-16,04:02:00
3656272,2020,Baseline Rd,Priest Dr,-30.0,Intersection Related 206,1.0,0.0,Possible Injury,Rear End,Daylight,Clear,Dry,42.0,Female,East,Going Straight Ahead,Followed Too Closely,No Apparent Influence,No Apparent Influence,64.0,Female,East,Stopped In Trafficway,No Improper Action,No Apparent Influence,No Apparent Influence,33.37824,-111.96327,2020-03-16,18:29:00
3663621,2020,McClintock Dr,SR-202 Exit 8 J-Ramp,0.0,Intersection 201,2.0,0.0,Suspected Minor Injury,Left Turn,Daylight,Clear,Dry,16.0,Male,North,Going Straight Ahead,Disregarded Traffic Signal,No Apparent Influence,No Apparent Influence,40.0,Male,South,Making Left Turn,No Improper Action,No Apparent Influence,No Apparent Influence,33.43662,-111.90962,2020-03-16,18:35:00
3656753,2020,University Dr,Hardy Dr,208.0,Intersection Related 206,1.0,0.0,Possible Injury,Rear End,Dark Lighted,Clear,Dry,28.0,Male,West,Going Straight Ahead,Exceeded Lawful Speed,No Apparent Influence,No Apparent Influence,50.0,Female,West,Stopped In Trafficway,No Improper Action,No Apparent Influence,No Apparent Influence,33.42191,-111.95154,2020-03-17,02:35:00
3663618,2020,University Dr,S Athletes Pl,-106.0,Not Junction Related,1.0,0.0,Possible Injury,Rear End,Dark Lighted,Clear,Dry,20.0,Male,East,Going Straight Ahead,Speed To Fast For Conditions,No Apparent Influence,No Apparent Influence,31.0,Female,East,Slowing In Trafficway,No Improper Action,No Apparent Influence,No Apparent Influence,33.42202,-111.92324,2020-03-17,04:04:00
3656183,2020,Baseline Rd,I-10 Exit 155 J1-Ramp,0.0,Intersection 4 Way 202,2.0,0.0,Suspected Minor Injury,Angle - Other Than Left Turn 2,Dark Lighted,Clear,Dry,32.0,Male,East,Going Straight Ahead,Disregarded Traffic Signal,No Apparent Influence,No Apparent Influence,59.0,Male,North,Making Left Turn,No Improper Action,No Apparent Influence,No Apparent Influence,33.3783,-111.96738,2020-03-17,12:57:00
3656771,2020,McClintock Dr,Rio Salado Pkwy,141.0,Intersection Related 206,0.0,0.0,No Injury,Sideswipe Same Direction,Daylight,Clear,Dry,75.0,Female,South,Changing Lanes,Unsafe Lane Change,No Apparent Influence,No Apparent Influence,41.0,Male,South,Going Straight Ahead,No Improper Action,No Apparent Influence,No Apparent Influence,33.42965,-111.90909,2020-03-17,19:12:00
3656752,2020,Price Rd,Broadway Rd,0.0,Intersection 4 Way 202,0.0,0.0,No Injury,Left Turn,Daylight,Clear,Dry,56.0,Female,North,Making Left Turn,Made Improper Turn,No Apparent Influence,No Apparent Influence,22.0,Male,North,Making Left Turn,No Improper Action,No Apparent Influence,No Apparent Influence,33.40748,-111.89033,2020-03-17,22:37:00
3662366,2020,Broadway Rd,Forest Service 01 Tempe Ave,0.0,Intersection T Inter 203,1.0,0.0,Possible Injury,Rear End,Daylight,Clear,Dry,20.0,Female,West,Going Straight Ahead,Followed Too Closely,No Apparent Influence,No Apparent Influence,31.0,Female,West,Stopped In Trafficway,No Improper Action,No Apparent Influence,No Apparent Influence,33.40743,-111.93597,2020-03-18,00:31:00
3657456,2020,University Dr,Rural Rd,0.0,Intersection 4 Way 202,1.0,0.0,Possible Injury,Left Turn,Daylight,Clear,Dry,49.0,Male,West,Making Left Turn,Failed To Yield Right Of Way,No Apparent Influence,No Apparent Influence,49.0,Male,East,Going Straight Ahead,No Improper Action,No Apparent Influence,No Apparent Influence,33.42203,-111.92631,2020-03-18,01:01:00
3656152,2020,Baseline Rd,Lakeshore Dr,0.0,Intersection 4 Way 202,2.0,0.0,Suspected Minor Injury,Left Turn,Daylight,Clear,Dry,32.0,Male,West,Going Straight Ahead,Disregarded Traffic Signal,No Apparent Influence,No Apparent Influence,68.0,Female,South,Making Left Turn,No Improper Action,No Apparent Influence,No Apparent Influence,33.37832,-111.9205,2020-03-18,01:25:00
3657566,2020,McClintock Dr,Del Rio Dr,-60.0,Intersection Related 206,1.0,0.0,Possible Injury,Rear End,Daylight,Clear,Dry,47.0,Female,North,Going Straight Ahead,Followed Too Closely,No Apparent Influence,No Apparent Influence,20.0,Female,North,Stopped In Trafficway,No Improper Action,No Apparent Influence,No Apparent Influence,33.39643,-111.90913,2020-03-18,01:28:00
3657915,2020,Rural Rd,Guadalupe Rd,0.0,Intersection 4 Way 202,0.0,0.0,No Injury,Left Turn,Dark Lighted,Clear,Dry,18.0,Male,Southeast,Making Left Turn,Failed To Yield Right Of Way,No Apparent Influence,No Apparent Influence,45.0,Female,North,Going Straight Ahead,No Improper Action,No Apparent Influence,No Apparent Influence,33.36375,-111.92861,2020-03-18,03:25:00
3657618,2020,Rural Rd,Guadalupe Rd,175.0,Intersection Related 206,1.0,0.0,Suspected Minor Injury,Left Turn,Dark Lighted,Clear,Dry,17.0,Female,Southwest,Making Left Turn,Made Improper Turn,No Apparent Influence,No Apparent Influence,20.0,Female,North,Going Straight Ahead,No Improper Action,No Apparent Influence,No Apparent Influence,33.36423,-111.92861,2020-03-18,04:28:00
3656765,2020,Price Rd,Guadalupe Rd,155.0,Intersection Related 206,2.0,0.0,Possible Injury,Rear End,Dark Lighted,Cloudy,Dry,48.0,Female,South,Going Straight Ahead,Speed To Fast For Conditions,No Apparent Influence,No Apparent Influence,26.0,Female,South,Stopped In Trafficway,No Improper Action,No Apparent Influence,No Apparent Influence,33.36432,-111.89464,2020-03-18,12:43:00
3656207,2020,Broadway Rd,River Dr,-130.0,Driveway Or Alley,1.0,0.0,Possible Injury,Rear End,Daylight,Rain,Wet,21.0,Male,West,Going Straight Ahead,Speed To Fast For Conditions,No Apparent Influence,No Apparent Influence,49.0,Male,West,Stopped In Trafficway,No Improper Action,No Apparent Influence,No Apparent Influence,33.4075,-111.89817,2020-03-18,16:01:00
3656208,2020,Broadway Rd,River Dr,-160.0,Driveway Or Alley,1.0,0.0,Suspected Minor Injury,Rear End,Daylight,Rain,Wet,78.0,Male,West,Going Straight Ahead,Speed To Fast For Conditions,No Apparent Influence,No Apparent Influence,33.0,Male,West,Slowing In Trafficway,No Improper Action,No Apparent Influence,No Apparent Influence,33.4075,-111.89827,2020-03-18,16:01:00
3656131,2020,Lakeshore Dr,Guadalupe Rd,50.0,Intersection Related 206,0.0,0.0,No Injury,Rear End,Daylight,Cloudy,Dry,47.0,Male,South,Going Straight Ahead,Followed Too Closely,No Apparent Influence,No Apparent Influence,59.0,Female,South,Stopped In Trafficway,No Improper Action,No Apparent Influence,No Apparent Influence,33.3639,-111.91991,2020-03-18,20:34:00
3657441,2020,Rural Rd,Apache Blvd,110.0,Intersection Related 206,0.0,0.0,No Injury,Rear End,Daylight,Cloudy,Wet,19.0,Male,South,Going Straight Ahead,Speed To Fast For Conditions,No Apparent Influence,No Apparent Influence,35.0,Male,South,Stopped In Trafficway,No Improper Action,No Apparent Influence,No Apparent Influence,33.41506,-111.92629,2020-03-18,22:11:00
3656146,2020,Lemon St,Stanley Pl,-37.0,Not Junction Related,0.0,0.0,No Injury,U Turn,Daylight,Cloudy,Wet,19.0,Male,West,Making U Turn,Failed To Yield Right Of Way,No Apparent Influence,No Apparent Influence,36.0,Female,West,Going Straight Ahead,No Improper Action,No Apparent Influence,No Apparent Influence,33.41673,-111.9207,2020-03-18,23:49:00
3657452,2020,McClintock Dr,Carson Dr,110.0,Intersection Related 206,2.0,0.0,Suspected Minor Injury,Rear End,Daylight,Rain,Wet,71.0,Female,North,Going Straight Ahead,Followed Too Closely,No Apparent Influence,No Apparent Influence,23.0,Female,North,Stopped In Trafficway,No Improper Action,No Apparent Influence,No Apparent Influence,33.38418,-111.90921,2020-03-19,00:02:00
3636901,2020,Baseline Rd,Ash Ave,150.0,Not Junction Related,0.0,0.0,No Injury,Rear End,Dark Lighted,Rain,Wet,18.0,Male,East,Going Straight Ahead,Speed To Fast For Conditions,No Apparent Influence,No Apparent Influence,54.0,Female,East,Going Straight Ahead,No Improper Action,No Apparent Influence,No Apparent Influence,33.37822,-111.94104,2020-03-19,03:46:00
3657460,2020,Juniper Dr,Myrna Ln,-100.0,Intersection Related 206,0.0,0.0,No Injury,Rear End,Dark Lighted,Rain,Wet,19.0,Male,North,Backing,Other,Alcohol,No Apparent Influence,41.0,Male,South,Stopped In Trafficway,No Improper Action,No Apparent Influence,No Apparent Influence,33.32939,-111.91601,2020-03-19,11:31:00
3657591,2020,Apache Blvd,River Dr,0.0,Intersection 201,0.0,0.0,No Injury,Left Turn,Daylight,Cloudy,Wet,60.0,Male,West,Making Left Turn,Followed Too Closely,No Apparent Influence,No Apparent Influence,64.0,Male,West,Making Left Turn,No Improper Action,No Apparent Influence,No Apparent Influence,33.41478,-111.89622,2020-03-19,14:59:00
3657467,2020,Rio Salado Pkwy,Price Rd,0.0,Intersection 4 Way 202,1.0,0.0,Possible Injury,Left Turn,Daylight,Cloudy,Dry,20.0,Female,West,Making Left Turn,Failed To Yield Right Of Way,No Apparent Influence,No Apparent Influence,47.0,Female,East,Going Straight Ahead,No Improper Action,No Apparent Influence,No Apparent Influence,33.42938,-111.89183,2020-03-19,17:46:00
3656141,2020,Rural Rd,Guadalupe Rd,-124.0,Intersection Related 206,0.0,0.0,No Injury,Rear End,Daylight,Cloudy,Dry,19.0,Female,North,Going Straight Ahead,Followed Too Closely,No Apparent Influence,No Apparent Influence,20.0,Male,North,Stopped In Trafficway,No Improper Action,No Apparent Influence,No Apparent Influence,33.36341,-111.9286,2020-03-19,18:14:00
3657450,2020,Scottsdale Rd,Tempe Dr,0.0,Intersection T Inter 203,0.0,0.0,No Injury,Sideswipe Opposite Direction,Daylight,Clear,Dry,26.0,Male,Northwest,Backing,Other,No Apparent Influence,No Apparent Influence,34.0,Male,Southeast,Stopped In Trafficway,No Improper Action,No Apparent Influence,No Apparent Influence,33.44223,-111.92639,2020-03-19,19:57:00
3657451,2020,Tempe Dr,Scottsdale Rd,160.0,Driveway Or Alley,0.0,0.0,No Injury,Angle - Other Than Left Turn 2,Daylight,Clear,Dry,26.0,Male,South,Going Straight Ahead,Failed To Yield Right Of Way,No Apparent Influence,No Apparent Influence,34.0,Male,West,Going Straight Ahead,No Improper Action,No Apparent Influence,No Apparent Influence,33.44223,-111.92587,2020-03-19,19:57:00
3657469,2020,Broadway Rd,Mill Ave,144.0,Intersection Related 206,0.0,0.0,No Injury,Sideswipe Same Direction,Daylight,Clear,Dry,24.0,Female,East,Going Straight Ahead,Unknown,No Apparent Influence,No Apparent Influence,62.0,Male,East,Going Straight Ahead,Unknown,No Apparent Influence,No Apparent Influence,33.40742,-111.93936,2020-03-19,22:38:00
3657468,2020,Southern Ave,Priest Dr,217.0,Intersection Related 206,1.0,0.0,Suspected Minor Injury,Rear End,Daylight,Clear,Dry,58.0,Male,West,Going Straight Ahead,Followed Too Closely,No Apparent Influence,No Apparent Influence,20.0,Male,West,Stopped In Trafficway,No Improper Action,No Apparent Influence,No Apparent Influence,33.39288,-111.96006,2020-03-20,01:21:00
3658650,2020,Southern Ave,Priest Dr,-30.0,Intersection Related 206,2.0,0.0,Suspected Minor Injury,Left Turn,Daylight,Clear,Dry,72.0,Male,East,Going Straight Ahead,Speed To Fast For Conditions,Alcohol,No Apparent Influence,33.0,Female,East,Stopped In Trafficway,No Improper Action,No Apparent Influence,No Apparent Influence,33.39288,-111.96087,2020-03-22,01:10:00
3659523,2020,Baseline Rd,Priest Dr,0.0,Intersection Related 206,1.0,0.0,Suspected Minor Injury,Left Turn,Daylight,Clear,Dry,31.0,Female,East,Going Straight Ahead,Speed To Fast For Conditions,No Apparent Influence,No Apparent Influence,27.0,Male,Northwest,Making Left Turn,Made Improper Turn,No Apparent Influence,No Apparent Influence,33.37824,-111.96318,2020-03-22,19:22:00
3657599,2020,Mill Ave,University Dr,0.0,Intersection 4 Way 202,1.0,0.0,Suspected Minor Injury,Left Turn,Daylight,Clear,Dry,48.0,Male,South,Making Left Turn,Other,No Apparent Influence,No Apparent Influence,21.0,Female,North,Going Straight Ahead,No Improper Action,No Apparent Influence,No Apparent Influence,33.42193,-111.94002,2020-03-24,17:23:00
3658633,2020,Price Rd,Broadway Rd,0.0,Intersection 4 Way 202,0.0,0.0,No Injury,Left Turn,Daylight,Clear,Dry,30.0,Male,South,Making Left Turn,Unknown,No Apparent Influence,No Apparent Influence,67.0,Male,South,Making Left Turn,Unknown,No Apparent Influence,No Apparent Influence,33.4075,-111.892,2020-03-24,17:30:00
3657619,2020,Warner Rd,Kyrene Rd,-65.0,Intersection Related 206,2.0,0.0,Suspected Minor Injury,Rear End,Daylight,Clear,Dry,51.0,Male,East,Going Straight Ahead,Speed To Fast For Conditions,No Apparent Influence,No Apparent Influence,55.0,Male,East,Stopped In Trafficway,No Improper Action,No Apparent Influence,No Apparent Influence,33.3346,-111.94587,2020-03-25,13:37:00
3637911,2020,Mary St,Curry Rd,10.0,Not Junction Related,0.0,0.0,No Injury,Angle - Other Than Left Turn 2,Daylight,Clear,Dry,26.0,Male,East,Going Straight Ahead,Speed To Fast For Conditions,No Apparent Influence,No Apparent Influence,67.0,Female,East,Going Straight Ahead,No Improper Action,No Apparent Influence,No Apparent Influence,33.44043,-111.92426,2020-03-25,19:02:00
3657616,2020,Lemon St,Rural Rd,-126.0,Intersection Related 206,0.0,0.0,No Injury,Rear End,Daylight,Clear,Dry,69.0,Male,East,Going Straight Ahead,Speed To Fast For Conditions,No Apparent Influence,No Apparent Influence,54.0,Male,East,Stopped In Trafficway,No Improper Action,No Apparent Influence,No Apparent Influence,33.41681,-111.92671,2020-03-25,19:58:00
3658584,2020,Center Pkwy,Washington St,-30.0,Intersection Related 206,1.0,0.0,Suspected Minor Injury,Rear End,Dusk,Clear,Dry,68.0,Male,North,Going Straight Ahead,Speed To Fast For Conditions,No Apparent Influence,No Apparent Influence,42.0,Male,North,Stopped In Trafficway,No Improper Action,No Apparent Influence,No Apparent Influence,33.43923,-111.94887,2020-03-26,13:07:00
3638268,2020,Hohokam Dr,University Dr,-90.0,Entrance Exit Ramp Interchange,0.0,0.0,No Injury,Rear End,Daylight,Clear,Dry,36.0,Male,South,Going Straight Ahead,Speed To Fast For Conditions,No Apparent Influence,No Apparent Influence,60.0,Male,South,Stopped In Trafficway,No Improper Action,No Apparent Influence,No Apparent Influence,33.42168,-111.9718,2020-03-26,20:33:00
3658640,2020,Baseline Rd,Pointe Pkwy,135.0,Intersection Related 206,1.0,0.0,Suspected Minor Injury,Sideswipe Same Direction,Dark Lighted,Clear,Dry,38.0,Female,West,Changing Lanes,Unsafe Lane Change,No Apparent Influence,No Apparent Influence,19.0,Female,West,Going Straight Ahead,No Improper Action,No Apparent Influence,No Apparent Influence,33.37822,-111.97155,2020-03-28,04:02:00
3658654,2020,Price Rd,Broadway Rd,0.0,Intersection 201,0.0,0.0,No Injury,Angle - Other Than Left Turn 2,Daylight,Clear,Dry,57.0,Male,North,Going Straight Ahead,Failed To Keep In Proper Lane,No Apparent Influence,No Apparent Influence,36.0,Female,North,Making Left Turn,No Improper Action,No Apparent Influence,No Apparent Influence,33.40748,-111.89033,2020-03-28,16:30:00
3659657,2020,Baseline Rd,Terry Ln,0.0,Other,0.0,0.0,No Injury,Other,Daylight,Clear,Dry,29.0,Male,North,Making Left Turn,Failed To Yield Right Of Way,No Apparent Influence,No Apparent Influence,45.0,Female,East,Going Straight Ahead,No Improper Action,No Apparent Influence,No Apparent Influence,33.37823,-111.9554,2020-03-28,19:19:00
3658652,2020,Guadalupe Rd,McClintock Dr,0.0,Intersection 4 Way 202,2.0,0.0,Suspected Minor Injury,Left Turn,Daylight,Clear,Dry,62.0,Male,East,Making Left Turn,Failed To Yield Right Of Way,No Apparent Influence,No Apparent Influence,61.0,Female,West,Going Straight Ahead,No Improper Action,No Apparent Influence,No Apparent Influence,33.36376,-111.91126,2020-03-29,01:03:00
3658651,2020,Priest Dr,Washington St,0.0,Intersection 4 Way 202,2.0,0.0,Suspected Serious Injury,Angle - Other Than Left Turn 2,Daylight,Clear,Dry,25.0,Male,South,Going Straight Ahead,Disregarded Traffic Signal,No Apparent Influence,No Apparent Influence,33.0,Male,West,Going Straight Ahead,No Improper Action,No Apparent Influence,No Apparent Influence,33.44262,-111.95661,2020-03-29,01:45:00
3659652,2020,Mill Ave,W Cottage Ln,32.0,Intersection Related 206,1.0,0.0,Possible Injury,Rear End,Daylight,Clear,Dry,28.0,Female,South,Going Straight Ahead,Speed To Fast For Conditions,No Apparent Influence,No Apparent Influence,28.0,Male,South,Making Right Turn,No Improper Action,No Apparent Influence,No Apparent Influence,33.4053,-111.93979,2020-03-30,01:18:00
3658646,2020,Warner Rd,Priest Dr,-30.0,Intersection Related 206,0.0,0.0,No Injury,Rear End,Dawn,Clear,Dry,31.0,Male,East,Going Straight Ahead,Other,No Apparent Influence,No Apparent Influence,30.0,Male,East,Stopped In Trafficway,No Improper Action,No Apparent Influence,No Apparent Influence,33.33452,-111.96322,2020-03-30,12:34:00
3659650,2020,Rockford Dr,Rio Salado Pkwy,0.0,Intersection 4 Way 202,1.0,0.0,Possible Injury,Angle - Other Than Left Turn 2,Daylight,Clear,Dry,26.0,Female,West,Going Straight Ahead,Unknown,No Apparent Influence,No Apparent Influence,29.0,Female,North,Going Straight Ahead,Unknown,No Apparent Influence,No Apparent Influence,33.42936,-111.89704,2020-03-30,23:03:00
3658648,2020,Priest Dr,SR-202 Exit 5 J-Ramp,0.0,Intersection 201,2.0,0.0,Suspected Minor Injury,Left Turn,Dark Lighted,Clear,Dry,20.0,Male,South,Going Straight Ahead,Disregarded Traffic Signal,No Apparent Influence,No Apparent Influence,60.0,Male,North,Making Left Turn,No Improper Action,No Apparent Influence,No Apparent Influence,33.4385,-111.96084,2020-03-31,02:56:00
3660911,2020,Apache Blvd,Lebanon Ln,-200.0,Not Junction Related,1.0,0.0,Possible Injury,Sideswipe Same Direction,Unknown 51,Unknown,Dry,39.0,Male,East,Changing Lanes,Unsafe Lane Change,Alcohol,No Apparent Influence,25.0,Male,East,Going Straight Ahead,No Improper Action,No Apparent Influence,No Apparent Influence,33.4148,-111.88692,2020-03-31,03:28:00