Incident_ID,Year,Street_Name,Cross_Street,Distance,Junction_Relation,Total_Injuries,Total_Fatalities,Injury_Severity,Collision_Manner,Light_Condition,Weather,Surface_Condition,Age_1,Gender_1,Travel_One,UnitAction_One,Violation1_Drv1,AlcoholUse_ 1,DrugUse_1,Age_2,Gender_2,TravelDirection_2,UnitAction_2,Violation_2,AlcoholUse_2,DrugUse_2,Latitude,Longitude,Date,Time
3659659,2020,Rural Rd,US-60 Exit 174 C-Ramp,0.0,Intersection 4 Way 202,1.0,0.0,Suspected Minor Injury,Left Turn,Daylight,Clear,Dry,25.0,Male,North,Going Straight Ahead,Disregarded Traffic Signal,No Apparent Influence,No Apparent Influence,41.0,Male,West,Making Left Turn,No Improper Action,No Apparent Influence,No Apparent Influence,33.38618,-111.92647,2020-03-31,18:22:00
3658642,2020,Rio Salado Pkwy,Price Rd,0.0,Intersection 4 Way 202,0.0,0.0,No Injury,Left Turn,Daylight,Cloudy,Dry,17.0,Male,West,Making Left Turn,Failed To Yield Right Of Way,No Apparent Influence,No Apparent Influence,32.0,Female,East,Going Straight Ahead,No Improper Action,No Apparent Influence,No Apparent Influence,33.42938,-111.89183,2020-03-31,21:35:00
3659655,2020,Broadway Rd,Price Rd,0.0,Intersection 4 Way 202,0.0,0.0,No Injury,Angle - Other Than Left Turn 2,Daylight,Clear,Dry,24.0,Male,Northeast,Making Right Turn,Failed To Yield Right Of Way,No Apparent Influence,No Apparent Influence,58.0,Male,East,Going Straight Ahead,No Improper Action,No Apparent Influence,No Apparent Influence,33.40748,-111.89033,2020-04-02,14:05:00
3660931,2020,McClintock Dr,E Tempe Marketplace,-100.0,Intersection Related 206,0.0,0.0,No Injury,Rear End,Daylight,Clear,Dry,29.0,Female,North,Going Straight Ahead,Speed To Fast For Conditions,No Apparent Influence,No Apparent Influence,62.0,Female,North,Stopped In Trafficway,No Improper Action,No Apparent Influence,No Apparent Influence,33.43181,-111.90926,2020-04-02,23:04:00
3659636,2020,Rural Rd,McNair Dr,-10.0,Intersection Related 206,0.0,0.0,No Injury,Angle - Other Than Left Turn 2,Daylight,Clear,Dry,36.0,Female,North,Making Right Turn,Unsafe Lane Change,No Apparent Influence,No Apparent Influence,71.0,Female,North,Going Straight Ahead,No Improper Action,No Apparent Influence,No Apparent Influence,33.3514,-111.92851,2020-04-02,23:16:00
3659516,2020,Price Rd,Broadway Rd,0.0,Intersection 201,1.0,0.0,Suspected Minor Injury,Angle - Other Than Left Turn 2,Daylight,Clear,Dry,60.0,Male,South,Going Straight Ahead,Disregarded Traffic Signal,No Apparent Influence,No Apparent Influence,24.0,Female,West,Going Straight Ahead,No Improper Action,No Apparent Influence,No Apparent Influence,33.4075,-111.892,2020-04-03,01:07:00
3659654,2020,Broadway Rd,Rural Rd,-50.0,Intersection Related 206,0.0,0.0,No Injury,Sideswipe Same Direction,Daylight,Clear,Dry,70.0,Female,East,Changing Lanes,Unsafe Lane Change,No Apparent Influence,No Apparent Influence,25.0,Male,East,Going Straight Ahead,No Improper Action,No Apparent Influence,No Apparent Influence,33.40749,-111.92645,2020-04-03,14:05:00
3659519,2020,Mill Ave,US-60 Exit 173 A-Ramp,0.0,Intersection 4 Way 202,2.0,0.0,Suspected Minor Injury,Angle - Other Than Left Turn 2,Daylight,Clear,Dry,22.0,Male,South,Going Straight Ahead,Disregarded Traffic Signal,No Apparent Influence,No Apparent Influence,36.0,Female,East,Making Left Turn,No Improper Action,No Apparent Influence,No Apparent Influence,33.38511,-111.93947,2020-04-03,18:32:00
3659513,2020,McClintock Dr,Libra Dr,0.0,Intersection 4 Way 202,2.0,0.0,Possible Injury,Angle - Other Than Left Turn 2,Daylight,Clear,Dry,52.0,Male,East,Making Right Turn,Made Improper Turn,No Apparent Influence,No Apparent Influence,74.0,Male,Unknown,Going Straight Ahead,No Improper Action,No Apparent Influence,No Apparent Influence,33.36559,-111.91127,2020-04-03,19:26:00
3659514,2020,Apache Blvd,Price Rd,0.0,Intersection 201,0.0,0.0,No Injury,Left Turn,Daylight,Clear,Dry,69.0,Male,East,Making U Turn,Failed To Yield Right Of Way,No Apparent Influence,No Apparent Influence,52.0,Male,West,Going Straight Ahead,No Improper Action,No Apparent Influence,No Apparent Influence,33.4148,-111.89195,2020-04-04,21:09:00
3659411,2020,Rural Rd,University Dr,-145.0,Driveway Or Alley,0.0,0.0,No Injury,Angle - Other Than Left Turn 2,Daylight,Clear,Dry,35.0,Male,West,Going Straight Ahead,Failed To Yield Right Of Way,No Apparent Influence,No Apparent Influence,21.0,Male,North,Stopped In Trafficway,No Improper Action,No Apparent Influence,No Apparent Influence,33.42163,-111.92631,2020-04-06,21:58:00
3659634,2020,Grove Pkwy,Priest Dr,0.0,Intersection T Inter 203,1.0,0.0,Possible Injury,Left Turn,Daylight,Clear,Dry,33.0,Male,Northeast,Making Left Turn,Failed To Yield Right Of Way,No Apparent Influence,No Apparent Influence,45.0,Female,Southwest,Going Straight Ahead,No Improper Action,No Apparent Influence,No Apparent Influence,33.35148,-111.96246,2020-04-07,21:10:00
3660928,2020,Harl Ave,Drake Dr,0.0,Intersection 4 Way 202,0.0,0.0,No Injury,Angle - Other Than Left Turn 2,Daylight,Clear,Dry,22.0,Female,West,Going Straight Ahead,Other,No Apparent Influence,No Apparent Influence,25.0,Female,North,Going Straight Ahead,No Improper Action,No Apparent Influence,No Apparent Influence,33.3551,-111.9665,2020-04-09,20:06:00
3659515,2020,Curry Rd,Stadem Dr,0.0,Intersection 4 Way 202,0.0,0.0,No Injury,Angle - Other Than Left Turn 2,Daylight,Clear,Dry,62.0,Male,North,Going Straight Ahead,Failed To Yield Right Of Way,No Apparent Influence,No Apparent Influence,56.0,Male,West,Going Straight Ahead,No Improper Action,No Apparent Influence,No Apparent Influence,33.44038,-111.91375,2020-04-09,20:24:00
3659424,2020,Apache Blvd,Price Rd,0.0,Intersection 4 Way 202,0.0,0.0,No Injury,Left Turn,Dusk,Clear,Dry,60.0,Male,West,Making Left Turn,Failed To Yield Right Of Way,No Apparent Influence,Drugs,22.0,Female,North,Going Straight Ahead,No Improper Action,No Apparent Influence,No Apparent Influence,33.4148,-111.89195,2020-04-10,01:46:00
3660929,2020,48th St,University Dr,60.0,Not Junction Related,0.0,0.0,No Injury,Rear End,Daylight,Clear,Dry,50.0,Male,South,Backing,Other,No Apparent Influence,No Apparent Influence,37.0,Male,South,Stopped In Trafficway,No Improper Action,No Apparent Influence,No Apparent Influence,33.42207,-111.97625,2020-04-10,14:48:00
3660920,2020,Rural Rd,Todd Dr,23.0,Intersection Related 206,1.0,0.0,Suspected Minor Injury,Rear End,Daylight,Unknown,Dry,18.0,Male,South,Going Straight Ahead,Followed Too Closely,No Apparent Influence,No Apparent Influence,37.0,Female,South,Slowing In Trafficway,No Improper Action,No Apparent Influence,No Apparent Influence,33.35281,-111.92852,2020-04-10,18:36:00
3660921,2020,Elliot Rd,Priest Dr,-35.0,Intersection Related 206,0.0,0.0,No Injury,Rear End,Daylight,Clear,Dry,26.0,Male,West,Slowing In Trafficway,Followed Too Closely,No Apparent Influence,No Apparent Influence,60.0,Female,West,Slowing In Trafficway,No Improper Action,No Apparent Influence,No Apparent Influence,33.3491,-111.96325,2020-04-10,20:06:00
3660923,2020,Kyrene Rd,La Jolla Dr,0.0,Intersection 201,2.0,0.0,Suspected Minor Injury,Sideswipe Same Direction,Daylight,Clear,Dry,61.0,Male,South,Making Right Turn,Other,No Apparent Influence,No Apparent Influence,61.0,Male,South,Going Straight Ahead,No Improper Action,No Apparent Influence,No Apparent Influence,33.38993,-111.94369,2020-04-12,22:04:00
3662370,2020,River Pkwy,Centennial Cir,0.0,Intersection 4 Way 202,2.0,0.0,Suspected Minor Injury,Left Turn,Daylight,Clear,Dry,39.0,Male,North,Going Straight Ahead,Unknown,No Apparent Influence,No Apparent Influence,61.0,Male,North,Making Left Turn,No Improper Action,No Apparent Influence,No Apparent Influence,33.33956,-111.89896,2020-04-13,13:23:00
3660919,2020,McKellips Rd,College Ave,30.0,Intersection Related 206,1.0,0.0,Suspected Minor Injury,Rear End,Daylight,Cloudy,Dry,63.0,Male,West,Going Straight Ahead,Followed Too Closely,No Apparent Influence,No Apparent Influence,24.0,Male,West,Stopped In Trafficway,No Improper Action,No Apparent Influence,No Apparent Influence,33.4511,-111.93512,2020-04-13,23:02:00
3662454,2020,Price Rd,Apache Blvd,0.0,Intersection Non Interchange,0.0,0.0,No Injury,Angle - Other Than Left Turn 2,Dawn,Clear,Dry,34.0,Male,North,Going Straight Ahead,Unknown,No Apparent Influence,No Apparent Influence,62.0,Male,East,Going Straight Ahead,Unknown,No Apparent Influence,No Apparent Influence,33.41479,-111.89073,2020-04-14,11:33:00
3660918,2020,McClintock Dr,University Dr,25.0,Intersection Related 206,1.0,0.0,Possible Injury,Rear End,Daylight,Clear,Dry,42.0,Female,South,Going Straight Ahead,Speed To Fast For Conditions,No Apparent Influence,No Apparent Influence,53.0,Female,South,Slowing In Trafficway,No Improper Action,No Apparent Influence,No Apparent Influence,33.42205,-111.90909,2020-04-14,17:33:00
3660933,2020,University Dr,S Athletes Pl,100.0,Intersection Related 206,0.0,0.0,No Injury,Rear End,Daylight,Clear,Dry,21.0,Female,East,Going Straight Ahead,Speed To Fast For Conditions,No Apparent Influence,No Apparent Influence,21.0,Female,East,Going Straight Ahead,No Improper Action,No Apparent Influence,No Apparent Influence,33.42202,-111.92257,2020-04-14,22:46:00
3662376,2020,Washington St,Priest Dr,0.0,Intersection 4 Way 202,2.0,0.0,Possible Injury,Angle - Other Than Left Turn 2,Daylight,Clear,Dry,56.0,Female,West,Going Straight Ahead,Disregarded Traffic Signal,No Apparent Influence,No Apparent Influence,39.0,Female,South,Going Straight Ahead,No Improper Action,No Apparent Influence,No Apparent Influence,33.44262,-111.95661,2020-04-15,00:43:00
3679992,2020,McKellips Rd,Hayden Rd,-50.0,Intersection Related Interchange,0.0,0.0,No Injury,Rear End,Daylight,Clear,Dry,19.0,Male,East,Going Straight Ahead,Speed To Fast For Conditions,No Apparent Influence,No Apparent Influence,64.0,Male,East,Stopped In Trafficway,No Improper Action,No Apparent Influence,No Apparent Influence,33.45126,-111.90946,2020-04-15,19:20:00
3661541,2020,Southern Ave,Priest Dr,-89.0,Intersection Related 206,0.0,0.0,No Injury,Rear End,Daylight,Clear,Dry,29.0,Male,East,Going Straight Ahead,Speed To Fast For Conditions,Alcohol,No Apparent Influence,33.0,Female,East,Stopped In Trafficway,No Improper Action,No Apparent Influence,No Apparent Influence,33.39288,-111.96106,2020-04-16,13:47:00
3661543,2020,Perry Ln,6th St,90.0,Driveway Or Alley,1.0,0.0,Suspected Minor Injury,Angle - Other Than Left Turn 2,Daylight,Clear,Dry,49.0,Male,East,Making Left Turn,Failed To Yield Right Of Way,No Apparent Influence,No Apparent Influence,31.0,Male,South,Going Straight Ahead,No Improper Action,No Apparent Influence,No Apparent Influence,33.42522,-111.90477,2020-04-16,18:35:00
3661542,2020,Baseline Rd,Priest Dr,0.0,Intersection 4 Way 202,0.0,0.0,No Injury,Angle - Other Than Left Turn 2,Daylight,Clear,Dry,28.0,Male,West,Going Straight Ahead,Disregarded Traffic Signal,No Apparent Influence,No Apparent Influence,31.0,Female,South,Going Straight Ahead,No Improper Action,No Apparent Influence,No Apparent Influence,33.37824,-111.96318,2020-04-17,22:42:00
3661535,2020,Broadway Rd,College Ave,0.0,Intersection 4 Way 202,0.0,0.0,No Injury,Angle - Other Than Left Turn 2,Daylight,Clear,Dry,26.0,Female,West,Going Straight Ahead,Disregarded Traffic Signal,No Apparent Influence,No Apparent Influence,71.0,Female,South,Going Straight Ahead,No Improper Action,No Apparent Influence,No Apparent Influence,33.40744,-111.93491,2020-04-20,19:02:00
3643445,2020,Rio Salado Pkwy,Price Rd,-200.0,Intersection Related 206,2.0,0.0,Suspected Minor Injury,Left Turn,Daylight,Clear,Dry,76.0,Male,South,Making Left Turn,Failed To Yield Right Of Way,No Apparent Influence,No Apparent Influence,22.0,Female,Southwest,Going Straight Ahead,No Improper Action,No Apparent Influence,No Apparent Influence,33.42937,-111.89248,2020-04-20,19:50:00
3642968,2020,Hardy Dr,Guadalupe Rd,0.0,Intersection Related 206,0.0,0.0,No Injury,Other,Daylight,Clear,Dry,51.0,Male,South,Making Left Turn,Other,No Apparent Influence,No Apparent Influence,39.0,Male,South,Stopped In Trafficway,No Improper Action,No Apparent Influence,No Apparent Influence,33.36369,-111.95453,2020-04-20,21:45:00
3662374,2020,Baseline Rd,Calle Los Cerros,0.0,Intersection 201,0.0,0.0,No Injury,Sideswipe Same Direction,Unknown 51,Unknown,Dry,40.0,Male,West,Going Straight Ahead,Unknown,No Apparent Influence,No Apparent Influence,42.0,Male,West,Going Straight Ahead,Unknown,No Apparent Influence,No Apparent Influence,33.37821,-111.97409,2020-04-21,00:04:00
3661538,2020,Priest Dr,Grove Pkwy,90.0,Not Junction Related,0.0,0.0,No Injury,Sideswipe Same Direction,Daylight,Clear,Dry,58.0,Male,South,Changing Lanes,Unsafe Lane Change,No Apparent Influence,No Apparent Influence,53.0,Female,South,Slowing In Trafficway,No Improper Action,No Apparent Influence,No Apparent Influence,33.35165,-111.96267,2020-04-21,19:26:00
3644305,2020,Baseline Rd,I-10 Exit 155 J1-Ramp,-50.0,Entrance Exit Ramp 205,0.0,0.0,No Injury,Sideswipe Same Direction,Daylight,Clear,Dry,26.0,Male,East,Making Left Turn,Failed To Keep In Proper Lane,No Apparent Influence,No Apparent Influence,30.0,Male,East,Making Left Turn,No Improper Action,No Apparent Influence,No Apparent Influence,33.3783,-111.96754,2020-04-21,20:38:00
3643616,2020,Price Rd,Rio Salado Pkwy,0.0,Intersection 4 Way 202,0.0,0.0,No Injury,Angle - Other Than Left Turn 2,Daylight,Clear,Dry,53.0,Male,North,Going Straight Ahead,Disregarded Traffic Signal,No Apparent Influence,No Apparent Influence,25.0,Female,Southwest,Going Straight Ahead,No Improper Action,No Apparent Influence,No Apparent Influence,33.42938,-111.89183,2020-04-22,22:17:00
3662396,2020,Elliot Rd,McClintock Dr,-30.0,Intersection Related 206,0.0,0.0,No Injury,Other,Daylight,Clear,Dry,52.0,Female,East,Backing,Other,No Apparent Influence,No Apparent Influence,51.0,Male,East,Stopped In Trafficway,No Improper Action,No Apparent Influence,No Apparent Influence,33.34913,-111.91129,2020-04-23,17:19:00
3661537,2020,Baseline Rd,Hardy Dr,0.0,Intersection 4 Way 202,1.0,0.0,Possible Injury,Left Turn,Daylight,Clear,Dry,77.0,Male,South,Making Left Turn,Failed To Yield Right Of Way,No Apparent Influence,No Apparent Influence,40.0,Male,East,Going Straight Ahead,No Improper Action,No Apparent Influence,No Apparent Influence,33.37821,-111.95251,2020-04-23,18:12:00
3662365,2020,Price Rd,Apache Blvd,0.0,Intersection 4 Way 202,1.0,0.0,Suspected Minor Injury,Angle - Other Than Left Turn 2,Daylight,Clear,Dry,29.0,Male,East,Going Straight Ahead,Disregarded Traffic Signal,No Apparent Influence,No Apparent Influence,30.0,Female,North,Going Straight Ahead,No Improper Action,No Apparent Influence,No Apparent Influence,33.41479,-111.89073,2020-04-24,22:42:00
3662395,2020,Warner Rd,Hardy Dr,-25.0,Intersection Related 206,1.0,0.0,Suspected Minor Injury,Rear End,Daylight,Clear,Dry,54.0,Female,East,Going Straight Ahead,Followed Too Closely,No Apparent Influence,No Apparent Influence,66.0,Female,East,Stopped In Trafficway,No Improper Action,No Apparent Influence,No Apparent Influence,33.33457,-111.95442,2020-04-25,00:04:00
3662379,2020,McClintock Dr,SR-202 Exit 8 J-Ramp,0.0,Intersection T Inter 203,2.0,0.0,Suspected Minor Injury,Left Turn,Daylight,Clear,Dry,21.0,Male,North,Making Left Turn,Failed To Yield Right Of Way,No Apparent Influence,No Apparent Influence,23.0,Male,South,Going Straight Ahead,No Improper Action,No Apparent Influence,No Apparent Influence,33.43662,-111.90962,2020-04-25,01:25:00
3662391,2020,Rural Rd,Guadalupe Rd,-30.0,Intersection Related 206,1.0,0.0,Suspected Minor Injury,Sideswipe Same Direction,Daylight,Clear,Dry,24.0,Male,East,Making Right Turn,Failed To Yield Right Of Way,No Apparent Influence,No Apparent Influence,22.0,Male,South,Going Straight Ahead,No Improper Action,No Apparent Influence,No Apparent Influence,33.36367,-111.9286,2020-04-25,18:25:00
3662394,2020,Rural Rd,Redondo Dr,35.0,Not Junction Related,1.0,0.0,Suspected Minor Injury,Rear End,Daylight,Clear,Dry,35.0,Male,South,Going Straight Ahead,Followed Too Closely,Alcohol,No Apparent Influence,35.0,Male,South,Slowing In Trafficway,Other,No Apparent Influence,No Apparent Influence,33.40488,-111.9263,2020-04-26,15:59:00
3662372,2020,University Dr,Dorsey Ln,0.0,Intersection 4 Way 202,2.0,0.0,Suspected Minor Injury,Left Turn,Daylight,Clear,Dry,29.0,Male,West,Making Left Turn,Failed To Yield Right Of Way,No Apparent Influence,No Apparent Influence,45.0,Male,East,Going Straight Ahead,No Improper Action,No Apparent Influence,No Apparent Influence,33.42202,-111.91769,2020-04-26,17:01:00
3662388,2020,1st St,52nd St,-40.0,Intersection Related 206,0.0,0.0,No Injury,Left Turn,Daylight,Clear,Dry,60.0,Male,North,Making Left Turn,Other,No Apparent Influence,No Apparent Influence,42.0,Female,East,Stopped In Trafficway,No Improper Action,No Apparent Influence,No Apparent Influence,33.42879,-111.96981,2020-04-26,22:26:00
3662371,2020,Broadway Rd,Roosevelt St,0.0,Intersection 4 Way 202,1.0,0.0,Possible Injury,Sideswipe Same Direction,Daylight,Clear,Dry,41.0,Male,West,Making Right Turn,Made Improper Turn,No Apparent Influence,No Apparent Influence,23.0,Male,West,Going Straight Ahead,No Improper Action,No Apparent Influence,No Apparent Influence,33.40738,-111.94785,2020-04-27,16:55:00
3662368,2020,Drake Dr,Harl Ave,0.0,Intersection 4 Way 202,1.0,0.0,Possible Injury,Angle - Other Than Left Turn 2,Daylight,Clear,Dry,23.0,Female,West,Going Straight Ahead,Failed To Yield Right Of Way,No Apparent Influence,No Apparent Influence,48.0,Male,South,Going Straight Ahead,No Improper Action,No Apparent Influence,No Apparent Influence,33.3551,-111.9665,2020-04-28,00:28:00
3664665,2020,Southern Ave,Price Rd Non-Cardinal,-145.0,Not Junction Related,0.0,0.0,No Injury,Sideswipe Same Direction,Daylight,Clear,Dry,26.0,Male,West,Changing Lanes,Unsafe Lane Change,No Apparent Influence,No Apparent Influence,62.0,Male,West,Going Straight Ahead,No Improper Action,No Apparent Influence,No Apparent Influence,33.39297,-111.8925,2020-04-29,21:17:00
3644907,2020,Baseline Rd,Price Rd,0.0,Intersection Related 206,0.0,0.0,No Injury,Rear End,Daylight,Clear,Dry,54.0,Male,Southwest,Going Straight Ahead,Speed To Fast For Conditions,No Apparent Influence,No Apparent Influence,45.0,Female,Southwest,Stopped In Trafficway,No Improper Action,No Apparent Influence,No Apparent Influence,33.37846,-111.89362,2020-04-30,13:39:00
3662457,2020,University Dr,Hardy Dr,224.0,Driveway Or Alley,2.0,0.0,Possible Injury,Rear End,Daylight,Clear,Dry,51.0,Female,East,Going Straight Ahead,Followed Too Closely,No Apparent Influence,No Apparent Influence,29.0,Female,East,Slowing In Trafficway,No Improper Action,No Apparent Influence,No Apparent Influence,33.42191,-111.95149,2020-05-01,14:37:00
3662451,2020,Baseline Rd,Mill Ave,-40.0,Intersection Related 206,1.0,0.0,Possible Injury,Sideswipe Same Direction,Daylight,Clear,Dry,23.0,Male,East,Changing Lanes,Unsafe Lane Change,No Apparent Influence,No Apparent Influence,23.0,Male,East,Going Straight Ahead,No Improper Action,No Apparent Influence,No Apparent Influence,33.37821,-111.9395,2020-05-01,15:16:00
3680339,2020,McKellips Rd,Scottsdale Rd,0.0,Intersection Related Interchange,0.0,0.0,No Injury,Sideswipe Same Direction,Daylight,Clear,Dry,49.0,Male,East,Going Straight Ahead,Failed To Keep In Proper Lane,No Apparent Influence,No Apparent Influence,82.0,Male,East,Going Straight Ahead,No Improper Action,No Apparent Influence,No Apparent Influence,33.45124,-111.92647,2020-05-01,19:23:00
3664672,2020,Broadway Rd,Dorsey Ln,-50.0,Intersection Related 206,0.0,0.0,No Injury,Rear End,Daylight,Clear,Dry,35.0,Female,East,Going Straight Ahead,Exceeded Lawful Speed,No Apparent Influence,No Apparent Influence,26.0,Female,East,Stopped In Trafficway,No Improper Action,No Apparent Influence,No Apparent Influence,33.40751,-111.91786,2020-05-01,19:46:00
3662459,2020,Baseline Rd,Rural Rd,88.0,Intersection Related 206,0.0,0.0,No Injury,Rear End,Daylight,Clear,Dry,30.0,Male,West,Going Straight Ahead,Speed To Fast For Conditions,Alcohol,No Apparent Influence,36.0,Female,West,Stopped In Trafficway,No Improper Action,No Apparent Influence,No Apparent Influence,33.37825,-111.9284,2020-05-02,00:43:00
3646011,2020,Southern Ave,Country Club Way,0.0,Intersection Related 206,0.0,0.0,No Injury,Rear End,Daylight,Clear,Dry,38.0,Female,Southwest,Slowing In Trafficway,Speed To Fast For Conditions,No Apparent Influence,No Apparent Influence,23.0,Male,Southwest,Stopped In Trafficway,No Improper Action,No Apparent Influence,No Apparent Influence,33.39298,-111.90056,2020-05-04,20:00:00
3664662,2020,Priest Dr,Broadway Rd,131.0,Intersection Related 206,1.0,0.0,Possible Injury,Rear End,Daylight,Clear,Dry,68.0,Male,South,Going Straight Ahead,Speed To Fast For Conditions,No Apparent Influence,No Apparent Influence,67.0,Male,South,Stopped In Trafficway,No Improper Action,No Apparent Influence,No Apparent Influence,33.40778,-111.96079,2020-05-04,23:39:00
3664684,2020,Butte Ave,Laguna Dr,0.0,Driveway Or Alley,2.0,0.0,Suspected Minor Injury,Left Turn,Daylight,Clear,Dry,22.0,Female,North,Making Left Turn,Failed To Yield Right Of Way,No Apparent Influence,No Apparent Influence,23.0,Male,North,Going Straight Ahead,No Improper Action,No Apparent Influence,No Apparent Influence,33.39063,-111.91142,2020-05-05,21:15:00
3664669,2020,Mill Ave,9th St,0.0,Intersection 4 Way 202,1.0,0.0,Possible Injury,Left Turn,Daylight,Clear,Dry,19.0,Male,North,Making Left Turn,Failed To Yield Right Of Way,No Apparent Influence,No Apparent Influence,49.0,Male,South,Going Straight Ahead,No Improper Action,No Apparent Influence,No Apparent Influence,33.42049,-111.93998,2020-05-05,22:32:00
3666722,2020,Rio Salado Pkwy,Smith Rd,0.0,Intersection T Inter 203,1.0,0.0,Possible Injury,Angle - Other Than Left Turn 2,Daylight,Clear,Dry,27.0,Female,West,Going Straight Ahead,Disregarded Traffic Signal,No Apparent Influence,No Apparent Influence,22.0,Female,North,Going Straight Ahead,No Improper Action,No Apparent Influence,No Apparent Influence,33.42928,-111.90046,2020-05-08,20:25:00
3666798,2020,University Dr,Rural Rd,0.0,Intersection 4 Way 202,0.0,0.0,No Injury,Left Turn,Dark Lighted,Clear,Dry,18.0,Male,Northwest,Making Left Turn,Unknown,No Apparent Influence,No Apparent Influence,21.0,Female,South,Going Straight Ahead,Unknown,No Apparent Influence,No Apparent Influence,33.42203,-111.92631,2020-05-10,06:25:00
3666801,2020,Baseline Rd,Arizona Mills S,154.0,Not Junction Related,0.0,0.0,No Injury,Angle - Other Than Left Turn 2,Dark Lighted,Clear,Dry,19.0,Female,South,Making Left Turn,Failed To Yield Right Of Way,No Apparent Influence,No Apparent Influence,20.0,Male,East,Going Straight Ahead,No Improper Action,No Apparent Influence,No Apparent Influence,33.37826,-111.96495,2020-05-10,08:11:00
3668606,2020,1st St,Farmer Ave,115.0,Railway Grade Crossing,0.0,0.0,No Injury,Other,Daylight,Clear,Dry,35.0,Male,East,Backing,Other,No Apparent Influence,No Apparent Influence,70.0,Male,East,Stopped In Trafficway,No Improper Action,No Apparent Influence,No Apparent Influence,33.42952,-111.94388,2020-05-11,16:28:00
3666728,2020,Broadway Rd,Priest Dr,0.0,Intersection 4 Way 202,0.0,0.0,No Injury,Rear End,Daylight,Clear,Dry,27.0,Male,East,Going Straight Ahead,Followed Too Closely,No Apparent Influence,No Apparent Influence,37.0,Female,East,Stopped In Trafficway,No Improper Action,No Apparent Influence,No Apparent Influence,33.40742,-111.96078,2020-05-12,20:18:00
3666726,2020,Rio Salado Pkwy,Price Rd,0.0,Intersection 4 Way 202,1.0,0.0,Suspected Minor Injury,Angle - Other Than Left Turn 2,Daylight,Clear,Dry,60.0,Female,East,Going Straight Ahead,Disregarded Traffic Signal,No Apparent Influence,No Apparent Influence,74.0,Male,North,Making Left Turn,No Improper Action,No Apparent Influence,No Apparent Influence,33.42931,-111.89026,2020-05-12,21:01:00
3668608,2020,Elliot Rd,Harl Ave,0.0,Intersection 4 Way 202,0.0,0.0,No Injury,Left Turn,Daylight,Clear,Dry,37.0,Male,East,Making Left Turn,Failed To Yield Right Of Way,No Apparent Influence,No Apparent Influence,41.0,Female,West,Going Straight Ahead,No Improper Action,No Apparent Influence,No Apparent Influence,33.34908,-111.96593,2020-05-13,13:52:00
3667256,2020,Apache Blvd,Price Rd,0.0,Intersection 4 Way 202,0.0,0.0,No Injury,Angle - Other Than Left Turn 2,Daylight,Clear,Dry,66.0,Male,West,Going Straight Ahead,Disregarded Traffic Signal,No Apparent Influence,No Apparent Influence,23.0,Male,South,Going Straight Ahead,No Improper Action,No Apparent Influence,No Apparent Influence,33.4148,-111.89195,2020-05-13,16:45:00
3666601,2020,Kyrene Rd,Vaughn St,0.0,Intersection T Inter 203,1.0,0.0,Possible Injury,Rear End,Daylight,Clear,Dry,51.0,Female,Northwest,Going Straight Ahead,Followed Too Closely,No Apparent Influence,No Apparent Influence,67.0,Male,Northwest,Stopped In Trafficway,No Improper Action,No Apparent Influence,No Apparent Influence,33.36147,-111.94588,2020-05-14,19:50:00
3666603,2020,McClintock Dr,Broadway Rd,30.0,Intersection Related 206,0.0,0.0,No Injury,Rear End,Daylight,Clear,Dry,18.0,Female,South,Going Straight Ahead,Speed To Fast For Conditions,No Apparent Influence,No Apparent Influence,36.0,Female,South,Stopped In Trafficway,No Improper Action,No Apparent Influence,No Apparent Influence,33.40758,-111.90912,2020-05-15,13:49:00
3680448,2020,Hayden Rd,McKellips Rd,0.0,Intersection Non Interchange,0.0,0.0,No Injury,Angle - Other Than Left Turn 2,Daylight,Clear,Dry,59.0,Female,East,Going Straight Ahead,Failed To Yield Right Of Way,No Apparent Influence,No Apparent Influence,58.0,Male,South,Going Straight Ahead,No Improper Action,No Apparent Influence,No Apparent Influence,33.45126,-111.9093,2020-05-15,16:30:00
3666600,2020,McClintock Dr,Hayden Ln,0.0,Intersection T Inter 203,2.0,0.0,Suspected Minor Injury,Angle - Other Than Left Turn 2,Daylight,Clear,Dry,20.0,Female,West,Making Left Turn,Other,No Apparent Influence,No Apparent Influence,45.0,Female,North,Going Straight Ahead,No Improper Action,No Apparent Influence,No Apparent Influence,33.41898,-111.9091,2020-05-15,17:08:00
3666615,2020,Rural Rd,6th St,-30.0,Intersection Related 206,0.0,0.0,No Injury,Rear End,Daylight,Clear,Dry,23.0,Male,North,Going Straight Ahead,Followed Too Closely,No Apparent Influence,No Apparent Influence,26.0,Male,North,Stopped In Trafficway,No Improper Action,No Apparent Influence,No Apparent Influence,33.42442,-111.9263,2020-05-15,18:21:00
3666773,2020,Mill Ave,US-60 Exit 173 G-Ramp,-30.0,Intersection Related 206,0.0,0.0,No Injury,Sideswipe Same Direction,Daylight,Clear,Dry,44.0,Male,North,Going Straight Ahead,Other,No Apparent Influence,Drugs,18.0,Female,North,Stopped In Trafficway,No Improper Action,No Apparent Influence,No Apparent Influence,33.38503,-111.93947,2020-05-15,19:26:00