Incident_ID,Year,Street_Name,Cross_Street,Distance,Junction_Relation,Total_Injuries,Total_Fatalities,Injury_Severity,Collision_Manner,Light_Condition,Weather,Surface_Condition,Age_1,Gender_1,Travel_One,UnitAction_One,Violation1_Drv1,AlcoholUse_ 1,DrugUse_1,Age_2,Gender_2,TravelDirection_2,UnitAction_2,Violation_2,AlcoholUse_2,DrugUse_2,Latitude,Longitude,Date,Time
3666602,2020,Guadalupe Rd,McClintock Dr,-148.0,Intersection Related 206,0.0,0.0,No Injury,Rear End,Daylight,Clear,Dry,20.0,Female,East,Going Straight Ahead,Speed To Fast For Conditions,No Apparent Influence,No Apparent Influence,27.0,Male,East,Stopped In Trafficway,No Improper Action,No Apparent Influence,No Apparent Influence,33.36377,-111.91174,2020-05-15,23:01:00
3666727,2020,La Jolla Dr,La Corta Dr,40.0,Driveway Or Alley,0.0,0.0,No Injury,Sideswipe Same Direction,Dusk,Clear,Dry,51.0,Male,West,Going Straight Ahead,Other,No Apparent Influence,No Apparent Influence,27.0,Male,West,Making Right Turn,No Improper Action,No Apparent Influence,No Apparent Influence,33.38898,-111.93253,2020-05-16,01:18:00
3667244,2020,McClintock Dr,SR-202 Exit 8 J-Ramp,0.0,Intersection T Inter 203,0.0,0.0,No Injury,Left Turn,Daylight,Clear,Dry,21.0,Female,North,Making Left Turn,Failed To Yield Right Of Way,No Apparent Influence,No Apparent Influence,37.0,Female,South,Going Straight Ahead,No Improper Action,No Apparent Influence,No Apparent Influence,33.43662,-111.90962,2020-05-16,01:20:00
3667242,2020,Baseline Rd,Darrow Dr,0.0,Intersection 4 Way 202,1.0,0.0,Suspected Minor Injury,Left Turn,Dark Lighted,Clear,Dry,56.0,Male,East,Making Left Turn,Failed To Yield Right Of Way,No Apparent Influence,No Apparent Influence,67.0,Female,West,Going Straight Ahead,No Improper Action,No Apparent Influence,No Apparent Influence,33.37824,-111.96113,2020-05-16,05:18:00
3666802,2020,Rural Rd,Guadalupe Rd,0.0,Intersection 4 Way 202,1.0,0.0,Possible Injury,Left Turn,Daylight,Clear,Dry,29.0,Male,Northwest,Making Left Turn,Failed To Yield Right Of Way,Alcohol,No Apparent Influence,56.0,Female,South,Going Straight Ahead,No Improper Action,No Apparent Influence,No Apparent Influence,33.36375,-111.92861,2020-05-16,15:35:00
3667257,2020,Hardy Dr,Elliot Rd,-30.0,Intersection Related 206,2.0,0.0,Possible Injury,Rear End,Daylight,Clear,Dry,27.0,Male,North,Going Straight Ahead,Followed Too Closely,No Apparent Influence,No Apparent Influence,33.0,Female,North,Stopped In Trafficway,No Improper Action,No Apparent Influence,No Apparent Influence,33.34907,-111.95447,2020-05-16,19:46:00
3666627,2020,McClintock Dr,University Dr,30.0,Intersection Related 206,0.0,0.0,No Injury,Rear End,Daylight,Clear,Dry,28.0,Male,South,Going Straight Ahead,Speed To Fast For Conditions,No Apparent Influence,No Apparent Influence,43.0,Male,South,Stopped In Trafficway,No Improper Action,No Apparent Influence,No Apparent Influence,33.42206,-111.90909,2020-05-16,21:07:00
3667268,2020,Price Rd,E Howe Ave,0.0,Intersection T Inter 203,1.0,0.0,Suspected Minor Injury,Other,Daylight,Clear,Dry,90.0,Male,East,Making Right Turn,Failed To Yield Right Of Way,No Apparent Influence,No Apparent Influence,61.0,Male,South,Going Straight Ahead,No Improper Action,Alcohol,No Apparent Influence,33.41661,-111.89194,2020-05-17,00:42:00
3668574,2020,Guadalupe Rd,Lakeshore Dr,0.0,Intersection 4 Way 202,0.0,0.0,No Injury,Angle - Other Than Left Turn 2,Daylight,Clear,Dry,17.0,Male,West,Going Straight Ahead,Disregarded Traffic Signal,No Apparent Influence,No Apparent Influence,26.0,Female,South,Going Straight Ahead,No Improper Action,No Apparent Influence,No Apparent Influence,33.36376,-111.91991,2020-05-17,01:55:00
3666613,2020,Arizona Mills Cir,Arizona Mills Access N,83.0,Not Junction Related,0.0,0.0,No Injury,Rear End,Daylight,Clear,Dry,20.0,Male,East,Going Straight Ahead,Speed To Fast For Conditions,No Apparent Influence,No Apparent Influence,46.0,Male,East,Slowing In Trafficway,No Improper Action,No Apparent Influence,No Apparent Influence,33.38636,-111.96204,2020-05-17,19:00:00
3668605,2020,Mill Ave,11th St,0.0,Intersection 4 Way 202,0.0,0.0,No Injury,Angle - Other Than Left Turn 2,Daylight,Clear,Dry,57.0,Male,South,Making Left Turn,Made Improper Turn,No Apparent Influence,No Apparent Influence,37.0,Female,South,Going Straight Ahead,No Improper Action,No Apparent Influence,No Apparent Influence,33.41764,-111.93994,2020-05-18,12:43:00
3666612,2020,Scottsdale Rd,Gilbert Dr,0.0,Intersection 4 Way 202,0.0,0.0,No Injury,Left Turn,Daylight,Clear,Dry,15.0,Female,North,Making Left Turn,Failed To Yield Right Of Way,No Apparent Influence,No Apparent Influence,56.0,Male,South,Going Straight Ahead,No Improper Action,No Apparent Influence,No Apparent Influence,33.43756,-111.92628,2020-05-18,21:39:00
3666625,2020,Dorsey Ln,University Dr,0.0,Intersection 4 Way 202,0.0,0.0,No Injury,Left Turn,Dark Lighted,Clear,Dry,22.0,Male,North,Making Left Turn,Failed To Yield Right Of Way,No Apparent Influence,No Apparent Influence,20.0,Female,South,Going Straight Ahead,No Improper Action,No Apparent Influence,No Apparent Influence,33.42202,-111.91769,2020-05-19,04:00:00
3666621,2020,McClintock Dr,Guadalupe Rd,112.0,Intersection Related 206,1.0,0.0,Suspected Minor Injury,Rear End,Daylight,Clear,Dry,40.0,Female,South,Going Straight Ahead,Followed Too Closely,No Apparent Influence,No Apparent Influence,34.0,Male,South,Stopped In Trafficway,No Improper Action,No Apparent Influence,No Apparent Influence,33.36407,-111.91126,2020-05-19,20:46:00
3666614,2020,Priest Dr,Caroline Ln,0.0,Intersection T Inter 203,2.0,0.0,Suspected Minor Injury,Left Turn,Daylight,Clear,Dry,43.0,Male,West,Making Left Turn,Failed To Yield Right Of Way,No Apparent Influence,No Apparent Influence,23.0,Female,North,Going Straight Ahead,No Improper Action,No Apparent Influence,No Apparent Influence,33.32979,-111.96312,2020-05-20,00:43:00
3666606,2020,Scottsdale Rd,SR-202 Exit 7 T-Ramp,0.0,Intersection 201,0.0,0.0,No Injury,Sideswipe Same Direction,Daylight,Clear,Dry,22.0,Male,South,Making Right Turn,Failed To Yield Right Of Way,No Apparent Influence,No Apparent Influence,54.0,Female,South,Making Left Turn,No Improper Action,No Apparent Influence,No Apparent Influence,33.43544,-111.92626,2020-05-20,13:35:00
3667254,2020,Rural Rd,Geneva Dr,-50.0,Intersection Related 206,0.0,0.0,No Injury,Sideswipe Same Direction,Daylight,Clear,Dry,33.0,Male,South,Going Straight Ahead,Unknown,No Apparent Influence,No Apparent Influence,37.0,Male,South,Going Straight Ahead,Unknown,No Apparent Influence,No Apparent Influence,33.39485,-111.92633,2020-05-20,18:32:00
3667266,2020,Priest Dr,Caroline Ln,-213.0,Driveway Or Alley,0.0,0.0,No Injury,Angle - Other Than Left Turn 2,Daylight,Clear,Dry,37.0,Male,East,Making Right Turn,Other,No Apparent Influence,No Apparent Influence,45.0,Male,East,Making Right Turn,No Improper Action,No Apparent Influence,No Apparent Influence,33.3292,-111.96312,2020-05-20,19:33:00
3668602,2020,Ash Ave,Rio Salado Pkwy,0.0,Intersection 201,0.0,0.0,No Injury,Sideswipe Same Direction,Daylight,Clear,Wet,24.0,Female,North,Slowing In Trafficway,Failed To Yield Right Of Way,No Apparent Influence,No Apparent Influence,22.0,Male,East,Going Straight Ahead,No Improper Action,No Apparent Influence,No Apparent Influence,33.43154,-111.94341,2020-05-20,20:17:00
3670703,2020,La Jolla Dr,McClintock Dr,50.0,Intersection Related 206,0.0,0.0,No Injury,Rear End,Daylight,Clear,Dry,21.0,Male,East,Backing,Other,No Apparent Influence,No Apparent Influence,17.0,Female,West,Stopped In Trafficway,No Improper Action,No Apparent Influence,No Apparent Influence,33.38965,-111.909,2020-05-20,20:51:00
3666803,2020,Rural Rd,Elliot Rd,0.0,Intersection 4 Way 202,2.0,0.0,Suspected Minor Injury,Left Turn,Daylight,Clear,Dry,27.0,Female,North,Making Left Turn,Failed To Yield Right Of Way,No Apparent Influence,No Apparent Influence,18.0,Male,South,Going Straight Ahead,No Improper Action,No Apparent Influence,No Apparent Influence,33.34919,-111.92848,2020-05-20,22:31:00
3667258,2020,8th St,Rural Rd,25.0,Intersection Related 206,2.0,0.0,Possible Injury,Rear End,Daylight,Clear,Dry,22.0,Male,West,Going Straight Ahead,Followed Too Closely,No Apparent Influence,No Apparent Influence,30.0,Female,West,Stopped In Trafficway,No Improper Action,No Apparent Influence,No Apparent Influence,33.42099,-111.92623,2020-05-20,22:47:00
3667253,2020,University Dr,Mill Ave,0.0,Intersection 4 Way 202,1.0,0.0,Suspected Minor Injury,Left Turn,Daylight,Clear,Dry,24.0,Male,West,Making Left Turn,Failed To Yield Right Of Way,No Apparent Influence,No Apparent Influence,21.0,Female,East,Going Straight Ahead,No Improper Action,No Apparent Influence,No Apparent Influence,33.42193,-111.94002,2020-05-21,01:24:00
3667252,2020,Rural Rd,Broadway Rd,-30.0,Intersection Related 206,0.0,0.0,No Injury,Sideswipe Same Direction,Daylight,Clear,Dry,19.0,Male,North,Changing Lanes,Unsafe Lane Change,No Apparent Influence,No Apparent Influence,20.0,Male,North,Going Straight Ahead,No Improper Action,No Apparent Influence,No Apparent Influence,33.40742,-111.92628,2020-05-21,17:14:00
3666800,2020,Scottsdale Rd,Playa Del Norte Dr,-142.0,Intersection Related 206,1.0,0.0,Possible Injury,Rear End,Daylight,Clear,Dry,25.0,Female,North,Going Straight Ahead,Followed Too Closely,No Apparent Influence,No Apparent Influence,25.0,Male,North,Going Straight Ahead,No Improper Action,No Apparent Influence,No Apparent Influence,33.43364,-111.92627,2020-05-21,21:57:00
3667250,2020,Southern Ave,Rural Rd,40.0,Intersection Related 206,0.0,0.0,No Injury,Sideswipe Same Direction,Daylight,Clear,Dry,91.0,Male,West,Changing Lanes,Unsafe Lane Change,No Apparent Influence,No Apparent Influence,64.0,Female,West,Stopped In Trafficway,No Improper Action,No Apparent Influence,No Apparent Influence,33.39296,-111.92619,2020-05-21,23:09:00
3667249,2020,Southern Ave,Rural Rd,0.0,Intersection 4 Way 202,0.0,0.0,No Injury,Left Turn,Daylight,Clear,Dry,22.0,Female,East,Making Left Turn,Failed To Yield Right Of Way,No Apparent Influence,No Apparent Influence,17.0,Male,West,Going Straight Ahead,No Improper Action,No Apparent Influence,No Apparent Influence,33.39296,-111.92633,2020-05-21,23:40:00
3667259,2020,Rural Rd,Minton Dr,30.0,Intersection Related 206,1.0,0.0,Suspected Minor Injury,Rear End,Daylight,Clear,Dry,27.0,Female,South,Going Straight Ahead,Followed Too Closely,No Apparent Influence,No Apparent Influence,62.0,Female,South,Slowing In Trafficway,No Improper Action,No Apparent Influence,No Apparent Influence,33.37997,-111.92839,2020-05-22,17:20:00
3667247,2020,Hardy Dr,University Dr,-137.0,Intersection Related 206,0.0,0.0,No Injury,Rear End,Daylight,Clear,Dry,24.0,Female,North,Going Straight Ahead,Followed Too Closely,No Apparent Influence,No Apparent Influence,49.0,Male,North,Stopped In Trafficway,No Improper Action,No Apparent Influence,No Apparent Influence,33.42153,-111.95222,2020-05-22,18:26:00
3667260,2020,Southern Ave,Priest Dr,0.0,Intersection 4 Way 202,0.0,0.0,No Injury,Angle - Other Than Left Turn 2,Daylight,Clear,Dry,20.0,Male,West,Going Straight Ahead,Disregarded Traffic Signal,No Apparent Influence,No Apparent Influence,21.0,Female,North,Going Straight Ahead,No Improper Action,No Apparent Influence,No Apparent Influence,33.39288,-111.96077,2020-05-22,19:47:00
3668622,2020,McClintock Dr,Baseline Rd,35.0,Intersection Related 206,1.0,0.0,Possible Injury,Rear End,Daylight,Clear,Dry,38.0,Male,South,Stopped In Trafficway,Other,No Apparent Influence,No Apparent Influence,68.0,Female,South,Going Straight Ahead,Followed Too Closely,No Apparent Influence,No Apparent Influence,33.37852,-111.90926,2020-05-23,22:54:00
3668586,2020,McClintock Dr,Baseline Rd,0.0,Intersection 4 Way 202,1.0,0.0,Suspected Minor Injury,Rear End,Dark Lighted,Clear,Dry,18.0,Female,South,Making Left Turn,Followed Too Closely,No Apparent Influence,No Apparent Influence,19.0,Male,South,Making Left Turn,No Improper Action,No Apparent Influence,No Apparent Influence,33.37842,-111.90926,2020-05-24,03:49:00
3670695,2020,Rural Rd,Terrace Rd,-47.0,Intersection Related 206,0.0,0.0,No Injury,Rear End,Dark Lighted,Clear,Dry,30.0,Female,North,Going Straight Ahead,Speed To Fast For Conditions,No Apparent Influence,No Apparent Influence,19.0,Male,North,Stopped In Trafficway,No Improper Action,No Apparent Influence,No Apparent Influence,33.42015,-111.9263,2020-05-24,06:34:00
3670725,2020,Apache Blvd,Terrace Rd,104.0,Intersection Related 206,0.0,0.0,No Injury,Rear End,Dark Lighted,Clear,Dry,40.0,Male,West,Going Straight Ahead,Speed To Fast For Conditions,Alcohol,No Apparent Influence,21.0,Male,West,Stopped In Trafficway,No Improper Action,No Apparent Influence,No Apparent Influence,33.41477,-111.92009,2020-05-24,07:50:00
3667248,2020,Price Rd,Elliot Rd,0.0,Intersection 4 Way 202,2.0,0.0,Suspected Minor Injury,Angle - Other Than Left Turn 2,Daylight,Clear,Dry,46.0,Female,West,Going Straight Ahead,Disregarded Traffic Signal,No Apparent Influence,No Apparent Influence,69.0,Male,South,Going Straight Ahead,No Improper Action,No Apparent Influence,No Apparent Influence,33.34934,-111.89437,2020-05-24,19:15:00
3670693,2020,Apache Blvd,Price Rd,0.0,Intersection 201,0.0,0.0,No Injury,Angle - Other Than Left Turn 2,Daylight,Clear,Dry,34.0,Female,South,Going Straight Ahead,Unknown,No Apparent Influence,No Apparent Influence,24.0,Male,West,Going Straight Ahead,Unknown,No Apparent Influence,No Apparent Influence,33.4148,-111.89195,2020-05-25,14:44:00
3670708,2020,Priest Dr,Alameda Dr,-30.0,Intersection 4 Way 202,2.0,0.0,Possible Injury,Rear End,Daylight,Clear,Dry,39.0,Male,North,Going Straight Ahead,Speed To Fast For Conditions,No Apparent Influence,No Apparent Influence,21.0,Male,North,Stopped In Trafficway,No Improper Action,No Apparent Influence,No Apparent Influence,33.40006,-111.96077,2020-05-25,20:11:00
3670709,2020,Priest Dr,3rd St,-140.0,Intersection Related 206,1.0,0.0,Possible Injury,Rear End,Daylight,Clear,Dry,39.0,Female,North,Going Straight Ahead,Speed To Fast For Conditions,No Apparent Influence,No Apparent Influence,19.0,Male,North,Slowing In Trafficway,No Improper Action,No Apparent Influence,No Apparent Influence,33.42692,-111.96096,2020-05-26,20:39:00
3667264,2020,Broadway Rd,River Dr,-218.0,Intersection Related 206,1.0,0.0,Possible Injury,Rear End,Daylight,Clear,Dry,48.0,Male,East,Going Straight Ahead,Speed To Fast For Conditions,No Apparent Influence,No Apparent Influence,48.0,Male,East,Stopped In Trafficway,No Improper Action,No Apparent Influence,No Apparent Influence,33.4075,-111.89846,2020-05-26,22:37:00
3667245,2020,Alexander Blvd,La Rosa Dr,0.0,Intersection T Inter 203,1.0,0.0,Possible Injury,Left Turn,Daylight,Clear,Dry,23.0,Female,South,Making Left Turn,Failed To Yield Right Of Way,No Apparent Influence,No Apparent Influence,57.0,Female,West,Going Straight Ahead,No Improper Action,No Apparent Influence,No Apparent Influence,33.32351,-111.93166,2020-05-27,00:53:00
3668612,2020,Broadway Rd,Kachina Dr,-50.0,Unknown,1.0,0.0,Suspected Minor Injury,Sideswipe Same Direction,Daylight,Clear,Dry,60.0,Male,West,Unknown,Unknown,No Apparent Influence,No Apparent Influence,63.0,Female,West,Unknown,Unknown,No Apparent Influence,No Apparent Influence,33.4075,-111.90688,2020-05-27,15:19:00
3670722,2020,Broadway Rd,I-10 Cardinal Frontage,0.0,Intersection 4 Way 202,0.0,0.0,No Injury,Angle - Other Than Left Turn 2,Daylight,Clear,Dry,38.0,Female,West,Going Straight Ahead,Disregarded Traffic Signal,No Apparent Influence,No Apparent Influence,21.0,Male,South,Making Left Turn,No Improper Action,No Apparent Influence,No Apparent Influence,33.40845,-111.9736,2020-05-28,12:51:00
3668618,2020,University Dr,Price Rd,-80.0,Intersection Related 206,0.0,0.0,No Injury,Rear End,Daylight,Clear,Dry,41.0,Male,West,Going Straight Ahead,Speed To Fast For Conditions,No Apparent Influence,No Apparent Influence,64.0,Male,West,Stopped In Trafficway,No Improper Action,No Apparent Influence,No Apparent Influence,33.42201,-111.89057,2020-05-28,15:42:00
3670679,2020,Broadway Rd,Priest Dr,-35.0,Intersection Related 206,0.0,0.0,No Injury,Rear End,Daylight,Clear,Dry,29.0,Male,East,Going Straight Ahead,Followed Too Closely,Alcohol,No Apparent Influence,33.0,Female,East,Stopped In Trafficway,No Improper Action,No Apparent Influence,No Apparent Influence,33.40742,-111.9609,2020-05-28,19:23:00
3670697,2020,Broadway Rd,55th St,-30.0,Intersection Related 206,0.0,0.0,No Injury,Rear End,Daylight,Clear,Dry,29.0,Male,West,Going Straight Ahead,Followed Too Closely,Alcohol,No Apparent Influence,37.0,Male,West,Stopped In Trafficway,No Improper Action,No Apparent Influence,No Apparent Influence,33.4076,-111.96592,2020-05-28,19:23:00
3670684,2020,University Dr,Rural Rd,-96.0,Intersection Related 206,0.0,0.0,No Injury,Rear End,Daylight,Clear,Dry,33.0,Male,West,Backing,Other,No Apparent Influence,No Apparent Influence,26.0,Male,East,Stopped In Trafficway,No Improper Action,No Apparent Influence,No Apparent Influence,33.42203,-111.92663,2020-05-28,20:15:00
3668620,2020,Baseline Rd,Lakeshore Dr,0.0,Intersection 4 Way 202,1.0,0.0,Possible Injury,Angle - Other Than Left Turn 2,Daylight,Clear,Dry,75.0,Female,East,Going Straight Ahead,Other,No Apparent Influence,No Apparent Influence,49.0,Female,South,Going Straight Ahead,No Improper Action,No Apparent Influence,No Apparent Influence,33.37832,-111.9205,2020-05-28,20:51:00
3678328,2020,Baseline Rd,Price Rd,0.0,Intersection Related 206,1.0,0.0,Possible Injury,Angle - Other Than Left Turn 2,Dawn,Clear,Dry,46.0,Male,West,Going Straight Ahead,Unknown,No Apparent Influence,No Apparent Influence,31.0,Female,South,Going Straight Ahead,Unknown,No Apparent Influence,No Apparent Influence,33.37846,-111.89362,2020-05-29,13:33:00
3668592,2020,Rural Rd,Guadalupe Rd,-88.0,Intersection Related 206,0.0,0.0,No Injury,Rear End,Daylight,Clear,Dry,78.0,Female,North,Going Straight Ahead,Followed Too Closely,No Apparent Influence,No Apparent Influence,26.0,Male,North,Stopped In Trafficway,No Improper Action,No Apparent Influence,No Apparent Influence,33.36351,-111.9286,2020-05-29,16:23:00
3668621,2020,Rural Rd,6th St,200.0,Not Junction Related,0.0,0.0,No Injury,Sideswipe Same Direction,Daylight,Clear,Dry,62.0,Female,North,Changing Lanes,Unknown,No Apparent Influence,No Apparent Influence,40.0,Male,North,Going Straight Ahead,Unknown,No Apparent Influence,No Apparent Influence,33.42505,-111.9263,2020-05-29,17:10:00
3668619,2020,Rural Rd,University Dr,0.0,Intersection Related 206,0.0,0.0,No Injury,Angle - Other Than Left Turn 2,Daylight,Clear,Dry,58.0,Male,North,Going Straight Ahead,Unknown,No Apparent Influence,No Apparent Influence,32.0,Male,West,Making Right Turn,Unknown,No Apparent Influence,No Apparent Influence,33.42203,-111.92631,2020-05-29,17:50:00
3668567,2020,Kenwood Ln,Colgate Dr,0.0,Intersection 4 Way 202,1.0,0.0,Suspected Minor Injury,Angle - Other Than Left Turn 2,Daylight,Clear,Dry,33.0,Male,West,Going Straight Ahead,Failed To Yield Right Of Way,No Apparent Influence,No Apparent Influence,32.0,Male,South,Going Straight Ahead,No Improper Action,No Apparent Influence,No Apparent Influence,33.37546,-111.90279,2020-05-29,20:09:00
3670685,2020,Guadalupe Rd,Lakeshore Dr,0.0,Intersection 4 Way 202,1.0,0.0,Suspected Minor Injury,Left Turn,Daylight,Clear,Dry,16.0,Female,East,Going Straight Ahead,Disregarded Traffic Signal,No Apparent Influence,No Apparent Influence,43.0,Male,North,Making Left Turn,No Improper Action,No Apparent Influence,No Apparent Influence,33.36376,-111.91991,2020-05-29,21:32:00
3668603,2020,Scottsdale Rd,Playa Del Norte Dr,0.0,Intersection 4 Way 202,0.0,0.0,No Injury,Angle - Other Than Left Turn 2,Daylight,Clear,Dry,18.0,Female,North,Going Straight Ahead,Disregarded Traffic Signal,No Apparent Influence,No Apparent Influence,28.0,Male,East,Making Left Turn,No Improper Action,No Apparent Influence,No Apparent Influence,33.43403,-111.92626,2020-05-29,22:26:00
3668595,2020,McClintock Dr,Guadalupe Rd,0.0,Intersection 4 Way 202,1.0,0.0,Possible Injury,Left Turn,Daylight,Clear,Dry,20.0,Male,Northwest,Making Left Turn,Failed To Yield Right Of Way,No Apparent Influence,No Apparent Influence,49.0,Female,South,Going Straight Ahead,No Improper Action,No Apparent Influence,No Apparent Influence,33.36376,-111.91126,2020-05-29,23:13:00
3671691,2020,Broadway Rd,Price Rd,0.0,Intersection 4 Way 202,0.0,0.0,No Injury,Left Turn,Dark Lighted,Clear,Dry,66.0,Male,West,Going Straight Ahead,Disregarded Traffic Signal,No Apparent Influence,No Apparent Influence,24.0,Male,North,Making Left Turn,No Improper Action,No Apparent Influence,No Apparent Influence,33.40748,-111.89033,2020-05-30,03:45:00
3668570,2020,10th Pl,Edward Dr,0.0,Intersection T Inter 203,0.0,0.0,No Injury,Sideswipe Same Direction,Daylight,Clear,Dry,34.0,Male,East,Making Right Turn,Unknown,No Apparent Influence,No Apparent Influence,17.0,Male,East,Going Straight Ahead,No Improper Action,No Apparent Influence,No Apparent Influence,33.41754,-111.96621,2020-05-30,17:09:00
3668568,2020,Broadway Rd,Elm St,34.0,Intersection T Inter 203,2.0,0.0,Suspected Minor Injury,Rear End,Daylight,Clear,Dry,25.0,Female,West,Changing Lanes,Speed To Fast For Conditions,No Apparent Influence,No Apparent Influence,37.0,Male,West,Making Right Turn,No Improper Action,No Apparent Influence,No Apparent Influence,33.40751,-111.91313,2020-05-31,18:20:00
3668571,2020,Southern Ave,Butte Ave,0.0,Intersection 4 Way 202,0.0,0.0,No Injury,Angle - Other Than Left Turn 2,Daylight,Clear,Dry,27.0,Male,West,Going Straight Ahead,Disregarded Traffic Signal,No Apparent Influence,No Apparent Influence,64.0,Male,South,Making Left Turn,No Improper Action,No Apparent Influence,No Apparent Influence,33.39299,-111.91141,2020-05-31,19:20:00
3668569,2020,Broadway Rd,Dorsey Ln,0.0,Intersection 4 Way 202,2.0,0.0,Suspected Minor Injury,Angle - Other Than Left Turn 2,Daylight,Clear,Dry,62.0,Male,East,Going Straight Ahead,Disregarded Traffic Signal,No Apparent Influence,No Apparent Influence,21.0,Female,North,Going Straight Ahead,No Improper Action,No Apparent Influence,No Apparent Influence,33.40751,-111.9177,2020-06-01,17:10:00
3668772,2020,Rural Rd,8th St,-102.0,Intersection Related 206,1.0,0.0,Possible Injury,Rear End,Daylight,Clear,Dry,19.0,Male,North,Going Straight Ahead,Speed To Fast For Conditions,No Apparent Influence,No Apparent Influence,37.0,Male,North,Stopped In Trafficway,No Improper Action,No Apparent Influence,No Apparent Influence,33.42072,-111.9263,2020-06-01,20:45:00
3668598,2020,Price Rd,Southern Ave,118.0,Intersection Related 206,0.0,0.0,No Injury,Sideswipe Same Direction,Daylight,Clear,Dry,21.0,Female,West,Going Straight Ahead,Disregarded Traffic Signal,No Apparent Influence,No Apparent Influence,19.0,Male,North,Going Straight Ahead,Disregarded Traffic Signal,No Apparent Influence,No Apparent Influence,33.39328,-111.89203,2020-06-01,21:04:00
3668599,2020,Priest Dr,Auto Dr,0.0,Intersection 4 Way 202,1.0,0.0,Suspected Minor Injury,Left Turn,Daylight,Clear,Dry,54.0,Male,North,Going Straight Ahead,Disregarded Traffic Signal,No Apparent Influence,No Apparent Influence,21.0,Female,West,Making Left Turn,No Improper Action,No Apparent Influence,No Apparent Influence,33.34548,-111.96315,2020-06-01,22:55:00
3668566,2020,Price Rd,University Dr,90.0,Intersection Related 206,1.0,0.0,Possible Injury,Sideswipe Same Direction,Daylight,Clear,Dry,19.0,Female,South,Unknown,Unknown,No Apparent Influence,No Apparent Influence,37.0,Female,South,Unknown,Unknown,No Apparent Influence,No Apparent Influence,33.42226,-111.89195,2020-06-01,23:16:00
3668616,2020,Scottsdale Rd,Continental Dr,-150.0,Driveway Or Alley,0.0,0.0,No Injury,Angle - Other Than Left Turn 2,Daylight,Clear,Dry,58.0,Male,East,Making Right Turn,Other,No Apparent Influence,No Apparent Influence,58.0,Male,East,Making Right Turn,Other,No Apparent Influence,No Apparent Influence,33.45808,-111.92636,2020-06-01,23:34:00
3670686,2020,48th St,Southern Ave,-30.0,Intersection Related 206,1.0,0.0,Suspected Minor Injury,Rear End,Daylight,Clear,Dry,33.0,Female,North,Going Straight Ahead,Followed Too Closely,No Apparent Influence,No Apparent Influence,29.0,Female,North,Stopped In Trafficway,No Improper Action,No Apparent Influence,No Apparent Influence,33.39268,-111.97834,2020-06-02,01:15:00
3670721,2020,Broadway Rd,Beck Ave,220.0,Intersection Related 206,1.0,0.0,Suspected Minor Injury,Rear End,Daylight,Clear,Dry,25.0,Male,West,Going Straight Ahead,Followed Too Closely,No Apparent Influence,No Apparent Influence,53.0,Male,West,Stopped In Trafficway,No Improper Action,No Apparent Influence,No Apparent Influence,33.4074,-111.95455,2020-06-02,21:07:00
3670549,2020,Riviera Dr,Kenneth Pl,0.0,Intersection 4 Way 202,0.0,0.0,No Injury,Head On,Daylight,Clear,Dry,77.0,Female,Northeast,Making Left Turn,Drove Left Of Center Line,No Apparent Influence,No Apparent Influence,21.0,Male,South,Going Straight Ahead,No Improper Action,No Apparent Influence,No Apparent Influence,33.38652,-111.91838,2020-06-02,21:39:00
3670705,2020,Warner Rd,Kyrene Rd,30.0,Intersection Related 206,1.0,0.0,Suspected Minor Injury,Rear End,Daylight,Clear,Dry,32.0,Female,West,Going Straight Ahead,Speed To Fast For Conditions,No Apparent Influence,Drugs,30.0,Male,West,Stopped In Trafficway,No Improper Action,No Apparent Influence,No Apparent Influence,33.3346,-111.94556,2020-06-02,22:44:00
3668600,2020,Elliot Rd,McClintock Dr,-154.0,Intersection Related 206,1.0,0.0,Possible Injury,Rear End,Daylight,Clear,Dry,31.0,Female,East,Going Straight Ahead,Followed Too Closely,No Apparent Influence,No Apparent Influence,62.0,Female,East,Going Straight Ahead,No Improper Action,No Apparent Influence,No Apparent Influence,33.34913,-111.91169,2020-06-02,23:21:00
3677356,2020,Kyrene Rd,Guadalupe Rd,0.0,Intersection 201,0.0,0.0,No Injury,Left Turn,Daylight,Clear,Dry,19.0,Male,South,Making Left Turn,Failed To Yield Right Of Way,No Apparent Influence,No Apparent Influence,27.0,Female,North,Going Straight Ahead,No Improper Action,No Apparent Influence,No Apparent Influence,33.36366,-111.94589,2020-06-03,00:55:00
3670704,2020,Price Rd,Broadway Rd,25.0,Intersection Related 206,0.0,0.0,No Injury,Rear End,Dusk,Clear,Dry,42.0,Male,South,Going Straight Ahead,Followed Too Closely,No Apparent Influence,No Apparent Influence,57.0,Male,South,Stopped In Trafficway,No Improper Action,No Apparent Influence,No Apparent Influence,33.40757,-111.892,2020-06-03,01:32:00
3670694,2020,Apache Blvd,Oak St,39.0,Intersection Related 206,1.0,0.0,Possible Injury,Angle - Other Than Left Turn 2,Dark Lighted,Clear,Dry,26.0,Male,East,Changing Lanes,Unsafe Lane Change,No Apparent Influence,No Apparent Influence,20.0,Female,East,Going Straight Ahead,No Improper Action,No Apparent Influence,No Apparent Influence,33.41477,-111.91414,2020-06-03,04:38:00
3668614,2020,Elliot Rd,McClintock Dr,170.0,Intersection Related 206,0.0,0.0,No Injury,Rear End,Daylight,Clear,Dry,49.0,Female,West,Going Straight Ahead,Speed To Fast For Conditions,No Apparent Influence,No Apparent Influence,18.0,Male,West,Stopped In Trafficway,No Improper Action,No Apparent Influence,No Apparent Influence,33.34913,-111.91063,2020-06-03,14:59:00