Incident_ID,Year,Street_Name,Cross_Street,Distance,Junction_Relation,Total_Injuries,Total_Fatalities,Injury_Severity,Collision_Manner,Light_Condition,Weather,Surface_Condition,Age_1,Gender_1,Travel_One,UnitAction_One,Violation1_Drv1,AlcoholUse_ 1,DrugUse_1,Age_2,Gender_2,TravelDirection_2,UnitAction_2,Violation_2,AlcoholUse_2,DrugUse_2,Latitude,Longitude,Date,Time
3668601,2020,Autoplex Loop,Test Dr,0.0,Intersection T Inter 203,0.0,0.0,No Injury,Left Turn,Daylight,Clear,Dry,65.0,Male,South,Making Left Turn,Failed To Yield Right Of Way,No Apparent Influence,No Apparent Influence,27.0,Female,West,Going Straight Ahead,No Improper Action,No Apparent Influence,No Apparent Influence,33.34727,-111.96702,2020-06-03,16:00:00
3670714,2020,University Dr,May St,91.0,Intersection Related 206,1.0,0.0,Suspected Minor Injury,Rear End,Daylight,Clear,Dry,19.0,Female,West,Going Straight Ahead,Followed Too Closely,No Apparent Influence,No Apparent Influence,44.0,Male,West,Stopped In Trafficway,No Improper Action,No Apparent Influence,No Apparent Influence,33.42212,-111.87844,2020-06-03,20:30:00
3670719,2020,Apache Blvd,Price Rd,-45.0,Intersection Related 206,0.0,0.0,No Injury,Rear End,Daylight,Clear,Dry,50.0,Male,East,Going Straight Ahead,Speed To Fast For Conditions,No Apparent Influence,No Apparent Influence,51.0,Male,East,Stopped In Trafficway,No Improper Action,No Apparent Influence,No Apparent Influence,33.4148,-111.89209,2020-06-03,23:09:00
3670691,2020,Broadway Rd,Cutler Dr,-169.0,Driveway Or Alley,1.0,0.0,Possible Injury,Left Turn,Daylight,Clear,Dry,21.0,Male,West,Making Left Turn,Failed To Yield Right Of Way,No Apparent Influence,No Apparent Influence,48.0,Female,East,Going Straight Ahead,No Improper Action,No Apparent Influence,No Apparent Influence,33.40741,-111.95892,2020-06-04,01:42:00
3670675,2020,Priest Dr,Warner Rd,-167.0,Driveway Or Alley,1.0,0.0,Possible Injury,Left Turn,Daylight,Clear,Dry,17.0,Female,East,Making Left Turn,Failed To Yield Right Of Way,No Apparent Influence,No Apparent Influence,18.0,Male,South,Going Straight Ahead,No Improper Action,No Apparent Influence,No Apparent Influence,33.33407,-111.96311,2020-06-04,15:57:00
3670562,2020,Priest Dr,Southern Ave,-30.0,Intersection Related 206,1.0,0.0,Possible Injury,Rear End,Daylight,Clear,Dry,31.0,Male,North,Going Straight Ahead,Followed Too Closely,No Apparent Influence,No Apparent Influence,36.0,Female,North,Stopped In Trafficway,No Improper Action,No Apparent Influence,No Apparent Influence,33.3928,-111.96077,2020-06-04,16:30:00
3670716,2020,Baseline Rd,56th St,-0.11,Intersection Related 206,0.0,0.0,No Injury,Rear End,Daylight,Clear,Dry,26.0,Male,West,Going Straight Ahead,Followed Too Closely,No Apparent Influence,No Apparent Influence,41.0,Male,West,Stopped In Trafficway,No Improper Action,No Apparent Influence,No Apparent Influence,33.37826,-111.96508,2020-06-04,17:47:00
3670711,2020,McClintock Dr,University Dr,-30.0,Intersection Related 206,1.0,0.0,Possible Injury,Sideswipe Same Direction,Daylight,Clear,Dry,46.0,Female,South,Changing Lanes,Unsafe Lane Change,No Apparent Influence,No Apparent Influence,42.0,Female,South,Going Straight Ahead,No Improper Action,No Apparent Influence,No Apparent Influence,33.4219,-111.90909,2020-06-04,19:42:00
3670720,2020,Elliot Rd,Price Rd,-104.0,Intersection Related 206,0.0,0.0,No Injury,Rear End,Daylight,Clear,Dry,72.0,Male,East,Going Straight Ahead,Speed To Fast For Conditions,No Apparent Influence,No Apparent Influence,51.0,Female,East,Stopped In Trafficway,No Improper Action,No Apparent Influence,No Apparent Influence,33.34934,-111.89471,2020-06-04,20:01:00
3670715,2020,Broadway Rd,Priest Dr,30.0,Intersection Related 206,0.0,0.0,No Injury,Rear End,Daylight,Cloudy,Dry,26.0,Male,West,Going Straight Ahead,Followed Too Closely,No Apparent Influence,No Apparent Influence,20.0,Male,West,Stopped In Trafficway,No Improper Action,No Apparent Influence,No Apparent Influence,33.40742,-111.96068,2020-06-05,19:16:00
3670702,2020,Southern Ave,Fairfield Dr,35.0,Intersection Related 206,0.0,0.0,No Injury,Left Turn,Daylight,Clear,Dry,56.0,Female,South,Making Left Turn,Failed To Yield Right Of Way,No Apparent Influence,No Apparent Influence,44.0,Male,East,Changing Lanes,No Improper Action,No Apparent Influence,No Apparent Influence,33.39298,-111.89876,2020-06-08,22:01:00
3670710,2020,University Dr,Price Rd,0.0,Intersection 4 Way 202,2.0,0.0,Possible Injury,Angle - Other Than Left Turn 2,Dark Lighted,Clear,Dry,26.0,Male,West,Going Straight Ahead,Disregarded Traffic Signal,No Apparent Influence,No Apparent Influence,32.0,Female,South,Going Straight Ahead,No Improper Action,No Apparent Influence,No Apparent Influence,33.42201,-111.89195,2020-06-09,10:15:00
3656451,2020,Country Club Way,Southern Ave,0.0,Intersection 201,0.0,0.0,No Injury,Left Turn,Dusk,Clear,Dry,53.0,Male,East,Going Straight Ahead,Disregarded Traffic Signal,No Apparent Influence,No Apparent Influence,74.0,Male,Northwest,Making Left Turn,No Improper Action,No Apparent Influence,No Apparent Influence,33.39298,-111.90056,2020-06-12,02:52:00
3670563,2020,Rural Rd,Bell De Mar Dr,0.0,Intersection 4 Way 202,2.0,0.0,Possible Injury,Left Turn,Daylight,Clear,Dry,90.0,Female,South,Going Straight Ahead,Disregarded Traffic Signal,No Apparent Influence,No Apparent Influence,30.0,Male,East,Making Left Turn,No Improper Action,No Apparent Influence,No Apparent Influence,33.35796,-111.92855,2020-06-12,20:00:00
3670558,2020,Apache Blvd,McClintock Dr,30.0,Intersection Related 206,0.0,0.0,No Injury,Rear End,Daylight,Clear,Dry,53.0,Male,West,Going Straight Ahead,Speed To Fast For Conditions,Alcohol,No Apparent Influence,46.0,Male,West,Stopped In Trafficway,No Improper Action,No Apparent Influence,No Apparent Influence,33.41476,-111.90903,2020-06-13,00:38:00
3670564,2020,Baseline Rd,I-10 Exit 155 C2-Ramp,0.0,Intersection Related 206,0.0,0.0,No Injury,Angle - Other Than Left Turn 2,Daylight,Clear,Dry,29.0,Female,North,Making Right Turn,Unknown,No Apparent Influence,No Apparent Influence,70.0,Female,East,Going Straight Ahead,Unknown,No Apparent Influence,No Apparent Influence,33.3783,-111.96738,2020-06-13,16:39:00
3673125,2020,Apache Blvd,McClintock Dr,122.0,Intersection Related 206,0.0,0.0,No Injury,Rear End,Daylight,Clear,Dry,28.0,Male,West,Going Straight Ahead,Speed To Fast For Conditions,No Apparent Influence,No Apparent Influence,57.0,Female,West,Going Straight Ahead,No Improper Action,No Apparent Influence,No Apparent Influence,33.41476,-111.90873,2020-06-14,00:24:00
3673193,2020,Apache Blvd,McClintock Dr,130.0,Intersection Related 206,0.0,0.0,No Injury,Rear End,Daylight,Clear,Dry,28.0,Male,West,Going Straight Ahead,Speed To Fast For Conditions,No Apparent Influence,No Apparent Influence,57.0,Female,West,Going Straight Ahead,No Improper Action,No Apparent Influence,No Apparent Influence,33.41476,-111.90871,2020-06-14,00:24:00
3670565,2020,Broadway Rd,Price Rd,0.0,Intersection 4 Way 202,1.0,0.0,Possible Injury,Angle - Other Than Left Turn 2,Daylight,Clear,Dry,59.0,Male,West,Going Straight Ahead,Disregarded Traffic Signal,No Apparent Influence,No Apparent Influence,39.0,Female,South,Going Straight Ahead,No Improper Action,No Apparent Influence,No Apparent Influence,33.4075,-111.892,2020-06-14,16:52:00
3670566,2020,Scottsdale Rd,McKellips Rd,-185.0,Driveway Or Alley,1.0,0.0,Suspected Serious Injury,Left Turn,Daylight,Clear,Dry,50.0,Female,East,Making Left Turn,Failed To Yield Right Of Way,No Apparent Influence,No Apparent Influence,38.0,Male,South,Going Straight Ahead,No Improper Action,No Apparent Influence,No Apparent Influence,33.45073,-111.92647,2020-06-14,17:38:00
3670561,2020,University Dr,Priest Dr,0.0,Intersection 4 Way 202,2.0,0.0,Possible Injury,Angle - Other Than Left Turn 2,Daylight,Clear,Dry,22.0,Female,West,Going Straight Ahead,Disregarded Traffic Signal,No Apparent Influence,No Apparent Influence,35.0,Male,South,Going Straight Ahead,No Improper Action,No Apparent Influence,No Apparent Influence,33.42194,-111.96092,2020-06-14,20:01:00
3673174,2020,Broadway Rd,52nd St,0.0,Intersection 4 Way 202,0.0,0.0,No Injury,Angle - Other Than Left Turn 2,Dusk,Clear,Dry,61.0,Male,West,Going Straight Ahead,Disregarded Traffic Signal,No Apparent Influence,No Apparent Influence,61.0,Female,South,Making Right Turn,No Improper Action,No Apparent Influence,No Apparent Influence,33.40925,-111.96953,2020-06-15,02:29:00
3670543,2020,Mill Ave,University Dr,0.0,Intersection 4 Way 202,1.0,0.0,Possible Injury,Angle - Other Than Left Turn 2,Daylight,Clear,Dry,25.0,Female,North,Going Straight Ahead,Unknown,No Apparent Influence,No Apparent Influence,31.0,Female,East,Going Straight Ahead,Unknown,No Apparent Influence,No Apparent Influence,33.42193,-111.94002,2020-06-15,19:07:00
3670555,2020,Priest Dr,Ruby Dr,0.0,Intersection T Inter 203,2.0,0.0,Possible Injury,Left Turn,Daylight,Clear,Dry,70.0,Female,North,Making Left Turn,Failed To Yield Right Of Way,No Apparent Influence,No Apparent Influence,20.0,Male,South,Going Straight Ahead,No Improper Action,No Apparent Influence,No Apparent Influence,33.34017,-111.96314,2020-06-15,19:11:00
3670552,2020,Broadway Rd,48th St,-30.0,Intersection Related 206,1.0,0.0,Suspected Minor Injury,Rear End,Daylight,Clear,Dry,32.0,Male,East,Going Straight Ahead,Followed Too Closely,No Apparent Influence,No Apparent Influence,50.0,Male,East,Stopped In Trafficway,No Improper Action,No Apparent Influence,No Apparent Influence,33.40733,-111.97839,2020-06-15,20:46:00
3670544,2020,Southern Ave,Price Rd,0.0,Intersection Related 206,1.0,0.0,Possible Injury,Angle - Other Than Left Turn 2,Daylight,Clear,Dry,18.0,Female,South,Making Right Turn,Failed To Yield Right Of Way,No Apparent Influence,No Apparent Influence,42.0,Female,West,Going Straight Ahead,No Improper Action,No Apparent Influence,No Apparent Influence,33.39296,-111.89203,2020-06-15,21:14:00
3670551,2020,Rural Rd,US-60 Exit 174 A-Ramp,0.0,Intersection 4 Way 202,0.0,0.0,No Injury,Sideswipe Same Direction,Daylight,Clear,Dry,29.0,Female,West,Making Left Turn,Unknown,No Apparent Influence,No Apparent Influence,48.0,Male,West,Making Left Turn,Unknown,No Apparent Influence,No Apparent Influence,33.38502,-111.92648,2020-06-16,00:10:00
3670545,2020,McClintock Dr,E Tempe Marketplace,-208.0,Intersection Related 206,1.0,0.0,Possible Injury,Rear End,Daylight,Clear,Dry,21.0,Male,North,Going Straight Ahead,Followed Too Closely,No Apparent Influence,No Apparent Influence,33.0,Male,North,Stopped In Trafficway,No Improper Action,No Apparent Influence,No Apparent Influence,33.43152,-111.90924,2020-06-16,19:01:00
3678396,2020,University Dr,52nd St,39.0,Intersection Related 206,0.0,0.0,No Injury,Rear End,Dark Lighted,Clear,Dry,37.0,Female,West,Stopped In Trafficway,No Improper Action,No Apparent Influence,No Apparent Influence,26.0,Female,West,Going Straight Ahead,Speed To Fast For Conditions,No Apparent Influence,No Apparent Influence,33.42194,-111.96946,2020-06-17,06:05:00
3672135,2020,Baseline Rd,Wendler Dr,30.0,Intersection Related Non Interchange,1.0,0.0,Possible Injury,Rear End,Dark Lighted,Clear,Dry,61.0,Male,West,Going Straight Ahead,Speed To Fast For Conditions,No Apparent Influence,No Apparent Influence,43.0,Male,West,Going Straight Ahead,No Improper Action,No Apparent Influence,No Apparent Influence,33.37826,-111.96969,2020-06-21,03:29:00
3672144,2020,48th St,Southern Ave,0.0,Intersection 4 Way 202,1.0,0.0,Suspected Minor Injury,Angle - Other Than Left Turn 2,Dark Lighted,Clear,Dry,20.0,Female,South,Making Left Turn,Failed To Yield Right Of Way,No Apparent Influence,No Apparent Influence,21.0,Female,North,Going Straight Ahead,No Improper Action,No Apparent Influence,Drugs,33.39277,-111.97834,2020-06-21,06:16:00
3673195,2020,McClintock Dr,SR-202 Exit 8 A-Ramp,-200.0,Not Junction Related,0.0,0.0,No Injury,Head On,Dark Lighted,Clear,Dry,30.0,Male,South,Changing Lanes,Unsafe Lane Change,No Apparent Influence,No Apparent Influence,62.0,Male,North,Making Left Turn,No Improper Action,No Apparent Influence,No Apparent Influence,33.43591,-111.90959,2020-06-23,05:00:00
3671699,2020,University Dr,Ash Ave,0.0,Intersection 4 Way 202,0.0,0.0,No Injury,Left Turn,Daylight,Clear,Dry,19.0,Male,East,Going Straight Ahead,Disregarded Traffic Signal,No Apparent Influence,No Apparent Influence,37.0,Male,West,Making Left Turn,Failed To Yield Right Of Way,No Apparent Influence,No Apparent Influence,33.42193,-111.9424,2020-06-25,01:50:00
3688865,2020,Broadway Rd,McClintock Dr,-150.0,Not Junction Related,0.0,0.0,No Injury,Angle - Other Than Left Turn 2,Dark Lighted,Clear,Dry,20.0,Male,South,Making Right Turn,Failed To Yield Right Of Way,No Apparent Influence,No Apparent Influence,50.0,Male,West,Going Straight Ahead,No Improper Action,No Apparent Influence,No Apparent Influence,33.4075,-111.90962,2020-06-25,04:24:00
3671686,2020,Rural Rd,University Dr,35.0,Intersection Related 206,0.0,0.0,No Injury,Rear End,Daylight,Clear,Dry,33.0,Female,South,Going Straight Ahead,Followed Too Closely,No Apparent Influence,Drugs,28.0,Male,South,Stopped In Trafficway,No Improper Action,No Apparent Influence,No Apparent Influence,33.42213,-111.92631,2020-06-25,14:12:00
3671700,2020,Southern Ave,Mill Ave,0.0,Intersection 4 Way 202,2.0,0.0,Suspected Minor Injury,Left Turn,Daylight,Clear,Dry,33.0,Male,East,Going Straight Ahead,Disregarded Traffic Signal,No Apparent Influence,No Apparent Influence,23.0,Female,Northwest,Making Left Turn,No Improper Action,No Apparent Influence,No Apparent Influence,33.39286,-111.9396,2020-06-25,14:36:00
3671692,2020,Priest Dr,Rio Salado Pkwy,0.0,Intersection 4 Way 202,0.0,0.0,No Injury,Left Turn,Daylight,Clear,Dry,20.0,Male,South,Making Left Turn,Unknown,No Apparent Influence,No Apparent Influence,31.0,Male,North,Going Straight Ahead,Unknown,No Apparent Influence,No Apparent Influence,33.42956,-111.96097,2020-06-25,15:23:00
3672137,2020,University Dr,Perry Ln,-20.0,Intersection Related 206,2.0,0.0,Suspected Minor Injury,Rear End,Daylight,Clear,Dry,29.0,Male,East,Going Straight Ahead,Followed Too Closely,No Apparent Influence,No Apparent Influence,30.0,Male,East,Slowing In Trafficway,No Improper Action,No Apparent Influence,No Apparent Influence,33.42204,-111.90487,2020-06-25,16:01:00
3672138,2020,Warner Rd,Taylor Dr,-123.0,Driveway Or Alley,2.0,0.0,Suspected Minor Injury,Rear End,Daylight,Clear,Dry,85.0,Female,South,Making Right Turn,Failed To Yield Right Of Way,No Apparent Influence,No Apparent Influence,37.0,Male,West,Going Straight Ahead,No Improper Action,No Apparent Influence,No Apparent Influence,33.33466,-111.90825,2020-06-25,16:29:00
3672139,2020,Baseline Rd,Wendler Dr,-30.0,Intersection Related 206,0.0,0.0,No Injury,Rear End,Daylight,Clear,Dry,26.0,Male,East,Going Straight Ahead,Followed Too Closely,No Apparent Influence,No Apparent Influence,30.0,Male,East,Stopped In Trafficway,No Improper Action,No Apparent Influence,No Apparent Influence,33.37826,-111.96988,2020-06-25,19:52:00
3671697,2020,Elliot Rd,Kachina Dr,-30.0,Intersection Related 206,1.0,0.0,Possible Injury,Sideswipe Same Direction,Daylight,Clear,Dry,18.0,Male,East,Changing Lanes,Unsafe Lane Change,No Apparent Influence,No Apparent Influence,27.0,Male,West,Going Straight Ahead,No Improper Action,No Apparent Influence,No Apparent Influence,33.34914,-111.90913,2020-06-26,17:02:00
3672140,2020,University Dr,Hardy Dr,-205.0,Driveway Or Alley,1.0,0.0,Possible Injury,Rear End,Daylight,Clear,Dry,23.0,Male,West,Making Right Turn,Followed Too Closely,No Apparent Influence,No Apparent Influence,42.0,Male,West,Going Straight Ahead,No Improper Action,No Apparent Influence,No Apparent Influence,33.42191,-111.95289,2020-06-26,17:59:00
3673175,2020,Apache Blvd,Terrace Rd,60.0,Intersection Related 206,0.0,0.0,No Injury,Other,Dark Lighted,Clear,Dry,55.0,Male,East,Backing,Other,No Apparent Influence,No Apparent Influence,22.0,Male,West,Other,No Improper Action,No Apparent Influence,No Apparent Influence,33.41477,-111.92024,2020-06-28,03:04:00
3672141,2020,McClintock Dr,Southern Ave,80.0,Intersection Related 206,0.0,0.0,No Injury,Rear End,Daylight,Clear,Dry,59.0,Male,South,Going Straight Ahead,Followed Too Closely,Alcohol,No Apparent Influence,43.0,Male,South,Stopped In Trafficway,No Improper Action,No Apparent Influence,No Apparent Influence,33.39321,-111.90913,2020-06-29,19:49:00
3672143,2020,Elliot Rd,Kyrene Rd,215.0,Intersection Related 206,0.0,0.0,No Injury,Sideswipe Same Direction,Daylight,Clear,Dry,49.0,Male,West,Changing Lanes,Unsafe Lane Change,No Apparent Influence,No Apparent Influence,34.0,Male,West,Going Straight Ahead,No Improper Action,No Apparent Influence,No Apparent Influence,33.3492,-111.94503,2020-06-30,17:57:00
3672142,2020,Rural Rd,Minton Dr,0.0,Intersection 4 Way 202,1.0,0.0,Possible Injury,Angle - Other Than Left Turn 2,Daylight,Clear,Dry,20.0,Male,North,Going Straight Ahead,Disregarded Traffic Signal,No Apparent Influence,No Apparent Influence,24.0,Male,West,Making Left Turn,No Improper Action,No Apparent Influence,No Apparent Influence,33.37989,-111.92842,2020-06-30,20:08:00
3671688,2020,Baseline Rd,Hardy Dr,0.0,Intersection 4 Way 202,2.0,0.0,Suspected Minor Injury,Left Turn,Daylight,Clear,Dry,30.0,Male,East,Going Straight Ahead,Disregarded Traffic Signal,No Apparent Influence,No Apparent Influence,57.0,Male,North,Making Left Turn,No Improper Action,No Apparent Influence,No Apparent Influence,33.37821,-111.95251,2020-06-30,22:38:00
3673126,2020,Priest Dr,Southern Ave,-10.0,Intersection Related 206,0.0,0.0,No Injury,Rear End,Daylight,Clear,Dry,24.0,Male,East,Making Right Turn,Followed Too Closely,No Apparent Influence,No Apparent Influence,59.0,Male,East,Making Right Turn,No Improper Action,No Apparent Influence,No Apparent Influence,33.39286,-111.96077,2020-07-01,00:53:00
3677350,2020,Priest Dr,Elliot Rd,30.0,Intersection Related 206,0.0,0.0,No Injury,Rear End,Dark Lighted,Clear,Dry,65.0,Female,South,Changing Lanes,Unsafe Lane Change,No Apparent Influence,No Apparent Influence,25.0,Male,South,Going Straight Ahead,No Improper Action,No Apparent Influence,No Apparent Influence,33.34919,-111.96314,2020-07-01,03:56:00
3678382,2020,McClintock Dr,University Dr,87.0,Intersection Related 206,0.0,0.0,No Injury,Sideswipe Same Direction,Dark Lighted,Clear,Dry,24.0,Male,South,Changing Lanes,Unsafe Lane Change,No Apparent Influence,No Apparent Influence,33.0,Male,South,Going Straight Ahead,No Improper Action,No Apparent Influence,No Apparent Influence,33.42222,-111.9091,2020-07-01,03:57:00
3673205,2020,Baseline Rd,Jentilly Ln,0.0,Intersection T Inter 203,0.0,0.0,No Injury,Left Turn,Daylight,Clear,Dry,45.0,Male,Southeast,Making Left Turn,Failed To Yield Right Of Way,No Apparent Influence,No Apparent Influence,73.0,Female,West,Going Straight Ahead,No Improper Action,No Apparent Influence,No Apparent Influence,33.37825,-111.92661,2020-07-01,19:31:00
3677715,2020,48th St,University Dr,-56.0,Intersection Related 206,0.0,0.0,No Injury,Rear End,Daylight,Clear,Dry,61.0,Female,North,Making Right Turn,Followed Too Closely,No Apparent Influence,No Apparent Influence,61.0,Male,North,Stopped In Trafficway,No Improper Action,No Apparent Influence,No Apparent Influence,33.42175,-111.97625,2020-07-01,20:10:00
3671689,2020,Southern Ave,McClintock Dr,230.0,Not Junction Related,0.0,0.0,No Injury,Rear End,Daylight,Clear,Dry,28.0,Female,East,Going Straight Ahead,Unknown,No Apparent Influence,No Apparent Influence,67.0,Male,East,Going Straight Ahead,Unknown,No Apparent Influence,No Apparent Influence,33.39299,-111.90837,2020-07-01,20:33:00
3673185,2020,University Dr,Wilson St,-70.0,Intersection Related 206,0.0,0.0,No Injury,Rear End,Daylight,Clear,Dry,27.0,Male,East,Going Straight Ahead,Followed Too Closely,No Apparent Influence,No Apparent Influence,21.0,Female,East,Slowing In Trafficway,No Improper Action,No Apparent Influence,No Apparent Influence,33.4219,-111.94601,2020-07-01,23:44:00
3673173,2020,Lemon St,Terrace Rd,155.0,Not Junction Related,0.0,0.0,No Injury,Rear End,Dark Lighted,Clear,Dry,18.0,Female,East,Going Straight Ahead,Followed Too Closely,No Apparent Influence,No Apparent Influence,33.0,Female,East,Slowing In Trafficway,No Improper Action,No Apparent Influence,No Apparent Influence,33.41675,-111.92191,2020-07-02,06:43:00
3673188,2020,Broadway Rd,Hardy Dr,0.0,Intersection 4 Way 202,2.0,0.0,Suspected Minor Injury,Angle - Other Than Left Turn 2,Daylight,Clear,Dry,29.0,Male,West,Going Straight Ahead,Disregarded Traffic Signal,No Apparent Influence,No Apparent Influence,33.0,Male,South,Going Straight Ahead,No Improper Action,No Apparent Influence,No Apparent Influence,33.40739,-111.95217,2020-07-02,16:00:00
3673201,2020,Rural Rd,US-60 Exit 174 A-Ramp,0.0,Intersection 4 Way 202,1.0,0.0,Suspected Minor Injury,Angle - Other Than Left Turn 2,Daylight,Clear,Dry,60.0,Male,South,Going Straight Ahead,Disregarded Traffic Signal,No Apparent Influence,No Apparent Influence,24.0,Female,East,Making Left Turn,No Improper Action,No Apparent Influence,No Apparent Influence,33.38502,-111.92648,2020-07-02,17:16:00
3673202,2020,Broadway Rd,55th St,0.0,Intersection 4 Way 202,0.0,0.0,No Injury,Sideswipe Same Direction,Daylight,Clear,Dry,20.0,Female,East,Changing Lanes,Unsafe Lane Change,No Apparent Influence,No Apparent Influence,33.0,Male,East,Going Straight Ahead,No Improper Action,No Apparent Influence,No Apparent Influence,33.40758,-111.96582,2020-07-02,18:37:00
3673200,2020,Warner Rd,I-10 Exit 158 J-Ramp,0.0,Intersection 4 Way 202,1.0,0.0,Possible Injury,Left Turn,Daylight,Clear,Dry,37.0,Male,West,Going Straight Ahead,Disregarded Traffic Signal,No Apparent Influence,No Apparent Influence,32.0,Male,East,Making Left Turn,No Improper Action,No Apparent Influence,No Apparent Influence,33.33436,-111.97151,2020-07-02,20:19:00
3673183,2020,Baseline Rd,I-10 Exit 155 J1-Ramp,0.0,Intersection 4 Way 202,0.0,0.0,No Injury,Angle - Other Than Left Turn 2,Daylight,Clear,Dry,59.0,Male,West,Going Straight Ahead,Unknown,No Apparent Influence,No Apparent Influence,43.0,Female,Southeast,Making Left Turn,Unknown,No Apparent Influence,No Apparent Influence,33.3783,-111.96738,2020-07-03,15:36:00
3673184,2020,Warner Rd,I-10 Exit 158 J-Ramp,-60.0,Intersection Related 206,0.0,0.0,No Injury,Rear End,Daylight,Clear,Dry,71.0,Female,West,Going Straight Ahead,Followed Too Closely,No Apparent Influence,No Apparent Influence,31.0,Female,West,Stopped In Trafficway,No Improper Action,No Apparent Influence,No Apparent Influence,33.33436,-111.9717,2020-07-03,18:12:00
3673209,2020,Hardy Dr,Greenway Dr,0.0,Intersection T Inter 203,0.0,0.0,No Injury,Angle - Other Than Left Turn 2,Daylight,Clear,Dry,19.0,Female,East,Making Left Turn,Failed To Yield Right Of Way,No Apparent Influence,No Apparent Influence,47.0,Male,South,Going Straight Ahead,No Improper Action,No Apparent Influence,No Apparent Influence,33.38324,-111.95238,2020-07-03,20:55:00
3673197,2020,University Dr,Rural Rd,-30.0,Intersection Related 206,0.0,0.0,No Injury,Rear End,Daylight,Clear,Dry,62.0,Male,East,Going Straight Ahead,Followed Too Closely,No Apparent Influence,No Apparent Influence,25.0,Male,East,Stopped In Trafficway,No Improper Action,No Apparent Influence,No Apparent Influence,33.42203,-111.92641,2020-07-04,00:03:00
3678171,2020,Southern Ave,Clementine Dr,0.0,Not Junction Related,0.0,0.0,No Injury,Left Turn,Daylight,Clear,Dry,27.0,Female,Northwest,Making Left Turn,Made Improper Turn,No Apparent Influence,No Apparent Influence,33.0,Female,East,Going Straight Ahead,No Improper Action,No Apparent Influence,No Apparent Influence,33.39286,-111.96358,2020-07-04,15:18:00
3673172,2020,Scottsdale Rd,Curry Rd,100.0,Intersection Related 206,0.0,0.0,No Injury,Rear End,Daylight,Clear,Dry,26.0,Male,South,Slowing In Trafficway,Speed To Fast For Conditions,No Apparent Influence,No Apparent Influence,69.0,Male,South,Slowing In Trafficway,No Improper Action,No Apparent Influence,No Apparent Influence,33.44057,-111.92634,2020-07-04,20:23:00
3673191,2020,Warner Rd,McClintock Dr,0.0,Intersection 4 Way 202,1.0,0.0,Possible Injury,Angle - Other Than Left Turn 2,Daylight,Clear,Dry,58.0,Female,West,Going Straight Ahead,Disregarded Traffic Signal,No Apparent Influence,No Apparent Influence,24.0,Male,South,Going Straight Ahead,No Improper Action,No Apparent Influence,No Apparent Influence,33.33464,-111.91118,2020-07-04,22:24:00
3678199,2020,Rio Salado Pkwy,Price Rd,0.0,Intersection 201,0.0,0.0,No Injury,Left Turn,Dark Lighted,Clear,Dry,25.0,Female,East,Making Left Turn,Made Improper Turn,Alcohol,No Apparent Influence,55.0,Female,East,Making Left Turn,No Improper Action,No Apparent Influence,No Apparent Influence,33.42938,-111.89183,2020-07-05,07:07:00
3672983,2020,Rural Rd,Rio Salado Pkwy,-15.0,Intersection Related 206,1.0,0.0,Possible Injury,Rear End,Dusk,Clear,Dry,20.0,Female,North,Going Straight Ahead,Speed To Fast For Conditions,No Apparent Influence,No Apparent Influence,20.0,Female,North,Going Straight Ahead,No Improper Action,No Apparent Influence,No Apparent Influence,33.42881,-111.92629,2020-07-07,02:59:00
3673204,2020,Washington St,Center Pkwy,0.0,Intersection 4 Way 202,0.0,0.0,No Injury,Angle - Other Than Left Turn 2,Daylight,Clear,Dry,20.0,Female,West,Going Straight Ahead,Disregarded Traffic Signal,No Apparent Influence,No Apparent Influence,31.0,Male,South,Going Straight Ahead,No Improper Action,No Apparent Influence,No Apparent Influence,33.43931,-111.94883,2020-07-07,13:23:00
3673186,2020,Hardy Dr,2nd St,0.0,Intersection 4 Way 202,0.0,0.0,No Injury,Angle - Other Than Left Turn 2,Daylight,Clear,Dry,29.0,Male,East,Going Straight Ahead,Failed To Yield Right Of Way,No Apparent Influence,No Apparent Influence,35.0,Female,North,Going Straight Ahead,No Improper Action,No Apparent Influence,No Apparent Influence,33.42779,-111.95232,2020-07-08,01:49:00
3672987,2020,Elliot Rd,Country Club Way,0.0,Intersection T Inter 203,1.0,0.0,Possible Injury,Rear End,Daylight,Clear,Dry,39.0,Male,East,Going Straight Ahead,Speed To Fast For Conditions,No Apparent Influence,No Apparent Influence,26.0,Male,East,Going Straight Ahead,No Improper Action,No Apparent Influence,No Apparent Influence,33.34922,-111.90251,2020-07-09,01:36:00
3677295,2020,University Dr,McClintock Dr,-200.0,Not Junction Related,0.0,0.0,No Injury,Sideswipe Same Direction,Daylight,Clear,Dry,21.0,Male,East,Going Straight Ahead,Failed To Keep In Proper Lane,Alcohol,No Apparent Influence,20.0,Male,East,Going Straight Ahead,No Improper Action,No Apparent Influence,No Apparent Influence,33.42198,-111.90974,2020-07-11,02:11:00