Incident_ID,Year,Street_Name,Cross_Street,Distance,Junction_Relation,Total_Injuries,Total_Fatalities,Injury_Severity,Collision_Manner,Light_Condition,Weather,Surface_Condition,Age_1,Gender_1,Travel_One,UnitAction_One,Violation1_Drv1,AlcoholUse_ 1,DrugUse_1,Age_2,Gender_2,TravelDirection_2,UnitAction_2,Violation_2,AlcoholUse_2,DrugUse_2,Latitude,Longitude,Date,Time
3721021,2020,Price Rd,Curry St,150.0,Not Junction Related,0.0,0.0,No Injury,Rear End,Daylight,Clear,Dry,23.0,Male,North,Going Straight Ahead,Speed To Fast For Conditions,No Apparent Influence,No Apparent Influence,27.0,Male,North,Going Straight Ahead,No Improper Action,No Apparent Influence,No Apparent Influence,33.35475,-111.89392,2020-07-12,02:14:00
3677717,2020,University Dr,McClintock Dr,10.0,Intersection Related 206,0.0,0.0,No Injury,Rear End,Dark Lighted,Clear,Dry,26.0,Male,West,Slowing In Trafficway,Speed To Fast For Conditions,No Apparent Influence,No Apparent Influence,20.0,Male,West,Stopped In Trafficway,No Improper Action,No Apparent Influence,No Apparent Influence,33.42198,-111.90905,2020-07-12,06:47:00
3677352,2020,Broadway Rd,Price Rd,0.0,Intersection 4 Way 202,0.0,0.0,No Injury,Left Turn,Dark Lighted,Clear,Dry,36.0,Female,West,Going Straight Ahead,Other,No Apparent Influence,No Apparent Influence,22.0,Female,North,Making Left Turn,No Improper Action,No Apparent Influence,No Apparent Influence,33.40748,-111.89033,2020-07-14,06:18:00
3682738,2020,Scottsdale Rd,McKellips Rd,-30.0,Intersection Related Non Interchange,0.0,0.0,No Injury,Rear End,Daylight,Clear,Dry,18.0,Female,North,Going Straight Ahead,Speed To Fast For Conditions,No Apparent Influence,No Apparent Influence,38.0,Male,North,Stopped In Trafficway,No Improper Action,No Apparent Influence,No Apparent Influence,33.45116,-111.92647,2020-07-15,16:30:00
3672980,2020,Rio Salado Pkwy,Rockford Dr,0.0,Intersection 4 Way 202,2.0,0.0,Possible Injury,Left Turn,Dark Lighted,Clear,Dry,44.0,Male,East,Making Left Turn,Made Improper Turn,Alcohol,No Apparent Influence,23.0,Male,West,Going Straight Ahead,No Improper Action,No Apparent Influence,No Apparent Influence,33.42936,-111.89704,2020-07-16,03:58:00
3677366,2020,Scottsdale Rd,Hancock Ave,60.0,Intersection Related 206,1.0,0.0,Suspected Minor Injury,Rear End,Dark Lighted,Clear,Dry,25.0,Male,South,Going Straight Ahead,Speed To Fast For Conditions,No Apparent Influence,No Apparent Influence,22.0,Female,South,Stopped In Trafficway,No Improper Action,No Apparent Influence,No Apparent Influence,33.44682,-111.92646,2020-07-17,04:31:00
3677355,2020,Baseline Rd,Pointe Pkwy,126.0,Intersection Related 206,0.0,0.0,No Injury,Sideswipe Same Direction,Daylight,Clear,Dry,64.0,Male,East,Other,Failed To Keep In Proper Lane,No Apparent Influence,No Apparent Influence,62.0,Male,East,Going Straight Ahead,No Improper Action,No Apparent Influence,No Apparent Influence,33.37822,-111.97158,2020-07-17,15:09:00
3677724,2020,Price Rd,University Dr,-100.0,Not Junction Related,0.0,0.0,No Injury,Sideswipe Same Direction,Dark Lighted,Clear,Dry,37.0,Male,North,Changing Lanes,Unsafe Lane Change,No Apparent Influence,No Apparent Influence,23.0,Male,North,Going Straight Ahead,No Improper Action,No Apparent Influence,No Apparent Influence,33.42174,-111.89032,2020-07-18,03:25:00
3678302,2020,Broadway Rd,Holbrook Ln,0.0,Intersection 4 Way 202,0.0,0.0,No Injury,Left Turn,Daylight,Cloudy,Dry,69.0,Male,South,Making Left Turn,Failed To Yield Right Of Way,No Apparent Influence,No Apparent Influence,33.0,Male,West,Going Straight Ahead,No Improper Action,No Apparent Influence,No Apparent Influence,33.4075,-111.90252,2020-07-20,13:15:00
3677298,2020,Mill Ave,S Myrtle Ave,43.0,Intersection Related 206,0.0,0.0,No Injury,Rear End,Dark Lighted,Clear,Dry,22.0,Male,North,Going Straight Ahead,Speed To Fast For Conditions,No Apparent Influence,No Apparent Influence,22.0,Female,North,Going Straight Ahead,No Improper Action,No Apparent Influence,No Apparent Influence,33.40387,-111.93977,2020-07-21,05:23:00
3677357,2020,Elliot Rd,McClintock Dr,-176.0,Driveway Or Alley,0.0,0.0,No Injury,Angle - Other Than Left Turn 2,Daylight,Clear,Dry,49.0,Male,South,Making Right Turn,Failed To Yield Right Of Way,No Apparent Influence,No Apparent Influence,52.0,Female,West,Going Straight Ahead,No Improper Action,No Apparent Influence,No Apparent Influence,33.34913,-111.91176,2020-07-21,20:29:00
3677713,2020,Arizona Mills Cir,Arizona Mills S,71.0,Intersection Related 206,0.0,0.0,No Injury,Sideswipe Opposite Direction,Daylight,Clear,Dry,53.0,Female,East,Making Right Turn,Speed To Fast For Conditions,No Apparent Influence,No Apparent Influence,19.0,Male,West,Slowing In Trafficway,No Improper Action,No Apparent Influence,No Apparent Influence,33.37941,-111.96523,2020-07-21,21:25:00
3677720,2020,Southern Ave,Priest Dr,0.0,Intersection 201,0.0,0.0,No Injury,Angle - Other Than Left Turn 2,Daylight,Clear,Dry,68.0,Male,Northeast,Making Right Turn,Failed To Yield Right Of Way,No Apparent Influence,No Apparent Influence,59.0,Female,East,Going Straight Ahead,No Improper Action,No Apparent Influence,No Apparent Influence,33.39288,-111.96077,2020-07-23,18:20:00
3677365,2020,Priest Dr,Warner Rd,0.0,Intersection 4 Way 202,0.0,0.0,No Injury,Angle - Other Than Left Turn 2,Dusk,Rain,Wet,40.0,Male,North,Going Straight Ahead,Disregarded Traffic Signal,No Apparent Influence,No Apparent Influence,29.0,Female,East,Going Straight Ahead,No Improper Action,No Apparent Influence,No Apparent Influence,33.33453,-111.96312,2020-07-25,02:13:00
3677354,2020,Emerald Dr,Jewell St,0.0,Intersection T Inter 203,0.0,0.0,No Injury,Angle - Other Than Left Turn 2,Dark Lighted,Rain,Wet,34.0,Female,North,Making Left Turn,Failed To Yield Right Of Way,No Apparent Influence,No Apparent Influence,74.0,Male,East,Going Straight Ahead,No Improper Action,No Apparent Influence,No Apparent Influence,33.33707,-111.96865,2020-07-25,02:34:00
3678202,2020,Lakeshore Dr,Baseline Rd,0.0,Intersection 4 Way 202,1.0,0.0,Suspected Minor Injury,Angle - Other Than Left Turn 2,Daylight,Clear,Dry,27.0,Male,West,Going Straight Ahead,Disregarded Traffic Signal,No Apparent Influence,No Apparent Influence,64.0,Female,South,Making Left Turn,No Improper Action,No Apparent Influence,No Apparent Influence,33.37832,-111.9205,2020-07-25,20:10:00
3678201,2020,Rural Rd,Spence Ave,-115.0,Intersection Related 206,0.0,0.0,No Injury,Rear End,Dark Lighted,Clear,Dry,18.0,Male,South,Making Left Turn,Unknown,No Apparent Influence,No Apparent Influence,18.0,Female,South,Going Straight Ahead,Unknown,No Apparent Influence,No Apparent Influence,33.41256,-111.92629,2020-07-26,04:33:00
3677714,2020,48th St,I-10 Cardinal Frontage,0.0,Intersection 4 Way 202,1.0,0.0,Suspected Minor Injury,Angle - Other Than Left Turn 2,Daylight,Clear,Dry,88.0,Female,South,Going Straight Ahead,Disregarded Traffic Signal,No Apparent Influence,No Apparent Influence,35.0,Male,East,Making Left Turn,No Improper Action,No Apparent Influence,No Apparent Influence,33.40932,-111.97822,2020-07-26,20:17:00
3678211,2020,Mill Ave,Baseline Rd,180.0,Driveway Or Alley,1.0,0.0,Suspected Minor Injury,Rear End,Daylight,Clear,Dry,22.0,Male,North,Going Straight Ahead,Followed Too Closely,No Apparent Influence,No Apparent Influence,22.0,Female,North,Making Left Turn,No Improper Action,No Apparent Influence,No Apparent Influence,33.3787,-111.93938,2020-07-26,22:53:00
3677305,2020,Southern Ave,Mill Ave,0.0,Intersection 4 Way 202,0.0,0.0,No Injury,Angle - Other Than Left Turn 2,Daylight,Clear,Dry,54.0,Male,South,Making Left Turn,Unknown,Alcohol,No Apparent Influence,46.0,Male,East,Making Right Turn,Unknown,No Apparent Influence,No Apparent Influence,33.39286,-111.9396,2020-07-27,20:28:00
3677716,2020,Baseline Rd,Priest Dr,-70.0,Intersection Related 206,0.0,0.0,No Injury,Angle - Other Than Left Turn 2,Daylight,Clear,Dry,26.0,Male,South,Making Right Turn,Made Improper Turn,No Apparent Influence,No Apparent Influence,18.0,Male,West,Going Straight Ahead,No Improper Action,No Apparent Influence,No Apparent Influence,33.37824,-111.9634,2020-07-27,23:12:00
3677297,2020,Rio Salado Pkwy,Siesta Ln,170.0,Driveway Or Alley,1.0,0.0,Suspected Serious Injury,Angle - Other Than Left Turn 2,Daylight,Clear,Dry,16.0,Male,South,Making Left Turn,Failed To Yield Right Of Way,No Apparent Influence,No Apparent Influence,44.0,Female,West,Going Straight Ahead,No Improper Action,No Apparent Influence,No Apparent Influence,33.42937,-111.89306,2020-07-28,00:26:00
3678185,2020,Rural Rd,Terrace Rd,0.0,Intersection 4 Way 202,2.0,0.0,Possible Injury,Left Turn,Daylight,Clear,Dry,21.0,Female,South,Making Left Turn,Failed To Yield Right Of Way,No Apparent Influence,No Apparent Influence,23.0,Female,North,Going Straight Ahead,No Improper Action,No Apparent Influence,No Apparent Influence,33.42028,-111.9263,2020-07-28,01:29:00
3677296,2020,Rural Rd,Lakeshore Dr,225.0,Intersection Related 206,0.0,0.0,No Injury,Sideswipe Same Direction,Dark Lighted,Clear,Dry,63.0,Male,North,Going Straight Ahead,Unknown,No Apparent Influence,No Apparent Influence,27.0,Female,North,Going Straight Ahead,Unknown,No Apparent Influence,No Apparent Influence,33.38287,-111.92662,2020-07-28,03:04:00
3678189,2020,Baseline Rd,McClintock Dr,0.0,Intersection 4 Way 202,1.0,0.0,Possible Injury,Left Turn,Dark Lighted,Clear,Dry,32.0,Male,Southwest,Making Left Turn,Failed To Yield Right Of Way,No Apparent Influence,Drugs,29.0,Male,East,Going Straight Ahead,No Improper Action,No Apparent Influence,No Apparent Influence,33.37842,-111.90926,2020-07-28,04:23:00
3678173,2020,Guadalupe Rd,Maple Ave,0.0,Intersection T Inter 203,2.0,0.0,Possible Injury,Angle - Other Than Left Turn 2,Daylight,Cloudy,Unknown,32.0,Female,Unknown,Making Left Turn,Unknown,No Apparent Influence,No Apparent Influence,54.0,Female,Unknown,Going Straight Ahead,Unknown,No Apparent Influence,No Apparent Influence,33.3637,-111.93903,2020-07-29,19:40:00
3677722,2020,52nd St,Medtronic Way,0.0,Intersection T Inter 203,1.0,0.0,Suspected Minor Injury,Left Turn,Daylight,Clear,Dry,24.0,Male,North,Making Left Turn,Failed To Yield Right Of Way,No Apparent Influence,No Apparent Influence,53.0,Male,South,Going Straight Ahead,No Improper Action,No Apparent Influence,No Apparent Influence,33.4179,-111.96954,2020-07-30,00:14:00
3677308,2020,Baseline Rd,Wendler Dr,155.0,Intersection Related 206,1.0,0.0,Possible Injury,Rear End,Daylight,Clear,Dry,40.0,Female,West,Changing Lanes,Unsafe Lane Change,No Apparent Influence,No Apparent Influence,19.0,Female,West,Going Straight Ahead,No Improper Action,No Apparent Influence,No Apparent Influence,33.37826,-111.96928,2020-07-30,14:27:00
3678174,2020,Price Rd,Southern Ave,0.0,Intersection 4 Way 202,0.0,0.0,No Injury,Angle - Other Than Left Turn 2,Daylight,Clear,Dry,25.0,Female,Northeast,Making U Turn,Disregarded Traffic Signal,No Apparent Influence,No Apparent Influence,19.0,Male,East,Going Straight Ahead,No Improper Action,No Apparent Influence,No Apparent Influence,33.39295,-111.89045,2020-07-30,19:43:00
3678324,2020,Hardy Dr,Hermosa Dr,0.0,Intersection 4 Way 202,1.0,0.0,Suspected Minor Injury,Left Turn,Dark Lighted,Clear,Dry,21.0,Female,East,Making Left Turn,Failed To Yield Right Of Way,No Apparent Influence,No Apparent Influence,42.0,Male,South,Going Straight Ahead,Failed To Keep In Proper Lane,No Apparent Influence,No Apparent Influence,33.38864,-111.95253,2020-07-31,03:13:00
3678194,2020,Rural Rd,Lemon St,60.0,Intersection Related 206,0.0,0.0,No Injury,Sideswipe Same Direction,Daylight,Clear,Dry,18.0,Female,South,Changing Lanes,Unsafe Lane Change,No Apparent Influence,No Apparent Influence,44.0,Male,South,Going Straight Ahead,No Improper Action,No Apparent Influence,No Apparent Influence,33.417,-111.9263,2020-08-01,00:54:00
3678374,2020,Price Rd,Baseline Rd,-27.0,Intersection Related 206,0.0,0.0,No Injury,Rear End,Daylight,Clear,Dry,30.0,Male,Southeast,Going Straight Ahead,Speed To Fast For Conditions,No Apparent Influence,No Apparent Influence,42.0,Female,Southeast,Stopped In Trafficway,No Improper Action,No Apparent Influence,No Apparent Influence,33.37838,-111.89363,2020-08-01,21:55:00
3678192,2020,Scottsdale Rd,Rio Salado Pkwy,0.0,Intersection 4 Way 202,0.0,0.0,No Injury,Rear End,Daylight,Clear,Dry,54.0,Female,North,Going Straight Ahead,Followed Too Closely,No Apparent Influence,No Apparent Influence,27.0,Male,North,Stopped In Trafficway,No Improper Action,No Apparent Influence,No Apparent Influence,33.42885,-111.92629,2020-08-01,22:31:00
3677303,2020,Southern Ave,Hardy Dr,-94.0,Intersection Related 206,0.0,0.0,No Injury,Rear End,Daylight,Clear,Dry,65.0,Male,East,Going Straight Ahead,Speed To Fast For Conditions,No Apparent Influence,Drugs,29.0,Male,East,Stopped In Trafficway,No Improper Action,No Apparent Influence,No Apparent Influence,33.39286,-111.95229,2020-08-01,22:52:00
3678372,2020,Baseline Rd,Pointe Pkwy,30.0,Intersection 4 Way 202,0.0,0.0,No Injury,Sideswipe Same Direction,Dark Lighted,Clear,Dry,33.0,Male,West,Making Left Turn,Unknown,No Apparent Influence,No Apparent Influence,17.0,Female,West,Making Left Turn,Unknown,No Apparent Influence,No Apparent Influence,33.37822,-111.9719,2020-08-03,04:28:00
3678303,2020,Roosevelt St,Alameda Dr,30.0,Intersection Related 206,2.0,0.0,Suspected Minor Injury,Rear End,Dawn,Clear,Dry,36.0,Male,South,Going Straight Ahead,Speed To Fast For Conditions,No Apparent Influence,No Apparent Influence,53.0,Male,South,Stopped In Trafficway,No Improper Action,No Apparent Influence,No Apparent Influence,33.40019,-111.94783,2020-08-03,12:14:00
3678186,2020,University Dr,48th St,222.0,Driveway Or Alley,0.0,0.0,No Injury,Rear End,Daylight,Clear,Dry,24.0,Male,West,Going Straight Ahead,Followed Too Closely,No Apparent Influence,No Apparent Influence,33.0,Male,West,Slowing In Trafficway,No Improper Action,No Apparent Influence,No Apparent Influence,33.42191,-111.97552,2020-08-03,16:43:00
3678305,2020,Scottsdale Rd,Hancock Ave,-86.0,Intersection Related 206,0.0,0.0,No Injury,Sideswipe Same Direction,Daylight,Clear,Dry,22.0,Male,North,Changing Lanes,Unsafe Lane Change,No Apparent Influence,No Apparent Influence,24.0,Male,North,Going Straight Ahead,No Improper Action,No Apparent Influence,No Apparent Influence,33.44642,-111.92645,2020-08-03,16:53:00
3678184,2020,Baseline Rd,Dorsey Ln,0.0,Intersection T Inter 203,0.0,0.0,No Injury,Left Turn,Daylight,Clear,Dry,21.0,Male,South,Making Left Turn,Failed To Yield Right Of Way,No Apparent Influence,No Apparent Influence,18.0,Female,West,Going Straight Ahead,No Improper Action,No Apparent Influence,No Apparent Influence,33.37835,-111.91747,2020-08-04,00:15:00
3678402,2020,Broadway Rd,Los Feliz Dr,0.0,Intersection 4 Way 202,2.0,0.0,Suspected Minor Injury,Left Turn,Daylight,Clear,Dry,66.0,Female,South,Making Left Turn,Failed To Yield Right Of Way,No Apparent Influence,No Apparent Influence,19.0,Female,West,Going Straight Ahead,No Improper Action,No Apparent Influence,No Apparent Influence,33.40749,-111.9042,2020-08-04,00:21:00
3670047,2020,University Dr,May St,0.0,Intersection T Inter 203,2.0,0.0,Suspected Minor Injury,Rear End,Daylight,Clear,Dry,17.0,Male,Southwest,Going Straight Ahead,Speed To Fast For Conditions,No Apparent Influence,No Apparent Influence,17.0,Female,Southwest,Slowing In Trafficway,No Improper Action,No Apparent Influence,No Apparent Influence,33.42212,-111.87873,2020-08-04,00:46:00
3678181,2020,Baseline Rd,48th St,80.0,Intersection Related 206,0.0,0.0,No Injury,Sideswipe Same Direction,Dark Not Lighted,Clear,Dry,63.0,Male,East,Changing Lanes,Unsafe Lane Change,No Apparent Influence,No Apparent Influence,36.0,Male,East,Going Straight Ahead,No Improper Action,No Apparent Influence,No Apparent Influence,33.37819,-111.97815,2020-08-04,03:39:00
3678431,2020,University Dr,McClintock Dr,130.0,Intersection Related 206,1.0,0.0,Possible Injury,Left Turn,Dark Lighted,Clear,Dry,44.0,Male,Southwest,Going Straight Ahead,Failed To Yield Right Of Way,No Apparent Influence,No Apparent Influence,55.0,Female,East,Going Straight Ahead,No Improper Action,No Apparent Influence,No Apparent Influence,33.42199,-111.90866,2020-08-04,05:15:00
3678183,2020,48th St,I-10 Cardinal Frontage,-71.0,Intersection Related 206,0.0,0.0,No Injury,Rear End,Daylight,Clear,Dry,55.0,Female,North,Going Straight Ahead,Speed To Fast For Conditions,No Apparent Influence,No Apparent Influence,28.0,Female,North,Stopped In Trafficway,No Improper Action,No Apparent Influence,No Apparent Influence,33.40913,-111.97823,2020-08-04,19:34:00
3678304,2020,Mill Ave,US-60 Exit 173 G-Ramp,-30.0,Intersection Related 206,0.0,0.0,No Injury,Sideswipe Same Direction,Daylight,Clear,Dry,42.0,Male,North,Going Straight Ahead,Unsafe Lane Change,No Apparent Influence,No Apparent Influence,20.0,Male,North,Going Straight Ahead,No Improper Action,No Apparent Influence,No Apparent Influence,33.38503,-111.93947,2020-08-04,19:59:00
3678191,2020,Priest Dr,Huntington Dr,0.0,Intersection T Inter 203,2.0,0.0,Suspected Minor Injury,Left Turn,Daylight,Clear,Dry,32.0,Male,North,Making Left Turn,Failed To Yield Right Of Way,No Apparent Influence,No Apparent Influence,55.0,Female,South,Going Straight Ahead,No Improper Action,No Apparent Influence,No Apparent Influence,33.3943,-111.96076,2020-08-04,21:39:00
3678182,2020,Guadalupe Rd,Rural Rd,0.0,Intersection 4 Way 202,0.0,0.0,No Injury,Rear End,Daylight,Clear,Dry,16.0,Male,West,Going Straight Ahead,Followed Too Closely,No Apparent Influence,No Apparent Influence,40.0,Male,West,Stopped In Trafficway,No Improper Action,No Apparent Influence,No Apparent Influence,33.36375,-111.9286,2020-08-05,00:40:00
3678398,2020,University Dr,Hardy Dr,0.0,Intersection 4 Way 202,1.0,0.0,Possible Injury,Angle - Other Than Left Turn 2,Daylight,Clear,Dry,30.0,Male,West,Going Straight Ahead,Unknown,No Apparent Influence,No Apparent Influence,40.0,Female,South,Going Straight Ahead,Unknown,No Apparent Influence,No Apparent Influence,33.42191,-111.95222,2020-08-05,00:54:00
3678373,2020,Broadway Rd,48th St,30.0,Intersection Related 206,1.0,0.0,Possible Injury,Rear End,Dark Lighted,Clear,Dry,19.0,Female,West,Going Straight Ahead,Speed To Fast For Conditions,No Apparent Influence,No Apparent Influence,37.0,Male,West,Stopped In Trafficway,No Improper Action,No Apparent Influence,No Apparent Influence,33.40733,-111.97819,2020-08-05,03:59:00
3678196,2020,Broadway Rd,McClintock Dr,0.0,Intersection 4 Way 202,1.0,0.0,Possible Injury,Angle - Other Than Left Turn 2,Daylight,Clear,Dry,70.0,Male,South,Going Straight Ahead,Disregarded Traffic Signal,No Apparent Influence,No Apparent Influence,20.0,Female,West,Going Straight Ahead,No Improper Action,No Apparent Influence,No Apparent Influence,33.4075,-111.90913,2020-08-06,17:07:00
3678418,2020,University Dr,Dorsey Ln,-20.0,Intersection Related 206,0.0,0.0,No Injury,Rear End,Daylight,Clear,Dry,24.0,Male,East,Going Straight Ahead,Followed Too Closely,No Apparent Influence,No Apparent Influence,36.0,Male,East,Stopped In Trafficway,No Improper Action,No Apparent Influence,No Apparent Influence,33.42202,-111.91775,2020-08-06,18:12:00
3675589,2020,Curry Rd,Mary St,0.0,Intersection 4 Way 202,0.0,0.0,No Injury,Rear End,Daylight,Clear,Dry,23.0,Female,West,Going Straight Ahead,Speed To Fast For Conditions,No Apparent Influence,No Apparent Influence,42.0,Male,West,Making Left Turn,No Improper Action,No Apparent Influence,No Apparent Influence,33.44041,-111.92372,2020-08-06,18:13:00
3678300,2020,Baseline Rd,Pointe Pkwy,135.0,Intersection Related 206,0.0,0.0,No Injury,Rear End,Daylight,Clear,Dry,36.0,Male,West,Going Straight Ahead,Followed Too Closely,No Apparent Influence,No Apparent Influence,71.0,Male,West,Stopped In Trafficway,No Improper Action,No Apparent Influence,No Apparent Influence,33.37822,-111.97155,2020-08-06,23:54:00
3678419,2020,52nd St,Broadway Rd,0.0,Intersection 4 Way 202,1.0,0.0,Suspected Minor Injury,Sideswipe Same Direction,Daylight,Clear,Dry,59.0,Male,North,Going Straight Ahead,No Improper Action,No Apparent Influence,No Apparent Influence,23.0,Male,North,Going Straight Ahead,No Improper Action,No Apparent Influence,No Apparent Influence,33.40925,-111.96953,2020-08-07,17:43:00
3678429,2020,Southern Ave,Kyrene Rd,-112.0,Not Junction Related,0.0,0.0,No Injury,Rear End,Daylight,Clear,Dry,24.0,Female,East,Slowing In Trafficway,Followed Too Closely,No Apparent Influence,No Apparent Influence,26.0,Male,East,Stopped In Trafficway,No Improper Action,No Apparent Influence,No Apparent Influence,33.39284,-111.94405,2020-08-08,00:32:00
3678326,2020,University Dr,52nd St,134.0,Intersection Related 206,2.0,0.0,Possible Injury,Rear End,Dark Lighted,Clear,Dry,38.0,Male,West,Going Straight Ahead,Speed To Fast For Conditions,Alcohol,No Apparent Influence,20.0,Female,West,Going Straight Ahead,No Improper Action,No Apparent Influence,No Apparent Influence,33.42194,-111.96915,2020-08-08,09:19:00
3678399,2020,Dorsey Ln,Broadway Rd,-80.0,Intersection Related 206,2.0,0.0,Possible Injury,Angle - Other Than Left Turn 2,Daylight,Clear,Dry,25.0,Male,South,Backing,Other,No Apparent Influence,No Apparent Influence,57.0,Female,North,Stopped In Trafficway,No Improper Action,No Apparent Influence,No Apparent Influence,33.40729,-111.9177,2020-08-08,20:59:00
3678391,2020,McKellips Rd,Scottsdale Rd,0.0,Intersection 4 Way 202,2.0,0.0,Suspected Minor Injury,Left Turn,Daylight,Clear,Dry,22.0,Female,West,Making Left Turn,Failed To Keep In Proper Lane,No Apparent Influence,No Apparent Influence,29.0,Male,East,Going Straight Ahead,No Improper Action,No Apparent Influence,No Apparent Influence,33.45124,-111.92647,2020-08-10,15:23:00
3678393,2020,Broadway Rd,Price Rd,25.0,Intersection Related 206,0.0,0.0,No Injury,Rear End,Daylight,Clear,Dry,62.0,Male,West,Going Straight Ahead,Followed Too Closely,No Apparent Influence,No Apparent Influence,19.0,Male,West,Stopped In Trafficway,No Improper Action,No Apparent Influence,No Apparent Influence,33.40748,-111.89025,2020-08-10,17:51:00
3678387,2020,Kyrene Rd,Guadalupe Rd,-30.0,Intersection Related 206,0.0,0.0,No Injury,Rear End,Daylight,Clear,Dry,36.0,Male,North,Going Straight Ahead,Followed Too Closely,No Apparent Influence,No Apparent Influence,60.0,Female,North,Stopped In Trafficway,No Improper Action,No Apparent Influence,No Apparent Influence,33.36358,-111.94589,2020-08-10,20:27:00
3678389,2020,Broadway Rd,Price Rd,123.0,Intersection Related 206,0.0,0.0,No Injury,Sideswipe Same Direction,Daylight,Clear,Dry,64.0,Female,East,Changing Lanes,Unsafe Lane Change,No Apparent Influence,No Apparent Influence,33.0,Male,East,Going Straight Ahead,No Improper Action,No Apparent Influence,No Apparent Influence,33.40749,-111.88993,2020-08-10,20:55:00
3682090,2020,River Dr,Broadway Rd,-67.0,Intersection Related 206,0.0,0.0,No Injury,Sideswipe Same Direction,Daylight,Clear,Dry,50.0,Male,North,Making Right Turn,Made Improper Turn,No Apparent Influence,No Apparent Influence,41.0,Male,North,Unknown,No Improper Action,No Apparent Influence,No Apparent Influence,33.40731,-111.89775,2020-08-11,00:22:00
3678401,2020,Broadway Rd,Price Rd,0.0,Intersection 4 Way 202,1.0,0.0,Possible Injury,Angle - Other Than Left Turn 2,Daylight,Clear,Dry,28.0,Male,West,Going Straight Ahead,Failed To Keep In Proper Lane,No Apparent Influence,No Apparent Influence,40.0,Female,West,Making Left Turn,No Improper Action,No Apparent Influence,No Apparent Influence,33.4075,-111.892,2020-08-11,00:32:00
3681958,2020,University Dr,Price Rd,-40.0,Intersection Related 206,1.0,0.0,Possible Injury,Rear End,Daylight,Clear,Dry,52.0,Male,East,Going Straight Ahead,Speed To Fast For Conditions,No Apparent Influence,No Apparent Influence,34.0,Male,East,Stopped In Trafficway,No Improper Action,No Apparent Influence,No Apparent Influence,33.42201,-111.89209,2020-08-11,00:44:00
3681944,2020,Broadway Rd,McClintock Dr,78.0,Intersection Related 206,0.0,0.0,No Injury,Rear End,Daylight,Clear,Dry,66.0,Male,West,Going Straight Ahead,Followed Too Closely,No Apparent Influence,No Apparent Influence,22.0,Female,West,Stopped In Trafficway,No Improper Action,No Apparent Influence,No Apparent Influence,33.4075,-111.90887,2020-08-11,17:11:00
3678301,2020,University Dr,Perry Ln,207.0,Not Junction Related,1.0,0.0,Suspected Minor Injury,Angle - Other Than Left Turn 2,Daylight,Clear,Dry,24.0,Female,West,Avoiding Vehicle Object Pedestrian,Speed To Fast For Conditions,No Apparent Influence,No Apparent Influence,36.0,Female,East,Going Straight Ahead,No Improper Action,No Apparent Influence,No Apparent Influence,33.42205,-111.90419,2020-08-11,18:08:00
3678504,2020,Rural Rd,6th St,45.0,Not Junction Related,0.0,0.0,No Injury,Rear End,Daylight,Clear,Dry,27.0,Male,North,Going Straight Ahead,Speed To Fast For Conditions,No Apparent Influence,No Apparent Influence,72.0,Female,North,Going Straight Ahead,No Improper Action,No Apparent Influence,No Apparent Influence,33.42462,-111.9263,2020-08-11,19:18:00
3678400,2020,Broadway Rd,Rural Rd,0.0,Intersection 4 Way 202,0.0,0.0,No Injury,Angle - Other Than Left Turn 2,Daylight,Clear,Unknown,22.0,Male,North,Making Right Turn,Failed To Yield Right Of Way,No Apparent Influence,No Apparent Influence,56.0,Female,East,Going Straight Ahead,No Improper Action,No Apparent Influence,No Apparent Influence,33.4075,-111.92628,2020-08-11,23:20:00
3678510,2020,Broadway Rd,Mill Ave,10.0,Intersection Related Non Interchange,0.0,0.0,No Injury,Rear End,Daylight,Clear,Unknown,23.0,Male,West,Stopped In Trafficway,Unknown,No Apparent Influence,No Apparent Influence,60.0,Male,West,Backing,Unknown,No Apparent Influence,No Apparent Influence,33.4074,-111.93979,2020-08-11,23:40:00
3678388,2020,Price Rd,Broadway Rd,0.0,Intersection 4 Way 202,0.0,0.0,No Injury,Sideswipe Same Direction,Daylight,Clear,Dry,34.0,Female,North,Going Straight Ahead,Other,No Apparent Influence,No Apparent Influence,26.0,Male,North,Making Left Turn,No Improper Action,No Apparent Influence,No Apparent Influence,33.40748,-111.89033,2020-08-11,23:43:00
3678263,2020,University Dr,College Ave,80.0,Intersection Related 206,0.0,0.0,No Injury,Sideswipe Same Direction,Dark Lighted,Clear,Dry,73.0,Male,West,Overtaking Passing,Speed To Fast For Conditions,No Apparent Influence,No Apparent Influence,28.0,Male,West,Stopped In Trafficway,No Improper Action,No Apparent Influence,No Apparent Influence,33.42196,-111.9347,2020-08-12,02:34:00
3678264,2020,University Dr,McClintock Dr,-30.0,Not Junction Related,0.0,0.0,No Injury,Head On,Dark Lighted,Clear,Dry,37.0,Male,South,Making Right Turn,Made Improper Turn,No Apparent Influence,No Apparent Influence,32.0,Male,East,Stopped In Trafficway,No Improper Action,No Apparent Influence,No Apparent Influence,33.42198,-111.90918,2020-08-12,03:02:00
3678506,2020,University Dr,Forest Service 01 Tempe Ave,-125.0,Not Junction Related,0.0,0.0,No Injury,Rear End,Dark Lighted,Cloudy,Dry,26.0,Female,East,Going Straight Ahead,Speed To Fast For Conditions,No Apparent Influence,Drugs,24.0,Male,East,Going Straight Ahead,No Improper Action,No Apparent Influence,No Apparent Influence,33.42195,-111.93706,2020-08-12,04:07:00