Incident_ID,Year,Street_Name,Cross_Street,Distance,Junction_Relation,Total_Injuries,Total_Fatalities,Injury_Severity,Collision_Manner,Light_Condition,Weather,Surface_Condition,Age_1,Gender_1,Travel_One,UnitAction_One,Violation1_Drv1,AlcoholUse_ 1,DrugUse_1,Age_2,Gender_2,TravelDirection_2,UnitAction_2,Violation_2,AlcoholUse_2,DrugUse_2,Latitude,Longitude,Date,Time
3681888,2020,Hardy Dr,Broadway Rd,0.0,Intersection 4 Way 202,1.0,0.0,Suspected Minor Injury,Angle - Other Than Left Turn 2,Daylight,Clear,Dry,42.0,Male,North,Going Straight Ahead,Disregarded Traffic Signal,No Apparent Influence,No Apparent Influence,60.0,Male,West,Going Straight Ahead,No Improper Action,No Apparent Influence,No Apparent Influence,33.40739,-111.95217,2020-08-12,14:30:00
3678385,2020,University Dr,Ash Ave,0.0,Intersection 4 Way 202,2.0,0.0,Possible Injury,Angle - Other Than Left Turn 2,Daylight,Clear,Dry,78.0,Female,East,Going Straight Ahead,Disregarded Traffic Signal,No Apparent Influence,No Apparent Influence,22.0,Male,South,Going Straight Ahead,No Improper Action,No Apparent Influence,No Apparent Influence,33.42193,-111.9424,2020-08-12,16:10:00
3682094,2020,Baseline Rd,I-10 Exit 155 C2-Ramp,0.0,Entrance Exit Ramp 205,1.0,0.0,Suspected Minor Injury,Angle - Other Than Left Turn 2,Daylight,Clear,Dry,35.0,Male,East,Going Straight Ahead,Disregarded Traffic Signal,No Apparent Influence,No Apparent Influence,76.0,Female,North,Making Left Turn,No Improper Action,No Apparent Influence,No Apparent Influence,33.3783,-111.96738,2020-08-12,20:08:00
3682093,2020,Baseline Rd,Ash Ave,-217.0,Not Junction Related,2.0,0.0,Possible Injury,Rear End,Daylight,Clear,Dry,23.0,Male,East,Going Straight Ahead,Followed Too Closely,No Apparent Influence,No Apparent Influence,71.0,Male,East,Stopped In Trafficway,No Improper Action,No Apparent Influence,No Apparent Influence,33.37822,-111.94224,2020-08-12,23:17:00
3693204,2020,Elliot Rd,River Pkwy,0.0,Intersection 4 Way 202,1.0,0.0,Possible Injury,Angle - Other Than Left Turn 2,Dark Lighted,Clear,Dry,33.0,Male,West,Going Straight Ahead,Disregarded Traffic Signal,No Apparent Influence,No Apparent Influence,66.0,Male,South,Making Left Turn,No Improper Action,No Apparent Influence,No Apparent Influence,33.34928,-111.89791,2020-08-13,05:11:00
3681974,2020,Broadway Rd,Priest Dr,-60.0,Intersection Related 206,0.0,0.0,No Injury,Sideswipe Same Direction,Daylight,Clear,Dry,19.0,Male,East,Making Left Turn,Unknown,No Apparent Influence,No Apparent Influence,31.0,Male,East,Going Straight Ahead,Unknown,No Apparent Influence,No Apparent Influence,33.40742,-111.96098,2020-08-13,17:01:00
3688259,2020,Rio Salado Pkwy,Perry Ln,0.0,Unknown,0.0,0.0,No Injury,Left Turn,Dark Lighted,Clear,Dry,25.0,Female,East,Making Left Turn,Failed To Yield Right Of Way,No Apparent Influence,No Apparent Influence,30.0,Female,West,Going Straight Ahead,No Improper Action,No Apparent Influence,No Apparent Influence,33.42924,-111.90477,2020-08-14,04:11:00
3681931,2020,Elliot Rd,Kyrene Rd,77.0,Intersection 201,0.0,0.0,No Injury,Rear End,Daylight,Clear,Dry,25.0,Female,East,Going Straight Ahead,Followed Too Closely,No Apparent Influence,No Apparent Influence,58.0,Male,East,Stopped In Trafficway,No Improper Action,No Apparent Influence,No Apparent Influence,33.3492,-111.94548,2020-08-14,17:23:00
3681943,2020,University Dr,Priest Dr,210.0,Driveway Or Alley,1.0,0.0,Suspected Minor Injury,Left Turn,Daylight,Clear,Dry,39.0,Male,Southwest,Making Left Turn,Other,No Apparent Influence,No Apparent Influence,45.0,Male,East,Going Straight Ahead,No Improper Action,No Apparent Influence,No Apparent Influence,33.42194,-111.96024,2020-08-14,19:25:00
3682102,2020,McClintock Dr,Southern Ave,-150.0,Driveway Or Alley,0.0,0.0,No Injury,Left Turn,Daylight,Clear,Dry,54.0,Female,South,Making Left Turn,Failed To Yield Right Of Way,No Apparent Influence,No Apparent Influence,29.0,Male,North,Going Straight Ahead,No Improper Action,No Apparent Influence,No Apparent Influence,33.39258,-111.90913,2020-08-14,20:23:00
3681948,2020,University Dr,River Dr,110.0,Not Junction Related,0.0,0.0,No Injury,Rear End,Daylight,Clear,Dry,23.0,Female,East,Going Straight Ahead,Speed To Fast For Conditions,No Apparent Influence,No Apparent Influence,18.0,Male,East,Slowing In Trafficway,No Improper Action,No Apparent Influence,No Apparent Influence,33.42208,-111.895,2020-08-14,21:37:00
3680526,2020,Broadway Rd,48th St,80.0,Intersection Related Non Interchange,0.0,0.0,No Injury,Sideswipe Same Direction,Daylight,Clear,Dry,35.0,Male,East,Changing Lanes,Made Improper Turn,No Apparent Influence,No Apparent Influence,56.0,Male,East,Stopped In Trafficway,No Improper Action,No Apparent Influence,No Apparent Influence,33.40733,-111.97803,2020-08-14,22:52:00
3681939,2020,McClintock Dr,Broadway Rd,73.0,Intersection Related 206,0.0,0.0,No Injury,Rear End,Daylight,Clear,Dry,40.0,Female,South,Going Straight Ahead,Speed To Fast For Conditions,No Apparent Influence,No Apparent Influence,32.0,Male,South,Stopped In Trafficway,No Improper Action,No Apparent Influence,No Apparent Influence,33.4077,-111.90912,2020-08-14,22:58:00
3678261,2020,Southern Ave,Price Rd,120.0,Not Junction Related,0.0,0.0,No Injury,Sideswipe Same Direction,Daylight,Clear,Dry,16.0,Female,East,Going Straight Ahead,Unknown,No Apparent Influence,No Apparent Influence,35.0,Male,East,Going Straight Ahead,Unknown,No Apparent Influence,No Apparent Influence,33.39295,-111.89006,2020-08-15,01:14:00
3681885,2020,Mill Ave,US-60 Exit 173 C-Ramp,0.0,Intersection 4 Way 202,0.0,0.0,No Injury,Angle - Other Than Left Turn 2,Dark Lighted,Clear,Unknown,19.0,Male,North,Going Straight Ahead,Disregarded Traffic Signal,No Apparent Influence,No Apparent Influence,47.0,Male,West,Making Left Turn,No Improper Action,No Apparent Influence,No Apparent Influence,33.38604,-111.93948,2020-08-15,02:44:00
3692070,2020,Baseline Rd,Kyrene Rd,0.0,Intersection T Inter 203,0.0,0.0,No Injury,Left Turn,Daylight,Clear,Mud Dirt Gravel,82.0,Female,South,Making Left Turn,Failed To Yield Right Of Way,No Apparent Influence,No Apparent Influence,21.0,Male,West,Going Straight Ahead,No Improper Action,No Apparent Influence,No Apparent Influence,33.3782,-111.94599,2020-08-16,01:21:00
3688870,2020,Guadalupe Rd,Price Rd,0.0,Intersection 4 Way 202,0.0,0.0,No Injury,Angle - Other Than Left Turn 2,Dark Lighted,Clear,Dry,31.0,Female,West,Going Straight Ahead,Disregarded Traffic Signal,No Apparent Influence,No Apparent Influence,32.0,Male,South,Going Straight Ahead,No Improper Action,No Apparent Influence,No Apparent Influence,33.36389,-111.89467,2020-08-16,02:51:00
3682096,2020,Mill Ave,Hermosa Dr,-80.0,Not Junction Related,0.0,0.0,No Injury,Angle - Other Than Left Turn 2,Daylight,Clear,Dry,47.0,Male,Southeast,Making U Turn,Made Improper Turn,No Apparent Influence,No Apparent Influence,42.0,Female,South,Going Straight Ahead,No Improper Action,No Apparent Influence,No Apparent Influence,33.38799,-111.93952,2020-08-16,17:14:00
3682101,2020,Rural Rd,US-60 Exit 174 G-Ramp,174.0,Intersection Related 206,0.0,0.0,No Injury,Rear End,Daylight,Clear,Dry,19.0,Female,South,Going Straight Ahead,Followed Too Closely,No Apparent Influence,No Apparent Influence,22.0,Female,South,Stopped In Trafficway,No Improper Action,No Apparent Influence,No Apparent Influence,33.3855,-111.92647,2020-08-16,19:46:00
3675867,2020,McClintock Dr,SR-202 Exit 8 J-Ramp,0.0,Intersection T Inter 203,0.0,0.0,No Injury,Left Turn,Daylight,Cloudy,Dry,59.0,Male,North,Making Left Turn,Made Improper Turn,No Apparent Influence,No Apparent Influence,49.0,Male,South,Going Straight Ahead,No Improper Action,No Apparent Influence,No Apparent Influence,33.43662,-111.90962,2020-08-16,20:40:00
3682097,2020,Carter Dr,Rural Rd,-180.0,Driveway Or Alley,0.0,0.0,No Injury,Angle - Other Than Left Turn 2,Daylight,Cloudy,Dry,28.0,Male,Southwest,Making Left Turn,Failed To Yield Right Of Way,No Apparent Influence,No Apparent Influence,30.0,Male,Northwest,Going Straight Ahead,No Improper Action,No Apparent Influence,No Apparent Influence,33.38138,-111.92811,2020-08-16,23:17:00
3682106,2020,Southern Ave,Potter Dr,-80.0,Intersection Related 206,0.0,0.0,No Injury,Sideswipe Same Direction,Daylight,Clear,Dry,18.0,Male,East,Making Left Turn,Unsafe Lane Change,No Apparent Influence,No Apparent Influence,34.0,Male,East,Stopped In Trafficway,No Improper Action,No Apparent Influence,No Apparent Influence,33.3928,-111.97259,2020-08-17,14:51:00
3681946,2020,Rural Rd,University Dr,-62.0,Intersection Related 206,1.0,0.0,Suspected Minor Injury,Head On,Daylight,Clear,Dry,28.0,Male,South,Going Straight Ahead,Speed To Fast For Conditions,No Apparent Influence,No Apparent Influence,55.0,Female,North,Stopped In Trafficway,No Improper Action,No Apparent Influence,No Apparent Influence,33.42186,-111.92631,2020-08-17,16:50:00
3681911,2020,48th St,Broadway Rd,0.0,Intersection 4 Way 202,2.0,0.0,Suspected Minor Injury,Angle - Other Than Left Turn 2,Daylight,Clear,Dry,31.0,Female,South,Going Straight Ahead,Disregarded Traffic Signal,Alcohol,No Apparent Influence,17.0,Male,East,Making Left Turn,No Improper Action,No Apparent Influence,No Apparent Influence,33.40733,-111.97829,2020-08-17,23:10:00
3681968,2020,Rural Rd,Rio Salado Pkwy,-160.0,Unknown,0.0,0.0,No Injury,Rear End,Dark Lighted,Rain,Dry,20.0,Female,South,Going Straight Ahead,Speed To Fast For Conditions,No Apparent Influence,No Apparent Influence,29.0,Female,South,Slowing In Trafficway,No Improper Action,No Apparent Influence,No Apparent Influence,33.42841,-111.92629,2020-08-18,02:29:00
3681883,2020,Rio Salado Pkwy,Smith Rd,80.0,Intersection Related 206,2.0,0.0,Possible Injury,Rear End,Dark Lighted,Clear,Dry,50.0,Male,West,Going Straight Ahead,Speed To Fast For Conditions,No Apparent Influence,No Apparent Influence,58.0,Male,West,Stopped In Trafficway,No Improper Action,No Apparent Influence,No Apparent Influence,33.42929,-111.90019,2020-08-18,05:07:00
3681913,2020,Rural Rd,Rio Salado Pkwy,-150.0,Intersection Related 206,0.0,0.0,No Injury,Rear End,Daylight,Clear,Dry,23.0,Male,North,Going Straight Ahead,Followed Too Closely,No Apparent Influence,No Apparent Influence,22.0,Male,North,Slowing In Trafficway,No Improper Action,No Apparent Influence,No Apparent Influence,33.42844,-111.92629,2020-08-18,21:21:00
3693822,2020,Broadway Rd,Rural Rd,0.0,Intersection 4 Way 202,0.0,0.0,No Injury,Left Turn,Dark Lighted,Clear,Dry,19.0,Male,East,Making Left Turn,Failed To Yield Right Of Way,No Apparent Influence,No Apparent Influence,37.0,Male,West,Going Straight Ahead,No Improper Action,No Apparent Influence,No Apparent Influence,33.4075,-111.92628,2020-08-19,06:13:00
3681920,2020,Elliot Rd,Price Rd,-77.0,Intersection Related 206,0.0,0.0,No Injury,Sideswipe Same Direction,Daylight,Clear,Dry,51.0,Male,West,Changing Lanes,Unsafe Lane Change,No Apparent Influence,No Apparent Influence,56.0,Male,West,Going Straight Ahead,No Improper Action,No Apparent Influence,No Apparent Influence,33.34934,-111.89462,2020-08-19,14:29:00
3681915,2020,Apache Blvd,Terrace Rd,0.0,Intersection 4 Way 202,0.0,0.0,No Injury,Left Turn,Daylight,Clear,Dry,19.0,Male,East,Making Left Turn,Other,No Apparent Influence,No Apparent Influence,19.0,Female,East,Making Left Turn,No Improper Action,No Apparent Influence,No Apparent Influence,33.41477,-111.92043,2020-08-19,19:38:00
3681918,2020,McClintock Dr,8th St,0.0,Intersection 201,0.0,0.0,No Injury,Rear End,Daylight,Clear,Dry,24.0,Female,North,Going Straight Ahead,Followed Too Closely,No Apparent Influence,No Apparent Influence,49.0,Female,North,Stopped In Trafficway,No Improper Action,No Apparent Influence,No Apparent Influence,33.41952,-111.9091,2020-08-19,20:27:00
3703039,2020,Baseline Rd,Hardy Dr,200.0,Not Junction Related,1.0,0.0,Suspected Minor Injury,Angle - Other Than Left Turn 2,Daylight,Clear,Dry,28.0,Female,East,Making Right Turn,Failed To Yield Right Of Way,No Apparent Influence,No Apparent Influence,30.0,Male,Northeast,Going Straight Ahead,No Improper Action,No Apparent Influence,No Apparent Influence,33.37821,-111.95186,2020-08-21,23:29:00
3688258,2020,Rio Salado Pkwy,Smith Rd,0.0,Intersection Related 206,1.0,0.0,Suspected Minor Injury,Left Turn,Dark Lighted,Clear,Dry,47.0,Female,East,Making Left Turn,Failed To Yield Right Of Way,Alcohol,No Apparent Influence,21.0,Male,West,Going Straight Ahead,No Improper Action,No Apparent Influence,No Apparent Influence,33.42928,-111.90046,2020-08-22,02:45:00
3687080,2020,Kyrene Rd,Elliot Rd,0.0,Intersection 201,0.0,0.0,No Injury,Left Turn,Dark Lighted,Clear,Dry,21.0,Male,North,Making Left Turn,Failed To Yield Right Of Way,No Apparent Influence,No Apparent Influence,24.0,Male,South,Going Straight Ahead,No Improper Action,No Apparent Influence,No Apparent Influence,33.3492,-111.94573,2020-08-22,07:28:00
3684038,2020,Apache Blvd,Terrace Rd,0.0,Intersection 201,0.0,0.0,No Injury,Sideswipe Same Direction,Dark Lighted,Clear,Dry,19.0,Female,East,Changing Lanes,Unsafe Lane Change,Alcohol,No Apparent Influence,22.0,Male,East,Going Straight Ahead,No Improper Action,No Apparent Influence,No Apparent Influence,33.41477,-111.92043,2020-08-23,08:31:00
3688261,2020,Southern Ave,Los Feliz Dr,0.0,Intersection 4 Way 202,1.0,0.0,Possible Injury,Angle - Other Than Left Turn 2,Daylight,Clear,Dry,32.0,Female,South,Making Right Turn,Disregarded Traffic Signal,Alcohol,No Apparent Influence,37.0,Male,West,Going Straight Ahead,No Improper Action,No Apparent Influence,No Apparent Influence,33.39297,-111.90485,2020-08-24,01:41:00
3688858,2020,Broadway Rd,McClintock Dr,0.0,Intersection 4 Way 202,1.0,0.0,Possible Injury,Left Turn,Dark Lighted,Clear,Dry,15.0,Female,East,Making Left Turn,Failed To Yield Right Of Way,No Apparent Influence,No Apparent Influence,20.0,Male,West,Going Straight Ahead,No Improper Action,No Apparent Influence,No Apparent Influence,33.4075,-111.90913,2020-08-25,03:28:00
3693216,2020,Southern Ave,Oak St,0.0,Driveway Or Alley,1.0,0.0,Suspected Serious Injury,Left Turn,Dark Lighted,Clear,Dry,18.0,Female,South,Making Left Turn,Failed To Yield Right Of Way,No Apparent Influence,No Apparent Influence,34.0,Male,West,Going Straight Ahead,Speed To Fast For Conditions,No Apparent Influence,No Apparent Influence,33.39299,-111.91558,2020-08-29,06:20:00
3688257,2020,McClintock Dr,8th St,0.0,Intersection T Inter 203,1.0,0.0,Suspected Serious Injury,Left Turn,Dusk,Cloudy,Dry,75.0,Male,Northwest,Making Left Turn,Failed To Yield Right Of Way,No Apparent Influence,No Apparent Influence,23.0,Male,South,Going Straight Ahead,No Improper Action,No Apparent Influence,No Apparent Influence,33.41952,-111.9091,2020-08-30,01:33:00
3688251,2020,Priest Dr,SR-202 Exit 5 A-Ramp,0.0,Intersection Other 204,2.0,0.0,Possible Injury,Left Turn,Daylight,Clear,Dry,20.0,Male,North,Going Straight Ahead,Unknown,No Apparent Influence,No Apparent Influence,24.0,Female,South,Making Left Turn,Unknown,No Apparent Influence,No Apparent Influence,33.43715,-111.96094,2020-09-01,19:16:00
3688868,2020,Baseline Rd,Wendler Dr,0.0,Not Junction Related,0.0,0.0,No Injury,Rear End,Dark Lighted,Clear,Dry,23.0,Male,West,Going Straight Ahead,Speed To Fast For Conditions,Alcohol,No Apparent Influence,42.0,Female,West,Stopped In Trafficway,No Improper Action,No Apparent Influence,No Apparent Influence,33.37826,-111.96979,2020-09-03,01:42:00
3688861,2020,Rural Rd,Cornell Dr,60.0,Intersection Related 206,2.0,0.0,Possible Injury,Rear End,Daylight,Clear,Dry,30.0,Male,South,Going Straight Ahead,Followed Too Closely,No Apparent Influence,Drugs,48.0,Male,South,Stopped In Trafficway,No Improper Action,No Apparent Influence,No Apparent Influence,33.37228,-111.92866,2020-09-03,14:04:00
3688249,2020,Broadway Rd,McClintock Dr,0.0,Intersection 4 Way 202,1.0,0.0,Possible Injury,Angle - Other Than Left Turn 2,Daylight,Clear,Dry,19.0,Female,East,Unknown,Unknown,No Apparent Influence,No Apparent Influence,41.0,Male,North,Unknown,Unknown,No Apparent Influence,No Apparent Influence,33.4075,-111.90913,2020-09-03,15:26:00
3684975,2020,Scottsdale Rd,Roosevelt St,-120.0,Intersection Related Non Interchange,0.0,0.0,No Injury,Rear End,Daylight,Clear,Dry,44.0,Female,North,Going Straight Ahead,Followed Too Closely,No Apparent Influence,No Apparent Influence,42.0,Male,North,Stopped In Trafficway,No Improper Action,No Apparent Influence,No Apparent Influence,33.45816,-111.92636,2020-09-03,16:31:00
3688252,2020,Elliot Rd,McClintock Dr,-86.0,Intersection Related 206,1.0,0.0,Possible Injury,Rear End,Daylight,Clear,Dry,24.0,Male,East,Going Straight Ahead,Followed Too Closely,Alcohol,Drugs,43.0,Female,East,Stopped In Trafficway,No Improper Action,No Apparent Influence,No Apparent Influence,33.34913,-111.91147,2020-09-03,19:14:00
3688867,2020,McClintock Dr,Citation Ln,0.0,Intersection 4 Way 202,2.0,0.0,Suspected Minor Injury,Left Turn,Daylight,Clear,Dry,70.0,Female,North,Making Left Turn,Failed To Yield Right Of Way,No Apparent Influence,No Apparent Influence,76.0,Female,South,Going Straight Ahead,No Improper Action,No Apparent Influence,No Apparent Influence,33.34278,-111.91118,2020-09-03,23:15:00
3688866,2020,Broadway Rd,College Ave,-115.0,Not Junction Related,2.0,0.0,Suspected Minor Injury,Rear End,Dark Lighted,Clear,Dry,25.0,Female,West,Going Straight Ahead,Speed To Fast For Conditions,No Apparent Influence,No Apparent Influence,20.0,Female,West,Going Straight Ahead,No Improper Action,No Apparent Influence,No Apparent Influence,33.40743,-111.93528,2020-09-04,02:23:00
3687083,2020,Baseline Rd,I-10 Exit 155 A1-Ramp,140.0,Intersection Related 206,2.0,0.0,Possible Injury,Rear End,Daylight,Clear,Dry,20.0,Male,West,Going Straight Ahead,Followed Too Closely,No Apparent Influence,No Apparent Influence,48.0,Female,West,Stopped In Trafficway,No Improper Action,No Apparent Influence,No Apparent Influence,33.37828,-111.96817,2020-09-04,22:40:00
3693209,2020,Kyrene Rd,Guadalupe Rd,-169.0,Intersection Related 206,0.0,0.0,No Injury,Angle - Other Than Left Turn 2,Daylight,Clear,Dry,56.0,Female,East,Making Left Turn,Failed To Yield Right Of Way,No Apparent Influence,No Apparent Influence,22.0,Male,North,Slowing In Trafficway,No Improper Action,No Apparent Influence,No Apparent Influence,33.3632,-111.94589,2020-09-04,23:18:00
3688245,2020,Baseline Rd,Rural Rd,-218.0,Not Junction Related,0.0,0.0,No Injury,Rear End,Daylight,Clear,Dry,15.0,Female,West,Going Straight Ahead,Other,No Apparent Influence,No Apparent Influence,33.0,Female,West,Stopped In Trafficway,No Improper Action,No Apparent Influence,No Apparent Influence,33.37825,-111.9294,2020-09-04,23:22:00
3688871,2020,Broadway Rd,I-10 Exit 153 J2-Ramp,25.0,Not Junction Related,0.0,0.0,No Injury,Rear End,Daylight,Clear,Dry,28.0,Male,West,Going Straight Ahead,Speed To Fast For Conditions,No Apparent Influence,No Apparent Influence,47.0,Female,West,Stopped In Trafficway,No Improper Action,No Apparent Influence,No Apparent Influence,33.40934,-111.97076,2020-09-05,00:04:00
3688246,2020,Rural Rd,Minton Dr,10.0,Not Junction Related,2.0,0.0,Suspected Serious Injury,Left Turn,Dark Lighted,Clear,Dry,40.0,Female,South,Making Left Turn,Made Improper Turn,No Apparent Influence,No Apparent Influence,43.0,Female,North,Going Straight Ahead,No Improper Action,No Apparent Influence,No Apparent Influence,33.37992,-111.92841,2020-09-05,02:12:00
3688864,2020,Priest Dr,Baseline Rd,0.0,Driveway Or Alley,0.0,0.0,No Injury,Angle - Other Than Left Turn 2,Dark Lighted,Clear,Dry,19.0,Female,West,Going Straight Ahead,Failed To Yield Right Of Way,No Apparent Influence,No Apparent Influence,23.0,Male,North,Going Straight Ahead,No Improper Action,No Apparent Influence,No Apparent Influence,33.37824,-111.96317,2020-09-05,02:44:00
3687081,2020,Rural Rd,Lakeshore Dr,200.0,Not Junction Related,0.0,0.0,No Injury,Rear End,Daylight,Clear,Dry,49.0,Male,North,Going Straight Ahead,Followed Too Closely,No Apparent Influence,No Apparent Influence,25.0,Male,North,Stopped In Trafficway,No Improper Action,No Apparent Influence,No Apparent Influence,33.38281,-111.92663,2020-09-05,16:56:00
3692116,2020,Rural Rd,Knox Rd,0.0,Intersection 4 Way 202,2.0,0.0,Possible Injury,Left Turn,Daylight,Clear,Dry,19.0,Female,Southeast,Making Left Turn,Failed To Yield Right Of Way,No Apparent Influence,No Apparent Influence,54.0,Male,North,Going Straight Ahead,No Improper Action,No Apparent Influence,No Apparent Influence,33.32736,-111.9283,2020-09-05,22:31:00
3692115,2020,Baseline Rd,McClintock Dr,50.0,Not Junction Related,0.0,0.0,No Injury,Left Turn,Dark Lighted,Clear,Dry,23.0,Female,East,Making Left Turn,Failed To Yield Right Of Way,No Apparent Influence,No Apparent Influence,46.0,Male,West,Making Right Turn,No Improper Action,No Apparent Influence,No Apparent Influence,33.37842,-111.9091,2020-09-07,07:02:00
3688244,2020,Price Rd,Broadway Rd,0.0,Intersection 4 Way 202,1.0,0.0,Possible Injury,Angle - Other Than Left Turn 2,Daylight,Clear,Dry,53.0,Male,North,Going Straight Ahead,Failed To Keep In Proper Lane,No Apparent Influence,No Apparent Influence,20.0,Male,North,Making Left Turn,No Improper Action,No Apparent Influence,No Apparent Influence,33.40748,-111.89033,2020-09-07,21:51:00
3688254,2020,Broadway Rd,Hardy Dr,-139.0,Not Junction Related,0.0,0.0,No Injury,Left Turn,Dark Lighted,Clear,Dry,18.0,Female,East,Making Left Turn,Failed To Yield Right Of Way,No Apparent Influence,No Apparent Influence,23.0,Male,West,Going Straight Ahead,No Improper Action,No Apparent Influence,No Apparent Influence,33.4074,-111.95262,2020-09-08,04:54:00
3688847,2020,Guadalupe Rd,Rural Rd,-104.0,Intersection Related 206,0.0,0.0,No Injury,Angle - Other Than Left Turn 2,Dawn,Cloudy,Dry,19.0,Male,South,Going Straight Ahead,Speed To Fast For Conditions,No Apparent Influence,No Apparent Influence,32.0,Male,East,Going Straight Ahead,No Improper Action,No Apparent Influence,No Apparent Influence,33.36375,-111.92895,2020-09-08,12:50:00
3688247,2020,Priest Dr,Darrow Dr,0.0,Intersection 4 Way 202,0.0,0.0,No Injury,Angle - Other Than Left Turn 2,Daylight,Cloudy,Dry,44.0,Male,Northwest,Making Left Turn,Disregarded Traffic Signal,No Apparent Influence,No Apparent Influence,37.0,Female,South,Going Straight Ahead,No Improper Action,No Apparent Influence,No Apparent Influence,33.38067,-111.96159,2020-09-08,22:12:00
3692145,2020,Price Rd,University Dr,-35.0,Not Junction Related,1.0,0.0,Possible Injury,Rear End,Daylight,Cloudy,Dry,28.0,Male,North,Going Straight Ahead,Speed To Fast For Conditions,No Apparent Influence,No Apparent Influence,23.0,Female,North,Making Right Turn,No Improper Action,No Apparent Influence,No Apparent Influence,33.42192,-111.89031,2020-09-09,01:02:00
3700075,2020,Broadway Rd,College Ave,50.0,Intersection Related 206,1.0,0.0,Suspected Minor Injury,Sideswipe Same Direction,Dark Lighted,Clear,Dry,23.0,Male,West,Changing Lanes,Unsafe Lane Change,No Apparent Influence,No Apparent Influence,25.0,Male,West,Going Straight Ahead,No Improper Action,No Apparent Influence,No Apparent Influence,33.40744,-111.93474,2020-09-09,03:29:00
3688836,2020,Baseline Rd,College Ave,72.0,Not Junction Related,0.0,0.0,No Injury,Rear End,Dark Lighted,Clear,Dry,56.0,Female,West,Going Straight Ahead,Disregarded Traffic Signal,No Apparent Influence,No Apparent Influence,32.0,Female,West,Stopped In Trafficway,No Improper Action,No Apparent Influence,No Apparent Influence,33.37823,-111.93501,2020-09-09,06:26:00
3688856,2020,Kyrene Rd,Guadalupe Rd,-130.0,Not Junction Related,1.0,0.0,Possible Injury,Angle - Other Than Left Turn 2,Daylight,Clear,Dry,22.0,Female,East,Making Left Turn,Speed To Fast For Conditions,No Apparent Influence,No Apparent Influence,67.0,Female,South,Going Straight Ahead,No Improper Action,No Apparent Influence,No Apparent Influence,33.3633,-111.94589,2020-09-09,22:33:00
3688842,2020,Baseline Rd,Pointe Pkwy,54.0,Intersection Related 206,0.0,0.0,No Injury,Rear End,Daylight,Clear,Dry,44.0,Male,East,Going Straight Ahead,Speed To Fast For Conditions,No Apparent Influence,No Apparent Influence,31.0,Male,East,Slowing In Trafficway,No Improper Action,No Apparent Influence,No Apparent Influence,33.37822,-111.97182,2020-09-10,12:59:00
3688837,2020,McKemy St,Warner Rd,-32.0,Intersection Related 206,0.0,0.0,No Injury,Sideswipe Same Direction,Daylight,Clear,Dry,47.0,Female,North,Making Left Turn,Made Improper Turn,No Apparent Influence,No Apparent Influence,36.0,Male,North,Stopped In Trafficway,No Improper Action,No Apparent Influence,No Apparent Influence,33.3345,-111.94944,2020-09-10,18:15:00
3688875,2020,Hardy Dr,University Dr,-74.0,Intersection Related 206,0.0,0.0,No Injury,Rear End,Daylight,Clear,Dry,35.0,Female,North,Going Straight Ahead,Followed Too Closely,No Apparent Influence,No Apparent Influence,39.0,Female,North,Stopped In Trafficway,No Improper Action,No Apparent Influence,No Apparent Influence,33.42171,-111.95222,2020-09-10,19:14:00
3688850,2020,Scottsdale Rd,McKellips Rd,0.0,Intersection 4 Way 202,2.0,0.0,Suspected Minor Injury,Left Turn,Daylight,Clear,Dry,46.0,Male,East,Making Left Turn,Failed To Yield Right Of Way,No Apparent Influence,No Apparent Influence,23.0,Male,West,Going Straight Ahead,No Improper Action,No Apparent Influence,No Apparent Influence,33.45124,-111.92647,2020-09-10,23:55:00
3688843,2020,Rural Rd,Minton Dr,0.0,Intersection 4 Way 202,1.0,0.0,Suspected Minor Injury,Left Turn,Dark Lighted,Clear,Dry,24.0,Female,North,Making Left Turn,Failed To Yield Right Of Way,No Apparent Influence,No Apparent Influence,20.0,Female,North,Going Straight Ahead,No Improper Action,No Apparent Influence,No Apparent Influence,33.37989,-111.92842,2020-09-11,02:00:00
3692078,2020,Broadway Rd,Elm St,0.0,Intersection T Inter 203,0.0,0.0,No Injury,Left Turn,Dark Lighted,Clear,Dry,53.0,Male,East,Making Left Turn,Failed To Yield Right Of Way,No Apparent Influence,No Apparent Influence,23.0,Male,West,Going Straight Ahead,No Improper Action,No Apparent Influence,No Apparent Influence,33.40751,-111.91325,2020-09-11,02:06:00
3687072,2020,Elliot Rd,Hardy Dr,0.0,Intersection 4 Way 202,0.0,0.0,No Injury,Left Turn,Daylight,Clear,Dry,68.0,Female,West,Going Straight Ahead,Disregarded Traffic Signal,No Apparent Influence,No Apparent Influence,32.0,Male,East,Making Left Turn,No Improper Action,No Apparent Influence,No Apparent Influence,33.34916,-111.95448,2020-09-11,17:01:00
3688862,2020,Southern Ave,Clementine Ct,-160.0,Not Junction Related,0.0,0.0,No Injury,Sideswipe Same Direction,Daylight,Cloudy,Dry,19.0,Male,West,Changing Lanes,Speed To Fast For Conditions,No Apparent Influence,No Apparent Influence,34.0,Male,West,Stopped In Trafficway,No Improper Action,No Apparent Influence,No Apparent Influence,33.39286,-111.96411,2020-09-11,18:32:00