Incident_ID,Year,Street_Name,Cross_Street,Distance,Junction_Relation,Total_Injuries,Total_Fatalities,Injury_Severity,Collision_Manner,Light_Condition,Weather,Surface_Condition,Age_1,Gender_1,Travel_One,UnitAction_One,Violation1_Drv1,AlcoholUse_ 1,DrugUse_1,Age_2,Gender_2,TravelDirection_2,UnitAction_2,Violation_2,AlcoholUse_2,DrugUse_2,Latitude,Longitude,Date,Time
3692084,2020,Priest Dr,SR-202 Exit 5 A-Ramp,0.0,Intersection 4 Way 202,2.0,0.0,Suspected Minor Injury,Angle - Other Than Left Turn 2,Daylight,Cloudy,Dry,73.0,Male,East,Making Left Turn,Disregarded Traffic Signal,No Apparent Influence,No Apparent Influence,27.0,Female,South,Going Straight Ahead,No Improper Action,No Apparent Influence,No Apparent Influence,33.43715,-111.96094,2020-09-11,19:18:00
3688848,2020,Broadway Rd,Price Rd,146.0,Intersection Related 206,0.0,0.0,No Injury,Sideswipe Same Direction,Daylight,Clear,Dry,59.0,Female,West,Slowing In Trafficway,Unknown,No Apparent Influence,No Apparent Influence,64.0,Male,West,Slowing In Trafficway,Unknown,No Apparent Influence,No Apparent Influence,33.40749,-111.88986,2020-09-11,23:43:00
3693215,2020,Mill Ave,3rd St,0.0,Intersection Related 206,0.0,0.0,No Injury,Rear End,Dark Lighted,Clear,Dry,24.0,Female,South,Going Straight Ahead,No Improper Action,No Apparent Influence,No Apparent Influence,30.0,Female,South,Going Straight Ahead,No Improper Action,No Apparent Influence,No Apparent Influence,33.42739,-111.94003,2020-09-12,05:31:00
3693823,2020,Price Rd,University Dr,-100.0,Intersection Related 206,0.0,0.0,No Injury,Rear End,Dark Lighted,Clear,Dry,29.0,Male,North,Going Straight Ahead,Speed To Fast For Conditions,Alcohol,No Apparent Influence,41.0,Female,North,Going Straight Ahead,No Improper Action,No Apparent Influence,No Apparent Influence,33.42174,-111.89032,2020-09-13,02:06:00
3708722,2020,Mill Ave,University Dr,-10.0,Intersection Related 206,1.0,0.0,Possible Injury,Left Turn,Dark Lighted,Clear,Dry,21.0,Female,West,Making Left Turn,Failed To Yield Right Of Way,No Apparent Influence,No Apparent Influence,53.0,Male,East,Making Right Turn,Unknown,No Apparent Influence,No Apparent Influence,33.42191,-111.94001,2020-09-13,03:09:00
3688863,2020,Rural Rd,Lemon St,-60.0,Intersection Related 206,1.0,0.0,Suspected Minor Injury,Rear End,Dark Lighted,Clear,Dry,18.0,Male,North,Going Straight Ahead,Speed To Fast For Conditions,No Apparent Influence,No Apparent Influence,22.0,Male,North,Stopped In Trafficway,No Improper Action,No Apparent Influence,No Apparent Influence,33.41667,-111.9263,2020-09-13,06:56:00
3692119,2020,Mill Ave,Broadway Rd,80.0,Intersection Related 206,0.0,0.0,No Injury,Rear End,Dark Lighted,Clear,Dry,22.0,Male,South,Going Straight Ahead,Speed To Fast For Conditions,Alcohol,No Apparent Influence,27.0,Male,South,Stopped In Trafficway,No Improper Action,No Apparent Influence,No Apparent Influence,33.40762,-111.93983,2020-09-13,09:22:00
3688846,2020,Southern Ave,McAllister Ave,36.0,Intersection Related 206,0.0,0.0,No Injury,Sideswipe Same Direction,Unknown 51,Unknown,Dry,23.0,Male,West,Changing Lanes,Unsafe Lane Change,No Apparent Influence,No Apparent Influence,62.0,Male,West,Going Straight Ahead,No Improper Action,No Apparent Influence,No Apparent Influence,33.39294,-111.93051,2020-09-14,14:54:00
3692110,2020,Broadway Rd,Beck Ave,-37.0,Not Junction Related,0.0,0.0,No Injury,Rear End,Daylight,Clear,Dry,25.0,Male,West,Going Straight Ahead,Speed To Fast For Conditions,No Apparent Influence,No Apparent Influence,30.0,Male,West,Stopped In Trafficway,No Improper Action,No Apparent Influence,No Apparent Influence,33.40741,-111.95539,2020-09-14,18:13:00
3692146,2020,Rural Rd,University Dr,-120.0,Intersection Related 206,0.0,0.0,No Injury,Rear End,Dark Lighted,Clear,Dry,19.0,Male,North,Going Straight Ahead,Speed To Fast For Conditions,No Apparent Influence,No Apparent Influence,30.0,Male,North,Stopped In Trafficway,No Improper Action,No Apparent Influence,No Apparent Influence,33.4217,-111.92631,2020-09-15,04:13:00
3688852,2020,McClintock Dr,Oxford Dr,0.0,Intersection 201,1.0,0.0,Possible Injury,Angle - Other Than Left Turn 2,Daylight,Clear,Dry,18.0,Male,West,Making Left Turn,Failed To Yield Right Of Way,No Apparent Influence,No Apparent Influence,42.0,Male,North,Going Straight Ahead,No Improper Action,No Apparent Influence,No Apparent Influence,33.37537,-111.91049,2020-09-15,15:28:00
3688830,2020,Southern Ave,Terrace Rd,0.0,Intersection 201,1.0,0.0,Possible Injury,Angle - Other Than Left Turn 2,Daylight,Clear,Dry,65.0,Male,West,Going Straight Ahead,Disregarded Traffic Signal,No Apparent Influence,No Apparent Influence,59.0,Female,South,Making Left Turn,No Improper Action,No Apparent Influence,No Apparent Influence,33.39296,-111.92303,2020-09-16,22:04:00
3692138,2020,University Dr,College Ave,90.0,Intersection Related 206,1.0,0.0,Possible Injury,Rear End,Daylight,Clear,Dry,18.0,Male,West,Going Straight Ahead,Followed Too Closely,No Apparent Influence,No Apparent Influence,51.0,Male,West,Going Straight Ahead,No Improper Action,No Apparent Influence,No Apparent Influence,33.42196,-111.93467,2020-09-16,22:22:00
3692142,2020,McAllister Ave,University Dr,0.0,Intersection 4 Way 202,0.0,0.0,No Injury,Left Turn,Daylight,Clear,Dry,32.0,Male,North,Making Left Turn,Failed To Yield Right Of Way,No Apparent Influence,No Apparent Influence,18.0,Female,South,Going Straight Ahead,No Improper Action,No Apparent Influence,No Apparent Influence,33.42202,-111.92894,2020-09-17,00:37:00
3692147,2020,Hardy Dr,Baseline Rd,220.0,Not Junction Related,2.0,0.0,Possible Injury,Angle - Other Than Left Turn 2,Dark Lighted,Clear,Dry,24.0,Female,North,Making U Turn,Made Improper Turn,No Apparent Influence,No Apparent Influence,29.0,Female,North,Going Straight Ahead,No Improper Action,No Apparent Influence,No Apparent Influence,33.37882,-111.9525,2020-09-17,03:20:00
3692075,2020,Baseline Rd,Rural Rd,0.0,Intersection 4 Way 202,1.0,0.0,Possible Injury,Left Turn,Dark Lighted,Clear,Dry,25.0,Male,East,Making Left Turn,Unknown,No Apparent Influence,No Apparent Influence,43.0,Female,West,Going Straight Ahead,Unknown,No Apparent Influence,No Apparent Influence,33.37825,-111.92869,2020-09-17,04:24:00
3688834,2020,Priest Dr,Southern Ave,-89.0,Intersection Related 206,0.0,0.0,No Injury,Rear End,Dark Unknown Lighting,Clear,Dry,33.0,Male,North,Going Straight Ahead,Followed Too Closely,No Apparent Influence,No Apparent Influence,45.0,Female,North,Stopped In Trafficway,No Improper Action,No Apparent Influence,No Apparent Influence,33.39264,-111.96077,2020-09-17,12:30:00
3688832,2020,Baseline Rd,I-10 Exit 155 C2-Ramp,0.0,Intersection 4 Way 202,1.0,0.0,Possible Injury,U Turn,Daylight,Clear,Dry,29.0,Female,West,Making U Turn,Other,No Apparent Influence,No Apparent Influence,29.0,Female,East,Going Straight Ahead,No Improper Action,No Apparent Influence,No Apparent Influence,33.3783,-111.96738,2020-09-17,15:20:00
3692076,2020,McClintock Dr,University Dr,166.0,Driveway Or Alley,2.0,0.0,Possible Injury,Angle - Other Than Left Turn 2,Daylight,Clear,Dry,18.0,Female,West,Going Straight Ahead,Failed To Yield Right Of Way,No Apparent Influence,No Apparent Influence,28.0,Female,North,Going Straight Ahead,No Improper Action,No Apparent Influence,No Apparent Influence,33.42244,-111.90911,2020-09-17,17:32:00
3700123,2020,Elliot Rd,Hardy Dr,0.0,Intersection 4 Way 202,0.0,0.0,No Injury,Angle - Other Than Left Turn 2,Daylight,Clear,Dry,33.0,Male,West,Going Straight Ahead,Disregarded Traffic Signal,No Apparent Influence,No Apparent Influence,68.0,Male,North,Going Straight Ahead,No Improper Action,No Apparent Influence,No Apparent Influence,33.34916,-111.95448,2020-09-17,20:21:00
3692079,2020,Mill Ave,Apache Blvd,-125.0,Not Junction Related,0.0,0.0,No Injury,Sideswipe Same Direction,Dark Lighted,Clear,Dry,23.0,Male,Northeast,Changing Lanes,Unsafe Lane Change,No Apparent Influence,No Apparent Influence,42.0,Male,Northeast,Going Straight Ahead,No Improper Action,No Apparent Influence,No Apparent Influence,33.41575,-111.93978,2020-09-18,02:04:00
3684531,2020,Baseline Rd,I-10 Exit 155 A1-Ramp,0.0,Intersection 201,0.0,0.0,No Injury,Sideswipe Same Direction,Daylight,Clear,Dry,60.0,Male,East,Making Right Turn,Made Improper Turn,No Apparent Influence,No Apparent Influence,20.0,Female,East,Making Right Turn,No Improper Action,No Apparent Influence,No Apparent Influence,33.37827,-111.96863,2020-09-18,13:54:00
3693817,2020,Rural Rd,6th St,120.0,Intersection Related 206,1.0,0.0,Possible Injury,Rear End,Dark Lighted,Clear,Dry,22.0,Female,South,Going Straight Ahead,Speed To Fast For Conditions,No Apparent Influence,No Apparent Influence,25.0,Female,South,Stopped In Trafficway,No Improper Action,No Apparent Influence,No Apparent Influence,33.42483,-111.9263,2020-09-19,02:46:00
3692111,2020,Broadway Rd,Rural Rd,0.0,Intersection 4 Way 202,0.0,0.0,No Injury,Left Turn,Dark Lighted,Clear,Dry,25.0,Female,East,Making Left Turn,Failed To Yield Right Of Way,No Apparent Influence,No Apparent Influence,19.0,Female,West,Going Straight Ahead,No Improper Action,No Apparent Influence,No Apparent Influence,33.4075,-111.92628,2020-09-19,06:19:00
3692144,2020,Rural Rd,Lemon St,117.0,Intersection Related 206,0.0,0.0,No Injury,Left Turn,Dark Lighted,Clear,Dry,17.0,Female,West,Making Left Turn,Failed To Yield Right Of Way,No Apparent Influence,No Apparent Influence,19.0,Female,North,Going Straight Ahead,No Improper Action,No Apparent Influence,No Apparent Influence,33.41716,-111.9263,2020-09-19,07:34:00
3692080,2020,Southern Ave,McClintock Dr,0.0,Intersection 201,0.0,0.0,No Injury,Angle - Other Than Left Turn 2,Daylight,Clear,Dry,55.0,Male,South,Going Straight Ahead,Disregarded Traffic Signal,No Apparent Influence,No Apparent Influence,74.0,Female,West,Going Straight Ahead,No Improper Action,No Apparent Influence,No Apparent Influence,33.39299,-111.90913,2020-09-19,14:25:00
3685077,2020,48th St,Broadway Rd,0.0,Not Junction Related,0.0,0.0,No Injury,Rear End,Dark Lighted,Clear,Dry,21.0,Male,West,Going Straight Ahead,Followed Too Closely,No Apparent Influence,No Apparent Influence,22.0,Female,West,Going Straight Ahead,No Improper Action,No Apparent Influence,No Apparent Influence,33.40733,-111.97829,2020-09-20,03:37:00
3712485,2020,5th St,Mill Ave,-25.0,Intersection Related 206,0.0,0.0,No Injury,Rear End,Dark Lighted,Clear,Dry,22.0,Female,East,Going Straight Ahead,Followed Too Closely,Alcohol,No Apparent Influence,41.0,Male,East,Stopped In Trafficway,No Improper Action,No Apparent Influence,No Apparent Influence,33.4255,-111.9401,2020-09-20,08:45:00
3688684,2020,Elliot Rd,I-10 Exit 157 A-Ramp,0.0,Intersection 201,0.0,0.0,No Injury,Sideswipe Same Direction,Daylight,Clear,Dry,24.0,Male,East,Going Straight Ahead,Failed To Keep In Proper Lane,No Apparent Influence,No Apparent Influence,29.0,Male,East,Making Left Turn,No Improper Action,No Apparent Influence,No Apparent Influence,33.34907,-111.97283,2020-09-21,13:47:00
3692074,2020,University Dr,Veterans Way,92.0,Not Junction Related,1.0,0.0,Suspected Minor Injury,Rear End,Daylight,Clear,Dry,26.0,Male,East,Going Straight Ahead,Speed To Fast For Conditions,No Apparent Influence,No Apparent Influence,19.0,Female,East,Stopped In Trafficway,No Improper Action,No Apparent Influence,No Apparent Influence,33.42202,-111.92864,2020-09-21,19:49:00
3692072,2020,College Ave,E Marigold Ln,45.0,Intersection T Inter 203,1.0,0.0,Suspected Minor Injury,Rear End,Daylight,Cloudy,Dry,22.0,Female,South,Going Straight Ahead,Followed Too Closely,No Apparent Influence,No Apparent Influence,65.0,Male,South,Making Right Turn,No Improper Action,No Apparent Influence,No Apparent Influence,33.44798,-111.93516,2020-09-21,21:30:00
3692085,2020,Kyrene Rd,Guadalupe Rd,-115.0,Intersection Related 206,0.0,0.0,No Injury,Rear End,Daylight,Clear,Dry,34.0,Female,North,Going Straight Ahead,Speed To Fast For Conditions,No Apparent Influence,No Apparent Influence,27.0,Male,North,Stopped In Trafficway,No Improper Action,No Apparent Influence,No Apparent Influence,33.36334,-111.94589,2020-09-22,19:41:00
3704928,2020,University Dr,River Dr,0.0,Intersection T Inter 203,1.0,0.0,Possible Injury,Left Turn,Dark Lighted,Clear,Dry,59.0,Female,West,Making Left Turn,No Improper Action,No Apparent Influence,No Apparent Influence,47.0,Male,East,Going Straight Ahead,No Improper Action,No Apparent Influence,No Apparent Influence,33.42209,-111.89619,2020-09-23,01:50:00
3693234,2020,Price Rd,Balboa Dr,81.0,Not Junction Related,2.0,0.0,Suspected Minor Injury,Rear End,Daylight,Clear,Dry,37.0,Male,North,Going Straight Ahead,Followed Too Closely,No Apparent Influence,No Apparent Influence,35.0,Male,North,Slowing In Trafficway,No Improper Action,No Apparent Influence,No Apparent Influence,33.40006,-111.89035,2020-09-23,15:57:00
3700113,2020,Southern Ave,Priest Dr,92.0,Intersection Related 206,0.0,0.0,No Injury,Rear End,Daylight,Clear,Dry,76.0,Male,West,Going Straight Ahead,Speed To Fast For Conditions,No Apparent Influence,No Apparent Influence,22.0,Female,West,Avoiding Vehicle Object Pedestrian,No Improper Action,No Apparent Influence,No Apparent Influence,33.39288,-111.96047,2020-09-23,18:06:00
3692088,2020,Mill Ave,Balboa Dr,-87.0,Not Junction Related,0.0,0.0,No Injury,Other,Dark Lighted,Clear,Dry,34.0,Female,South,Going Straight Ahead,No Improper Action,No Apparent Influence,No Apparent Influence,32.0,Male,South,Going Straight Ahead,No Improper Action,No Apparent Influence,No Apparent Influence,33.3991,-111.93969,2020-09-24,05:19:00
3693236,2020,Broadway Rd,55th St,78.0,Intersection Related 206,0.0,0.0,No Injury,Sideswipe Same Direction,Daylight,Clear,Dry,32.0,Male,West,Making Left Turn,Unsafe Lane Change,No Apparent Influence,No Apparent Influence,34.0,Female,West,Going Straight Ahead,No Improper Action,No Apparent Influence,No Apparent Influence,33.40753,-111.96557,2020-09-24,19:44:00
3700209,2020,Apache Blvd,McClintock Dr,50.0,Intersection Related 206,2.0,0.0,Possible Injury,Angle - Other Than Left Turn 2,Daylight,Clear,Dry,66.0,Female,West,Changing Lanes,Unsafe Lane Change,No Apparent Influence,No Apparent Influence,35.0,Male,West,Going Straight Ahead,No Improper Action,No Apparent Influence,No Apparent Influence,33.41476,-111.90897,2020-09-25,19:22:00
3693235,2020,Broadway Rd,Price Rd,189.0,Intersection Related 206,2.0,0.0,Possible Injury,Rear End,Daylight,Clear,Dry,37.0,Female,West,Going Straight Ahead,Followed Too Closely,No Apparent Influence,No Apparent Influence,21.0,Female,West,Stopped In Trafficway,No Improper Action,No Apparent Influence,No Apparent Influence,33.40748,-111.89139,2020-09-26,00:34:00
3693239,2020,Rio Salado Pkwy,Clark Dr,85.0,Intersection Related 206,1.0,0.0,Possible Injury,Rear End,Daylight,Clear,Dry,21.0,Female,West,Going Straight Ahead,Followed Too Closely,No Apparent Influence,No Apparent Influence,35.0,Male,West,Stopped In Trafficway,No Improper Action,No Apparent Influence,No Apparent Influence,33.42933,-111.89847,2020-09-26,00:51:00
3693816,2020,Warner Rd,I-10 Exit 158 J-Ramp,0.0,Intersection 4 Way 202,1.0,0.0,Suspected Minor Injury,Left Turn,Daylight,Clear,Dry,67.0,Male,West,Going Straight Ahead,Disregarded Traffic Signal,No Apparent Influence,No Apparent Influence,42.0,Female,East,Making Left Turn,No Improper Action,No Apparent Influence,No Apparent Influence,33.33436,-111.97151,2020-09-26,01:00:00
3708721,2020,Rural Rd,University Dr,0.0,Intersection 4 Way 202,2.0,0.0,Possible Injury,Left Turn,Dark Lighted,Clear,Dry,24.0,Male,West,Going Straight Ahead,No Improper Action,No Apparent Influence,No Apparent Influence,27.0,Male,Northwest,Making Left Turn,Disregarded Traffic Signal,No Apparent Influence,No Apparent Influence,33.42203,-111.92631,2020-09-27,07:02:00
3693238,2020,Rural Rd,Woodman Dr,57.0,Driveway Or Alley,0.0,0.0,No Injury,Angle - Other Than Left Turn 2,Daylight,Clear,Dry,32.0,Male,West,Making Left Turn,Failed To Yield Right Of Way,No Apparent Influence,No Apparent Influence,19.0,Female,North,Going Straight Ahead,No Improper Action,No Apparent Influence,No Apparent Influence,33.36215,-111.92859,2020-09-28,17:00:00
3693832,2020,University Dr,Lola Ln,-119.0,Driveway Or Alley,1.0,0.0,Suspected Minor Injury,Angle - Other Than Left Turn 2,Daylight,Clear,Dry,21.0,Female,South,Making Left Turn,Failed To Yield Right Of Way,No Apparent Influence,No Apparent Influence,38.0,Male,West,Going Straight Ahead,No Improper Action,No Apparent Influence,No Apparent Influence,33.42207,-111.89437,2020-09-28,22:47:00
3700221,2020,Baseline Rd,S Roosevelt St,0.0,Intersection Related Non Interchange,0.0,0.0,No Injury,Sideswipe Opposite Direction,Daylight,Clear,Dry,53.0,Male,West,Making Left Turn,Unknown,No Apparent Influence,No Apparent Influence,23.0,Female,East,Making Left Turn,Unknown,No Apparent Influence,No Apparent Influence,33.3782,-111.94768,2020-09-29,00:18:00
3700212,2020,Rural Rd,Rio Salado Pkwy,-200.0,Not Junction Related,0.0,0.0,No Injury,Rear End,Dark Lighted,Clear,Dry,19.0,Male,South,Slowing In Trafficway,Speed To Fast For Conditions,No Apparent Influence,No Apparent Influence,52.0,Male,South,Stopped In Trafficway,No Improper Action,No Apparent Influence,No Apparent Influence,33.4283,-111.92629,2020-09-29,02:52:00
3693214,2020,Mill Ave,10th St,-50.0,Intersection Related 206,0.0,0.0,No Injury,Rear End,Dark Lighted,Clear,Dry,19.0,Female,South,Going Straight Ahead,Speed To Fast For Conditions,No Apparent Influence,No Apparent Influence,28.0,Male,South,Stopped In Trafficway,No Improper Action,No Apparent Influence,No Apparent Influence,33.41893,-111.93997,2020-09-29,03:05:00
3693230,2020,Southern Ave,Country Club Way,166.0,Intersection Related 206,0.0,0.0,No Injury,Rear End,Daylight,Clear,Dry,39.0,Female,East,Going Straight Ahead,Speed To Fast For Conditions,No Apparent Influence,No Apparent Influence,45.0,Male,East,Stopped In Trafficway,No Improper Action,No Apparent Influence,No Apparent Influence,33.39298,-111.90001,2020-09-29,20:33:00
3693240,2020,Apache Blvd,Price Rd,-61.0,Intersection Related 206,2.0,0.0,Possible Injury,Rear End,Daylight,Clear,Dry,54.0,Male,East,Going Straight Ahead,Followed Too Closely,No Apparent Influence,No Apparent Influence,64.0,Male,East,Stopped In Trafficway,No Improper Action,No Apparent Influence,No Apparent Influence,33.41479,-111.89093,2020-09-29,21:34:00
3693241,2020,Price Rd,Broadway Rd,-131.0,Intersection Related 206,2.0,0.0,Possible Injury,Rear End,Daylight,Clear,Dry,38.0,Male,North,Going Straight Ahead,Followed Too Closely,No Apparent Influence,No Apparent Influence,30.0,Female,North,Stopped In Trafficway,No Improper Action,No Apparent Influence,No Apparent Influence,33.40712,-111.89033,2020-09-29,22:37:00
3703028,2020,Baseline Rd,I-10 Exit 155 C2-Ramp,0.0,Intersection 4 Way 202,2.0,0.0,Possible Injury,Left Turn,Dark Lighted,Clear,Dry,22.0,Male,North,Making Left Turn,Unknown,No Apparent Influence,No Apparent Influence,22.0,Female,East,Making Left Turn,Unknown,No Apparent Influence,No Apparent Influence,33.3783,-111.96738,2020-09-30,01:47:00
3693820,2020,Mill Ave,Baseline Rd,0.02,Driveway Or Alley,2.0,0.0,Possible Injury,Angle - Other Than Left Turn 2,Dawn,Clear,Dry,36.0,Female,West,Making Left Turn,Failed To Yield Right Of Way,No Apparent Influence,No Apparent Influence,25.0,Male,North,Going Straight Ahead,No Improper Action,No Apparent Influence,No Apparent Influence,33.3785,-111.93937,2020-09-30,12:58:00
3689835,2020,Elliot Rd,I-10 Exit 157 J-Ramp,0.0,Intersection Related 206,0.0,0.0,No Injury,Sideswipe Same Direction,Daylight,Clear,Dry,43.0,Male,West,Making Right Turn,Made Improper Turn,No Apparent Influence,No Apparent Influence,44.0,Female,West,Making Right Turn,No Improper Action,No Apparent Influence,No Apparent Influence,33.3491,-111.97094,2020-09-30,15:50:00
3700199,2020,Baseline Rd,Calle Los Cerros,82.0,Intersection Related 206,0.0,0.0,No Injury,Rear End,Daylight,Clear,Dry,26.0,Female,West,Going Straight Ahead,Followed Too Closely,No Apparent Influence,No Apparent Influence,64.0,Male,West,Slowing In Trafficway,No Improper Action,No Apparent Influence,No Apparent Influence,33.37821,-111.97382,2020-09-30,19:39:00
3700204,2020,University Dr,Priest Dr,0.0,Intersection 4 Way 202,1.0,0.0,Possible Injury,Left Turn,Daylight,Clear,Dry,20.0,Female,West,Going Straight Ahead,Disregarded Traffic Signal,No Apparent Influence,No Apparent Influence,65.0,Female,East,Making Left Turn,No Improper Action,No Apparent Influence,No Apparent Influence,33.42194,-111.96092,2020-09-30,22:16:00
3700207,2020,Elliot Rd,Kyrene Rd,0.0,Intersection 4 Way 202,1.0,0.0,Suspected Minor Injury,Left Turn,Dusk,Clear,Dry,38.0,Male,West,Making Left Turn,Failed To Yield Right Of Way,No Apparent Influence,No Apparent Influence,50.0,Male,East,Going Straight Ahead,No Improper Action,No Apparent Influence,No Apparent Influence,33.3492,-111.94573,2020-10-01,01:17:00
3700205,2020,Kyrene Rd,Elliot Rd,0.0,Intersection 4 Way 202,2.0,0.0,Suspected Minor Injury,Left Turn,Dark Lighted,Clear,Dry,26.0,Female,North,Making Left Turn,Failed To Yield Right Of Way,No Apparent Influence,No Apparent Influence,25.0,Male,South,Going Straight Ahead,No Improper Action,No Apparent Influence,No Apparent Influence,33.3492,-111.94573,2020-10-01,01:43:00
3700213,2020,Scottsdale Rd,SR-202 Exit 7 T-Ramp,-40.0,Intersection Related 206,0.0,0.0,No Injury,Sideswipe Same Direction,Daylight,Clear,Dry,19.0,Female,South,Making Right Turn,Failed To Keep In Proper Lane,No Apparent Influence,No Apparent Influence,55.0,Female,South,Going Straight Ahead,No Improper Action,No Apparent Influence,No Apparent Influence,33.43533,-111.92626,2020-10-01,14:28:00
3700211,2020,University Dr,Hacienda Dr,-100.0,Intersection Related 206,0.0,0.0,No Injury,Rear End,Daylight,Clear,Dry,39.0,Female,East,Going Straight Ahead,Followed Too Closely,No Apparent Influence,No Apparent Influence,27.0,Male,East,Slowing In Trafficway,No Improper Action,No Apparent Influence,No Apparent Influence,33.42201,-111.90658,2020-10-01,18:11:00
3700200,2020,Orchid Ln,Stacey Ln,0.0,Intersection 4 Way 202,2.0,0.0,Suspected Minor Injury,Left Turn,Daylight,Clear,Dry,53.0,Male,East,Making Left Turn,Failed To Yield Right Of Way,No Apparent Influence,No Apparent Influence,27.0,Female,South,Going Straight Ahead,No Improper Action,No Apparent Influence,No Apparent Influence,33.32359,-111.96304,2020-10-01,18:41:00
3700110,2020,Rural Rd,6th St,-40.0,Intersection Related 206,1.0,0.0,Possible Injury,Rear End,Dark Lighted,Clear,Dry,25.0,Male,North,Going Straight Ahead,Speed To Fast For Conditions,No Apparent Influence,No Apparent Influence,19.0,Male,North,Going Straight Ahead,Speed To Fast For Conditions,No Apparent Influence,No Apparent Influence,33.42439,-111.9263,2020-10-02,05:21:00
3703034,2020,Baseline Rd,Priest Dr,0.0,Intersection 4 Way 202,0.0,0.0,No Injury,Angle - Other Than Left Turn 2,Unknown 51,Unknown,Dry,21.0,Female,South,Going Straight Ahead,Unknown,No Apparent Influence,No Apparent Influence,30.0,Male,East,Going Straight Ahead,Unknown,No Apparent Influence,No Apparent Influence,33.37824,-111.96318,2020-10-02,08:26:00
3700106,2020,Mill Ave,Southern Ave,178.0,Intersection Related 206,1.0,0.0,Possible Injury,Sideswipe Same Direction,Daylight,Clear,Dry,20.0,Male,South,Changing Lanes,Unsafe Lane Change,No Apparent Influence,No Apparent Influence,66.0,Male,South,Going Straight Ahead,No Improper Action,No Apparent Influence,No Apparent Influence,33.39335,-111.93961,2020-10-02,20:06:00
3703016,2020,Southern Ave,Roosevelt St,35.0,Not Junction Related,0.0,0.0,No Injury,Head On,Daylight,Clear,Dry,45.0,Male,East,Going Straight Ahead,Drove Left Of Center Line,No Apparent Influence,No Apparent Influence,38.0,Male,West,Stopped In Trafficway,No Improper Action,No Apparent Influence,No Apparent Influence,33.39285,-111.94771,2020-10-03,00:37:00
3700107,2020,McClintock Dr,Guadalupe Rd,-10.0,Intersection Related 206,0.0,0.0,No Injury,Angle - Other Than Left Turn 2,Dark Lighted,Clear,Dry,40.0,Male,East,Making Right Turn,Unsafe Lane Change,Alcohol,No Apparent Influence,38.0,Male,South,Going Straight Ahead,No Improper Action,No Apparent Influence,No Apparent Influence,33.36374,-111.91126,2020-10-03,02:17:00
3700104,2020,Southern Ave,Kyrene Rd,94.0,Intersection Related 206,1.0,0.0,Possible Injury,Rear End,Daylight,Clear,Dry,32.0,Male,West,Making Left Turn,Followed Too Closely,No Apparent Influence,No Apparent Influence,58.0,Female,West,Stopped In Trafficway,No Improper Action,No Apparent Influence,No Apparent Influence,33.39284,-111.94338,2020-10-03,17:41:00
3700220,2020,Mill Ave,US-60 Exit 173 J-Ramp,0.0,Intersection Related Non Interchange,1.0,0.0,Possible Injury,Sideswipe Same Direction,Daylight,Clear,Dry,74.0,Male,South,Making Right Turn,Made Improper Turn,No Apparent Influence,No Apparent Influence,59.0,Female,South,Going Straight Ahead,No Improper Action,No Apparent Influence,No Apparent Influence,33.38604,-111.93948,2020-10-03,19:28:00
3700103,2020,McClintock Dr,Alameda Dr,0.0,Intersection 4 Way 202,0.0,0.0,No Injury,Angle - Other Than Left Turn 2,Daylight,Clear,Dry,64.0,Female,North,Going Straight Ahead,Disregarded Traffic Signal,No Apparent Influence,No Apparent Influence,55.0,Male,West,Going Straight Ahead,No Improper Action,No Apparent Influence,No Apparent Influence,33.40015,-111.90913,2020-10-05,15:15:00
3700117,2020,Southern Ave,Mariana Cir,-50.0,Not Junction Related,2.0,0.0,Suspected Minor Injury,Rear End,Daylight,Clear,Dry,24.0,Male,East,Going Straight Ahead,Speed To Fast For Conditions,No Apparent Influence,No Apparent Influence,30.0,Male,East,Going Straight Ahead,No Improper Action,No Apparent Influence,No Apparent Influence,33.39297,-111.9202,2020-10-05,17:31:00
3692129,2020,University Dr,48th St,0.0,Intersection Interchange,2.0,0.0,Possible Injury,Left Turn,Daylight,Clear,Dry,37.0,Male,East,Going Straight Ahead,Disregarded Traffic Signal,No Apparent Influence,No Apparent Influence,30.0,Male,West,Making Left Turn,No Improper Action,No Apparent Influence,No Apparent Influence,33.4219,-111.97625,2020-10-05,18:31:00
3700108,2020,Baseline Rd,I-10 Exit 155 J1-Ramp,-60.0,Intersection Related 206,0.0,0.0,No Injury,Rear End,Daylight,Clear,Dry,29.0,Male,East,Going Straight Ahead,Speed To Fast For Conditions,No Apparent Influence,No Apparent Influence,55.0,Female,East,Stopped In Trafficway,No Improper Action,No Apparent Influence,No Apparent Influence,33.3783,-111.96758,2020-10-05,19:47:00
3703024,2020,Price Rd,Broadway Rd,100.0,Intersection Related 206,1.0,0.0,Possible Injury,Rear End,Daylight,Clear,Dry,38.0,Male,South,Going Straight Ahead,Followed Too Closely,No Apparent Influence,No Apparent Influence,27.0,Male,South,Stopped In Trafficway,No Improper Action,No Apparent Influence,No Apparent Influence,33.40777,-111.892,2020-10-05,20:07:00
3700116,2020,48th St,I-10 Cardinal Frontage,0.0,Intersection 201,0.0,0.0,No Injury,Angle - Other Than Left Turn 2,Daylight,Clear,Dry,18.0,Male,South,Making Left Turn,Other,No Apparent Influence,No Apparent Influence,34.0,Female,East,Going Straight Ahead,No Improper Action,No Apparent Influence,No Apparent Influence,33.40932,-111.97822,2020-10-05,23:36:00