Incident_ID,Year,Street_Name,Cross_Street,Distance,Junction_Relation,Total_Injuries,Total_Fatalities,Injury_Severity,Collision_Manner,Light_Condition,Weather,Surface_Condition,Age_1,Gender_1,Travel_One,UnitAction_One,Violation1_Drv1,AlcoholUse_ 1,DrugUse_1,Age_2,Gender_2,TravelDirection_2,UnitAction_2,Violation_2,AlcoholUse_2,DrugUse_2,Latitude,Longitude,Date,Time
3703054,2020,McClintock Dr,Guadalupe Rd,-75.0,Intersection Related 206,0.0,0.0,No Injury,Angle - Other Than Left Turn 2,Dawn,Clear,Dry,21.0,Male,East,Making Right Turn,Drove Left Of Center Line,No Apparent Influence,No Apparent Influence,66.0,Male,North,Stopped In Trafficway,No Improper Action,No Apparent Influence,No Apparent Influence,33.36356,-111.91126,2020-10-06,12:47:00
3700112,2020,Priest Dr,Fairmont Dr,-20.0,Intersection Related 206,0.0,0.0,No Injury,Sideswipe Same Direction,Daylight,Clear,Dry,19.0,Male,North,Going Straight Ahead,Followed Too Closely,No Apparent Influence,No Apparent Influence,24.0,Male,North,Slowing In Trafficway,No Improper Action,No Apparent Influence,No Apparent Influence,33.39644,-111.9608,2020-10-06,15:40:00
3700073,2020,Baseline Rd,Hardy Dr,-170.0,Intersection Related 206,0.0,0.0,No Injury,Rear End,Daylight,Clear,Dry,58.0,Female,East,Going Straight Ahead,Followed Too Closely,No Apparent Influence,No Apparent Influence,26.0,Male,East,Stopped In Trafficway,No Improper Action,No Apparent Influence,No Apparent Influence,33.37822,-111.95307,2020-10-06,15:54:00
3700114,2020,Rural Rd,Rio Salado Pkwy,0.0,Intersection 4 Way 202,2.0,0.0,Suspected Minor Injury,Left Turn,Daylight,Clear,Dry,25.0,Male,South,Making Left Turn,Failed To Yield Right Of Way,No Apparent Influence,No Apparent Influence,20.0,Female,North,Going Straight Ahead,No Improper Action,No Apparent Influence,No Apparent Influence,33.42885,-111.92629,2020-10-06,19:15:00
3703022,2020,Rio Salado Pkwy,SR-101 Exit 51 J-Ramp,0.0,Intersection 201,0.0,0.0,No Injury,Angle - Other Than Left Turn 2,Dark Lighted,Clear,Dry,26.0,Female,East,Making Left Turn,Failed To Yield Right Of Way,No Apparent Influence,No Apparent Influence,19.0,Female,West,Going Straight Ahead,No Improper Action,No Apparent Influence,No Apparent Influence,33.42931,-111.89026,2020-10-07,01:37:00
3703046,2020,Price Rd,Baseline Rd,0.0,Intersection 4 Way 202,2.0,0.0,Possible Injury,Angle - Other Than Left Turn 2,Daylight,Clear,Dry,29.0,Male,South,Going Straight Ahead,Disregarded Traffic Signal,No Apparent Influence,No Apparent Influence,26.0,Male,East,Going Straight Ahead,No Improper Action,No Apparent Influence,No Apparent Influence,33.37846,-111.89362,2020-10-07,19:34:00
3705135,2020,University Dr,Lola Ln,75.0,Unknown,0.0,0.0,No Injury,Sideswipe Same Direction,Daylight,Clear,Dry,50.0,Female,East,Changing Lanes,Unsafe Lane Change,No Apparent Influence,No Apparent Influence,20.0,Female,East,Slowing In Trafficway,No Improper Action,No Apparent Influence,No Apparent Influence,33.42205,-111.89373,2020-10-07,20:22:00
3700074,2020,Hardy Dr,24th St,115.0,Intersection Related 206,0.0,0.0,No Injury,Rear End,Daylight,Clear,Dry,41.0,Male,South,Going Straight Ahead,Followed Too Closely,No Apparent Influence,No Apparent Influence,68.0,Male,South,Stopped In Trafficway,Other,No Apparent Influence,No Apparent Influence,33.4032,-111.95215,2020-10-07,21:09:00
3708718,2020,Mill Ave,Hermosa Dr,98.0,Not Junction Related,0.0,0.0,No Injury,Rear End,Dark Lighted,Clear,Dry,21.0,Male,South,Going Straight Ahead,Speed To Fast For Conditions,No Apparent Influence,No Apparent Influence,39.0,Female,South,Stopped In Trafficway,Unknown,No Apparent Influence,No Apparent Influence,33.38848,-111.93953,2020-10-08,03:15:00
3703021,2020,Baseline Rd,Kyrene Rd,0.0,Intersection T Inter 203,0.0,0.0,No Injury,Left Turn,Daylight,Clear,Dry,60.0,Female,East,Making Left Turn,Failed To Yield Right Of Way,No Apparent Influence,No Apparent Influence,36.0,Female,West,Going Straight Ahead,No Improper Action,No Apparent Influence,No Apparent Influence,33.37822,-111.94389,2020-10-08,23:38:00
3704953,2020,Rural Rd,Lemon St,-15.0,Intersection Related 206,0.0,0.0,No Injury,Rear End,Dark Lighted,Clear,Dry,18.0,Male,North,Going Straight Ahead,Speed To Fast For Conditions,No Apparent Influence,No Apparent Influence,19.0,Female,North,Slowing In Trafficway,No Improper Action,No Apparent Influence,No Apparent Influence,33.41679,-111.9263,2020-10-09,01:58:00
3703026,2020,McClintock Dr,Warner Rd,0.0,Intersection 4 Way 202,1.0,0.0,Possible Injury,Angle - Other Than Left Turn 2,Daylight,Clear,Dry,17.0,Male,North,Going Straight Ahead,Disregarded Traffic Signal,No Apparent Influence,No Apparent Influence,72.0,Male,East,Going Straight Ahead,No Improper Action,No Apparent Influence,No Apparent Influence,33.33464,-111.91118,2020-10-09,16:48:00
3703031,2020,Warner Rd,Juniper Dr,0.0,Intersection 201,1.0,0.0,Possible Injury,Left Turn,Daylight,Clear,Dry,68.0,Male,North,Making Left Turn,Failed To Yield Right Of Way,No Apparent Influence,No Apparent Influence,59.0,Male,East,Going Straight Ahead,No Improper Action,No Apparent Influence,No Apparent Influence,33.33467,-111.91548,2020-10-09,17:14:00
3703025,2020,Baseline Rd,I-10 Exit 155 C2-Ramp,0.0,Intersection 4 Way 202,1.0,0.0,Possible Injury,Left Turn,Daylight,Clear,Dry,76.0,Male,West,Going Straight Ahead,Unknown,No Apparent Influence,No Apparent Influence,47.0,Male,North,Making Left Turn,Unknown,No Apparent Influence,No Apparent Influence,33.3783,-111.96738,2020-10-09,23:10:00
3703020,2020,Roosevelt St,Fairmont Dr,0.0,Intersection Related 206,0.0,0.0,No Injury,Angle - Other Than Left Turn 2,Daylight,Clear,Dry,33.0,Male,South,Going Straight Ahead,No Improper Action,No Apparent Influence,No Apparent Influence,42.0,Male,East,Stopped In Trafficway,No Improper Action,No Apparent Influence,No Apparent Influence,33.39648,-111.94783,2020-10-12,12:55:00
3704954,2020,McClintock Dr,Warner Rd,100.0,Intersection Related 206,2.0,0.0,Suspected Minor Injury,Head On,Daylight,Clear,Dry,76.0,Male,West,Making Right Turn,Speed To Fast For Conditions,No Apparent Influence,No Apparent Influence,48.0,Female,South,Stopped In Trafficway,No Improper Action,No Apparent Influence,No Apparent Influence,33.33488,-111.91118,2020-10-12,16:58:00
3703035,2020,56th St,Washington St,0.0,Intersection 4 Way 202,2.0,0.0,Possible Injury,Angle - Other Than Left Turn 2,Daylight,Clear,Dry,26.0,Female,East,Going Straight Ahead,Disregarded Traffic Signal,No Apparent Influence,No Apparent Influence,25.0,Male,South,Going Straight Ahead,No Improper Action,No Apparent Influence,No Apparent Influence,33.4453,-111.96104,2020-10-13,18:18:00
3704933,2020,Apache Blvd,Rural Rd,0.0,Intersection 201,0.0,0.0,No Injury,Sideswipe Same Direction,Dusk,Clear,Dry,25.0,Male,Southwest,Unknown,Failed To Keep In Proper Lane,No Apparent Influence,No Apparent Influence,24.0,Male,Southwest,Making Left Turn,No Improper Action,No Apparent Influence,No Apparent Influence,33.41476,-111.92629,2020-10-14,00:25:00
3703040,2020,University Dr,Rural Rd,0.0,Intersection 4 Way 202,0.0,0.0,No Injury,Left Turn,Dark Lighted,Clear,Dry,23.0,Male,West,Making Left Turn,Failed To Yield Right Of Way,No Apparent Influence,No Apparent Influence,20.0,Male,East,Going Straight Ahead,No Improper Action,No Apparent Influence,No Apparent Influence,33.42203,-111.92631,2020-10-15,01:43:00
3704969,2020,Broadway Rd,Priest Dr,-165.0,Driveway Or Alley,0.0,0.0,No Injury,Angle - Other Than Left Turn 2,Dusk,Clear,Dry,28.0,Male,West,Making Right Turn,Other,No Apparent Influence,No Apparent Influence,48.0,Female,West,Going Straight Ahead,No Improper Action,No Apparent Influence,No Apparent Influence,33.40742,-111.96132,2020-10-17,00:41:00
3708716,2020,Rural Rd,Guadalupe Rd,0.0,Intersection 4 Way 202,0.0,0.0,No Injury,Left Turn,Dark Lighted,Clear,Dry,20.0,Male,West,Making Left Turn,Disregarded Traffic Signal,No Apparent Influence,No Apparent Influence,24.0,Male,East,Going Straight Ahead,Disregarded Traffic Signal,No Apparent Influence,No Apparent Influence,33.36375,-111.92861,2020-10-18,01:44:00
3704918,2020,Rural Rd,Baseline Rd,-75.0,Intersection Related 206,1.0,0.0,Suspected Minor Injury,Rear End,Dark Lighted,Clear,Dry,18.0,Male,South,Going Straight Ahead,Speed To Fast For Conditions,No Apparent Influence,No Apparent Influence,27.0,Male,South,Slowing In Trafficway,No Improper Action,No Apparent Influence,No Apparent Influence,33.37804,-111.92869,2020-10-18,01:47:00
3704971,2020,Apache Blvd,Rural Rd,0.11,Driveway Or Alley,1.0,0.0,Possible Injury,Angle - Other Than Left Turn 2,Dark Lighted,Clear,Dry,63.0,Female,North,Making Right Turn,Failed To Yield Right Of Way,No Apparent Influence,No Apparent Influence,20.0,Male,East,Going Straight Ahead,No Improper Action,No Apparent Influence,No Apparent Influence,33.41477,-111.92439,2020-10-18,02:26:00
3708708,2020,Priest Dr,Rio Salado Pkwy,140.0,Intersection Related 206,0.0,0.0,No Injury,Angle - Other Than Left Turn 2,Dawn,Clear,Dry,41.0,Female,South,Going Straight Ahead,Failed To Keep In Proper Lane,No Apparent Influence,Drugs,50.0,Female,South,Going Straight Ahead,No Improper Action,No Apparent Influence,No Apparent Influence,33.42995,-111.96097,2020-10-18,13:07:00
3704929,2020,Baseline Rd,Arizona Mills S,0.0,Intersection Related 206,0.0,0.0,No Injury,Rear End,Daylight,Clear,Dry,28.0,Male,East,Going Straight Ahead,Speed To Fast For Conditions,No Apparent Influence,No Apparent Influence,25.0,Male,East,Stopped In Trafficway,No Improper Action,No Apparent Influence,No Apparent Influence,33.37827,-111.96546,2020-10-18,18:31:00
3727372,2020,Kyrene Rd,Warner Rd,0.0,Intersection 201,0.0,0.0,No Injury,Angle - Other Than Left Turn 2,Dusk,Clear,Dry,35.0,Female,South,Going Straight Ahead,Disregarded Traffic Signal,No Apparent Influence,No Apparent Influence,53.0,Male,East,Going Straight Ahead,No Improper Action,No Apparent Influence,No Apparent Influence,33.3346,-111.94566,2020-10-19,01:13:00
3704937,2020,Price Rd,Elliot Rd,15.0,Intersection Related 206,1.0,0.0,Possible Injury,Rear End,Dark Lighted,Clear,Dry,27.0,Male,South,Going Straight Ahead,Speed To Fast For Conditions,Alcohol,No Apparent Influence,35.0,Male,South,Making Left Turn,No Improper Action,No Apparent Influence,No Apparent Influence,33.34938,-111.89437,2020-10-19,10:09:00
3708577,2020,Broadway Rd,52nd St,-150.0,Intersection Related 206,0.0,0.0,No Injury,Sideswipe Same Direction,Dark Lighted,Clear,Dry,33.0,Male,West,Making Right Turn,Made Improper Turn,No Apparent Influence,No Apparent Influence,66.0,Female,West,Going Straight Ahead,No Improper Action,No Apparent Influence,No Apparent Influence,33.40933,-111.97002,2020-10-19,11:35:00
3704934,2020,Baseline Rd,Dorsey Ln,0.0,Intersection T Inter 203,2.0,0.0,Suspected Minor Injury,Left Turn,Dark Unknown Lighting,Clear,Dry,20.0,Male,East,Making Left Turn,Failed To Yield Right Of Way,Alcohol,No Apparent Influence,19.0,Female,West,Going Straight Ahead,No Improper Action,No Apparent Influence,No Apparent Influence,33.37835,-111.91747,2020-10-20,01:20:00
3704911,2020,Elliot Rd,Harl Ave,0.0,Intersection 4 Way 202,2.0,0.0,Suspected Minor Injury,Left Turn,Dusk,Clear,Dry,43.0,Male,East,Making Left Turn,Failed To Yield Right Of Way,No Apparent Influence,No Apparent Influence,28.0,Male,West,Going Straight Ahead,No Improper Action,No Apparent Influence,No Apparent Influence,33.34908,-111.96593,2020-10-21,00:33:00
3704970,2020,Warner Rd,I-10 Exit 158 C-Ramp,-94.0,Intersection Related 206,2.0,0.0,Possible Injury,Left Turn,Daylight,Clear,Dry,28.0,Male,East,Changing Lanes,Unsafe Lane Change,No Apparent Influence,No Apparent Influence,57.0,Female,East,Going Straight Ahead,No Improper Action,No Apparent Influence,No Apparent Influence,33.33436,-111.97182,2020-10-21,14:54:00
3704981,2020,Warner Rd,Rural Rd,-26.0,Intersection Related 206,0.0,0.0,No Injury,Rear End,Daylight,Clear,Dry,57.0,Male,East,Going Straight Ahead,Speed To Fast For Conditions,No Apparent Influence,No Apparent Influence,35.0,Female,East,Stopped In Trafficway,No Improper Action,No Apparent Influence,No Apparent Influence,33.33465,-111.9285,2020-10-21,14:54:00
3708704,2020,56th St,Baseline Rd,-50.0,Intersection Related 206,0.0,0.0,No Injury,Angle - Other Than Left Turn 2,Dark Lighted,Clear,Dry,29.0,Female,North,Making Left Turn,Other,No Apparent Influence,No Apparent Influence,37.0,Male,North,Going Straight Ahead,No Improper Action,No Apparent Influence,No Apparent Influence,33.37811,-111.96317,2020-10-22,01:28:00
3704966,2020,Scottsdale Rd,Gilbert Dr,-165.0,Intersection Related 206,0.0,0.0,No Injury,Sideswipe Same Direction,Daylight,Clear,Dry,18.0,Male,North,Changing Lanes,Unsafe Lane Change,No Apparent Influence,No Apparent Influence,68.0,Male,North,Going Straight Ahead,No Improper Action,No Apparent Influence,No Apparent Influence,33.43711,-111.92626,2020-10-22,13:59:00
3704920,2020,Priest Dr,University Dr,200.0,Intersection Related 206,1.0,0.0,Possible Injury,Rear End,Daylight,Clear,Dry,42.0,Female,North,Backing,Other,No Apparent Influence,No Apparent Influence,30.0,Male,South,Stopped In Trafficway,No Improper Action,No Apparent Influence,No Apparent Influence,33.42249,-111.96096,2020-10-22,20:24:00
3704967,2020,University Dr,Rural Rd,0.0,Intersection 4 Way 202,0.0,0.0,No Injury,Left Turn,Daylight,Clear,Dry,25.0,Male,West,Making Left Turn,Failed To Yield Right Of Way,No Apparent Influence,No Apparent Influence,21.0,Female,East,Going Straight Ahead,No Improper Action,No Apparent Influence,No Apparent Influence,33.42203,-111.92631,2020-10-22,21:29:00
3704919,2020,Warner Rd,I-10 Exit 158 C-Ramp,0.0,Intersection 201,0.0,0.0,No Injury,Left Turn,Daylight,Clear,Dry,34.0,Male,East,Making Left Turn,Disregarded Traffic Signal,No Apparent Influence,No Apparent Influence,32.0,Female,North,Going Straight Ahead,No Improper Action,No Apparent Influence,No Apparent Influence,33.33436,-111.97151,2020-10-23,19:07:00
3704986,2020,Dorsey Ln,University Dr,0.0,Intersection 4 Way 202,2.0,0.0,Possible Injury,Angle - Other Than Left Turn 2,Daylight,Clear,Dry,28.0,Female,North,Making Left Turn,Disregarded Traffic Signal,No Apparent Influence,Drugs,20.0,Male,West,Going Straight Ahead,No Improper Action,No Apparent Influence,No Apparent Influence,33.42202,-111.91769,2020-10-23,20:57:00
3704975,2020,River Dr,Lemon St,0.0,Intersection 4 Way 202,0.0,0.0,No Injury,Sideswipe Same Direction,Dark Lighted,Clear,Dry,21.0,Male,North,Going Straight Ahead,Unknown,No Apparent Influence,Drugs,34.0,Male,North,Making Left Turn,No Improper Action,No Apparent Influence,No Apparent Influence,33.41581,-111.89621,2020-10-24,01:33:00
3704988,2020,Southern Ave,McClintock Dr,-174.0,Not Junction Related,0.0,0.0,No Injury,Sideswipe Same Direction,Daylight,Cloudy,Dry,63.0,Male,West,Going Straight Ahead,Unknown,No Apparent Influence,No Apparent Influence,59.0,Female,West,Going Straight Ahead,Unknown,No Apparent Influence,No Apparent Influence,33.39299,-111.9097,2020-10-24,17:14:00
3704989,2020,Broadway Rd,Elm St,0.0,Driveway Or Alley,2.0,0.0,Possible Injury,Angle - Other Than Left Turn 2,Daylight,Cloudy,Dry,29.0,Male,South,Making Left Turn,Failed To Yield Right Of Way,No Apparent Influence,No Apparent Influence,30.0,Female,West,Going Straight Ahead,No Improper Action,No Apparent Influence,No Apparent Influence,33.40751,-111.91325,2020-10-24,23:32:00
3720538,2020,Price Rd,Baseline Rd,0.0,Intersection 4 Way 202,1.0,0.0,Possible Injury,Angle - Other Than Left Turn 2,Daylight,Clear,Dry,21.0,Male,East,Going Straight Ahead,Unknown,No Apparent Influence,No Apparent Influence,40.0,Female,South,Going Straight Ahead,Unknown,No Apparent Influence,No Apparent Influence,33.37846,-111.89362,2020-10-26,00:24:00
3704910,2020,S Roosevelt St,Baseline Rd,0.0,Intersection T Inter 203,2.0,0.0,Suspected Minor Injury,Angle - Other Than Left Turn 2,Dusk,Clear,Dry,42.0,Female,South,Making Left Turn,Failed To Yield Right Of Way,No Apparent Influence,No Apparent Influence,23.0,Male,West,Going Straight Ahead,No Improper Action,No Apparent Influence,No Apparent Influence,33.3782,-111.94767,2020-10-26,00:32:00
3708701,2020,Broadway Rd,Price Rd,40.0,Intersection Related 206,1.0,0.0,Suspected Minor Injury,Other,Dark Lighted,Unknown,Dry,63.0,Female,West,Going Straight Ahead,Speed To Fast For Conditions,No Apparent Influence,No Apparent Influence,33.0,Male,West,Stopped In Trafficway,No Improper Action,No Apparent Influence,No Apparent Influence,33.40748,-111.8902,2020-10-26,12:42:00
3704909,2020,Baseline Rd,Dorsey Ln,-118.0,Not Junction Related,0.0,0.0,No Injury,Rear End,Daylight,Cloudy,Dry,24.0,Female,West,Going Straight Ahead,Speed To Fast For Conditions,No Apparent Influence,No Apparent Influence,40.0,Male,West,Stopped In Trafficway,No Improper Action,No Apparent Influence,No Apparent Influence,33.37835,-111.91786,2020-10-26,17:48:00
3704914,2020,Baseline Rd,Price Rd,0.0,Intersection 4 Way 202,2.0,0.0,Suspected Minor Injury,Angle - Other Than Left Turn 2,Daylight,Clear,Dry,57.0,Female,West,Going Straight Ahead,Disregarded Traffic Signal,No Apparent Influence,No Apparent Influence,46.0,Female,South,Going Straight Ahead,No Improper Action,No Apparent Influence,No Apparent Influence,33.37846,-111.89362,2020-10-26,20:18:00
3704979,2020,Broadway Rd,Rural Rd,0.0,Intersection 4 Way 202,1.0,0.0,Possible Injury,Left Turn,Dark Lighted,Clear,Dry,20.0,Male,East,Making Left Turn,Failed To Yield Right Of Way,No Apparent Influence,No Apparent Influence,20.0,Male,West,Going Straight Ahead,No Improper Action,No Apparent Influence,No Apparent Influence,33.4075,-111.92628,2020-10-27,04:22:00
3704968,2020,Baseline Rd,Mill Ave,-84.0,Intersection Related 206,1.0,0.0,Suspected Minor Injury,Left Turn,Dark Lighted,Clear,Dry,28.0,Male,Northeast,Making Left Turn,Failed To Yield Right Of Way,No Apparent Influence,No Apparent Influence,33.0,Male,West,Going Straight Ahead,No Improper Action,No Apparent Influence,No Apparent Influence,33.37822,-111.93964,2020-10-27,12:50:00
3705132,2020,Mill Ave,13th St,0.0,Intersection 4 Way 202,1.0,0.0,Suspected Minor Injury,Angle - Other Than Left Turn 2,Daylight,Clear,Dry,75.0,Male,North,Going Straight Ahead,Disregarded Traffic Signal,No Apparent Influence,No Apparent Influence,38.0,Female,East,Going Straight Ahead,No Improper Action,No Apparent Influence,No Apparent Influence,33.41475,-111.93991,2020-10-27,17:09:00
3704912,2020,Baseline Rd,Wendler Dr,0.0,Intersection T Inter 203,2.0,0.0,Possible Injury,Left Turn,Daylight,Clear,Dry,50.0,Female,East,Going Straight Ahead,Disregarded Traffic Signal,No Apparent Influence,No Apparent Influence,29.0,Female,South,Making Left Turn,No Improper Action,No Apparent Influence,No Apparent Influence,33.37826,-111.96979,2020-10-27,20:32:00
3704984,2020,Southern Ave,Priest Dr,-110.0,Intersection Related 206,0.0,0.0,No Injury,Rear End,Daylight,Clear,Dry,58.0,Male,East,Going Straight Ahead,Followed Too Closely,No Apparent Influence,No Apparent Influence,49.0,Male,East,Stopped In Trafficway,No Improper Action,No Apparent Influence,No Apparent Influence,33.39288,-111.96113,2020-10-27,23:05:00
3704978,2020,McClintock Dr,Alameda Dr,0.0,Intersection 4 Way 202,2.0,0.0,Suspected Minor Injury,Angle - Other Than Left Turn 2,Daylight,Clear,Dry,43.0,Female,North,Going Straight Ahead,Disregarded Traffic Signal,No Apparent Influence,No Apparent Influence,16.0,Female,East,Going Straight Ahead,No Improper Action,No Apparent Influence,No Apparent Influence,33.40015,-111.90913,2020-10-28,21:33:00
3705131,2020,Priest Dr,12th St,0.0,Intersection T Inter 203,1.0,0.0,Possible Injury,Left Turn,Daylight,Clear,Dry,69.0,Female,North,Making Left Turn,Failed To Yield Right Of Way,No Apparent Influence,No Apparent Influence,41.0,Male,South,Going Straight Ahead,No Improper Action,No Apparent Influence,No Apparent Influence,33.41614,-111.96084,2020-10-28,21:53:00
3699756,2020,Price Rd,Broadway Rd,160.0,Not Junction Related,0.0,0.0,No Injury,Sideswipe Same Direction,Daylight,Clear,Dry,20.0,Male,South,Going Straight Ahead,Failed To Yield Right Of Way,No Apparent Influence,No Apparent Influence,40.0,Female,South,Overtaking Passing,Unsafe Lane Change,No Apparent Influence,No Apparent Influence,33.40794,-111.892,2020-10-29,00:05:00
3705128,2020,Priest Dr,Fairmont Dr,0.0,Intersection 4 Way 202,0.0,0.0,No Injury,Left Turn,Daylight,Clear,Dry,70.0,Male,Southeast,Making Left Turn,Failed To Yield Right Of Way,No Apparent Influence,No Apparent Influence,20.0,Male,North,Going Straight Ahead,No Improper Action,No Apparent Influence,No Apparent Influence,33.39649,-111.9608,2020-10-29,16:22:00
3708726,2020,McClintock Dr,University Dr,-142.0,Driveway Or Alley,0.0,0.0,No Injury,Angle - Other Than Left Turn 2,Daylight,Clear,Dry,17.0,Female,Northwest,Making Right Turn,Failed To Yield Right Of Way,No Apparent Influence,No Apparent Influence,24.0,Female,North,Going Straight Ahead,No Improper Action,No Apparent Influence,No Apparent Influence,33.42159,-111.90909,2020-10-29,18:50:00
3704977,2020,Priest Dr,La Jolla Dr,-155.0,Driveway Or Alley,0.0,0.0,No Injury,Left Turn,Daylight,Clear,Dry,52.0,Male,South,Making Left Turn,Failed To Yield Right Of Way,No Apparent Influence,No Apparent Influence,39.0,Male,North,Going Straight Ahead,No Improper Action,No Apparent Influence,No Apparent Influence,33.38986,-111.96082,2020-10-29,20:44:00
3697918,2020,Broadway Rd,48th St,223.0,Not Junction Related,0.0,0.0,No Injury,Left Turn,Daylight,Clear,Dry,30.0,Female,Northwest,Making Left Turn,Failed To Yield Right Of Way,No Apparent Influence,No Apparent Influence,20.0,Male,East,Going Straight Ahead,Unknown,No Apparent Influence,No Apparent Influence,33.40733,-111.97756,2020-10-29,23:09:00
3705138,2020,University Dr,52nd St,-107.0,Intersection Related 206,0.0,0.0,No Injury,Sideswipe Same Direction,Daylight,Clear,Dry,47.0,Female,West,Going Straight Ahead,Followed Too Closely,No Apparent Influence,No Apparent Influence,68.0,Female,West,Stopped In Trafficway,No Improper Action,No Apparent Influence,No Apparent Influence,33.42194,-111.96992,2020-10-30,16:27:00
3708549,2020,Lemon St,Rural Rd,0.0,Not Junction Related,0.0,0.0,No Injury,Angle - Other Than Left Turn 2,Daylight,Clear,Dry,18.0,Female,West,Making U Turn,Made Improper Turn,No Apparent Influence,No Apparent Influence,29.0,Male,East,Going Straight Ahead,No Improper Action,No Apparent Influence,No Apparent Influence,33.41684,-111.9263,2020-10-30,21:34:00
3708697,2020,University Dr,Dorsey Ln,0.0,Intersection 4 Way 202,0.0,0.0,No Injury,Left Turn,Dark Lighted,Clear,Dry,31.0,Male,West,Making Left Turn,Failed To Yield Right Of Way,No Apparent Influence,No Apparent Influence,23.0,Female,East,Going Straight Ahead,No Improper Action,No Apparent Influence,No Apparent Influence,33.42202,-111.91769,2020-10-31,01:38:00
3708702,2020,Rural Rd,Lemon St,15.0,Intersection Related 206,0.0,0.0,No Injury,Rear End,Dark Lighted,Clear,Dry,21.0,Female,South,Going Straight Ahead,Speed To Fast For Conditions,No Apparent Influence,No Apparent Influence,51.0,Male,South,Making Right Turn,No Improper Action,No Apparent Influence,No Apparent Influence,33.41688,-111.9263,2020-10-31,03:04:00
3705136,2020,Southern Ave,Price Rd,0.0,Intersection 4 Way 202,1.0,0.0,Possible Injury,Angle - Other Than Left Turn 2,Daylight,Clear,Dry,58.0,Female,East,Going Straight Ahead,Disregarded Traffic Signal,No Apparent Influence,No Apparent Influence,42.0,Female,North,Going Straight Ahead,No Improper Action,No Apparent Influence,No Apparent Influence,33.39295,-111.89045,2020-10-31,18:54:00
3708691,2020,Rio Salado Pkwy,1st St,0.0,Intersection 201,0.0,0.0,No Injury,Left Turn,Dark Lighted,Clear,Dry,25.0,Female,North,Making Left Turn,Failed To Yield Right Of Way,No Apparent Influence,No Apparent Influence,16.0,Male,West,Going Straight Ahead,No Improper Action,No Apparent Influence,No Apparent Influence,33.42963,-111.94005,2020-11-01,06:09:00
3705133,2020,Ash Ave,5th St,200.0,Driveway Or Alley,1.0,0.0,Suspected Minor Injury,Left Turn,Dark Lighted,Clear,Dry,20.0,Male,West,Making Left Turn,Failed To Yield Right Of Way,Alcohol,No Apparent Influence,18.0,Male,North,Going Straight Ahead,No Improper Action,No Apparent Influence,No Apparent Influence,33.42604,-111.94337,2020-11-01,08:47:00
3708709,2020,Broadway Rd,Price Rd,0.0,Intersection 4 Way 202,0.0,0.0,No Injury,Angle - Other Than Left Turn 2,Unknown 51,Unknown,Dry,62.0,Female,West,Going Straight Ahead,Disregarded Traffic Signal,No Apparent Influence,No Apparent Influence,25.0,Male,South,Making Left Turn,No Improper Action,No Apparent Influence,No Apparent Influence,33.4075,-111.892,2020-11-02,12:41:00
3708574,2020,48th St,I-10 Cardinal Frontage,0.0,Intersection 201,0.0,0.0,No Injury,Angle - Other Than Left Turn 2,Daylight,Clear,Dry,61.0,Male,East,Going Straight Ahead,Disregarded Traffic Signal,No Apparent Influence,No Apparent Influence,22.0,Male,South,Going Straight Ahead,No Improper Action,No Apparent Influence,No Apparent Influence,33.40932,-111.97822,2020-11-02,20:50:00
3708730,2020,University Dr,Lindon Ln,0.0,Intersection T Inter 203,1.0,0.0,Suspected Serious Injury,Left Turn,Dusk,Clear,Dry,22.0,Female,East,Making Left Turn,Failed To Yield Right Of Way,No Apparent Influence,No Apparent Influence,60.0,Female,West,Going Straight Ahead,No Improper Action,No Apparent Influence,No Apparent Influence,33.42194,-111.96524,2020-11-02,23:42:00
3708699,2020,Apache Blvd,Dorsey Ln,0.0,Intersection 4 Way 202,0.0,0.0,No Injury,Left Turn,Dark Lighted,Clear,Dry,35.0,Male,North,Making Left Turn,Failed To Yield Right Of Way,No Apparent Influence,No Apparent Influence,34.0,Male,West,Going Straight Ahead,No Improper Action,No Apparent Influence,No Apparent Influence,33.41476,-111.9177,2020-11-03,01:46:00
3716845,2020,Broadway Rd,55th St,100.0,Not Junction Related,1.0,0.0,Suspected Minor Injury,Sideswipe Same Direction,Dark Lighted,Clear,Dry,20.0,Male,East,Changing Lanes,Unsafe Lane Change,No Apparent Influence,No Apparent Influence,33.0,Male,East,Going Straight Ahead,No Improper Action,No Apparent Influence,No Apparent Influence,33.40752,-111.9655,2020-11-03,05:00:00
3708700,2020,Rural Rd,University Dr,-141.0,Not Junction Related,0.0,0.0,No Injury,Sideswipe Same Direction,Dark Lighted,Clear,Dry,22.0,Male,South,Changing Lanes,Speed To Fast For Conditions,No Apparent Influence,No Apparent Influence,28.0,Male,South,Going Straight Ahead,No Improper Action,No Apparent Influence,No Apparent Influence,33.42164,-111.92631,2020-11-03,12:30:00
3708727,2020,Rural Rd,Elliot Rd,-218.0,Not Junction Related,1.0,0.0,Possible Injury,Rear End,Daylight,Clear,Dry,17.0,Male,North,Going Straight Ahead,Speed To Fast For Conditions,No Apparent Influence,No Apparent Influence,47.0,Male,North,Stopped In Trafficway,No Improper Action,No Apparent Influence,No Apparent Influence,33.34859,-111.92848,2020-11-03,15:24:00