Incident_ID,Year,Street_Name,Cross_Street,Distance,Junction_Relation,Total_Injuries,Total_Fatalities,Injury_Severity,Collision_Manner,Light_Condition,Weather,Surface_Condition,Age_1,Gender_1,Travel_One,UnitAction_One,Violation1_Drv1,AlcoholUse_ 1,DrugUse_1,Age_2,Gender_2,TravelDirection_2,UnitAction_2,Violation_2,AlcoholUse_2,DrugUse_2,Latitude,Longitude,Date,Time
3708576,2020,Rural Rd,Lemon St,-67.0,Intersection Related 206,1.0,0.0,Possible Injury,Rear End,Daylight,Clear,Dry,19.0,Female,North,Going Straight Ahead,Followed Too Closely,No Apparent Influence,No Apparent Influence,19.0,Male,North,Stopped In Trafficway,No Improper Action,No Apparent Influence,No Apparent Influence,33.41665,-111.9263,2020-11-03,20:25:00
3712480,2020,Rural Rd,US-60 Exit 174 A-Ramp,-101.0,Intersection Related 206,0.0,0.0,No Injury,Rear End,Dusk,Clear,Dry,61.0,Female,South,Going Straight Ahead,Followed Too Closely,No Apparent Influence,No Apparent Influence,31.0,Female,South,Stopped In Trafficway,No Improper Action,No Apparent Influence,No Apparent Influence,33.38474,-111.92649,2020-11-04,00:35:00
3708731,2020,University Dr,SR-143 Exit 1 T-Ramp,-45.0,Intersection Related 206,1.0,0.0,Possible Injury,Rear End,Daylight,Clear,Dry,21.0,Male,West,Going Straight Ahead,Followed Too Closely,No Apparent Influence,No Apparent Influence,38.0,Male,West,Stopped In Trafficway,No Improper Action,No Apparent Influence,No Apparent Influence,33.42189,-111.97781,2020-11-04,23:14:00
3708729,2020,University Dr,Ash Ave,0.0,Intersection 4 Way 202,1.0,0.0,Possible Injury,Angle - Other Than Left Turn 2,Daylight,Clear,Dry,64.0,Female,East,Going Straight Ahead,Disregarded Traffic Signal,No Apparent Influence,No Apparent Influence,18.0,Female,North,Making Left Turn,No Improper Action,No Apparent Influence,No Apparent Influence,33.42193,-111.9424,2020-11-05,14:44:00
3712482,2020,Baseline Rd,I-10 Exit 155 G-Ramp,0.0,Intersection 4 Way 202,0.0,0.0,No Injury,Left Turn,Daylight,Cloudy,Dry,38.0,Female,West,Making Left Turn,Unknown,No Apparent Influence,No Apparent Influence,51.0,Female,East,Going Straight Ahead,Unknown,No Apparent Influence,No Apparent Influence,33.37827,-111.96863,2020-11-06,21:06:00
3712484,2020,Apache Blvd,College Ave,0.0,Intersection 4 Way 202,0.0,0.0,No Injury,Angle - Other Than Left Turn 2,Dark Lighted,Cloudy,Dry,18.0,Female,East,Going Straight Ahead,Disregarded Traffic Signal,No Apparent Influence,No Apparent Influence,51.0,Female,North,Making Left Turn,No Improper Action,No Apparent Influence,No Apparent Influence,33.41468,-111.93496,2020-11-07,04:24:00
3712464,2020,University Dr,Evergreen Rd,0.0,Intersection 4 Way 202,0.0,0.0,No Injury,Left Turn,Dark Lighted,Cloudy,Dry,23.0,Male,West,Making Left Turn,Failed To Yield Right Of Way,Alcohol,No Apparent Influence,48.0,Female,East,Going Straight Ahead,No Improper Action,No Apparent Influence,No Apparent Influence,33.42211,-111.88302,2020-11-07,05:24:00
3712481,2020,Scottsdale Rd,McKellips Rd,-205.0,Driveway Or Alley,0.0,0.0,No Injury,Angle - Other Than Left Turn 2,Daylight,Clear,Dry,17.0,Female,West,Making Right Turn,Failed To Yield Right Of Way,No Apparent Influence,No Apparent Influence,64.0,Female,North,Changing Lanes,No Improper Action,No Apparent Influence,No Apparent Influence,33.45068,-111.92647,2020-11-07,17:45:00
3716882,2020,University Dr,McClintock Dr,-15.0,Intersection Related 206,0.0,0.0,No Injury,Sideswipe Same Direction,Dark Lighted,Clear,Dry,28.0,Female,Southwest,Making Right Turn,Failed To Yield Right Of Way,No Apparent Influence,No Apparent Influence,46.0,Female,West,Going Straight Ahead,Unknown,Alcohol,No Apparent Influence,33.42198,-111.90914,2020-11-08,01:19:00
3712478,2020,Hancock Ave,Scottsdale Rd,0.0,Intersection 4 Way 202,0.0,0.0,No Injury,Left Turn,Daylight,Cloudy,Dry,19.0,Male,West,Making Left Turn,Failed To Yield Right Of Way,No Apparent Influence,No Apparent Influence,22.0,Female,East,Going Straight Ahead,No Improper Action,No Apparent Influence,No Apparent Influence,33.44666,-111.92646,2020-11-08,20:17:00
3712470,2020,Ash Ave,5th St,0.0,Intersection 4 Way 202,0.0,0.0,No Injury,Angle - Other Than Left Turn 2,Daylight,Clear,Dry,23.0,Female,South,Going Straight Ahead,Disregarded Traffic Signal,No Apparent Influence,No Apparent Influence,44.0,Male,West,Going Straight Ahead,No Improper Action,No Apparent Influence,No Apparent Influence,33.42549,-111.94337,2020-11-09,17:05:00
3704638,2020,Warner Rd,I-10 Exit 158 J-Ramp,15.0,Intersection Interchange,0.0,0.0,No Injury,Rear End,Dark Lighted,Clear,Dry,46.0,Female,East,Going Straight Ahead,Speed To Fast For Conditions,No Apparent Influence,No Apparent Influence,51.0,Male,East,Other,No Improper Action,No Apparent Influence,No Apparent Influence,33.33436,-111.97146,2020-11-10,01:11:00
3716846,2020,Broadway Rd,Rural Rd,-195.0,Intersection Related 206,1.0,0.0,Possible Injury,Rear End,Daylight,Clear,Dry,23.0,Female,East,Going Straight Ahead,Speed To Fast For Conditions,No Apparent Influence,No Apparent Influence,54.0,Female,East,Stopped In Trafficway,No Improper Action,No Apparent Influence,No Apparent Influence,33.40749,-111.92692,2020-11-10,23:43:00
3712465,2020,Los Feliz Dr,Southern Ave,0.0,Intersection 4 Way 202,1.0,0.0,Suspected Minor Injury,Left Turn,Dark Lighted,Clear,Dry,18.0,Male,West,Making Left Turn,Failed To Yield Right Of Way,No Apparent Influence,No Apparent Influence,22.0,Male,East,Going Straight Ahead,No Improper Action,No Apparent Influence,No Apparent Influence,33.39297,-111.90485,2020-11-11,01:14:00
3716844,2020,Broadway Rd,Hardy Dr,0.0,Not Junction Related,0.0,0.0,No Injury,Left Turn,Dark Lighted,Clear,Dry,19.0,Male,East,Making Left Turn,Failed To Yield Right Of Way,No Apparent Influence,No Apparent Influence,19.0,Female,South,Going Straight Ahead,No Improper Action,No Apparent Influence,No Apparent Influence,33.40739,-111.95217,2020-11-11,05:54:00
3716860,2020,W 7th St,Mill Ave,0.0,Intersection 4 Way 202,0.0,0.0,No Injury,U Turn,Dark Lighted,Clear,Dry,25.0,Male,East,Making U Turn,Unsafe Lane Change,No Apparent Influence,No Apparent Influence,21.0,Female,East,Making Left Turn,No Improper Action,No Apparent Influence,No Apparent Influence,33.42321,-111.94001,2020-11-11,07:05:00
3716851,2020,Southern Ave,Price Rd,0.0,Intersection 4 Way 202,2.0,0.0,Suspected Minor Injury,Angle - Other Than Left Turn 2,Daylight,Clear,Dry,25.0,Male,East,Going Straight Ahead,Disregarded Traffic Signal,No Apparent Influence,No Apparent Influence,45.0,Male,South,Going Straight Ahead,No Improper Action,No Apparent Influence,No Apparent Influence,33.39296,-111.89203,2020-11-12,18:35:00
3740247,2020,Baseline Rd,Kyrene Rd,-45.0,Intersection Related 206,0.0,0.0,No Injury,Rear End,Dark Lighted,Clear,Dry,23.0,Female,East,Unknown,Exceeded Lawful Speed,Alcohol,No Apparent Influence,40.0,Male,East,Slowing In Trafficway,No Improper Action,No Apparent Influence,No Apparent Influence,33.3782,-111.94614,2020-11-13,11:06:00
3716878,2020,Baseline Rd,Pointe Pkwy,90.0,Intersection Related 206,2.0,0.0,Suspected Minor Injury,Rear End,Daylight,Clear,Dry,32.0,Female,East,Going Straight Ahead,Speed To Fast For Conditions,No Apparent Influence,No Apparent Influence,30.0,Male,East,Going Straight Ahead,No Improper Action,No Apparent Influence,No Apparent Influence,33.37822,-111.9717,2020-11-16,14:33:00
3716862,2020,Mill Ave,Baseline Rd,200.0,Driveway Or Alley,0.0,0.0,No Injury,Angle - Other Than Left Turn 2,Dark Lighted,Clear,Dry,36.0,Male,East,Making Left Turn,Failed To Yield Right Of Way,No Apparent Influence,No Apparent Influence,25.0,Female,South,Going Straight Ahead,No Improper Action,No Apparent Influence,No Apparent Influence,33.37876,-111.93938,2020-11-17,00:52:00
3716866,2020,Broadway Rd,Priest Dr,115.0,Intersection Related 206,0.0,0.0,No Injury,Rear End,Daylight,Clear,Dry,49.0,Male,West,Going Straight Ahead,Followed Too Closely,No Apparent Influence,No Apparent Influence,54.0,Male,West,Stopped In Trafficway,No Improper Action,No Apparent Influence,No Apparent Influence,33.40742,-111.9604,2020-11-17,17:12:00
3716842,2020,Price Rd,Baseline Rd,0.0,Intersection 4 Way 202,2.0,0.0,Suspected Minor Injury,Angle - Other Than Left Turn 2,Daylight,Clear,Dry,68.0,Female,South,Going Straight Ahead,Other,No Apparent Influence,No Apparent Influence,37.0,Female,East,Going Straight Ahead,No Improper Action,No Apparent Influence,No Apparent Influence,33.37846,-111.89362,2020-11-17,20:03:00
3716856,2020,Rural Rd,Geneva Dr,-215.0,Intersection Related 206,2.0,0.0,Possible Injury,Left Turn,Daylight,Clear,Dry,64.0,Female,North,Making Left Turn,Failed To Yield Right Of Way,No Apparent Influence,No Apparent Influence,64.0,Female,South,Going Straight Ahead,No Improper Action,No Apparent Influence,No Apparent Influence,33.3944,-111.92633,2020-11-17,23:42:00
3716872,2020,Mill Ave,Hermosa Dr,210.0,Intersection Related 206,0.0,0.0,No Injury,Rear End,Daylight,Clear,Dry,30.0,Male,South,Going Straight Ahead,Followed Too Closely,No Apparent Influence,No Apparent Influence,21.0,Male,South,Stopped In Trafficway,No Improper Action,No Apparent Influence,No Apparent Influence,33.38878,-111.93953,2020-11-18,18:14:00
3716881,2020,University Dr,Price Rd,0.0,Intersection 201,2.0,0.0,Suspected Minor Injury,Angle - Other Than Left Turn 2,Daylight,Clear,Dry,20.0,Male,West,Going Straight Ahead,Disregarded Traffic Signal,No Apparent Influence,No Apparent Influence,39.0,Male,South,Going Straight Ahead,No Improper Action,No Apparent Influence,No Apparent Influence,33.42201,-111.89195,2020-11-18,20:18:00
3716863,2020,52nd St,University Dr,0.0,Intersection 4 Way 202,1.0,0.0,Possible Injury,Left Turn,Daylight,Clear,Dry,33.0,Male,North,Making Left Turn,Failed To Yield Right Of Way,No Apparent Influence,No Apparent Influence,23.0,Female,South,Going Straight Ahead,Exceeded Lawful Speed,No Apparent Influence,No Apparent Influence,33.42194,-111.96957,2020-11-18,21:34:00
3716855,2020,Rural Rd,Minton Dr,0.0,Intersection 4 Way 202,0.0,0.0,No Injury,Left Turn,Daylight,Clear,Dry,77.0,Female,South,Making Left Turn,Failed To Yield Right Of Way,No Apparent Influence,No Apparent Influence,29.0,Female,North,Going Straight Ahead,No Improper Action,No Apparent Influence,No Apparent Influence,33.37989,-111.92842,2020-11-18,22:56:00
3716870,2020,Kyrene Rd,Palomino Dr,-45.0,Driveway Or Alley,1.0,0.0,Possible Injury,Left Turn,Daylight,Clear,Dry,27.0,Male,East,Making Left Turn,Failed To Yield Right Of Way,No Apparent Influence,No Apparent Influence,56.0,Male,South,Going Straight Ahead,No Improper Action,No Apparent Influence,No Apparent Influence,33.33887,-111.94571,2020-11-18,23:21:00
3739499,2020,Rio Salado Pkwy,Packard Dr,-0.22,Intersection Related 206,1.0,0.0,Suspected Minor Injury,Rear End,Dark Lighted,Clear,Dry,20.0,Male,East,Going Straight Ahead,Speed To Fast For Conditions,No Apparent Influence,No Apparent Influence,52.0,Female,East,Stopped In Trafficway,No Improper Action,No Apparent Influence,No Apparent Influence,33.42939,-111.93297,2020-11-19,01:33:00
3716854,2020,Fairmont Dr,Hardy Dr,0.0,Intersection 4 Way 202,0.0,0.0,No Injury,Angle - Other Than Left Turn 2,Daylight,Clear,Dry,78.0,Female,West,Going Straight Ahead,Ran Stop Sign,No Apparent Influence,No Apparent Influence,54.0,Male,South,Going Straight Ahead,No Improper Action,No Apparent Influence,No Apparent Influence,33.39649,-111.95213,2020-11-19,15:07:00
3716859,2020,Priest Dr,12th Pl,0.0,Intersection T Inter 203,1.0,0.0,Possible Injury,Angle - Other Than Left Turn 2,Daylight,Clear,Dry,24.0,Male,North,Backing,Other,No Apparent Influence,No Apparent Influence,51.0,Female,North,Making Left Turn,No Improper Action,No Apparent Influence,No Apparent Influence,33.41557,-111.96083,2020-11-19,21:24:00
3716852,2020,Scottsdale Rd,Gilbert Dr,0.0,Intersection 4 Way 202,1.0,0.0,Possible Injury,Left Turn,Daylight,Clear,Dry,23.0,Male,North,Making Left Turn,Failed To Yield Right Of Way,No Apparent Influence,No Apparent Influence,21.0,Male,South,Going Straight Ahead,No Improper Action,No Apparent Influence,No Apparent Influence,33.43756,-111.92628,2020-11-21,00:47:00
3716850,2020,University Dr,Rural Rd,168.0,Driveway Or Alley,2.0,0.0,Suspected Minor Injury,Angle - Other Than Left Turn 2,Daylight,Clear,Dry,21.0,Male,North,Making Left Turn,Failed To Yield Right Of Way,No Apparent Influence,No Apparent Influence,30.0,Female,East,Going Straight Ahead,No Improper Action,No Apparent Influence,No Apparent Influence,33.42203,-111.92576,2020-11-21,20:13:00
3720531,2020,Washington St,Priest Dr,35.0,Intersection Related 206,0.0,0.0,No Injury,Rear End,Daylight,Clear,Dry,61.0,Female,Southeast,Going Straight Ahead,Followed Too Closely,No Apparent Influence,No Apparent Influence,25.0,Male,Southeast,Stopped In Trafficway,No Improper Action,No Apparent Influence,No Apparent Influence,33.4427,-111.95668,2020-11-21,20:23:00
3716879,2020,Southern Ave,Price Rd,0.0,Intersection 4 Way 202,2.0,0.0,Suspected Minor Injury,Angle - Other Than Left Turn 2,Dusk,Clear,Dry,60.0,Female,East,Going Straight Ahead,Disregarded Traffic Signal,No Apparent Influence,No Apparent Influence,21.0,Female,South,Going Straight Ahead,No Improper Action,No Apparent Influence,No Apparent Influence,33.39296,-111.89203,2020-11-21,23:28:00
3727253,2020,Mill Ave,Hermosa Dr,0.0,Intersection 4 Way 202,2.0,0.0,Suspected Minor Injury,Left Turn,Dark Lighted,Clear,Dry,29.0,Male,East,Making Left Turn,Unknown,No Apparent Influence,No Apparent Influence,19.0,Male,South,Going Straight Ahead,Unknown,No Apparent Influence,No Apparent Influence,33.38821,-111.93953,2020-11-23,03:41:00
3726684,2020,Scottsdale Rd,Playa Del Norte Dr,0.0,Intersection Related 206,0.0,0.0,No Injury,Rear End,Dark Lighted,Clear,Dry,33.0,Female,North,Going Straight Ahead,Speed To Fast For Conditions,No Apparent Influence,No Apparent Influence,21.0,Female,North,Stopped In Trafficway,No Improper Action,No Apparent Influence,No Apparent Influence,33.43403,-111.92626,2020-11-24,03:36:00
3720568,2020,University Dr,Lindon Ln,0.0,Intersection T Inter 203,0.0,0.0,No Injury,Left Turn,Daylight,Clear,Dry,19.0,Female,West,Making Left Turn,Failed To Yield Right Of Way,No Apparent Influence,No Apparent Influence,25.0,Female,East,Going Straight Ahead,No Improper Action,No Apparent Influence,No Apparent Influence,33.42194,-111.96524,2020-11-25,15:52:00
3720559,2020,Mill Ave,Carter Dr,-56.0,Intersection Related 206,0.0,0.0,No Injury,Rear End,Daylight,Clear,Dry,46.0,Male,North,Going Straight Ahead,Followed Too Closely,Alcohol,No Apparent Influence,19.0,Male,North,Going Straight Ahead,No Improper Action,No Apparent Influence,No Apparent Influence,33.38313,-111.93945,2020-11-25,16:07:00
3726743,2020,Broadway Rd,Mill Ave,0.0,Intersection 4 Way 202,0.0,0.0,No Injury,Angle - Other Than Left Turn 2,Dark Lighted,Clear,Dry,19.0,Male,South,Going Straight Ahead,Other,No Apparent Influence,No Apparent Influence,54.0,Male,East,Going Straight Ahead,No Improper Action,No Apparent Influence,No Apparent Influence,33.4074,-111.93983,2020-11-27,05:31:00
3720570,2020,Rio Salado Pkwy,McClintock Dr,0.0,Intersection 4 Way 202,0.0,0.0,No Injury,Sideswipe Same Direction,Dark Lighted,Clear,Dry,21.0,Male,West,Going Straight Ahead,Followed Too Closely,No Apparent Influence,No Apparent Influence,21.0,Male,West,Going Straight Ahead,No Improper Action,No Apparent Influence,No Apparent Influence,33.42926,-111.90907,2020-11-28,03:37:00
3726730,2020,Mill Ave,US-60 Exit 173 A-Ramp,0.0,Intersection Related 206,0.0,0.0,No Injury,Angle - Other Than Left Turn 2,Dark Lighted,Clear,Dry,22.0,Male,East,Making Right Turn,Made Improper Turn,Alcohol,No Apparent Influence,34.0,Female,South,Going Straight Ahead,No Improper Action,No Apparent Influence,No Apparent Influence,33.38511,-111.93947,2020-11-28,08:24:00
3720557,2020,Geneva Dr,Mill Ave,45.0,Intersection Related 206,2.0,0.0,Suspected Minor Injury,Rear End,Dusk,Clear,Dry,27.0,Male,North,Going Straight Ahead,Speed To Fast For Conditions,Alcohol,No Apparent Influence,34.0,Female,North,Making Right Turn,No Improper Action,No Apparent Influence,No Apparent Influence,33.39551,-111.93949,2020-11-28,23:39:00
3720539,2020,Minton Dr,McClintock Dr,-205.0,Not Junction Related,0.0,0.0,No Injury,Sideswipe Same Direction,Dark Not Lighted,Clear,Dry,83.0,Male,West,Going Straight Ahead,Speed To Fast For Conditions,No Apparent Influence,No Apparent Influence,25.0,Male,West,Properly Parked,No Improper Action,No Apparent Influence,No Apparent Influence,33.38183,-111.90991,2020-11-30,01:27:00
3727239,2020,McClintock Dr,Harvard Dr,50.0,Intersection Related 206,0.0,0.0,No Injury,Sideswipe Same Direction,Daylight,Clear,Dry,47.0,Female,North,Changing Lanes,Unsafe Lane Change,No Apparent Influence,No Apparent Influence,46.0,Male,North,Going Straight Ahead,No Improper Action,No Apparent Influence,No Apparent Influence,33.37667,-111.90953,2020-11-30,21:37:00
3720544,2020,Spence Ave,Terrace Rd,-35.0,Intersection Related 206,0.0,0.0,No Injury,Angle - Other Than Left Turn 2,Daylight,Clear,Dry,58.0,Male,East,Going Straight Ahead,Drove Left Of Center Line,No Apparent Influence,No Apparent Influence,36.0,Female,East,Making Left Turn,No Improper Action,No Apparent Influence,No Apparent Influence,33.41287,-111.92107,2020-12-02,16:40:00
3720560,2020,University Dr,Priest Dr,0.0,Intersection 4 Way 202,0.0,0.0,No Injury,Left Turn,Daylight,Clear,Unknown,24.0,Male,East,Making Left Turn,Failed To Yield Right Of Way,Alcohol,No Apparent Influence,60.0,Male,West,Going Straight Ahead,No Improper Action,No Apparent Influence,No Apparent Influence,33.42194,-111.96092,2020-12-02,20:57:00
3709675,2020,Elliot Rd,I-10 Exit 157 G-Ramp,0.0,Intersection 201,1.0,0.0,Possible Injury,Left Turn,Daylight,Clear,Dry,33.0,Female,East,Going Straight Ahead,Disregarded Traffic Signal,No Apparent Influence,No Apparent Influence,53.0,Female,West,Making Left Turn,No Improper Action,No Apparent Influence,No Apparent Influence,33.34907,-111.97283,2020-12-03,15:40:00
3710231,2020,Rio Salado Pkwy,Price Rd,49.0,Intersection Related 206,0.0,0.0,No Injury,Rear End,Daylight,Clear,Dry,28.0,Male,East,Going Straight Ahead,Speed To Fast For Conditions,No Apparent Influence,No Apparent Influence,52.0,Female,West,Stopped In Trafficway,No Improper Action,No Apparent Influence,No Apparent Influence,33.42932,-111.8901,2020-12-03,21:39:00
3727256,2020,Broadway Rd,College Ave,25.0,Intersection Related 206,1.0,0.0,Possible Injury,Rear End,Dark Lighted,Clear,Dry,42.0,Male,West,Making Right Turn,Made Improper Turn,No Apparent Influence,No Apparent Influence,70.0,Male,West,Going Straight Ahead,No Improper Action,No Apparent Influence,No Apparent Influence,33.40744,-111.93482,2020-12-04,00:36:00
3720536,2020,Kyrene Rd,Elliot Rd,0.0,Intersection 201,1.0,0.0,Possible Injury,Left Turn,Dark Lighted,Clear,Dry,24.0,Male,East,Making Left Turn,Failed To Yield Right Of Way,No Apparent Influence,No Apparent Influence,25.0,Female,West,Going Straight Ahead,No Improper Action,No Apparent Influence,No Apparent Influence,33.3492,-111.94573,2020-12-04,04:04:00
3727348,2020,48th St,Alameda Dr,0.0,Intersection 4 Way 202,2.0,0.0,Possible Injury,Head On,Dark Lighted,Clear,Dry,17.0,Female,South,Making Left Turn,Failed To Yield Right Of Way,No Apparent Influence,No Apparent Influence,21.0,Female,North,Going Straight Ahead,No Improper Action,No Apparent Influence,No Apparent Influence,33.40005,-111.97831,2020-12-05,02:02:00
3727270,2020,Hardy Dr,Greenway Dr,-80.0,Not Junction Related,0.0,0.0,No Injury,Rear End,Daylight,Clear,Dry,38.0,Male,North,Going Straight Ahead,Speed To Fast For Conditions,No Apparent Influence,No Apparent Influence,51.0,Male,North,Going Straight Ahead,No Improper Action,No Apparent Influence,No Apparent Influence,33.38302,-111.95239,2020-12-05,16:48:00
3727350,2020,Mill Ave,Southern Ave,-100.0,Driveway Or Alley,0.0,0.0,No Injury,Left Turn,Daylight,Clear,Dry,32.0,Male,West,Making Left Turn,Failed To Yield Right Of Way,No Apparent Influence,No Apparent Influence,82.0,Male,North,Going Straight Ahead,No Improper Action,No Apparent Influence,No Apparent Influence,33.39259,-111.9396,2020-12-06,01:27:00
3720562,2020,Priest Dr,SR-202 Exit 5 A-Ramp,-15.0,Intersection Related 206,1.0,0.0,Possible Injury,Rear End,Daylight,Clear,Dry,19.0,Female,North,Going Straight Ahead,Speed To Fast For Conditions,No Apparent Influence,No Apparent Influence,26.0,Male,North,Stopped In Trafficway,Other,No Apparent Influence,No Apparent Influence,33.43711,-111.96094,2020-12-06,17:14:00
3727378,2020,Baseline Rd,College Ave,150.0,Not Junction Related,1.0,0.0,Suspected Minor Injury,Unknown,Dark Lighted,Clear,Dry,41.0,Male,West,Going Straight Ahead,Unknown,Alcohol,Drugs,37.0,Male,West,Going Straight Ahead,Unknown,No Apparent Influence,No Apparent Influence,33.37823,-111.93476,2020-12-07,01:27:00
3732263,2020,48th St,Hidalgo Ave,-48.0,Intersection Related 206,0.0,0.0,No Injury,Rear End,Dark Lighted,Clear,Dry,24.0,Male,South,Going Straight Ahead,Failed To Yield Right Of Way,No Apparent Influence,No Apparent Influence,24.0,Male,South,Going Straight Ahead,No Improper Action,No Apparent Influence,No Apparent Influence,33.39386,-111.97834,2020-12-07,01:31:00
3726745,2020,E Lakeview Dr,Mill Ave,-200.0,Not Junction Related,0.0,0.0,No Injury,Angle - Other Than Left Turn 2,Dark Lighted,Clear,Dry,17.0,Male,West,Going Straight Ahead,Failed To Keep In Proper Lane,No Apparent Influence,No Apparent Influence,19.0,Male,South,Stopped In Trafficway,No Improper Action,No Apparent Influence,No Apparent Influence,33.43502,-111.94211,2020-12-07,04:59:00
3739110,2020,Broadway Rd,Rural Rd,157.0,Intersection Related 206,1.0,0.0,Possible Injury,Sideswipe Same Direction,Daylight,Clear,Dry,20.0,Female,West,Unknown,Unknown,No Apparent Influence,No Apparent Influence,58.0,Male,West,Unknown,Unknown,No Apparent Influence,No Apparent Influence,33.40751,-111.92577,2020-12-07,16:58:00
3720545,2020,Baseline Rd,I-10 Exit 155 C2-Ramp,0.0,Intersection 201,0.0,0.0,No Injury,Left Turn,Daylight,Cloudy,Dry,46.0,Male,East,Going Straight Ahead,Disregarded Traffic Signal,No Apparent Influence,No Apparent Influence,57.0,Male,North,Making Left Turn,No Improper Action,No Apparent Influence,No Apparent Influence,33.3783,-111.96738,2020-12-07,22:09:00
3739109,2020,Broadway Rd,Dorsey Ln,0.0,Intersection 4 Way 202,1.0,0.0,Suspected Minor Injury,Left Turn,Dusk,Clear,Dry,35.0,Female,East,Making Left Turn,Failed To Yield Right Of Way,No Apparent Influence,No Apparent Influence,21.0,Male,West,Going Straight Ahead,No Improper Action,No Apparent Influence,No Apparent Influence,33.40751,-111.9177,2020-12-07,23:46:00
3727369,2020,52nd St,Medtronic Way,12.0,Not Junction Related,0.0,0.0,No Injury,Left Turn,Dark Lighted,Clear,Dry,44.0,Male,South,Making Left Turn,Made Improper Turn,No Apparent Influence,No Apparent Influence,55.0,Female,North,Going Straight Ahead,No Improper Action,No Apparent Influence,No Apparent Influence,33.41793,-111.96954,2020-12-09,11:18:00
3727356,2020,Mill Ave,Hermosa Dr,228.0,Not Junction Related,2.0,0.0,Suspected Minor Injury,Rear End,Daylight,Clear,Dry,47.0,Male,North,Going Straight Ahead,Speed To Fast For Conditions,No Apparent Influence,No Apparent Influence,39.0,Male,North,Going Straight Ahead,No Improper Action,No Apparent Influence,No Apparent Influence,33.38883,-111.93953,2020-12-09,23:28:00
3727269,2020,Mill Ave,2nd St,-50.0,Intersection Related 206,2.0,0.0,Possible Injury,Rear End,Dark Lighted,Clear,Dry,27.0,Male,South,Going Straight Ahead,Speed To Fast For Conditions,No Apparent Influence,No Apparent Influence,38.0,Male,South,Slowing In Trafficway,Unknown,No Apparent Influence,No Apparent Influence,33.42837,-111.94004,2020-12-10,04:20:00
3727260,2020,McClintock Dr,Fremont Dr,35.0,Intersection Related 206,1.0,0.0,Possible Injury,Rear End,Daylight,Cloudy,Wet,20.0,Male,South,Going Straight Ahead,Followed Too Closely,No Apparent Influence,No Apparent Influence,25.0,Female,South,Slowing In Trafficway,No Improper Action,No Apparent Influence,No Apparent Influence,33.38284,-111.90923,2020-12-10,14:28:00
3720556,2020,Curry Rd,Scottsdale Rd,-35.0,Intersection Related 206,1.0,0.0,Possible Injury,Rear End,Daylight,Clear,Wet,69.0,Female,West,Going Straight Ahead,Followed Too Closely,No Apparent Influence,No Apparent Influence,33.0,Male,West,Stopped In Trafficway,No Improper Action,No Apparent Influence,No Apparent Influence,33.44029,-111.92645,2020-12-10,18:05:00
3727265,2020,Southern Ave,McClintock Dr,0.0,Intersection 4 Way 202,0.0,0.0,No Injury,Angle - Other Than Left Turn 2,Dark Lighted,Clear,Dry,65.0,Male,West,Going Straight Ahead,Failed To Yield Right Of Way,No Apparent Influence,No Apparent Influence,23.0,Female,South,Going Straight Ahead,No Improper Action,No Apparent Influence,No Apparent Influence,33.39299,-111.90913,2020-12-11,08:24:00
3727357,2020,McClintock Dr,Rio Salado Pkwy,85.0,Intersection Related 206,0.0,0.0,No Injury,Rear End,Dusk,Cloudy,Dry,25.0,Male,North,Going Straight Ahead,Speed To Fast For Conditions,No Apparent Influence,No Apparent Influence,68.0,Female,North,Stopped In Trafficway,No Improper Action,No Apparent Influence,No Apparent Influence,33.4295,-111.90908,2020-12-12,00:08:00
3727264,2020,McClintock Dr,Elliot Rd,0.0,Intersection 4 Way 202,2.0,0.0,Suspected Minor Injury,Left Turn,Dawn,Clear,Dry,35.0,Male,South,Making Left Turn,Failed To Yield Right Of Way,No Apparent Influence,No Apparent Influence,25.0,Male,North,Going Straight Ahead,No Improper Action,No Apparent Influence,No Apparent Influence,33.34913,-111.91119,2020-12-12,13:55:00
3727248,2020,McClintock Dr,Rio Salado Pkwy,0.0,Intersection 4 Way 202,0.0,0.0,No Injury,Rear End,Daylight,Clear,Dry,55.0,Male,North,Going Straight Ahead,Followed Too Closely,No Apparent Influence,No Apparent Influence,23.0,Male,North,Going Straight Ahead,No Improper Action,No Apparent Influence,No Apparent Influence,33.42926,-111.90907,2020-12-12,20:22:00
3726729,2020,Baseline Rd,Wendler Dr,0.0,Intersection T Inter 203,1.0,0.0,Possible Injury,Left Turn,Daylight,Clear,Dry,16.0,Male,West,Going Straight Ahead,Other,No Apparent Influence,No Apparent Influence,48.0,Female,South,Making Left Turn,Unknown,No Apparent Influence,No Apparent Influence,33.37826,-111.96979,2020-12-12,21:02:00
3727360,2020,McClintock Dr,Rio Salado Pkwy,200.0,Intersection Related 206,1.0,0.0,Possible Injury,Sideswipe Same Direction,Daylight,Clear,Dry,38.0,Female,South,Changing Lanes,Unsafe Lane Change,No Apparent Influence,No Apparent Influence,31.0,Female,South,Stopped In Trafficway,No Improper Action,No Apparent Influence,No Apparent Influence,33.42981,-111.9091,2020-12-12,22:28:00
3726738,2020,Elliot Rd,Kyrene Rd,0.0,Not Junction Related,0.0,0.0,No Injury,Rear End,Dark Lighted,Clear,Dry,28.0,Female,South,Going Straight Ahead,Unknown,Alcohol,No Apparent Influence,33.0,Male,South,Going Straight Ahead,No Improper Action,No Apparent Influence,No Apparent Influence,33.3492,-111.94573,2020-12-14,12:40:00