Incident_ID,Year,Street_Name,Cross_Street,Distance,Junction_Relation,Total_Injuries,Total_Fatalities,Injury_Severity,Collision_Manner,Light_Condition,Weather,Surface_Condition,Age_1,Gender_1,Travel_One,UnitAction_One,Violation1_Drv1,AlcoholUse_ 1,DrugUse_1,Age_2,Gender_2,TravelDirection_2,UnitAction_2,Violation_2,AlcoholUse_2,DrugUse_2,Latitude,Longitude,Date,Time
3727262,2020,Rural Rd,Apache Blvd,-30.0,Intersection Related 206,2.0,0.0,Suspected Minor Injury,Rear End,Daylight,Cloudy,Dry,24.0,Male,North,Going Straight Ahead,Followed Too Closely,No Apparent Influence,No Apparent Influence,23.0,Male,North,Stopped In Trafficway,No Improper Action,No Apparent Influence,No Apparent Influence,33.41468,-111.92629,2020-12-14,20:25:00
3727259,2020,Hardy Dr,Manhatton Dr,0.0,Intersection 4 Way 202,0.0,0.0,No Injury,Angle - Other Than Left Turn 2,Daylight,Clear,Dry,28.0,Male,West,Going Straight Ahead,Failed To Yield Right Of Way,No Apparent Influence,No Apparent Influence,24.0,Female,South,Going Straight Ahead,No Improper Action,No Apparent Influence,No Apparent Influence,33.38939,-111.95255,2020-12-15,18:27:00
3727368,2020,University Dr,Madison Dr,0.0,Intersection T Inter 203,0.0,0.0,No Injury,U Turn,Dark Lighted,Clear,Dry,64.0,Male,East,Making U Turn,Other,No Apparent Influence,No Apparent Influence,52.0,Male,West,Going Straight Ahead,No Improper Action,No Apparent Influence,No Apparent Influence,33.42192,-111.97333,2020-12-16,13:54:00
3727257,2020,Price Rd,Guadalupe Rd,-200.0,Not Junction Related,0.0,0.0,No Injury,Rear End,Daylight,Clear,Dry,21.0,Female,South,Going Straight Ahead,Followed Too Closely,No Apparent Influence,No Apparent Influence,44.0,Female,South,Slowing In Trafficway,No Improper Action,No Apparent Influence,No Apparent Influence,33.36334,-111.89468,2020-12-17,00:40:00
3727241,2020,Broadway Rd,Price Rd,0.0,Intersection 4 Way 202,0.0,0.0,No Injury,Left Turn,Dark Lighted,Clear,Dry,25.0,Male,East,Making Left Turn,Failed To Yield Right Of Way,No Apparent Influence,No Apparent Influence,26.0,Male,West,Going Straight Ahead,No Improper Action,No Apparent Influence,No Apparent Influence,33.40748,-111.89033,2020-12-17,01:59:00
3727321,2020,Price Rd,Guadalupe Rd,0.0,Intersection 4 Way 202,1.0,0.0,Possible Injury,Angle - Other Than Left Turn 2,Daylight,Clear,Dry,23.0,Male,South,Going Straight Ahead,Disregarded Traffic Signal,No Apparent Influence,No Apparent Influence,68.0,Male,East,Going Straight Ahead,No Improper Action,No Apparent Influence,No Apparent Influence,33.36389,-111.89467,2020-12-18,18:34:00
3732749,2020,Broadway Rd,Roosevelt St,-165.0,Intersection Related 206,0.0,0.0,No Injury,Rear End,Daylight,Clear,Dry,21.0,Male,East,Going Straight Ahead,Followed Too Closely,No Apparent Influence,No Apparent Influence,31.0,Female,East,Stopped In Trafficway,No Improper Action,No Apparent Influence,No Apparent Influence,33.40738,-111.94839,2020-12-18,19:37:00
3730561,2020,McClintock Dr,Elliot Rd,0.0,Intersection 4 Way 202,1.0,0.0,Suspected Minor Injury,Left Turn,Dark Lighted,Clear,Dry,17.0,Male,Southeast,Making Left Turn,Failed To Yield Right Of Way,No Apparent Influence,No Apparent Influence,23.0,Male,North,Going Straight Ahead,No Improper Action,No Apparent Influence,No Apparent Influence,33.34913,-111.91119,2020-12-19,01:10:00
3727276,2020,University Dr,Smith Rd,-70.0,Not Junction Related,2.0,0.0,Possible Injury,Left Turn,Dark Lighted,Clear,Dry,18.0,Female,South,Making Left Turn,Failed To Yield Right Of Way,No Apparent Influence,No Apparent Influence,23.0,Female,West,Going Straight Ahead,No Improper Action,No Apparent Influence,No Apparent Influence,33.42211,-111.90073,2020-12-19,01:22:00
3732249,2020,Rural Rd,6th St,0.0,Intersection 4 Way 202,1.0,0.0,Suspected Minor Injury,Left Turn,Dark Lighted,Clear,Dry,20.0,Female,Southeast,Making Left Turn,Made Improper Turn,Alcohol,No Apparent Influence,38.0,Male,North,Going Straight Ahead,No Improper Action,No Apparent Influence,No Apparent Influence,33.4245,-111.9263,2020-12-19,08:03:00
3727325,2020,Rural Rd,Lakeshore Dr,215.0,Intersection 4 Way 202,1.0,0.0,Possible Injury,Left Turn,Daylight,Clear,Dry,35.0,Male,South,Making Left Turn,Failed To Yield Right Of Way,No Apparent Influence,No Apparent Influence,20.0,Male,North,Going Straight Ahead,No Improper Action,No Apparent Influence,No Apparent Influence,33.38288,-111.92662,2020-12-19,18:04:00
3732241,2020,McKellips Rd,Scottsdale Rd,-50.0,Intersection Related 206,1.0,0.0,Possible Injury,Angle - Other Than Left Turn 2,Daylight,Clear,Dry,20.0,Female,North,Making Left Turn,Made Improper Turn,No Apparent Influence,No Apparent Influence,27.0,Male,East,Going Straight Ahead,No Improper Action,No Apparent Influence,No Apparent Influence,33.45124,-111.92663,2020-12-19,21:02:00
3726687,2020,Baseline Rd,Calle Los Cerros,-75.0,Not Junction Related,0.0,0.0,No Injury,Rear End,Dark Lighted,Clear,Dry,39.0,Male,East,Going Straight Ahead,Speed To Fast For Conditions,No Apparent Influence,No Apparent Influence,32.0,Female,East,Going Straight Ahead,No Improper Action,No Apparent Influence,No Apparent Influence,33.37821,-111.97433,2020-12-20,00:54:00
3726701,2020,Scottsdale Rd,Cavalier Dr,0.0,Not Junction Related,1.0,0.0,Possible Injury,Angle - Other Than Left Turn 2,Dusk,Clear,Dry,69.0,Male,Southwest,Going Straight Ahead,Unknown,No Apparent Influence,No Apparent Influence,21.0,Male,North,Going Straight Ahead,Unknown,No Apparent Influence,No Apparent Influence,33.44901,-111.92647,2020-12-20,00:56:00
3726702,2020,Cavalier Dr,Scottsdale Rd,-200.0,Driveway Or Alley,1.0,0.0,Possible Injury,Angle - Other Than Left Turn 2,Dusk,Clear,Dry,69.0,Male,Southwest,Going Straight Ahead,Unknown,No Apparent Influence,No Apparent Influence,21.0,Male,North,Going Straight Ahead,Unknown,No Apparent Influence,No Apparent Influence,33.44901,-111.92712,2020-12-20,00:56:00
3727371,2020,Warner Rd,Kyrene Rd,0.0,Intersection 4 Way 202,0.0,0.0,No Injury,Left Turn,Dark Lighted,Clear,Dry,18.0,Female,East,Making Left Turn,Failed To Yield Right Of Way,No Apparent Influence,No Apparent Influence,27.0,Female,West,Going Straight Ahead,Disregarded Traffic Signal,No Apparent Influence,No Apparent Influence,33.3346,-111.94566,2020-12-20,01:02:00
3727252,2020,Rio Salado Pkwy,Rural Rd,-15.0,Intersection Related 206,0.0,0.0,No Injury,Angle - Other Than Left Turn 2,Dark Lighted,Clear,Dry,21.0,Female,East,Making U Turn,Made Improper Turn,No Apparent Influence,No Apparent Influence,27.0,Male,South,Making Right Turn,No Improper Action,No Apparent Influence,No Apparent Influence,33.42885,-111.92634,2020-12-20,05:32:00
3726696,2020,Smith Rd,Don Carlos Ave,-27.0,Intersection 4 Way 202,2.0,0.0,Possible Injury,Left Turn,Dark Lighted,Clear,Dry,28.0,Female,North,Going Straight Ahead,Ran Stop Sign,No Apparent Influence,No Apparent Influence,44.0,Female,South,Making Left Turn,No Improper Action,No Apparent Influence,No Apparent Influence,33.41748,-111.90049,2020-12-20,06:26:00
3727322,2020,Broadway Rd,Priest Dr,0.0,Intersection 4 Way 202,1.0,0.0,Possible Injury,Angle - Other Than Left Turn 2,Daylight,Clear,Dry,21.0,Male,East,Going Straight Ahead,Disregarded Traffic Signal,No Apparent Influence,No Apparent Influence,21.0,Female,North,Making Left Turn,No Improper Action,No Apparent Influence,No Apparent Influence,33.40742,-111.96078,2020-12-20,18:30:00
3727323,2020,Priest Dr,Broadway Rd,0.0,Intersection 4 Way 202,1.0,0.0,Possible Injury,Left Turn,Daylight,Clear,Dry,25.0,Female,West,Going Straight Ahead,Unknown,No Apparent Influence,No Apparent Influence,46.0,Female,East,Making Left Turn,Unknown,No Apparent Influence,No Apparent Influence,33.40742,-111.96078,2020-12-21,22:21:00
3727278,2020,Baseline Rd,Calle Los Cerros,-56.0,Intersection Related 206,0.0,0.0,No Injury,Rear End,Daylight,Clear,Dry,24.0,Female,East,Going Straight Ahead,Followed Too Closely,No Apparent Influence,No Apparent Influence,62.0,Male,East,Stopped In Trafficway,No Improper Action,No Apparent Influence,No Apparent Influence,33.37821,-111.97427,2020-12-22,00:11:00
3727352,2020,University Dr,Mill Ave,-66.0,Intersection Related 206,2.0,0.0,Suspected Minor Injury,Left Turn,Dark Lighted,Clear,Dry,20.0,Male,East,Changing Lanes,Passed In No Passing Zone,No Apparent Influence,No Apparent Influence,25.0,Male,East,Going Straight Ahead,No Improper Action,No Apparent Influence,No Apparent Influence,33.42193,-111.94023,2020-12-22,01:18:00
3727361,2020,McClintock Dr,Don Carlos Ave,-185.0,Driveway Or Alley,0.0,0.0,No Injury,Angle - Other Than Left Turn 2,Dark Lighted,Clear,Dry,25.0,Male,East,Making Left Turn,Failed To Yield Right Of Way,No Apparent Influence,No Apparent Influence,22.0,Male,South,Going Straight Ahead,No Improper Action,No Apparent Influence,No Apparent Influence,33.41697,-111.90911,2020-12-22,13:06:00
3721774,2020,McKellips Rd,Hayden Rd,-108.0,Not Junction Related,0.0,0.0,No Injury,Angle - Other Than Left Turn 2,Daylight,Cloudy,Dry,49.0,Male,South,Making Left Turn,Made Improper Turn,No Apparent Influence,No Apparent Influence,34.0,Female,West,Going Straight Ahead,No Improper Action,No Apparent Influence,No Apparent Influence,33.45127,-111.90965,2020-12-22,15:02:00
3727353,2020,Bell De Mar Dr,Kyrene Rd,-40.0,Intersection Related 206,1.0,0.0,Suspected Serious Injury,Angle - Other Than Left Turn 2,Dark Lighted,Clear,Dry,25.0,Male,North,Going Straight Ahead,Other,No Apparent Influence,No Apparent Influence,50.0,Male,East,Making Right Turn,No Improper Action,No Apparent Influence,No Apparent Influence,33.35822,-111.94599,2020-12-23,00:40:00
3727363,2020,Baseline Rd,Kyrene Rd,200.0,Intersection Related 206,0.0,0.0,No Injury,Rear End,Dark Lighted,Clear,Dry,35.0,Female,West,Going Straight Ahead,No Improper Action,Alcohol,No Apparent Influence,36.0,Male,West,Slowing In Trafficway,Followed Too Closely,No Apparent Influence,No Apparent Influence,33.3782,-111.94533,2020-12-23,01:45:00
3727338,2020,Hardy Dr,9th St,106.0,Driveway Or Alley,0.0,0.0,No Injury,Angle - Other Than Left Turn 2,Daylight,Clear,Dry,21.0,Female,West,Making Left Turn,Failed To Yield Right Of Way,No Apparent Influence,No Apparent Influence,35.0,Male,South,Going Straight Ahead,No Improper Action,No Apparent Influence,No Apparent Influence,33.42141,-111.95222,2020-12-23,18:55:00
3727375,2020,Mill Ave,Alameda Dr,0.0,Intersection 4 Way 202,2.0,0.0,Suspected Minor Injury,Left Turn,Daylight,Clear,Dry,63.0,Female,North,Making Left Turn,Failed To Yield Right Of Way,No Apparent Influence,No Apparent Influence,44.0,Male,South,Going Straight Ahead,No Improper Action,No Apparent Influence,No Apparent Influence,33.40011,-111.93971,2020-12-23,20:40:00
3750445,2020,Scottsdale Rd,Weber Dr,0.0,Intersection 4 Way 202,1.0,0.0,Suspected Minor Injury,Left Turn,Dark Lighted,Clear,Dry,32.0,Male,South,Making Left Turn,Unknown,No Apparent Influence,No Apparent Influence,54.0,Male,North,Going Straight Ahead,Unknown,No Apparent Influence,No Apparent Influence,33.44399,-111.92644,2020-12-24,05:00:00
3727351,2020,Southern Ave,McClintock Dr,0.0,Intersection 4 Way 202,0.0,0.0,No Injury,Angle - Other Than Left Turn 2,Unknown 51,Unknown,Dry,43.0,Female,West,Making Right Turn,Failed To Yield Right Of Way,No Apparent Influence,No Apparent Influence,56.0,Male,North,Going Straight Ahead,No Improper Action,No Apparent Influence,No Apparent Influence,33.39299,-111.90913,2020-12-25,02:09:00
3732256,2020,Baseline Rd,Kyrene Rd,-100.0,Intersection Related 206,1.0,0.0,Possible Injury,Rear End,Dusk,Clear,Dry,39.0,Female,East,Going Straight Ahead,Speed To Fast For Conditions,No Apparent Influence,No Apparent Influence,29.0,Male,East,Stopped In Trafficway,No Improper Action,No Apparent Influence,No Apparent Influence,33.37821,-111.94422,2020-12-25,23:58:00
3727373,2020,Rural Rd,Southern Ave,180.0,Intersection Related 206,2.0,0.0,Suspected Minor Injury,Rear End,Daylight,Clear,Dry,31.0,Male,South,Going Straight Ahead,Speed To Fast For Conditions,No Apparent Influence,No Apparent Influence,29.0,Male,South,Stopped In Trafficway,No Improper Action,No Apparent Influence,No Apparent Influence,33.39346,-111.92633,2020-12-26,20:15:00
3727376,2020,Priest Dr,Baseline Rd,0.0,Intersection 4 Way 202,2.0,0.0,Possible Injury,Left Turn,Daylight,Clear,Dry,25.0,Male,North,Making Left Turn,Disregarded Traffic Signal,No Apparent Influence,No Apparent Influence,21.0,Male,South,Going Straight Ahead,No Improper Action,No Apparent Influence,No Apparent Influence,33.37824,-111.96317,2020-12-28,18:21:00
3727347,2020,Priest Dr,Alameda Dr,0.0,Intersection 4 Way 202,1.0,0.0,Suspected Minor Injury,Left Turn,Daylight,Clear,Dry,26.0,Female,North,Making Left Turn,Failed To Yield Right Of Way,No Apparent Influence,No Apparent Influence,26.0,Male,South,Going Straight Ahead,No Improper Action,No Apparent Influence,No Apparent Influence,33.40014,-111.96077,2020-12-30,00:13:00
3730543,2020,Broadway Rd,Price Rd,0.0,Intersection 201,0.0,0.0,No Injury,Angle - Other Than Left Turn 2,Dark Lighted,Clear,Dry,27.0,Male,Northwest,Making Left Turn,Disregarded Traffic Signal,Alcohol,No Apparent Influence,50.0,Male,East,Going Straight Ahead,No Improper Action,No Apparent Influence,No Apparent Influence,33.40748,-111.89033,2020-12-30,05:09:00
3730546,2020,Broadway Rd,Price Rd,0.0,Intersection 4 Way 202,0.0,0.0,No Injury,Sideswipe Same Direction,Dark Lighted,Clear,Dry,19.0,Female,East,Going Straight Ahead,Unsafe Lane Change,No Apparent Influence,No Apparent Influence,42.0,Female,East,Going Straight Ahead,Unknown,No Apparent Influence,No Apparent Influence,33.40748,-111.89033,2020-12-30,05:19:00
3732746,2020,Broadway Rd,Price Rd,0.0,Intersection 4 Way 202,0.0,0.0,No Injury,Sideswipe Same Direction,Dark Lighted,Clear,Dry,19.0,Female,East,Going Straight Ahead,Unsafe Lane Change,No Apparent Influence,No Apparent Influence,42.0,Female,East,Going Straight Ahead,Unknown,No Apparent Influence,No Apparent Influence,33.4075,-111.892,2020-12-30,05:41:00
3726749,2020,Scottsdale Rd,Weber Dr,0.0,Intersection 4 Way 202,1.0,0.0,Possible Injury,Angle - Other Than Left Turn 2,Daylight,Clear,Dry,21.0,Male,North,Going Straight Ahead,Disregarded Traffic Signal,No Apparent Influence,No Apparent Influence,29.0,Female,West,Making Left Turn,No Improper Action,No Apparent Influence,No Apparent Influence,33.44399,-111.92644,2020-12-30,17:44:00
3726732,2020,Elliot Rd,Kyrene Rd,0.0,Intersection 4 Way 202,0.0,0.0,No Injury,Left Turn,Daylight,Clear,Dry,48.0,Male,East,Making Left Turn,Failed To Yield Right Of Way,No Apparent Influence,No Apparent Influence,60.0,Female,West,Going Straight Ahead,No Improper Action,No Apparent Influence,No Apparent Influence,33.3492,-111.94573,2020-12-30,23:27:00
3729472,2020,University Dr,Perry Ln,198.0,Driveway Or Alley,0.0,0.0,No Injury,Rear End,Dark Lighted,Clear,Dry,25.0,Male,East,Going Straight Ahead,Speed To Fast For Conditions,No Apparent Influence,No Apparent Influence,21.0,Female,East,Making Right Turn,No Improper Action,No Apparent Influence,No Apparent Influence,33.42205,-111.90422,2020-12-31,05:08:00
3729493,2020,Rural Rd,Elliot Rd,170.0,Intersection 4 Way 202,0.0,0.0,No Injury,Angle - Other Than Left Turn 2,Daylight,Clear,Dry,40.0,Male,West,Going Straight Ahead,Disregarded Traffic Signal,No Apparent Influence,No Apparent Influence,61.0,Male,North,Going Straight Ahead,No Improper Action,No Apparent Influence,No Apparent Influence,33.34966,-111.92849,2020-12-31,14:22:00
3729485,2020,Broadway Rd,55th St,0.0,Intersection 4 Way 202,1.0,0.0,Possible Injury,Left Turn,Daylight,Cloudy,Dry,42.0,Male,West,Making Left Turn,Failed To Yield Right Of Way,No Apparent Influence,No Apparent Influence,46.0,Male,East,Going Straight Ahead,No Improper Action,No Apparent Influence,No Apparent Influence,33.40758,-111.96582,2020-12-31,17:13:00
3733348,2021,Rural Rd,Apache Blvd,0.0,Not Junction Related,0.0,0.0,No Injury,Angle - Other Than Left Turn 2,Daylight,Clear,Dry,64.0,Male,West,Going Straight Ahead,Failed To Yield Right Of Way,No Apparent Influence,No Apparent Influence,22.0,Male,North,Going Straight Ahead,No Improper Action,No Apparent Influence,No Apparent Influence,33.41476224,-111.9262927,2021-01-01,18:40:00
3729470,2021,Rural Rd,Vista Del Cerro Dr,0.0,Intersection T Inter 203,2.0,0.0,Possible Injury,Rear End,Dark Lighted,Clear,Dry,24.0,Female,North,Going Straight Ahead,Followed Too Closely,No Apparent Influence,No Apparent Influence,32.0,Male,North,Stopped In Trafficway,No Improper Action,No Apparent Influence,No Apparent Influence,33.41012174,-111.9262842,2021-01-02,01:00:00
3729476,2021,Baseline Rd,La Rosa Dr,0.0,Driveway Or Alley,0.0,0.0,No Injury,Angle - Other Than Left Turn 2,Daylight,Clear,Dry,23.0,Male,North,Making Left Turn,Failed To Yield Right Of Way,No Apparent Influence,No Apparent Influence,33.0,Male,East,Going Straight Ahead,No Improper Action,No Apparent Influence,No Apparent Influence,33.37824053,-111.931212,2021-01-02,16:53:00
3726691,2021,Rural Rd,Westchester Dr,60.0,Intersection Related 206,0.0,0.0,No Injury,Rear End,Daylight,Clear,Dry,34.0,Male,South,Going Straight Ahead,Followed Too Closely,No Apparent Influence,No Apparent Influence,31.0,Male,South,Stopped In Trafficway,No Improper Action,No Apparent Influence,No Apparent Influence,33.36755287,-111.9286282,2021-01-02,18:55:00
3729480,2021,Curry Rd,Scottsdale Rd,94.0,Intersection Related 206,1.0,0.0,Possible Injury,Rear End,Daylight,Clear,Dry,27.0,Male,East,Going Straight Ahead,Speed To Fast For Conditions,No Apparent Influence,No Apparent Influence,56.0,Female,East,Stopped In Trafficway,No Improper Action,No Apparent Influence,No Apparent Influence,33.44029952,-111.9260295,2021-01-02,20:50:00
3729481,2021,Baseline Rd,Darrow Dr,-175.0,Driveway Or Alley,1.0,0.0,Possible Injury,Angle - Other Than Left Turn 2,Daylight,Clear,Dry,28.0,Male,North,Making Left Turn,Failed To Yield Right Of Way,No Apparent Influence,No Apparent Influence,55.0,Male,East,Going Straight Ahead,No Improper Action,No Apparent Influence,No Apparent Influence,33.37823995,-111.9617029,2021-01-02,22:39:00
3729482,2021,Mill Ave,Broadway Rd,0.0,Intersection 4 Way 202,2.0,0.0,Suspected Minor Injury,Angle - Other Than Left Turn 2,Daylight,Clear,Dry,16.0,Female,North,Going Straight Ahead,Disregarded Traffic Signal,No Apparent Influence,No Apparent Influence,62.0,Male,East,Going Straight Ahead,No Improper Action,No Apparent Influence,No Apparent Influence,33.407398,-111.9398263,2021-01-03,22:30:00
3729488,2021,Priest Dr,University Dr,-153.0,Driveway Or Alley,0.0,0.0,No Injury,Angle - Other Than Left Turn 2,Daylight,Clear,Dry,42.0,Male,East,Other,Failed To Yield Right Of Way,No Apparent Influence,No Apparent Influence,58.0,Male,South,Going Straight Ahead,No Improper Action,No Apparent Influence,No Apparent Influence,33.42152218,-111.960902,2021-01-04,15:00:00
3729489,2021,Broadway Rd,Terrace Rd,43.0,Intersection Related 206,2.0,0.0,Possible Injury,Rear End,Daylight,Clear,Dry,65.0,Male,West,Going Straight Ahead,Followed Too Closely,No Apparent Influence,No Apparent Influence,35.0,Male,West,Stopped In Trafficway,No Improper Action,No Apparent Influence,No Apparent Influence,33.40751338,-111.9224739,2021-01-04,15:43:00
3726735,2021,Rural Rd,Apache Blvd,56.0,Intersection Related 206,2.0,0.0,Possible Injury,Rear End,Dark Lighted,Clear,Dry,30.0,Female,South,Going Straight Ahead,Speed To Fast For Conditions,Alcohol,Drugs,43.0,Female,South,Stopped In Trafficway,No Improper Action,No Apparent Influence,No Apparent Influence,33.41491606,-111.9262927,2021-01-05,04:06:00
3726699,2021,Rural Rd,Terrace Rd,0.0,Intersection 4 Way 202,0.0,0.0,No Injury,Angle - Other Than Left Turn 2,Daylight,Clear,Dry,63.0,Male,South,Going Straight Ahead,Disregarded Traffic Signal,No Apparent Influence,No Apparent Influence,44.0,Male,West,Going Straight Ahead,No Improper Action,No Apparent Influence,No Apparent Influence,33.42027554,-111.9263009,2021-01-05,15:20:00
3726685,2021,Broadway Rd,Rural Rd,0.0,Intersection 4 Way 202,0.0,0.0,No Injury,Unknown,Daylight,Clear,Dry,63.0,Male,South,Making Right Turn,Failed To Yield Right Of Way,No Apparent Influence,No Apparent Influence,67.0,Male,West,Going Straight Ahead,No Improper Action,No Apparent Influence,No Apparent Influence,33.40750178,-111.9262829,2021-01-05,16:00:00
3726686,2021,Mill Ave,Rio Salado Pkwy,80.0,Intersection Related 206,0.0,0.0,No Injury,Rear End,Daylight,Clear,Dry,24.0,Male,South,Going Straight Ahead,Followed Too Closely,No Apparent Influence,No Apparent Influence,19.0,Female,South,Slowing In Trafficway,No Improper Action,No Apparent Influence,No Apparent Influence,33.42983636,-111.939984,2021-01-05,19:24:00
3729486,2021,University Dr,Ash Ave,48.0,Intersection Related 206,1.0,0.0,Possible Injury,Rear End,Dusk,Clear,Dry,24.0,Female,East,Going Straight Ahead,Followed Too Closely,No Apparent Influence,No Apparent Influence,40.0,Male,East,Going Straight Ahead,No Improper Action,No Apparent Influence,No Apparent Influence,33.42193209,-111.9422425,2021-01-05,23:59:00
3726695,2021,Baseline Rd,Beck Ave,121.0,Driveway Or Alley,1.0,0.0,Suspected Minor Injury,Left Turn,Daylight,Clear,Dry,77.0,Male,Southeast,Making Left Turn,Failed To Yield Right Of Way,No Apparent Influence,No Apparent Influence,24.0,Male,West,Going Straight Ahead,No Improper Action,No Apparent Influence,No Apparent Influence,33.37823914,-111.9593533,2021-01-06,20:43:00
3726733,2021,Rio Salado Pkwy,Priest Dr,104.0,Not Junction Related,0.0,0.0,No Injury,Sideswipe Same Direction,Daylight,Clear,Dry,20.0,Female,East,Changing Lanes,Unsafe Lane Change,No Apparent Influence,No Apparent Influence,52.0,Male,East,Going Straight Ahead,No Improper Action,No Apparent Influence,No Apparent Influence,33.42967428,-111.9606544,2021-01-07,15:13:00
3726693,2021,Baseline Rd,Priest Dr,-126.0,Intersection Related 206,2.0,0.0,Suspected Minor Injury,Head On,Daylight,Clear,Dry,19.0,Female,West,Going Straight Ahead,Failed To Keep In Proper Lane,No Apparent Influence,No Apparent Influence,48.0,Male,East,Going Straight Ahead,No Improper Action,No Apparent Influence,No Apparent Influence,33.37824472,-111.9635876,2021-01-07,20:21:00
3726692,2021,Guadalupe Rd,McClintock Dr,0.0,Intersection 4 Way 202,2.0,0.0,Suspected Minor Injury,Left Turn,Daylight,Clear,Dry,31.0,Female,East,Making Left Turn,Failed To Yield Right Of Way,No Apparent Influence,No Apparent Influence,25.0,Male,West,Going Straight Ahead,No Improper Action,No Apparent Influence,No Apparent Influence,33.36376447,-111.9112567,2021-01-07,22:40:00
3739606,2021,McClintock Dr,Hermosa Dr,0.0,Intersection T Inter 203,2.0,0.0,Suspected Minor Injury,Angle - Other Than Left Turn 2,Daylight,Clear,Dry,32.0,Male,North,Going Straight Ahead,Speed To Fast For Conditions,Alcohol,No Apparent Influence,26.0,Male,East,Making Right Turn,No Improper Action,No Apparent Influence,No Apparent Influence,33.38767905,-111.9091823,2021-01-07,23:59:00
3733422,2021,University Dr,52nd St,0.0,Intersection 4 Way 202,2.0,0.0,Possible Injury,Left Turn,Dark Lighted,Clear,Dry,60.0,Male,South,Making Left Turn,Failed To Yield Right Of Way,No Apparent Influence,No Apparent Influence,36.0,Male,North,Going Straight Ahead,No Improper Action,No Apparent Influence,No Apparent Influence,33.42194304,-111.9695686,2021-01-08,13:36:00
3730544,2021,McKellips Rd,Scottsdale Rd,0.0,Intersection 4 Way 202,0.0,0.0,No Injury,Left Turn,Dark Lighted,Clear,Dry,48.0,Female,West,Making Left Turn,Failed To Yield Right Of Way,No Apparent Influence,No Apparent Influence,17.0,Male,East,Going Straight Ahead,No Improper Action,No Apparent Influence,No Apparent Influence,33.45124074,-111.9264677,2021-01-10,03:59:00
3730820,2021,Priest Dr,Grove Pkwy,0.0,Intersection T Inter 203,0.0,0.0,No Injury,Left Turn,Dark Lighted,Clear,Dry,18.0,Male,South,Making Left Turn,Failed To Yield Right Of Way,No Apparent Influence,No Apparent Influence,59.0,Female,West,Going Straight Ahead,No Improper Action,No Apparent Influence,No Apparent Influence,33.35147722,-111.9624618,2021-01-10,04:06:00
3726747,2021,Broadway Rd,McClintock Dr,179.0,Intersection Related 206,0.0,0.0,No Injury,Rear End,Daylight,Clear,Dry,24.0,Male,West,Going Straight Ahead,Followed Too Closely,Alcohol,No Apparent Influence,38.0,Male,West,Stopped In Trafficway,No Improper Action,No Apparent Influence,No Apparent Influence,33.40750016,-111.9085384,2021-01-11,20:21:00
3730819,2021,Broadway Rd,Dorsey Ln,150.0,Not Junction Related,0.0,0.0,No Injury,Sideswipe Same Direction,Dark Lighted,Clear,Dry,62.0,Male,West,Going Straight Ahead,Unknown,No Apparent Influence,No Apparent Influence,58.0,Male,West,Going Straight Ahead,Unknown,No Apparent Influence,No Apparent Influence,33.40750536,-111.9172055,2021-01-13,02:10:00
3726727,2021,Kyrene Rd,Elliot Rd,0.0,Intersection 4 Way 202,2.0,0.0,Suspected Minor Injury,Left Turn,Dark Lighted,Clear,Dry,21.0,Female,North,Making Left Turn,Failed To Yield Right Of Way,No Apparent Influence,No Apparent Influence,21.0,Male,South,Going Straight Ahead,No Improper Action,No Apparent Influence,No Apparent Influence,33.34919914,-111.9457347,2021-01-13,03:40:00
3732331,2021,Kyrene Rd,Elliot Rd,0.0,Intersection 201,2.0,0.0,Suspected Minor Injury,Sideswipe Same Direction,Daylight,Clear,Dry,48.0,Male,South,Going Straight Ahead,Drove Left Of Center Line,No Apparent Influence,No Apparent Influence,24.0,Male,South,Stopped In Trafficway,No Improper Action,No Apparent Influence,No Apparent Influence,33.34919914,-111.9457347,2021-01-13,19:10:00
3732670,2021,Guadalupe Rd,Kyrene Rd,0.0,Intersection 4 Way 202,2.0,0.0,Possible Injury,Left Turn,Daylight,Unknown,Dry,19.0,Female,West,Making Left Turn,Failed To Yield Right Of Way,No Apparent Influence,No Apparent Influence,21.0,Male,East,Going Straight Ahead,No Improper Action,No Apparent Influence,No Apparent Influence,33.3636593,-111.9458942,2021-01-14,00:30:00
3732665,2021,Kyrene Rd,Warner Rd,0.0,Intersection 4 Way 202,0.0,0.0,No Injury,Angle - Other Than Left Turn 2,Dark Lighted,Clear,Dry,60.0,Female,East,Going Straight Ahead,Disregarded Traffic Signal,Alcohol,No Apparent Influence,43.0,Female,South,Going Straight Ahead,No Improper Action,No Apparent Influence,No Apparent Influence,33.33460171,-111.9456572,2021-01-14,00:55:00
3736804,2021,Price Rd,Apache Blvd,100.0,Intersection Related 206,0.0,0.0,No Injury,Rear End,Dark Lighted,Clear,Dry,30.0,Male,South,Going Straight Ahead,Speed To Fast For Conditions,Alcohol,No Apparent Influence,30.0,Male,South,Stopped In Trafficway,No Improper Action,No Apparent Influence,No Apparent Influence,33.41502126,-111.8907338,2021-01-16,03:41:00
3730572,2021,Mill Ave,5th St,80.0,Not Junction Related,0.0,0.0,No Injury,Other,Dark Lighted,Clear,Dry,21.0,Male,South,Backing,Other,No Apparent Influence,No Apparent Influence,17.0,Male,South,Stopped In Trafficway,No Improper Action,No Apparent Influence,No Apparent Influence,33.42572293,-111.9400265,2021-01-16,07:08:00