Incident_ID,Year,Street_Name,Cross_Street,Distance,Junction_Relation,Total_Injuries,Total_Fatalities,Injury_Severity,Collision_Manner,Light_Condition,Weather,Surface_Condition,Age_1,Gender_1,Travel_One,UnitAction_One,Violation1_Drv1,AlcoholUse_ 1,DrugUse_1,Age_2,Gender_2,TravelDirection_2,UnitAction_2,Violation_2,AlcoholUse_2,DrugUse_2,Latitude,Longitude,Date,Time
3732247,2021,Elliot Rd,Priest Dr,0.0,Intersection Related 206,0.0,0.0,No Injury,Rear End,Daylight,Clear,Dry,31.0,Male,East,Going Straight Ahead,Speed To Fast For Conditions,No Apparent Influence,No Apparent Influence,46.0,Female,East,Stopped In Trafficway,No Improper Action,No Apparent Influence,No Apparent Influence,33.34911824,-111.9612327,2021-01-16,20:34:00
3735130,2021,Baseline Rd,College Ave,-135.0,Driveway Or Alley,0.0,0.0,No Injury,Angle - Other Than Left Turn 2,Dark Lighted,Clear,Dry,20.0,Male,North,Making Left Turn,Failed To Yield Right Of Way,No Apparent Influence,No Apparent Influence,22.0,Male,East,Going Straight Ahead,No Improper Action,No Apparent Influence,No Apparent Influence,33.37822442,-111.9356933,2021-01-18,03:22:00
3733341,2021,Rural Rd,University Dr,0.0,Intersection 4 Way 202,0.0,0.0,No Injury,Angle - Other Than Left Turn 2,Daylight,Clear,Dry,19.0,Female,North,Changing Lanes,Unsafe Lane Change,No Apparent Influence,No Apparent Influence,37.0,Female,North,Going Straight Ahead,No Improper Action,No Apparent Influence,No Apparent Influence,33.42202919,-111.9263124,2021-01-18,15:46:00
3734857,2021,McClintock Dr,3rd St,-200.0,Not Junction Related,0.0,0.0,No Injury,Sideswipe Same Direction,Daylight,Cloudy,Dry,16.0,Male,North,Going Straight Ahead,Unsafe Lane Change,No Apparent Influence,No Apparent Influence,43.0,Male,North,Going Straight Ahead,No Improper Action,No Apparent Influence,No Apparent Influence,33.42684717,-111.9090645,2021-01-18,21:52:00
3735125,2021,Baseline Rd,Priest Dr,105.0,Not Junction Related,0.0,0.0,No Injury,Rear End,Daylight,Clear,Dry,29.0,Female,West,Slowing In Trafficway,Speed To Fast For Conditions,No Apparent Influence,Drugs,75.0,Male,West,Going Straight Ahead,No Improper Action,No Apparent Influence,No Apparent Influence,33.37824437,-111.9628311,2021-01-18,22:05:00
3733361,2021,Broadway Rd,52nd St,-170.0,Not Junction Related,0.0,0.0,No Injury,Rear End,Dusk,Clear,Dry,29.0,Male,East,Going Straight Ahead,Speed To Fast For Conditions,No Apparent Influence,No Apparent Influence,54.0,Male,East,Slowing In Trafficway,No Improper Action,No Apparent Influence,No Apparent Influence,33.40933418,-111.9700806,2021-01-19,01:54:00
3732328,2021,Baseline Rd,Calle Los Cerros,-200.0,Intersection Related 206,0.0,0.0,No Injury,Rear End,Dark Lighted,Unknown,Dry,28.0,Male,West,Going Straight Ahead,Speed To Fast For Conditions,Alcohol,No Apparent Influence,78.0,Male,West,Stopped In Trafficway,No Improper Action,No Apparent Influence,No Apparent Influence,33.37820701,-111.9747432,2021-01-19,03:10:00
3730571,2021,McClintock Dr,Southern Ave,25.0,Intersection Related 206,0.0,0.0,No Injury,Sideswipe Opposite Direction,Daylight,Cloudy,Dry,29.0,Male,North,Going Straight Ahead,Speed To Fast For Conditions,Alcohol,No Apparent Influence,21.0,Female,South,Stopped In Trafficway,No Improper Action,No Apparent Influence,No Apparent Influence,33.39306086,-111.9091266,2021-01-19,21:29:00
3732257,2021,Broadway Rd,McClintock Dr,203.0,Intersection Related 206,0.0,0.0,No Injury,Angle - Other Than Left Turn 2,Daylight,Cloudy,Dry,23.0,Male,South,Going Straight Ahead,Failed To Yield Right Of Way,No Apparent Influence,No Apparent Influence,24.0,Male,West,Going Straight Ahead,No Improper Action,No Apparent Influence,No Apparent Influence,33.4075001,-111.9084598,2021-01-19,23:29:00
3730815,2021,Broadway Rd,College Ave,0.0,Intersection 4 Way 202,1.0,0.0,Possible Injury,Angle - Other Than Left Turn 2,Daylight,Clear,Dry,24.0,Male,South,Going Straight Ahead,Disregarded Traffic Signal,No Apparent Influence,No Apparent Influence,18.0,Male,East,Going Straight Ahead,No Improper Action,No Apparent Influence,No Apparent Influence,33.40743675,-111.9349064,2021-01-20,17:17:00
3732657,2021,Broadway Rd,Dorsey Ln,32.0,Intersection Related 206,2.0,0.0,Possible Injury,Rear End,Daylight,Clear,Dry,62.0,Male,West,Going Straight Ahead,Speed To Fast For Conditions,No Apparent Influence,No Apparent Influence,35.0,Male,West,Stopped In Trafficway,No Improper Action,No Apparent Influence,No Apparent Influence,33.40750553,-111.9175922,2021-01-20,18:38:00
3732747,2021,Rural Rd,Broadway Rd,134.0,Not Junction Related,1.0,0.0,Possible Injury,Sideswipe Same Direction,Daylight,Clear,Dry,27.0,Male,North,Changing Lanes,Unsafe Lane Change,No Apparent Influence,No Apparent Influence,27.0,Female,North,Going Straight Ahead,No Improper Action,No Apparent Influence,No Apparent Influence,33.40787,-111.9262831,2021-01-21,00:18:00
3796013,2021,Ray Rd,56th St,35.0,Intersection Related 206,0.0,0.0,No Injury,Rear End,Dark Lighted,Clear,Dry,64.0,Female,West,Slowing In Trafficway,Speed To Fast For Conditions,No Apparent Influence,No Apparent Influence,46.0,Female,West,Stopped In Trafficway,No Improper Action,No Apparent Influence,No Apparent Influence,33.31986298,-111.9629686,2021-01-21,01:24:00
3735124,2021,Priest Dr,5th St,0.0,Intersection 4 Way 202,0.0,0.0,No Injury,Left Turn,Dark Lighted,Clear,Dry,29.0,Male,South,Making Left Turn,Failed To Yield Right Of Way,No Apparent Influence,Drugs,40.0,Female,North,Going Straight Ahead,No Improper Action,No Apparent Influence,No Apparent Influence,33.42562034,-111.9609749,2021-01-21,02:10:00
3730816,2021,Elliot Rd,McClintock Dr,65.0,Intersection Related 206,1.0,0.0,Suspected Minor Injury,Rear End,Dark Lighted,Clear,Dry,28.0,Male,West,Going Straight Ahead,Speed To Fast For Conditions,Alcohol,No Apparent Influence,57.0,Female,West,Going Straight Ahead,No Improper Action,No Apparent Influence,No Apparent Influence,33.3491312,-111.9109749,2021-01-21,08:56:00
3732243,2021,McClintock Dr,8th St,0.0,Intersection T Inter 203,1.0,0.0,Possible Injury,Angle - Other Than Left Turn 2,Daylight,Cloudy,Wet,46.0,Female,East,Making Left Turn,Failed To Yield Right Of Way,No Apparent Influence,No Apparent Influence,21.0,Male,South,Going Straight Ahead,No Improper Action,No Apparent Influence,No Apparent Influence,33.41952142,-111.9090983,2021-01-21,16:34:00
3733355,2021,Priest Dr,Rio Salado Pkwy,83.0,Intersection Related 206,1.0,0.0,Possible Injury,Rear End,Daylight,Cloudy,Dry,48.0,Male,South,Going Straight Ahead,Followed Too Closely,No Apparent Influence,No Apparent Influence,50.0,Female,South,Stopped In Trafficway,No Improper Action,No Apparent Influence,No Apparent Influence,33.42978844,-111.9609717,2021-01-21,21:18:00
3732656,2021,McClintock Dr,Campus Dr,-114.0,Intersection Related 206,0.0,0.0,No Injury,Sideswipe Same Direction,Daylight,Clear,Dry,29.0,Male,South,Going Straight Ahead,Speed To Fast For Conditions,No Apparent Influence,No Apparent Influence,61.0,Male,South,Other,No Improper Action,No Apparent Influence,No Apparent Influence,33.39803859,-111.9091306,2021-01-21,23:05:00
3732244,2021,Baseline Rd,Hardy Dr,0.0,Intersection 4 Way 202,1.0,0.0,Suspected Minor Injury,Left Turn,Dusk,Clear,Dry,32.0,Female,West,Making Left Turn,Failed To Yield Right Of Way,No Apparent Influence,No Apparent Influence,52.0,Female,East,Going Straight Ahead,Unknown,No Apparent Influence,No Apparent Influence,33.37821354,-111.9525127,2021-01-22,01:31:00
3732319,2021,Rural Rd,Broadway Rd,30.0,Intersection Related 206,0.0,0.0,No Injury,Rear End,Dark Lighted,Clear,Dry,24.0,Male,South,Going Straight Ahead,Speed To Fast For Conditions,No Apparent Influence,Drugs,31.0,Male,South,Stopped In Trafficway,No Improper Action,No Apparent Influence,No Apparent Influence,33.40758418,-111.9262829,2021-01-22,09:11:00
3732667,2021,Kyrene Rd,Warner Rd,0.0,Intersection 4 Way 202,2.0,0.0,Suspected Minor Injury,Left Turn,Daylight,Cloudy,Dry,86.0,Female,South,Making Left Turn,Failed To Yield Right Of Way,No Apparent Influence,No Apparent Influence,48.0,Male,North,Going Straight Ahead,No Improper Action,No Apparent Influence,No Apparent Influence,33.33460171,-111.9456572,2021-01-22,19:26:00
3732239,2021,Baseline Rd,Kyrene Rd,-30.0,Intersection Related 206,2.0,0.0,Possible Injury,Rear End,Daylight,Cloudy,Dry,21.0,Female,East,Going Straight Ahead,Followed Too Closely,No Apparent Influence,No Apparent Influence,63.0,Male,East,Slowing In Trafficway,No Improper Action,No Apparent Influence,No Apparent Influence,33.37819981,-111.9460868,2021-01-22,19:33:00
3732317,2021,Southern Ave,Clementine Dr,-150.0,Intersection Related 206,1.0,0.0,Suspected Minor Injury,Rear End,Dusk,Cloudy,Dry,54.0,Female,East,Going Straight Ahead,Speed To Fast For Conditions,No Apparent Influence,No Apparent Influence,28.0,Male,East,Stopped In Trafficway,No Improper Action,No Apparent Influence,No Apparent Influence,33.39285895,-111.9640759,2021-01-23,01:03:00
3732320,2021,Baseline Rd,Kyrene Rd,0.0,Intersection T Inter 203,2.0,0.0,Suspected Minor Injury,Left Turn,Dark Lighted,Clear,Dry,19.0,Male,South,Making Left Turn,Failed To Yield Right Of Way,No Apparent Influence,No Apparent Influence,27.0,Female,West,Going Straight Ahead,No Improper Action,No Apparent Influence,No Apparent Influence,33.37821693,-111.9438877,2021-01-23,02:33:00
3736819,2021,Mill Ave,3rd St,-20.0,Not Junction Related,0.0,0.0,No Injury,Rear End,Dark Lighted,Clear,Dry,25.0,Female,South,Going Straight Ahead,Speed To Fast For Conditions,Alcohol,No Apparent Influence,19.0,Male,South,Stopped In Trafficway,No Improper Action,No Apparent Influence,No Apparent Influence,33.42733748,-111.94003,2021-01-23,06:24:00
3732668,2021,Mill Ave,5th St,-118.0,Not Junction Related,0.0,0.0,No Injury,Angle - Other Than Left Turn 2,Dark Lighted,Clear,Dry,25.0,Female,South,Going Straight Ahead,Failed To Keep In Proper Lane,Alcohol,No Apparent Influence,40.0,Male,South,Properly Parked,No Improper Action,No Apparent Influence,No Apparent Influence,33.42517816,-111.9400186,2021-01-23,06:53:00
3733419,2021,Priest Dr,Darrow Dr,0.0,Intersection Related 206,1.0,0.0,Possible Injury,Sideswipe Same Direction,Daylight,Cloudy,Dry,31.0,Male,North,Going Straight Ahead,Unknown,No Apparent Influence,No Apparent Influence,37.0,Male,North,Going Straight Ahead,Unknown,No Apparent Influence,No Apparent Influence,33.38376178,-111.960981,2021-01-23,15:58:00
3732329,2021,Baseline Rd,Terry Ln,116.0,Driveway Or Alley,1.0,0.0,Possible Injury,Rear End,Daylight,Cloudy,Dry,30.0,Male,East,Going Straight Ahead,Speed To Fast For Conditions,No Apparent Influence,No Apparent Influence,64.0,Male,East,Making Right Turn,No Improper Action,No Apparent Influence,No Apparent Influence,33.37822437,-111.9550211,2021-01-23,22:09:00
3732675,2021,Priest Dr,Ray Rd,125.0,Intersection Related 206,1.0,0.0,Possible Injury,Rear End,Dusk,Clear,Dry,36.0,Male,South,Going Straight Ahead,Speed To Fast For Conditions,Alcohol,No Apparent Influence,40.0,Female,South,Going Straight Ahead,No Improper Action,No Apparent Influence,No Apparent Influence,33.32020684,-111.9630996,2021-01-25,01:23:00
3732335,2021,Southern Ave,Rural Rd,165.0,Intersection Related 206,0.0,0.0,No Injury,Sideswipe Same Direction,Daylight,Cloudy,Dry,51.0,Female,East,Going Straight Ahead,Speed To Fast For Conditions,No Apparent Influence,No Apparent Influence,69.0,Male,East,Improperly Parked,Failed To Keep In Proper Lane,No Apparent Influence,No Apparent Influence,33.39296125,-111.925785,2021-01-25,15:08:00
3732669,2021,Priest Dr,Darrow Dr,168.0,Not Junction Related,2.0,0.0,Suspected Minor Injury,Head On,Daylight,Clear,Dry,29.0,Female,Southeast,Going Straight Ahead,Speed To Fast For Conditions,No Apparent Influence,No Apparent Influence,46.0,Male,Northwest,Going Straight Ahead,No Improper Action,No Apparent Influence,No Apparent Influence,33.38113807,-111.9612603,2021-01-25,18:32:00
3732340,2021,McClintock Dr,McKellips Rd,-205.0,Driveway Or Alley,1.0,0.0,Possible Injury,Rear End,Daylight,Cloudy,Dry,51.0,Male,South,Going Straight Ahead,Followed Too Closely,No Apparent Influence,No Apparent Influence,23.0,Male,South,Slowing In Trafficway,No Improper Action,No Apparent Influence,No Apparent Influence,33.4506979,-111.9093194,2021-01-26,23:25:00
3732673,2021,Warner Rd,Rural Rd,0.0,Intersection 4 Way 202,1.0,0.0,Possible Injury,Left Turn,Daylight,Cloudy,Dry,65.0,Male,West,Making Left Turn,Failed To Yield Right Of Way,No Apparent Influence,No Apparent Influence,18.0,Female,East,Going Straight Ahead,No Improper Action,No Apparent Influence,No Apparent Influence,33.33465525,-111.9284147,2021-01-26,23:29:00
3732316,2021,Terrace Rd,Lemon St,0.0,Intersection 4 Way 202,1.0,0.0,Possible Injury,Left Turn,Daylight,Cloudy,Dry,19.0,Female,South,Making Left Turn,Failed To Yield Right Of Way,No Apparent Influence,No Apparent Influence,65.0,Male,North,Going Straight Ahead,No Improper Action,No Apparent Influence,No Apparent Influence,33.41675937,-111.9224177,2021-01-27,00:21:00
3732327,2021,Broadway Rd,Roosevelt St,0.0,Intersection 4 Way 202,0.0,0.0,No Injury,Left Turn,Dark Lighted,Cloudy,Wet,23.0,Male,West,Making Left Turn,Failed To Keep In Proper Lane,No Apparent Influence,No Apparent Influence,20.0,Female,East,Going Straight Ahead,No Improper Action,No Apparent Influence,No Apparent Influence,33.40737681,-111.9478531,2021-01-27,02:44:00
3739862,2021,Broadway Rd,Country Club Way,0.0,Intersection 4 Way 202,0.0,0.0,No Injury,Angle - Other Than Left Turn 2,Daylight,Clear,Dry,25.0,Female,South,Making Left Turn,Failed To Yield Right Of Way,No Apparent Influence,No Apparent Influence,30.0,Female,West,Going Straight Ahead,No Improper Action,No Apparent Influence,No Apparent Influence,33.40748838,-111.9005194,2021-01-27,14:38:00
3733418,2021,Baseline Rd,Beck Ave,0.0,Intersection T Inter 203,2.0,0.0,Possible Injury,Angle - Other Than Left Turn 2,Daylight,Clear,Dry,61.0,Female,North,Making Left Turn,Failed To Yield Right Of Way,No Apparent Influence,No Apparent Influence,25.0,Female,East,Going Straight Ahead,No Improper Action,No Apparent Influence,No Apparent Influence,33.37824062,-111.9597516,2021-01-27,16:13:00
3732323,2021,McKellips Rd,College Ave,25.0,Intersection Related 206,0.0,0.0,No Injury,Rear End,Dark Lighted,Clear,Dry,15.0,Female,West,Going Straight Ahead,Speed To Fast For Conditions,No Apparent Influence,No Apparent Influence,40.0,Female,West,Stopped In Trafficway,No Improper Action,No Apparent Influence,No Apparent Influence,33.45110267,-111.9351376,2021-01-28,03:06:00
3733349,2021,Mill Ave,University Dr,0.0,Intersection 4 Way 202,0.0,0.0,No Injury,Left Turn,Dark Lighted,Clear,Dry,71.0,Male,South,Making Right Turn,Failed To Yield Right Of Way,No Apparent Influence,No Apparent Influence,22.0,Male,North,Making Left Turn,No Improper Action,No Apparent Influence,No Apparent Influence,33.42193478,-111.940017,2021-01-28,03:35:00
3732666,2021,Scottsdale Rd,Curry Rd,-86.0,Intersection Related 206,0.0,0.0,No Injury,Rear End,Dark Lighted,Clear,Dry,25.0,Male,North,Going Straight Ahead,Speed To Fast For Conditions,No Apparent Influence,No Apparent Influence,21.0,Female,North,Stopped In Trafficway,No Improper Action,No Apparent Influence,No Apparent Influence,33.44005602,-111.926327,2021-01-28,04:32:00
3733371,2021,Mill Ave,10th St,60.0,Intersection Related 206,0.0,0.0,No Injury,Sideswipe Same Direction,Daylight,Clear,Dry,28.0,Male,South,Making U Turn,Made Improper Turn,No Apparent Influence,Drugs,21.0,Female,South,Going Straight Ahead,No Improper Action,No Apparent Influence,No Apparent Influence,33.4192294,-111.9399665,2021-01-28,18:59:00
3732322,2021,Priest Dr,13th St,0.0,Intersection T Inter 203,1.0,0.0,Possible Injury,Angle - Other Than Left Turn 2,Daylight,Clear,Dry,30.0,Female,North,Going Straight Ahead,Disregarded Traffic Signal,No Apparent Influence,No Apparent Influence,50.0,Female,West,Making Left Turn,No Improper Action,No Apparent Influence,No Apparent Influence,33.41468553,-111.960823,2021-01-28,22:05:00
3733370,2021,Priest Dr,US-60 Exit 172 G-Ramp,-200.0,Entrance Exit Ramp 205,2.0,0.0,Suspected Minor Injury,Rear End,Dark Lighted,Clear,Dry,28.0,Female,North,Going Straight Ahead,Speed To Fast For Conditions,No Apparent Influence,No Apparent Influence,33.0,Male,North,Stopped In Trafficway,No Improper Action,No Apparent Influence,No Apparent Influence,33.3862187,-111.9609232,2021-01-29,13:28:00
3732748,2021,University Dr,Farmer Ave,-66.0,Not Junction Related,0.0,0.0,No Injury,Rear End,Daylight,Cloudy,Dry,36.0,Male,East,Going Straight Ahead,Ran Stop Sign,No Apparent Influence,No Apparent Influence,31.0,Female,East,Stopped In Trafficway,No Improper Action,No Apparent Influence,No Apparent Influence,33.42189489,-111.9444884,2021-01-29,20:47:00
3733411,2021,Price Rd,Victory Dr,0.0,Intersection 4 Way 202,1.0,0.0,Possible Injury,Angle - Other Than Left Turn 2,Daylight,Cloudy,Dry,38.0,Male,West,Going Straight Ahead,Ran Stop Sign,No Apparent Influence,No Apparent Influence,40.0,Male,South,Going Straight Ahead,No Improper Action,No Apparent Influence,No Apparent Influence,33.41842446,-111.8919678,2021-01-29,21:09:00
3733353,2021,McKellips Rd,Scottsdale Rd,0.0,Intersection 4 Way 202,1.0,0.0,Possible Injury,Angle - Other Than Left Turn 2,Daylight,Cloudy,Dry,26.0,Female,South,Going Straight Ahead,Disregarded Traffic Signal,No Apparent Influence,No Apparent Influence,43.0,Female,West,Going Straight Ahead,No Improper Action,No Apparent Influence,No Apparent Influence,33.45124074,-111.9264677,2021-01-29,22:51:00
3739868,2021,Baseline Rd,Hardy Dr,-35.0,Not Junction Related,0.0,0.0,No Injury,Rear End,Daylight,Cloudy,Dry,55.0,Male,East,Going Straight Ahead,Speed To Fast For Conditions,No Apparent Influence,No Apparent Influence,24.0,Male,East,Stopped In Trafficway,No Improper Action,No Apparent Influence,No Apparent Influence,33.37821418,-111.9526273,2021-01-30,00:49:00
3733345,2021,University Dr,Mill Ave,0.0,Intersection 4 Way 202,1.0,0.0,Possible Injury,Left Turn,Dark Lighted,Rain,Wet,19.0,Male,West,Making Left Turn,Failed To Yield Right Of Way,No Apparent Influence,No Apparent Influence,21.0,Male,East,Going Straight Ahead,No Improper Action,No Apparent Influence,No Apparent Influence,33.42193474,-111.940017,2021-01-30,02:20:00
3733352,2021,Warner Rd,Kyrene Rd,0.0,Intersection 4 Way 202,2.0,0.0,Possible Injury,Angle - Other Than Left Turn 2,Daylight,Clear,Dry,51.0,Female,East,Going Straight Ahead,Disregarded Traffic Signal,No Apparent Influence,No Apparent Influence,49.0,Male,North,Going Straight Ahead,No Improper Action,No Apparent Influence,No Apparent Influence,33.33460174,-111.9456572,2021-01-30,18:31:00
3733421,2021,Broadway Rd,McKemy St,0.0,Intersection T Inter 203,1.0,0.0,Possible Injury,Angle - Other Than Left Turn 2,Dark Lighted,Clear,Dry,20.0,Male,South,Other,Failed To Yield Right Of Way,No Apparent Influence,No Apparent Influence,22.0,Female,West,Going Straight Ahead,No Improper Action,No Apparent Influence,No Apparent Influence,33.40738329,-111.950003,2021-01-31,01:59:00
3732655,2021,Guadalupe Rd,Rural Rd,188.0,Intersection Related 206,0.0,0.0,No Injury,Rear End,Dark Lighted,Clear,Dry,19.0,Female,West,Going Straight Ahead,Speed To Fast For Conditions,No Apparent Influence,No Apparent Influence,30.0,Female,West,Stopped In Trafficway,No Improper Action,No Apparent Influence,No Apparent Influence,33.36375571,-111.9279896,2021-01-31,02:32:00
3736775,2021,Scottsdale Rd,Curry Rd,-50.0,Intersection Related 206,0.0,0.0,No Injury,Rear End,Dark Lighted,Clear,Dry,22.0,Female,North,Going Straight Ahead,Speed To Fast For Conditions,Alcohol,No Apparent Influence,25.0,Female,North,Going Straight Ahead,No Improper Action,No Apparent Influence,No Apparent Influence,33.4401565,-111.9263309,2021-01-31,07:56:00
3739882,2021,Apache Blvd,Dorsey Ln,0.0,Intersection 201,0.0,0.0,No Injury,Angle - Other Than Left Turn 2,Dark Lighted,Clear,Dry,23.0,Male,Southeast,Making Right Turn,Failed To Yield Right Of Way,No Apparent Influence,No Apparent Influence,22.0,Female,South,Going Straight Ahead,No Improper Action,No Apparent Influence,No Apparent Influence,33.41476428,-111.9176987,2021-01-31,10:35:00
3735157,2021,McClintock Dr,Baseline Rd,-38.0,Not Junction Related,0.0,0.0,No Injury,Rear End,Daylight,Cloudy,Dry,44.0,Female,South,Going Straight Ahead,Speed To Fast For Conditions,No Apparent Influence,No Apparent Influence,18.0,Female,South,Stopped In Trafficway,Made Improper Turn,No Apparent Influence,No Apparent Influence,33.37831985,-111.909262,2021-01-31,22:41:00
3740069,2021,Southern Ave,48th St,0.0,Intersection 4 Way 202,2.0,0.0,Possible Injury,Left Turn,Dark Lighted,Clear,Dry,18.0,Female,West,Making Left Turn,Failed To Yield Right Of Way,No Apparent Influence,No Apparent Influence,44.0,Male,East,Going Straight Ahead,No Improper Action,No Apparent Influence,No Apparent Influence,33.39276725,-111.9783383,2021-02-01,01:29:00
3755539,2021,Broadway Rd,52nd St,-183.0,Intersection Related 206,0.0,0.0,No Injury,Sideswipe Same Direction,Dark Lighted,Clear,Dry,44.0,Female,West,Going Straight Ahead,Unsafe Lane Change,No Apparent Influence,No Apparent Influence,18.0,Male,West,Going Straight Ahead,No Improper Action,No Apparent Influence,No Apparent Influence,33.409339,-111.9701227,2021-02-02,01:30:00
3733347,2021,Warner Rd,Fairfield Dr,55.0,Intersection Related 206,0.0,0.0,No Injury,Rear End,Daylight,Clear,Dry,78.0,Female,West,Going Straight Ahead,Followed Too Closely,No Apparent Influence,No Apparent Influence,30.0,Male,West,Slowing In Trafficway,No Improper Action,No Apparent Influence,No Apparent Influence,33.33474121,-111.9009114,2021-02-02,17:26:00
3733337,2021,Price Rd,Victory Dr,0.0,Other,0.0,0.0,No Injury,Sideswipe Same Direction,Daylight,Clear,Dry,28.0,Male,South,Making Left Turn,Other,No Apparent Influence,No Apparent Influence,53.0,Male,South,Going Straight Ahead,No Improper Action,No Apparent Influence,No Apparent Influence,33.41842968,-111.8906014,2021-02-03,00:52:00
3735135,2021,Rio Salado Pkwy,1st St,0.0,Intersection T Inter 203,1.0,0.0,Possible Injury,Left Turn,Dark Lighted,Cloudy,Dry,35.0,Female,Northwest,Making Left Turn,Failed To Yield Right Of Way,No Apparent Influence,No Apparent Influence,23.0,Male,East,Going Straight Ahead,No Improper Action,No Apparent Influence,No Apparent Influence,33.43018301,-111.9594868,2021-02-03,12:46:00
3735160,2021,Baseline Rd,Kyrene Rd,0.0,Intersection 4 Way 202,2.0,0.0,Possible Injury,Left Turn,Daylight,Clear,Dry,20.0,Female,West,Making Left Turn,Disregarded Traffic Signal,No Apparent Influence,No Apparent Influence,18.0,Female,East,Going Straight Ahead,No Improper Action,No Apparent Influence,No Apparent Influence,33.37819996,-111.9459886,2021-02-03,18:53:00
3733410,2021,Mill Ave,Hudson Ln,0.0,Intersection T Inter 203,1.0,0.0,Possible Injury,Left Turn,Daylight,Clear,Dry,34.0,Female,East,Making Left Turn,Failed To Yield Right Of Way,No Apparent Influence,No Apparent Influence,23.0,Male,South,Going Straight Ahead,No Improper Action,No Apparent Influence,No Apparent Influence,33.41362913,-111.9398939,2021-02-03,20:45:00
3735177,2021,Scottsdale Rd,McKellips Rd,0.0,Intersection 4 Way 202,2.0,0.0,Suspected Minor Injury,Head On,Dark Lighted,Clear,Dry,27.0,Female,North,Going Straight Ahead,Disregarded Traffic Signal,No Apparent Influence,No Apparent Influence,23.0,Female,South,Making Left Turn,No Improper Action,No Apparent Influence,No Apparent Influence,33.45124082,-111.9264677,2021-02-04,04:42:00
3806055,2021,Warner Rd,Price Rd,-25.0,Intersection Related 206,0.0,0.0,No Injury,Rear End,Daylight,Clear,Dry,40.0,Male,East,Going Straight Ahead,Speed To Fast For Conditions,No Apparent Influence,No Apparent Influence,68.0,Female,East,Going Straight Ahead,No Improper Action,No Apparent Influence,No Apparent Influence,33.33492976,-111.8925209,2021-02-04,21:52:00
3735350,2021,Rural Rd,Minton Dr,0.0,Intersection 4 Way 202,2.0,0.0,Possible Injury,Left Turn,Daylight,Clear,Dry,65.0,Female,North,Going Straight Ahead,Unknown,No Apparent Influence,No Apparent Influence,27.0,Female,West,Making Left Turn,Unknown,No Apparent Influence,No Apparent Influence,33.37989071,-111.9284213,2021-02-05,18:03:00
3735351,2021,Cedar St,Oak St,66.0,Not Junction Related,0.0,0.0,No Injury,Angle - Other Than Left Turn 2,Daylight,Clear,Dry,40.0,Male,East,Going Straight Ahead,Speed To Fast For Conditions,No Apparent Influence,Drugs,22.0,Female,West,Properly Parked,No Improper Action,No Apparent Influence,No Apparent Influence,33.41162296,-111.9140496,2021-02-05,19:58:00
3733417,2021,Apache Blvd,McClintock Dr,139.0,Intersection Related 206,0.0,0.0,No Injury,Rear End,Daylight,Clear,Dry,34.0,Male,East,Going Straight Ahead,Followed Too Closely,No Apparent Influence,No Apparent Influence,55.0,Male,East,Going Straight Ahead,No Improper Action,No Apparent Influence,No Apparent Influence,33.41475922,-111.9086771,2021-02-05,20:54:00
3735142,2021,Elliot Rd,Rural Rd,100.0,Intersection Related 206,1.0,0.0,Possible Injury,Rear End,Daylight,Clear,Dry,21.0,Female,West,Going Straight Ahead,Unknown,No Apparent Influence,No Apparent Influence,50.0,Male,West,Stopped In Trafficway,Unknown,No Apparent Influence,No Apparent Influence,33.3491883,-111.9281499,2021-02-06,19:08:00
3735349,2021,Rural Rd,Carter Dr,15.0,Intersection Related 206,0.0,0.0,No Injury,Angle - Other Than Left Turn 2,Daylight,Clear,Dry,42.0,Male,East,Making Left Turn,Failed To Yield Right Of Way,No Apparent Influence,No Apparent Influence,59.0,Male,North,Going Straight Ahead,No Improper Action,No Apparent Influence,No Apparent Influence,33.38116514,-111.9275769,2021-02-06,23:04:00
3733320,2021,Baseline Rd,Darrow Dr,0.0,Intersection Non Interchange,2.0,0.0,Suspected Minor Injury,Left Turn,Daylight,Clear,Dry,25.0,Male,East,Going Straight Ahead,Disregarded Traffic Signal,No Apparent Influence,No Apparent Influence,68.0,Male,North,Going Straight Ahead,No Improper Action,No Apparent Influence,No Apparent Influence,33.37824425,-111.9611298,2021-02-07,22:57:00
3735134,2021,University Dr,Rockford Dr,0.0,Intersection T Inter 203,0.0,0.0,No Injury,Sideswipe Same Direction,Dark Lighted,Clear,Dry,32.0,Male,West,Changing Lanes,Unsafe Lane Change,No Apparent Influence,No Apparent Influence,58.0,Male,West,Going Straight Ahead,No Improper Action,No Apparent Influence,No Apparent Influence,33.4220999,-111.8980708,2021-02-08,01:40:00
3739883,2021,Priest Dr,Rio Salado Pkwy,0.0,Intersection 4 Way 202,2.0,0.0,Suspected Serious Injury,Angle - Other Than Left Turn 2,Daylight,Clear,Dry,24.0,Female,North,Going Straight Ahead,Disregarded Traffic Signal,No Apparent Influence,No Apparent Influence,19.0,Male,South,Making Left Turn,No Improper Action,No Apparent Influence,No Apparent Influence,33.42956051,-111.9609666,2021-02-08,13:41:00