Incident_ID,Year,Street_Name,Cross_Street,Distance,Junction_Relation,Total_Injuries,Total_Fatalities,Injury_Severity,Collision_Manner,Light_Condition,Weather,Surface_Condition,Age_1,Gender_1,Travel_One,UnitAction_One,Violation1_Drv1,AlcoholUse_ 1,DrugUse_1,Age_2,Gender_2,TravelDirection_2,UnitAction_2,Violation_2,AlcoholUse_2,DrugUse_2,Latitude,Longitude,Date,Time
3755547,2021,Rural Rd,Lemon St,50.0,Driveway Or Alley,2.0,0.0,Possible Injury,Left Turn,Dark Lighted,Unknown,Dry,18.0,Female,West,Making Left Turn,Failed To Yield Right Of Way,No Apparent Influence,No Apparent Influence,20.0,Female,North,Going Straight Ahead,No Improper Action,No Apparent Influence,No Apparent Influence,33.41697238,-111.9262973,2021-04-03,03:10:00
3763500,2021,Baseline Rd,Mill Ave,-100.0,Not Junction Related,1.0,0.0,Suspected Minor Injury,Left Turn,Daylight,Clear,Dry,22.0,Female,South,Making Left Turn,Failed To Yield Right Of Way,No Apparent Influence,No Apparent Influence,54.0,Male,West,Going Straight Ahead,No Improper Action,No Apparent Influence,No Apparent Influence,33.37821953,-111.9396931,2021-04-03,14:32:00
3763492,2021,Rio Salado Pkwy,Rockford Dr,20.0,Intersection Related 206,0.0,0.0,No Injury,Rear End,Dusk,Clear,Dry,30.0,Female,West,Going Straight Ahead,Speed To Fast For Conditions,No Apparent Influence,No Apparent Influence,22.0,Female,West,Going Straight Ahead,No Improper Action,No Apparent Influence,No Apparent Influence,33.42935557,-111.8969744,2021-04-04,00:25:00
3759213,2021,Priest Dr,Alameda Dr,-110.0,Intersection Related 206,0.0,0.0,No Injury,Rear End,Daylight,Clear,Dry,26.0,Male,Unknown,Going Straight Ahead,Speed To Fast For Conditions,Alcohol,No Apparent Influence,36.0,Female,North,Going Straight Ahead,Unknown,No Apparent Influence,No Apparent Influence,33.39983836,-111.9607754,2021-04-04,01:21:00
3759275,2021,Baseline Rd,Hardy Dr,-20.0,Intersection Related Non Interchange,0.0,0.0,No Injury,Rear End,Daylight,Clear,Dry,22.0,Male,East,Stopped In Trafficway,Speed To Fast For Conditions,No Apparent Influence,No Apparent Influence,36.0,Male,East,Slowing In Trafficway,No Improper Action,No Apparent Influence,No Apparent Influence,33.37821391,-111.9525782,2021-04-05,00:09:00
3768983,2021,Rural Rd,Rio Salado Pkwy,0.0,Intersection 4 Way 202,0.0,0.0,No Injury,Left Turn,Daylight,Clear,Dry,26.0,Male,Northwest,Making U Turn,No Improper Action,No Apparent Influence,No Apparent Influence,23.0,Male,South,Going Straight Ahead,No Improper Action,No Apparent Influence,No Apparent Influence,33.42884843,-111.9262892,2021-04-05,15:42:00
3755527,2021,Rural Rd,University Dr,100.0,Intersection Related 206,0.0,0.0,No Injury,Rear End,Daylight,Clear,Dry,58.0,Male,South,Changing Lanes,Speed To Fast For Conditions,No Apparent Influence,No Apparent Influence,36.0,Male,South,Stopped In Trafficway,No Improper Action,No Apparent Influence,No Apparent Influence,33.42230392,-111.9263127,2021-04-05,21:11:00
3759279,2021,21st St,Roosevelt St,0.0,Intersection T Inter 203,0.0,0.0,No Injury,Sideswipe Same Direction,Daylight,Clear,Dry,31.0,Male,North,Making Left Turn,Made Improper Turn,No Apparent Influence,No Apparent Influence,41.0,Male,North,Going Straight Ahead,No Improper Action,No Apparent Influence,No Apparent Influence,33.40556922,-111.9478477,2021-04-05,21:11:00
3759288,2021,Guadalupe Rd,McClintock Dr,0.0,Intersection 4 Way 202,0.0,0.0,No Injury,Angle - Other Than Left Turn 2,Daylight,Clear,Dry,18.0,Male,West,Going Straight Ahead,Disregarded Traffic Signal,No Apparent Influence,No Apparent Influence,80.0,Female,East,Making Left Turn,No Improper Action,No Apparent Influence,No Apparent Influence,33.36376447,-111.9112567,2021-04-06,14:46:00
3755531,2021,McClintock Dr,Ellis Dr,-218.0,Intersection Related 206,1.0,0.0,Possible Injury,Rear End,Daylight,Clear,Dry,22.0,Male,South,Going Straight Ahead,Followed Too Closely,No Apparent Influence,No Apparent Influence,46.0,Female,South,Going Straight Ahead,No Improper Action,No Apparent Influence,No Apparent Influence,33.38004564,-111.9092526,2021-04-06,16:04:00
3759211,2021,Priest Dr,Auto Dr,181.0,Driveway Or Alley,0.0,0.0,No Injury,Angle - Other Than Left Turn 2,Daylight,Clear,Dry,64.0,Male,West,Making Left Turn,Failed To Yield Right Of Way,No Apparent Influence,No Apparent Influence,51.0,Male,South,Going Straight Ahead,No Improper Action,No Apparent Influence,No Apparent Influence,33.34597878,-111.9631484,2021-04-06,18:29:00
3759290,2021,La Corta Dr,Southern Ave,-131.0,Intersection Related 206,0.0,0.0,No Injury,Other,Daylight,Clear,Dry,59.0,Male,Southeast,Backing,Other,No Apparent Influence,No Apparent Influence,20.0,Female,North,Properly Parked,No Improper Action,No Apparent Influence,No Apparent Influence,33.39256532,-111.9324496,2021-04-06,22:51:00
3763486,2021,University Dr,Forest Ave,102.0,Intersection Related 206,0.0,0.0,No Injury,Rear End,Daylight,Clear,Dry,18.0,Female,West,Going Straight Ahead,Followed Too Closely,No Apparent Influence,No Apparent Influence,22.0,Male,West,Stopped In Trafficway,No Improper Action,No Apparent Influence,No Apparent Influence,33.42195107,-111.936321,2021-04-07,01:26:00
3763488,2021,University Dr,Priest Dr,-200.0,Not Junction Related,1.0,0.0,Possible Injury,Left Turn,Daylight,Clear,Dry,26.0,Female,Southeast,Making Left Turn,Failed To Yield Right Of Way,No Apparent Influence,No Apparent Influence,22.0,Male,West,Going Straight Ahead,No Improper Action,No Apparent Influence,No Apparent Influence,33.42194177,-111.9615789,2021-04-07,19:24:00
3777159,2021,Hardy Dr,Southern Ave,-88.0,Intersection Related 206,0.0,0.0,No Injury,Rear End,Daylight,Clear,Dry,32.0,Male,North,Going Straight Ahead,Followed Too Closely,No Apparent Influence,No Apparent Influence,36.0,Female,North,Stopped In Trafficway,No Improper Action,No Apparent Influence,No Apparent Influence,33.392616,-111.9519824,2021-04-07,22:07:00
3777158,2021,Broadway Rd,McClintock Dr,-120.0,Intersection Related 206,0.0,0.0,No Injury,Rear End,Daylight,Clear,Dry,32.0,Male,Unknown,Going Straight Ahead,Followed Too Closely,No Apparent Influence,No Apparent Influence,29.0,Female,East,Stopped In Trafficway,No Improper Action,No Apparent Influence,No Apparent Influence,33.40750024,-111.9095182,2021-04-07,22:20:00
3768355,2021,McClintock Dr,Carson Dr,25.0,Intersection Related 206,0.0,0.0,No Injury,Sideswipe Same Direction,Dark Lighted,Clear,Dry,63.0,Female,North,Making Left Turn,Failed To Yield Right Of Way,No Apparent Influence,No Apparent Influence,61.0,Male,North,Going Straight Ahead,No Improper Action,No Apparent Influence,No Apparent Influence,33.38395071,-111.9092108,2021-04-08,11:57:00
3759296,2021,University Dr,Smith Rd,0.0,Intersection 4 Way 202,1.0,0.0,Possible Injury,Angle - Other Than Left Turn 2,Daylight,Clear,Dry,20.0,Male,North,Going Straight Ahead,Unknown,No Apparent Influence,No Apparent Influence,25.0,Male,East,Going Straight Ahead,Unknown,No Apparent Influence,No Apparent Influence,33.42210728,-111.9004976,2021-04-08,14:25:00
3763487,2021,Rio Salado Pkwy,Perry Ln,-61.0,Intersection Related 206,0.0,0.0,No Injury,Rear End,Daylight,Clear,Dry,32.0,Female,East,Going Straight Ahead,Followed Too Closely,No Apparent Influence,No Apparent Influence,19.0,Female,East,Stopped In Trafficway,No Improper Action,No Apparent Influence,No Apparent Influence,33.42923821,-111.9049649,2021-04-08,18:31:00
3759199,2021,Southern Ave,College Ave,-216.0,Driveway Or Alley,2.0,0.0,Possible Injury,Left Turn,Daylight,Clear,Dry,21.0,Male,Northwest,Making Left Turn,Failed To Yield Right Of Way,No Apparent Influence,No Apparent Influence,20.0,Male,East,Going Straight Ahead,No Improper Action,No Apparent Influence,No Apparent Influence,33.39290014,-111.9356253,2021-04-08,18:35:00
3763511,2021,Southern Ave,Los Feliz Dr,0.0,Intersection 4 Way 202,0.0,0.0,No Injury,Left Turn,Daylight,Clear,Dry,59.0,Female,East,Making Left Turn,Failed To Yield Right Of Way,No Apparent Influence,No Apparent Influence,22.0,Male,West,Going Straight Ahead,No Improper Action,No Apparent Influence,No Apparent Influence,33.39297024,-111.9048537,2021-04-08,18:36:00
3768469,2021,Baseline Rd,48th St,200.0,Driveway Or Alley,0.0,0.0,No Injury,Angle - Other Than Left Turn 2,Dusk,Clear,Dry,79.0,Male,North,Making Right Turn,Failed To Yield Right Of Way,No Apparent Influence,No Apparent Influence,37.0,Female,East,Going Straight Ahead,No Improper Action,No Apparent Influence,No Apparent Influence,33.37818808,-111.9777613,2021-04-09,01:35:00
3763509,2021,Kyrene Rd,Guadalupe Rd,45.0,Intersection Related 206,0.0,0.0,No Injury,Other,Dawn,Clear,Dry,46.0,Male,North,Backing,Other,No Apparent Influence,No Apparent Influence,25.0,Female,South,Stopped In Trafficway,No Improper Action,No Apparent Influence,No Apparent Influence,33.36378283,-111.9458949,2021-04-09,13:30:00
3778379,2021,Rural Rd,Lakeshore Dr,0.0,Intersection T Inter 203,2.0,0.0,Possible Injury,Left Turn,Daylight,Clear,Dry,78.0,Female,West,Making Left Turn,Failed To Yield Right Of Way,No Apparent Influence,No Apparent Influence,40.0,Female,North,Going Straight Ahead,No Improper Action,No Apparent Influence,No Apparent Influence,33.3822837,-111.9268294,2021-04-09,20:01:00
3769729,2021,McClintock Dr,Minton Dr,70.0,Intersection Related 206,0.0,0.0,No Injury,Rear End,Daylight,Clear,Dry,33.0,Female,South,Going Straight Ahead,Unknown,No Apparent Influence,No Apparent Influence,28.0,Male,South,Stopped In Trafficway,No Improper Action,No Apparent Influence,No Apparent Influence,33.3820254,-111.9092334,2021-04-10,00:00:00
3768467,2021,Mill Ave,Baseline Rd,32.0,Intersection 4 Way 202,0.0,0.0,No Injury,Left Turn,Dark Lighted,Clear,Dry,51.0,Male,East,Making Left Turn,Drove Left Of Center Line,Alcohol,No Apparent Influence,38.0,Female,South,Stopped In Trafficway,No Improper Action,No Apparent Influence,No Apparent Influence,33.37829896,-111.9393664,2021-04-10,02:22:00
3759201,2021,McClintock Dr,Randall Dr,20.0,Not Junction Related,0.0,0.0,No Injury,Left Turn,Dark Lighted,Clear,Dry,28.0,Male,North,Making Left Turn,Failed To Yield Right Of Way,No Apparent Influence,No Apparent Influence,42.0,Male,South,Going Straight Ahead,No Improper Action,No Apparent Influence,No Apparent Influence,33.41824979,-111.9091039,2021-04-10,08:56:00
3769728,2021,Baseline Rd,Wendler Dr,-37.0,Intersection Related 206,0.0,0.0,No Injury,Rear End,Daylight,Clear,Dry,36.0,Male,East,Going Straight Ahead,Followed Too Closely,No Apparent Influence,No Apparent Influence,30.0,Male,East,Stopped In Trafficway,No Improper Action,No Apparent Influence,No Apparent Influence,33.37825588,-111.9699069,2021-04-10,15:21:00
3768969,2021,Priest Dr,14th St,84.0,Intersection Related 206,2.0,0.0,Suspected Minor Injury,Head On,Daylight,Clear,Dry,42.0,Male,South,Going Straight Ahead,Drove Left Of Center Line,No Apparent Influence,Drugs,37.0,Male,North,Going Straight Ahead,No Improper Action,No Apparent Influence,No Apparent Influence,33.41340024,-111.9608171,2021-04-10,17:09:00
3783723,2021,Baseline Rd,Pointe Pkwy,200.0,Intersection Related 206,0.0,0.0,No Injury,Sideswipe Same Direction,Daylight,Clear,Dry,23.0,Male,West,Changing Lanes,Unsafe Lane Change,No Apparent Influence,No Apparent Influence,56.0,Female,West,Going Straight Ahead,No Improper Action,No Apparent Influence,No Apparent Influence,33.37822639,-111.9713399,2021-04-10,18:26:00
3768450,2021,University Dr,Priest Dr,120.0,Intersection Related 206,0.0,0.0,No Injury,Left Turn,Daylight,Clear,Dry,47.0,Male,Northeast,Making Left Turn,Made Improper Turn,No Apparent Influence,No Apparent Influence,21.0,Female,West,Going Straight Ahead,No Improper Action,No Apparent Influence,No Apparent Influence,33.42194094,-111.9605303,2021-04-10,21:06:00
3769716,2021,Baseline Rd,Terry Ln,60.0,Intersection Related 206,0.0,0.0,No Injury,Rear End,Daylight,Clear,Dry,22.0,Male,West,Going Straight Ahead,Followed Too Closely,No Apparent Influence,No Apparent Influence,58.0,Male,West,Stopped In Trafficway,No Improper Action,No Apparent Influence,No Apparent Influence,33.37822492,-111.9552045,2021-04-11,00:48:00
3769738,2021,University Dr,Rural Rd,0.0,Intersection 4 Way 202,0.0,0.0,No Injury,Left Turn,Dark Lighted,Clear,Dry,19.0,Female,East,Making Left Turn,Failed To Yield Right Of Way,No Apparent Influence,No Apparent Influence,21.0,Male,West,Going Straight Ahead,No Improper Action,No Apparent Influence,No Apparent Influence,33.42202914,-111.9263124,2021-04-11,08:41:00
3768445,2021,Kyrene Rd,Guadalupe Rd,-213.0,Intersection Related 206,1.0,0.0,Possible Injury,Left Turn,Daylight,Clear,Dry,21.0,Female,East,Making Left Turn,Failed To Yield Right Of Way,No Apparent Influence,No Apparent Influence,22.0,Female,South,Going Straight Ahead,No Improper Action,No Apparent Influence,No Apparent Influence,33.36307414,-111.9458903,2021-04-11,19:01:00
3787138,2021,Baseline Rd,Darrow Dr,10.0,Intersection Related 206,1.0,0.0,Possible Injury,Sideswipe Same Direction,Daylight,Clear,Dry,47.0,Female,West,Changing Lanes,Unsafe Lane Change,No Apparent Influence,No Apparent Influence,73.0,Female,West,Going Straight Ahead,No Improper Action,No Apparent Influence,No Apparent Influence,33.37824417,-111.961097,2021-04-11,22:34:00
3768424,2021,College Ave,15th St,0.0,Intersection 4 Way 202,0.0,0.0,No Injury,Left Turn,Daylight,Cloudy,Dry,21.0,Female,North,Making Left Turn,Failed To Yield Right Of Way,No Apparent Influence,No Apparent Influence,34.0,Male,South,Going Straight Ahead,No Improper Action,No Apparent Influence,No Apparent Influence,33.41197285,-111.9349302,2021-04-11,23:13:00
3770393,2021,Roosevelt St,Scottsdale Rd,0.0,Intersection Non Interchange,1.0,0.0,Possible Injury,Angle - Other Than Left Turn 2,Daylight,Clear,Dry,20.0,Male,South,Going Straight Ahead,Unknown,No Apparent Influence,No Apparent Influence,54.0,Female,Northwest,Making Left Turn,Unknown,No Apparent Influence,No Apparent Influence,33.4584903,-111.9263507,2021-04-12,15:21:00
3763508,2021,Rio Salado Pkwy,Smith Rd,-79.0,Intersection Related 206,1.0,0.0,Suspected Minor Injury,Rear End,Daylight,Clear,Dry,37.0,Male,East,Going Straight Ahead,Speed To Fast For Conditions,No Apparent Influence,No Apparent Influence,20.0,Male,East,Stopped In Trafficway,No Improper Action,No Apparent Influence,No Apparent Influence,33.42928373,-111.9007152,2021-04-12,21:01:00
3758374,2021,Rural Rd,6th St,132.0,Not Junction Related,0.0,0.0,No Injury,Angle - Other Than Left Turn 2,Dark Lighted,Clear,Dry,32.0,Male,South,Going Straight Ahead,Unsafe Lane Change,No Apparent Influence,No Apparent Influence,26.0,Female,South,Going Straight Ahead,No Improper Action,No Apparent Influence,No Apparent Influence,33.42486052,-111.9263007,2021-04-13,06:24:00
3768415,2021,Rural Rd,Spence Ave,-15.0,Intersection Related 206,2.0,0.0,Possible Injury,Angle - Other Than Left Turn 2,Daylight,Clear,Dry,20.0,Male,North,Going Straight Ahead,Speed To Fast For Conditions,No Apparent Influence,No Apparent Influence,27.0,Male,East,Making Right Turn,No Improper Action,No Apparent Influence,No Apparent Influence,33.41283322,-111.9262871,2021-04-13,13:26:00
3763490,2021,Elliot Rd,Priest Dr,0.0,Intersection 4 Way 202,0.0,0.0,No Injury,Rear End,Daylight,Clear,Dry,25.0,Female,West,Making Left Turn,Speed To Fast For Conditions,No Apparent Influence,No Apparent Influence,43.0,Male,West,Making Left Turn,No Improper Action,No Apparent Influence,No Apparent Influence,33.34910387,-111.9631335,2021-04-13,20:23:00
3768792,2021,Price Rd,University Dr,-100.0,Not Junction Related,0.0,0.0,No Injury,Sideswipe Same Direction,Dark Lighted,Clear,Dry,38.0,Male,North,Changing Lanes,Unsafe Lane Change,No Apparent Influence,No Apparent Influence,24.0,Female,North,Going Straight Ahead,No Improper Action,No Apparent Influence,No Apparent Influence,33.42174321,-111.8903222,2021-04-14,02:14:00
3768430,2021,Guadalupe Rd,La Rosa Dr,0.0,Intersection T Inter 203,2.0,0.0,Possible Injury,Angle - Other Than Left Turn 2,Dark Lighted,Clear,Dry,25.0,Male,South,Making Left Turn,Failed To Yield Right Of Way,No Apparent Influence,No Apparent Influence,16.0,Female,West,Going Straight Ahead,No Improper Action,No Apparent Influence,No Apparent Influence,33.36375072,-111.9308788,2021-04-14,05:52:00
3777153,2021,Scottsdale Rd,Playa Del Norte Dr,-178.0,Not Junction Related,0.0,0.0,No Injury,Rear End,Dark Lighted,Clear,Dry,23.0,Male,South,Going Straight Ahead,Speed To Fast For Conditions,No Apparent Influence,No Apparent Influence,21.0,Female,South,Going Straight Ahead,No Improper Action,No Apparent Influence,No Apparent Influence,33.43354564,-111.926267,2021-04-14,06:55:00
3768966,2021,Elliot Rd,Willow Dr,0.0,Intersection 201,0.0,0.0,No Injury,Angle - Other Than Left Turn 2,Daylight,Clear,Dry,23.0,Female,South,Making Right Turn,Failed To Yield Right Of Way,No Apparent Influence,No Apparent Influence,66.0,Male,West,Going Straight Ahead,No Improper Action,No Apparent Influence,No Apparent Influence,33.3491311,-111.9148515,2021-04-14,15:06:00
3768965,2021,Guadalupe Rd,McClintock Dr,60.0,Intersection Related 206,0.0,0.0,No Injury,Sideswipe Same Direction,Daylight,Clear,Dry,26.0,Female,West,Going Straight Ahead,Failed To Keep In Proper Lane,No Apparent Influence,No Apparent Influence,44.0,Female,West,Going Straight Ahead,No Improper Action,No Apparent Influence,No Apparent Influence,33.36376128,-111.9110607,2021-04-14,16:05:00
3768465,2021,Southern Ave,Clementine Dr,0.0,Intersection Related 206,0.0,0.0,No Injury,Sideswipe Same Direction,Daylight,Clear,Dry,27.0,Female,East,Changing Lanes,Unsafe Lane Change,No Apparent Influence,No Apparent Influence,67.0,Male,East,Going Straight Ahead,No Improper Action,No Apparent Influence,No Apparent Influence,33.39286354,-111.9635849,2021-04-15,19:00:00
3768495,2021,Elliot Rd,Priest Dr,-130.0,Intersection Related 206,0.0,0.0,No Injury,Rear End,Daylight,Cloudy,Dry,22.0,Female,East,Going Straight Ahead,Followed Too Closely,No Apparent Influence,No Apparent Influence,37.0,Male,East,Slowing In Trafficway,No Improper Action,No Apparent Influence,No Apparent Influence,33.34909641,-111.9635584,2021-04-15,19:21:00
3768793,2021,Broadway Rd,Ventura Dr,0.0,Intersection T Inter 203,0.0,0.0,No Injury,Angle - Other Than Left Turn 2,Daylight,Clear,Dry,26.0,Male,South,Making Left Turn,Failed To Yield Right Of Way,No Apparent Influence,No Apparent Influence,17.0,Female,West,Going Straight Ahead,No Improper Action,No Apparent Influence,No Apparent Influence,33.40748202,-111.9301199,2021-04-15,22:16:00
3768497,2021,Baseline Rd,Hardy Dr,150.0,Intersection Related 206,1.0,0.0,Possible Injury,Sideswipe Same Direction,Daylight,Clear,Dry,46.0,Female,West,Changing Lanes,Unsafe Lane Change,No Apparent Influence,No Apparent Influence,41.0,Male,West,Going Straight Ahead,No Improper Action,No Apparent Influence,No Apparent Influence,33.37821157,-111.9520214,2021-04-15,23:21:00
3768498,2021,Warner Rd,Dromedary Dr,230.0,Not Junction Related,0.0,0.0,No Injury,Rear End,Daylight,Clear,Dry,26.0,Female,West,Going Straight Ahead,Followed Too Closely,No Apparent Influence,No Apparent Influence,26.0,Male,West,Stopped In Trafficway,No Improper Action,No Apparent Influence,No Apparent Influence,33.33461737,-111.9425253,2021-04-16,00:09:00
3777152,2021,University Dr,Rural Rd,24.0,Intersection Related 206,0.0,0.0,No Injury,Rear End,Dawn,Clear,Dry,38.0,Male,South,Going Straight Ahead,Speed To Fast For Conditions,No Apparent Influence,No Apparent Influence,26.0,Female,South,Stopped In Trafficway,No Improper Action,No Apparent Influence,No Apparent Influence,33.4220289,-111.9262338,2021-04-16,11:50:00
3755644,2021,Curry Rd,Mary St,15.0,Intersection 201,0.0,0.0,No Injury,Left Turn,Daylight,Clear,Dry,35.0,Male,North,Making Left Turn,Failed To Yield Right Of Way,No Apparent Influence,No Apparent Influence,27.0,Male,East,Going Straight Ahead,No Improper Action,No Apparent Influence,No Apparent Influence,33.44040859,-111.9236557,2021-04-16,21:13:00
3769751,2021,Curry Rd,Scottsdale Rd,136.0,Intersection Related 206,2.0,0.0,Suspected Minor Injury,Angle - Other Than Left Turn 2,Daylight,Clear,Dry,19.0,Female,Northeast,Making Right Turn,Failed To Yield Right Of Way,No Apparent Influence,No Apparent Influence,34.0,Female,East,Going Straight Ahead,No Improper Action,No Apparent Influence,No Apparent Influence,33.44030225,-111.9258921,2021-04-16,23:08:00
3769711,2021,Baseline Rd,Kyrene Rd,-40.0,Intersection Related 206,0.0,0.0,No Injury,Rear End,Daylight,Clear,Dry,28.0,Male,East,Going Straight Ahead,Followed Too Closely,No Apparent Influence,No Apparent Influence,40.0,Male,East,Stopped In Trafficway,No Improper Action,No Apparent Influence,No Apparent Influence,33.37819977,-111.9461196,2021-04-16,23:30:00
3779901,2021,Priest Dr,Washington St,-55.0,Intersection Related 206,0.0,0.0,No Injury,Rear End,Daylight,Clear,Dry,34.0,Female,North,Going Straight Ahead,Followed Too Closely,No Apparent Influence,No Apparent Influence,36.0,Female,North,Stopped In Trafficway,No Improper Action,No Apparent Influence,No Apparent Influence,33.44253544,-111.9567531,2021-04-17,00:43:00
3769746,2021,McClintock Dr,University Dr,-123.0,Driveway Or Alley,2.0,0.0,Suspected Minor Injury,Angle - Other Than Left Turn 2,Dusk,Clear,Dry,19.0,Female,West,Making Right Turn,Failed To Yield Right Of Way,No Apparent Influence,No Apparent Influence,33.0,Male,North,Going Straight Ahead,No Improper Action,No Apparent Influence,No Apparent Influence,33.42164493,-111.9090914,2021-04-17,01:07:00
3773593,2021,Baseline Rd,McClintock Dr,-20.0,Intersection Related 206,0.0,0.0,No Injury,Rear End,Dark Lighted,Clear,Dry,25.0,Female,East,Going Straight Ahead,Speed To Fast For Conditions,No Apparent Influence,No Apparent Influence,47.0,Female,East,Stopped In Trafficway,No Improper Action,No Apparent Influence,No Apparent Influence,33.37842421,-111.9093269,2021-04-17,03:27:00
3768357,2021,Warner Rd,Kyrene Rd,0.0,Intersection 4 Way 202,1.0,0.0,Possible Injury,Angle - Other Than Left Turn 2,Dark Lighted,Clear,Dry,30.0,Male,East,Going Straight Ahead,Other,Alcohol,No Apparent Influence,26.0,Male,North,Going Straight Ahead,No Improper Action,No Apparent Influence,No Apparent Influence,33.33460174,-111.9456572,2021-04-17,07:55:00
3773674,2021,Scottsdale Rd,Fillmore St,0.0,Driveway Or Alley,0.0,0.0,No Injury,Sideswipe Opposite Direction,Dark Lighted,Clear,Dry,32.0,Female,West,Making Left Turn,Failed To Yield Right Of Way,No Apparent Influence,No Apparent Influence,31.0,Female,South,Going Straight Ahead,Speed To Fast For Conditions,No Apparent Influence,No Apparent Influence,33.45241624,-111.9264543,2021-04-17,09:20:00
3777325,2021,Broadway Rd,Rural Rd,0.0,Intersection 4 Way 202,0.0,0.0,No Injury,Sideswipe Same Direction,Daylight,Clear,Dry,31.0,Male,West,Avoiding Vehicle Object Pedestrian,Other,No Apparent Influence,No Apparent Influence,28.0,Male,West,Going Straight Ahead,No Improper Action,No Apparent Influence,No Apparent Influence,33.40750178,-111.9262829,2021-04-17,22:00:00
3768419,2021,Rio Salado Pkwy,Perry Ln,0.0,Intersection 4 Way 202,0.0,0.0,No Injury,Left Turn,Dark Lighted,Clear,Dry,21.0,Male,West,Going Straight Ahead,Disregarded Traffic Signal,No Apparent Influence,No Apparent Influence,35.0,Male,East,Making Left Turn,No Improper Action,No Apparent Influence,No Apparent Influence,33.42923899,-111.904765,2021-04-17,23:35:00
3768325,2021,University Dr,Roosevelt St,150.0,Driveway Or Alley,2.0,0.0,Suspected Minor Injury,Left Turn,Daylight,Clear,Dry,22.0,Female,West,Making Left Turn,Failed To Yield Right Of Way,No Apparent Influence,No Apparent Influence,31.0,Male,East,Going Straight Ahead,No Improper Action,No Apparent Influence,No Apparent Influence,33.42189948,-111.9468027,2021-04-18,02:36:00
3777432,2021,Guadalupe Rd,El Camino Dr,-20.0,Intersection Related 206,2.0,0.0,Suspected Minor Injury,Rear End,Dark Lighted,Clear,Dry,17.0,Male,East,Making Right Turn,Unknown,No Apparent Influence,No Apparent Influence,68.0,Male,East,Going Straight Ahead,Unknown,No Apparent Influence,No Apparent Influence,33.36373083,-111.9332503,2021-04-18,04:44:00
3777151,2021,Rural Rd,Lemon St,-100.0,Not Junction Related,2.0,0.0,Possible Injury,Angle - Other Than Left Turn 2,Dark Lighted,Clear,Dry,24.0,Male,West,Making Left Turn,Failed To Yield Right Of Way,No Apparent Influence,No Apparent Influence,20.0,Female,North,Going Straight Ahead,No Improper Action,No Apparent Influence,No Apparent Influence,33.41656022,-111.9262972,2021-04-18,07:46:00
3768449,2021,Broadway Rd,Rural Rd,0.0,Intersection Related 206,0.0,0.0,No Injury,Left Turn,Daylight,Clear,Dry,25.0,Female,West,Making Left Turn,Failed To Yield Right Of Way,No Apparent Influence,No Apparent Influence,20.0,Male,East,Going Straight Ahead,No Improper Action,No Apparent Influence,No Apparent Influence,33.40750178,-111.9262829,2021-04-18,18:08:00
3779914,2021,Baseline Rd,Rural Rd,0.0,Intersection 4 Way 202,2.0,0.0,Possible Injury,Angle - Other Than Left Turn 2,Daylight,Clear,Dry,49.0,Male,East,Going Straight Ahead,Failed To Yield Right Of Way,No Apparent Influence,No Apparent Influence,19.0,Female,North,Going Straight Ahead,Failed To Yield Right Of Way,No Apparent Influence,No Apparent Influence,33.37824921,-111.9286869,2021-04-19,01:12:00
3769745,2021,McClintock Dr,Apache Blvd,50.0,Intersection Related 206,0.0,0.0,No Injury,Rear End,Dark Lighted,Cloudy,Dry,47.0,Female,North,Going Straight Ahead,Speed To Fast For Conditions,No Apparent Influence,No Apparent Influence,28.0,Male,North,Stopped In Trafficway,No Improper Action,No Apparent Influence,No Apparent Influence,33.41489727,-111.9091323,2021-04-19,01:50:00
3769744,2021,Rural Rd,Vista Del Cerro Dr,75.0,Intersection Related 206,0.0,0.0,No Injury,Sideswipe Same Direction,Dark Lighted,Cloudy,Dry,18.0,Male,South,Going Straight Ahead,Speed To Fast For Conditions,No Apparent Influence,No Apparent Influence,19.0,Female,South,Slowing In Trafficway,No Improper Action,No Apparent Influence,No Apparent Influence,33.41032777,-111.9262842,2021-04-19,02:58:00
3777150,2021,McClintock Dr,Rio Salado Pkwy,115.0,Not Junction Related,0.0,0.0,No Injury,Rear End,Dark Lighted,Clear,Dry,25.0,Male,North,Going Straight Ahead,Speed To Fast For Conditions,No Apparent Influence,No Apparent Influence,27.0,Male,North,Going Straight Ahead,No Improper Action,No Apparent Influence,No Apparent Influence,33.42957766,-111.9090848,2021-04-19,04:26:00
3768853,2021,Southern Ave,Roosevelt St,0.0,Intersection 4 Way 202,0.0,0.0,No Injury,Left Turn,Daylight,Clear,Dry,27.0,Male,West,Making Left Turn,Failed To Yield Right Of Way,No Apparent Influence,No Apparent Influence,36.0,Male,East,Going Straight Ahead,No Improper Action,No Apparent Influence,No Apparent Influence,33.39284564,-111.9478283,2021-04-19,15:27:00