Incident_ID,Year,Street_Name,Cross_Street,Distance,Junction_Relation,Total_Injuries,Total_Fatalities,Injury_Severity,Collision_Manner,Light_Condition,Weather,Surface_Condition,Age_1,Gender_1,Travel_One,UnitAction_One,Violation1_Drv1,AlcoholUse_ 1,DrugUse_1,Age_2,Gender_2,TravelDirection_2,UnitAction_2,Violation_2,AlcoholUse_2,DrugUse_2,Latitude,Longitude,Date,Time
3773663,2021,Baseline Rd,Hardy Dr,60.0,Intersection Related 206,0.0,0.0,No Injury,Rear End,Daylight,Clear,Dry,78.0,Female,West,Going Straight Ahead,Speed To Fast For Conditions,No Apparent Influence,No Apparent Influence,66.0,Female,West,Stopped In Trafficway,No Improper Action,No Apparent Influence,No Apparent Influence,33.37821242,-111.9523163,2021-05-05,17:52:00
3773685,2021,Baseline Rd,College Ave,-35.0,Intersection Related 206,1.0,0.0,Possible Injury,Rear End,Daylight,Clear,Dry,32.0,Female,East,Going Straight Ahead,Followed Too Closely,No Apparent Influence,No Apparent Influence,23.0,Male,East,Stopped In Trafficway,No Improper Action,No Apparent Influence,No Apparent Influence,33.37822565,-111.9353638,2021-05-05,23:55:00
3777123,2021,Baseline Rd,Rural Rd,-90.0,Intersection Related 206,0.0,0.0,No Injury,Rear End,Daylight,Clear,Dry,49.0,Female,East,Going Straight Ahead,Followed Too Closely,No Apparent Influence,No Apparent Influence,45.0,Female,East,Stopped In Trafficway,No Improper Action,No Apparent Influence,No Apparent Influence,33.37824755,-111.9289816,2021-05-06,00:41:00
3778378,2021,Kyrene Rd,Elliot Rd,0.0,Intersection 4 Way 202,0.0,0.0,No Injury,Left Turn,Dark Lighted,Clear,Dry,39.0,Male,North,Slowing In Trafficway,Disregarded Traffic Signal,No Apparent Influence,No Apparent Influence,21.0,Male,South,Making Left Turn,No Improper Action,No Apparent Influence,No Apparent Influence,33.34919914,-111.9457347,2021-05-06,02:58:00
3777430,2021,Warner Rd,Beck Ave,-25.0,Intersection Related 206,0.0,0.0,No Injury,Rear End,Dark Lighted,Clear,Dry,18.0,Female,East,Going Straight Ahead,Speed To Fast For Conditions,No Apparent Influence,No Apparent Influence,42.0,Male,East,Making Right Turn,No Improper Action,No Apparent Influence,No Apparent Influence,33.33454898,-111.9587061,2021-05-06,02:59:00
3777274,2021,Priest Dr,Southern Ave,-140.0,Intersection Related 206,0.0,0.0,No Injury,Sideswipe Same Direction,Daylight,Clear,Dry,23.0,Male,North,Changing Lanes,Unsafe Lane Change,No Apparent Influence,No Apparent Influence,29.0,Female,North,Going Straight Ahead,No Improper Action,No Apparent Influence,No Apparent Influence,33.39249963,-111.9607755,2021-05-06,19:40:00
3777129,2021,Baseline Rd,McClintock Dr,-90.0,Intersection Related 206,1.0,0.0,Possible Injury,Rear End,Daylight,Clear,Dry,52.0,Male,East,Going Straight Ahead,Followed Too Closely,No Apparent Influence,No Apparent Influence,57.0,Female,East,Stopped In Trafficway,No Improper Action,No Apparent Influence,No Apparent Influence,33.378424,-111.9095562,2021-05-06,23:05:00
3777126,2021,McClintock Dr,12th St,0.0,Intersection T Inter 203,2.0,0.0,Possible Injury,Left Turn,Daylight,Clear,Dry,62.0,Male,Northwest,Making Left Turn,Failed To Yield Right Of Way,No Apparent Influence,No Apparent Influence,25.0,Male,South,Going Straight Ahead,No Improper Action,No Apparent Influence,No Apparent Influence,33.41615033,-111.909118,2021-05-06,23:32:00
3777266,2021,Elliot Rd,Harl Ave,125.0,Intersection Related 206,0.0,0.0,No Injury,Rear End,Daylight,Clear,Dry,41.0,Female,East,Going Straight Ahead,Speed To Fast For Conditions,No Apparent Influence,No Apparent Influence,26.0,Male,East,Stopped In Trafficway,No Improper Action,No Apparent Influence,No Apparent Influence,33.34908402,-111.9655192,2021-05-06,23:34:00
3777447,2021,Rural Rd,Broadway Rd,35.0,Intersection Related 206,1.0,0.0,Possible Injury,Rear End,Daylight,Clear,Dry,78.0,Male,South,Going Straight Ahead,Followed Too Closely,No Apparent Influence,No Apparent Influence,44.0,Male,South,Stopped In Trafficway,No Improper Action,No Apparent Influence,No Apparent Influence,33.40759792,-111.9262829,2021-05-07,00:05:00
3777427,2021,University Dr,George Dr,-140.0,Intersection Related 206,1.0,0.0,Possible Injury,Sideswipe Same Direction,Dark Lighted,Clear,Dry,20.0,Male,East,Making Left Turn,Unsafe Lane Change,No Apparent Influence,No Apparent Influence,27.0,Male,East,Going Straight Ahead,No Improper Action,No Apparent Influence,No Apparent Influence,33.42208714,-111.8878835,2021-05-07,05:26:00
3779095,2021,Broadway Rd,Mill Ave,0.0,Intersection 4 Way 202,0.0,0.0,No Injury,Angle - Other Than Left Turn 2,Dark Lighted,Clear,Dry,20.0,Male,East,Going Straight Ahead,Speed To Fast For Conditions,Alcohol,No Apparent Influence,35.0,Male,South,Going Straight Ahead,No Improper Action,No Apparent Influence,No Apparent Influence,33.40739797,-111.9398263,2021-05-07,11:05:00
3777135,2021,Elliot Rd,Priest Dr,0.0,Intersection 4 Way 202,2.0,0.0,Possible Injury,Left Turn,Daylight,Clear,Dry,19.0,Female,West,Going Straight Ahead,Disregarded Traffic Signal,No Apparent Influence,Drugs,64.0,Female,South,Making Left Turn,No Improper Action,No Apparent Influence,No Apparent Influence,33.34910387,-111.9631335,2021-05-07,14:40:00
3777134,2021,Priest Dr,Warner Rd,0.0,Intersection 201,0.0,0.0,No Injury,Angle - Other Than Left Turn 2,Daylight,Clear,Dry,38.0,Female,Northwest,Making Right Turn,Other,No Apparent Influence,No Apparent Influence,38.0,Male,North,Going Straight Ahead,No Improper Action,No Apparent Influence,No Apparent Influence,33.33452529,-111.9631174,2021-05-07,17:00:00
3777142,2021,Kyrene Rd,Diamond Dr,0.0,Intersection T Inter 203,2.0,0.0,Possible Injury,Rear End,Daylight,Clear,Dry,19.0,Male,North,Making Right Turn,Speed To Fast For Conditions,No Apparent Influence,No Apparent Influence,33.0,Female,North,Going Straight Ahead,No Improper Action,No Apparent Influence,No Apparent Influence,33.35743049,-111.9458546,2021-05-07,20:05:00
3777444,2021,Broadway Rd,McClintock Dr,150.0,Driveway Or Alley,2.0,0.0,Suspected Serious Injury,Left Turn,Daylight,Clear,Dry,35.0,Female,South,Making Left Turn,Failed To Yield Right Of Way,No Apparent Influence,No Apparent Influence,37.0,Male,West,Going Straight Ahead,No Improper Action,No Apparent Influence,No Apparent Influence,33.40750017,-111.9086335,2021-05-07,20:45:00
3854419,2021,Rural Rd,Encanto Dr,0.0,Intersection T Inter 203,0.0,0.0,No Injury,Sideswipe Same Direction,Daylight,Clear,Dry,35.0,Female,South,Changing Lanes,Unsafe Lane Change,No Apparent Influence,No Apparent Influence,39.0,Male,South,Going Straight Ahead,No Improper Action,No Apparent Influence,No Apparent Influence,33.40976547,-111.926284,2021-05-08,23:03:00
3777371,2021,Southern Ave,Terrace Rd,0.0,Intersection 4 Way 202,0.0,0.0,No Injury,Angle - Other Than Left Turn 2,Daylight,Clear,Dry,21.0,Male,North,Going Straight Ahead,Unknown,No Apparent Influence,No Apparent Influence,70.0,Male,East,Going Straight Ahead,Unknown,No Apparent Influence,No Apparent Influence,33.39296326,-111.9230258,2021-05-09,00:38:00
3777377,2021,Darrow Dr,Priest Dr,0.0,Intersection 4 Way 202,0.0,0.0,No Injury,Left Turn,Dark Lighted,Clear,Dry,28.0,Female,North,Making Left Turn,Disregarded Traffic Signal,No Apparent Influence,No Apparent Influence,44.0,Male,West,Going Straight Ahead,No Improper Action,No Apparent Influence,No Apparent Influence,33.38067475,-111.9615884,2021-05-09,03:20:00
3777137,2021,Curry Rd,Scottsdale Rd,-70.0,Intersection Related 206,1.0,0.0,Possible Injury,Angle - Other Than Left Turn 2,Dark Lighted,Clear,Dry,20.0,Male,South,Making Right Turn,Unknown,No Apparent Influence,No Apparent Influence,38.0,Male,North,Making Left Turn,Unknown,No Apparent Influence,No Apparent Influence,33.44029088,-111.9265663,2021-05-09,06:27:00
3777155,2021,Guadalupe Rd,All America Way,0.0,Intersection T Inter 203,0.0,0.0,No Injury,Angle - Other Than Left Turn 2,Daylight,Clear,Dry,54.0,Male,South,Making Right Turn,Failed To Yield Right Of Way,No Apparent Influence,No Apparent Influence,65.0,Female,West,Going Straight Ahead,No Improper Action,No Apparent Influence,No Apparent Influence,33.36370836,-111.936645,2021-05-10,19:48:00
3777259,2021,Elliot Rd,Priest Dr,0.0,Intersection 4 Way 202,1.0,0.0,Possible Injury,Left Turn,Daylight,Clear,Dry,48.0,Male,East,Going Straight Ahead,Unknown,No Apparent Influence,No Apparent Influence,40.0,Male,West,Making Left Turn,Unknown,No Apparent Influence,No Apparent Influence,33.34910387,-111.9631335,2021-05-10,20:06:00
3778330,2021,Southern Ave,Stanley Pl,-143.0,Intersection Related 206,1.0,0.0,Possible Injury,Rear End,Daylight,Clear,Dry,26.0,Male,West,Going Straight Ahead,Followed Too Closely,No Apparent Influence,No Apparent Influence,66.0,Male,West,Stopped In Trafficway,No Improper Action,No Apparent Influence,No Apparent Influence,33.39296311,-111.921541,2021-05-10,20:33:00
3777143,2021,Elliot Rd,Harl Ave,100.0,Intersection Related Non Interchange,0.0,0.0,No Injury,Rear End,Daylight,Clear,Dry,18.0,Male,East,Slowing In Trafficway,Speed To Fast For Conditions,No Apparent Influence,No Apparent Influence,30.0,Female,East,Stopped In Trafficway,No Improper Action,No Apparent Influence,No Apparent Influence,33.34908352,-111.965601,2021-05-10,23:16:00
3777156,2021,Scottsdale Rd,McKellips Rd,138.0,Intersection Related 206,1.0,0.0,Possible Injury,Rear End,Daylight,Clear,Dry,22.0,Female,South,Going Straight Ahead,Followed Too Closely,No Apparent Influence,No Apparent Influence,29.0,Male,South,Stopped In Trafficway,No Improper Action,No Apparent Influence,No Apparent Influence,33.4516198,-111.926465,2021-05-11,00:13:00
3777144,2021,Southern Ave,Rural Rd,0.0,Intersection 4 Way 202,0.0,0.0,No Injury,Left Turn,Dark Lighted,Clear,Dry,27.0,Male,East,Going Straight Ahead,Disregarded Traffic Signal,No Apparent Influence,No Apparent Influence,23.0,Female,West,Making Left Turn,No Improper Action,No Apparent Influence,No Apparent Influence,33.39296099,-111.9263256,2021-05-11,04:18:00
3778342,2021,Elliot Rd,Hardy Dr,148.0,Not Junction Related,2.0,0.0,Suspected Serious Injury,Rear End,Daylight,Clear,Dry,20.0,Male,East,Going Straight Ahead,Followed Too Closely,No Apparent Influence,No Apparent Influence,19.0,Male,East,Slowing In Trafficway,No Improper Action,No Apparent Influence,No Apparent Influence,33.34915945,-111.9539964,2021-05-11,15:50:00
3779825,2021,Baseline Rd,Pointe Pkwy,0.0,Intersection Non Interchange,0.0,0.0,No Injury,Sideswipe Opposite Direction,Daylight,Clear,Dry,32.0,Male,South,Making Left Turn,Unknown,No Apparent Influence,No Apparent Influence,31.0,Female,West,Going Straight Ahead,Unknown,No Apparent Influence,No Apparent Influence,33.37821687,-111.9719948,2021-05-11,18:01:00
3779114,2021,Lakeshore Dr,Rural Rd,122.0,Intersection Related 206,1.0,0.0,Possible Injury,Rear End,Daylight,Clear,Dry,70.0,Female,West,Going Straight Ahead,Speed To Fast For Conditions,No Apparent Influence,No Apparent Influence,42.0,Female,West,Stopped In Trafficway,No Improper Action,No Apparent Influence,No Apparent Influence,33.38215967,-111.9264592,2021-05-11,19:46:00
3778340,2021,Broadway Rd,Kachina Dr,0.0,Driveway Or Alley,2.0,0.0,Possible Injury,Angle - Other Than Left Turn 2,Daylight,Clear,Dry,33.0,Male,North,Making Left Turn,Failed To Yield Right Of Way,No Apparent Influence,No Apparent Influence,51.0,Male,West,Going Straight Ahead,No Improper Action,No Apparent Influence,No Apparent Influence,33.40749848,-111.9067143,2021-05-11,21:04:00
3778337,2021,Scottsdale Rd,Continental Dr,-167.0,Not Junction Related,1.0,0.0,Suspected Minor Injury,U Turn,Daylight,Clear,Dry,76.0,Male,South,Making U Turn,Other,No Apparent Influence,No Apparent Influence,19.0,Female,North,Going Straight Ahead,No Improper Action,No Apparent Influence,No Apparent Influence,33.45803144,-111.9263571,2021-05-11,21:40:00
3779104,2021,Broadway Rd,48th St,180.0,Intersection Related 206,0.0,0.0,No Injury,Sideswipe Same Direction,Daylight,Clear,Dry,20.0,Male,East,Changing Lanes,Unsafe Lane Change,No Apparent Influence,No Apparent Influence,40.0,Male,East,Going Straight Ahead,No Improper Action,No Apparent Influence,No Apparent Influence,33.40732825,-111.9776981,2021-05-11,22:50:00
3778332,2021,Southern Ave,Butte Ave,0.0,Intersection T Inter 203,2.0,0.0,Possible Injury,Left Turn,Daylight,Clear,Dry,28.0,Male,East,Making Left Turn,Failed To Yield Right Of Way,No Apparent Influence,No Apparent Influence,51.0,Male,West,Going Straight Ahead,No Improper Action,No Apparent Influence,No Apparent Influence,33.39298856,-111.9114058,2021-05-11,23:21:00
3779898,2021,Rural Rd,Minton Dr,0.0,Intersection 4 Way 202,0.0,0.0,No Injury,Angle - Other Than Left Turn 2,Daylight,Clear,Dry,64.0,Female,South,Making Right Turn,Failed To Yield Right Of Way,No Apparent Influence,No Apparent Influence,21.0,Male,West,Going Straight Ahead,No Improper Action,No Apparent Influence,No Apparent Influence,33.37989071,-111.9284213,2021-05-11,23:27:00
3779824,2021,Baseline Rd,Kyrene Rd,90.0,Intersection Related 206,0.0,0.0,No Injury,Sideswipe Same Direction,Daylight,Clear,Dry,24.0,Male,West,Going Straight Ahead,Other,No Apparent Influence,No Apparent Influence,50.0,Female,West,Stopped In Trafficway,No Improper Action,No Apparent Influence,No Apparent Influence,33.37819975,-111.9456938,2021-05-12,14:12:00
3778347,2021,Rural Rd,Southern Ave,183.0,Not Junction Related,0.0,0.0,No Injury,Angle - Other Than Left Turn 2,Daylight,Clear,Dry,21.0,Female,East,Making Left Turn,Failed To Yield Right Of Way,No Apparent Influence,No Apparent Influence,24.0,Female,South,Going Straight Ahead,No Improper Action,No Apparent Influence,No Apparent Influence,33.39346383,-111.9263264,2021-05-12,19:41:00
3778353,2021,Broadway Rd,Cottonwood Dr,-50.0,Not Junction Related,1.0,0.0,Possible Injury,Sideswipe Same Direction,Daylight,Clear,Dry,20.0,Female,West,Changing Lanes,Unsafe Lane Change,No Apparent Influence,No Apparent Influence,40.0,Male,West,Going Straight Ahead,No Improper Action,No Apparent Influence,No Apparent Influence,33.40749571,-111.8895398,2021-05-12,19:55:00
3778101,2021,Broadway Rd,Terrace Rd,-45.0,Intersection Related 206,0.0,0.0,No Injury,Rear End,Daylight,Clear,Dry,38.0,Female,East,Going Straight Ahead,Speed To Fast For Conditions,No Apparent Influence,No Apparent Influence,36.0,Male,East,Stopped In Trafficway,No Improper Action,No Apparent Influence,No Apparent Influence,33.40750462,-111.9227615,2021-05-12,21:02:00
3779845,2021,Southern Ave,Country Club Way,50.0,Intersection Related 206,0.0,0.0,No Injury,Angle - Other Than Left Turn 2,Daylight,Clear,Dry,66.0,Male,West,Changing Lanes,Made Improper Turn,No Apparent Influence,No Apparent Influence,34.0,Female,West,Going Straight Ahead,No Improper Action,No Apparent Influence,No Apparent Influence,33.39298085,-111.9003919,2021-05-12,22:43:00
3778328,2021,Baseline Rd,Pointe Pkwy,145.0,Intersection Related 206,0.0,0.0,No Injury,Sideswipe Same Direction,Daylight,Clear,Dry,21.0,Male,West,Changing Lanes,Unknown,No Apparent Influence,No Apparent Influence,23.0,Male,West,Going Straight Ahead,Unknown,No Apparent Influence,No Apparent Influence,33.37822334,-111.9715203,2021-05-12,23:02:00
3785770,2021,McClintock Dr,Broadway Rd,200.0,Intersection Related 206,0.0,0.0,No Injury,Rear End,Daylight,Clear,Dry,30.0,Male,South,Slowing In Trafficway,Speed To Fast For Conditions,No Apparent Influence,No Apparent Influence,60.0,Male,South,Stopped In Trafficway,No Improper Action,No Apparent Influence,No Apparent Influence,33.40804972,-111.9091236,2021-05-12,23:30:00
3779103,2021,Warner Rd,Jewell St,22.0,Intersection Related 206,0.0,0.0,No Injury,Sideswipe Same Direction,Dark Lighted,Clear,Dry,26.0,Male,East,Changing Lanes,Unsafe Lane Change,No Apparent Influence,No Apparent Influence,29.0,Female,East,Going Straight Ahead,No Improper Action,No Apparent Influence,No Apparent Influence,33.33452612,-111.9682238,2021-05-13,02:57:00
3800547,2021,Rural Rd,Vista Del Cerro Dr,-154.0,Intersection T Inter 203,0.0,0.0,No Injury,U Turn,Dark Lighted,Clear,Dry,20.0,Male,North,Going Straight Ahead,Unknown,No Apparent Influence,No Apparent Influence,64.0,Male,North,Going Straight Ahead,Unknown,No Apparent Influence,No Apparent Influence,33.40969848,-111.9262839,2021-05-13,05:27:00
3778335,2021,Rural Rd,Encanto Dr,0.0,Not Junction Related,0.0,0.0,No Injury,Rear End,Dark Lighted,Clear,Dry,21.0,Male,South,Going Straight Ahead,Speed To Fast For Conditions,No Apparent Influence,No Apparent Influence,28.0,Male,South,Stopped In Trafficway,No Improper Action,No Apparent Influence,No Apparent Influence,33.40976547,-111.926284,2021-05-13,05:43:00
3778432,2021,Baseline Rd,Arizona Mills S,65.0,Intersection Related 206,1.0,0.0,Possible Injury,Sideswipe Same Direction,Daylight,Clear,Dry,24.0,Male,West,Changing Lanes,Unsafe Lane Change,No Apparent Influence,No Apparent Influence,23.0,Female,West,Going Straight Ahead,No Improper Action,No Apparent Influence,No Apparent Influence,33.3782662,-111.9652425,2021-05-13,16:05:00
3778415,2021,Mill Ave,Baseline Rd,50.0,Intersection Related 206,0.0,0.0,No Injury,Rear End,Daylight,Clear,Dry,62.0,Male,South,Going Straight Ahead,Followed Too Closely,No Apparent Influence,No Apparent Influence,21.0,Female,South,Stopped In Trafficway,No Improper Action,No Apparent Influence,No Apparent Influence,33.37834834,-111.9393677,2021-05-13,21:27:00
3779844,2021,Baseline Rd,Priest Dr,-215.0,Not Junction Related,0.0,0.0,No Injury,Sideswipe Same Direction,Daylight,Clear,Dry,18.0,Female,West,Changing Lanes,Unsafe Lane Change,No Apparent Influence,No Apparent Influence,23.0,Male,West,Going Straight Ahead,No Improper Action,No Apparent Influence,No Apparent Influence,33.37824534,-111.9638791,2021-05-13,21:35:00
3778334,2021,University Dr,Forest Ave,108.0,Intersection Related 206,0.0,0.0,No Injury,U Turn,Daylight,Clear,Dry,59.0,Male,East,Making U Turn,Failed To Yield Right Of Way,No Apparent Influence,No Apparent Influence,19.0,Male,West,Going Straight Ahead,No Improper Action,No Apparent Influence,No Apparent Influence,33.42195113,-111.9363014,2021-05-13,21:51:00
3778433,2021,Rural Rd,Southern Ave,-90.0,Intersection Related 206,0.0,0.0,No Injury,Rear End,Daylight,Clear,Dry,27.0,Female,North,Going Straight Ahead,Speed To Fast For Conditions,No Apparent Influence,No Apparent Influence,57.0,Male,North,Stopped In Trafficway,No Improper Action,No Apparent Influence,No Apparent Influence,33.39271397,-111.9263299,2021-05-13,23:49:00
3779878,2021,Jentilly Ln,Broadway Rd,14.0,Intersection Related 206,0.0,0.0,No Injury,Other,Daylight,Clear,Dry,20.0,Male,South,Backing,Other,No Apparent Influence,No Apparent Influence,65.0,Male,South,Stopped In Trafficway,No Improper Action,No Apparent Influence,No Apparent Influence,33.4075427,-111.9237205,2021-05-14,15:33:00
3778413,2021,Broadway Rd,Hardy Dr,225.0,Intersection Related 206,0.0,0.0,No Injury,Sideswipe Same Direction,Daylight,Clear,Dry,29.0,Male,West,Changing Lanes,Unsafe Lane Change,No Apparent Influence,No Apparent Influence,20.0,Male,West,Going Straight Ahead,No Improper Action,No Apparent Influence,No Apparent Influence,33.4073897,-111.9514281,2021-05-14,19:52:00
3779887,2021,McClintock Dr,E Tempe Marketplace,-101.0,Intersection Related 206,0.0,0.0,No Injury,Rear End,Daylight,Clear,Dry,45.0,Female,North,Going Straight Ahead,Followed Too Closely,No Apparent Influence,No Apparent Influence,27.0,Male,North,Slowing In Trafficway,No Improper Action,No Apparent Influence,No Apparent Influence,33.43180824,-111.9092591,2021-05-14,20:35:00
3779547,2021,Baseline Rd,Rural Rd,112.0,Intersection Related 206,1.0,0.0,Possible Injury,Rear End,Daylight,Clear,Dry,67.0,Female,West,Going Straight Ahead,Speed To Fast For Conditions,Alcohol,No Apparent Influence,51.0,Female,West,Stopped In Trafficway,No Improper Action,No Apparent Influence,No Apparent Influence,33.37825085,-111.92832,2021-05-14,22:15:00
3780320,2021,McClintock Dr,Apache Blvd,80.0,Intersection Related 206,0.0,0.0,No Injury,Angle - Other Than Left Turn 2,Daylight,Clear,Dry,19.0,Female,West,Making Right Turn,Failed To Yield Right Of Way,No Apparent Influence,No Apparent Influence,18.0,Male,North,Going Straight Ahead,No Improper Action,No Apparent Influence,No Apparent Influence,33.41497971,-111.9091322,2021-05-14,22:37:00
3778431,2021,Baseline Rd,Pointe Pkwy,56.0,Intersection Related 206,2.0,0.0,Possible Injury,Sideswipe Same Direction,Daylight,Clear,Dry,33.0,Male,West,Changing Lanes,Unsafe Lane Change,No Apparent Influence,No Apparent Influence,22.0,Male,West,Going Straight Ahead,No Improper Action,No Apparent Influence,No Apparent Influence,33.37821897,-111.9718117,2021-05-14,23:17:00
3778422,2021,Broadway Rd,Priest Dr,0.0,Intersection 4 Way 202,1.0,0.0,Possible Injury,Sideswipe Opposite Direction,Dark Lighted,Clear,Dry,17.0,Male,West,Going Straight Ahead,Disregarded Traffic Signal,No Apparent Influence,No Apparent Influence,23.0,Female,South,Going Straight Ahead,No Improper Action,No Apparent Influence,No Apparent Influence,33.40742082,-111.9607805,2021-05-15,05:35:00
3779888,2021,Elliot Rd,River Pkwy,0.0,Intersection 4 Way 202,0.0,0.0,No Injury,Angle - Other Than Left Turn 2,Daylight,Clear,Dry,20.0,Male,North,Going Straight Ahead,Disregarded Traffic Signal,No Apparent Influence,No Apparent Influence,41.0,Male,East,Making Left Turn,No Improper Action,No Apparent Influence,No Apparent Influence,33.34927691,-111.897908,2021-05-15,20:57:00
3779897,2021,48th St,Broadway Rd,-107.0,Intersection Related 206,0.0,0.0,No Injury,Rear End,Dark Lighted,Clear,Dry,39.0,Female,North,Going Straight Ahead,Speed To Fast For Conditions,No Apparent Influence,No Apparent Influence,44.0,Female,North,Making Left Turn,No Improper Action,No Apparent Influence,No Apparent Influence,33.4070349,-111.978289,2021-05-16,02:57:00
3785771,2021,Rio Salado Pkwy,Mill Ave,60.0,Intersection Related 206,0.0,0.0,No Injury,Rear End,Dark Lighted,Clear,Dry,23.0,Male,West,Going Straight Ahead,Speed To Fast For Conditions,No Apparent Influence,No Apparent Influence,23.0,Male,West,Stopped In Trafficway,No Improper Action,No Apparent Influence,No Apparent Influence,33.42964512,-111.9398536,2021-05-17,03:58:00
3779530,2021,Mill Ave,Broadway Rd,0.0,Not Junction Related,2.0,0.0,Suspected Minor Injury,Rear End,Dark Lighted,Clear,Dry,40.0,Female,North,Going Straight Ahead,Speed To Fast For Conditions,Alcohol,No Apparent Influence,25.0,Female,North,Going Straight Ahead,No Improper Action,No Apparent Influence,No Apparent Influence,33.407398,-111.9398263,2021-05-17,06:13:00
3778410,2021,McClintock Dr,Broadway Rd,42.0,Intersection Related 206,1.0,0.0,Possible Injury,Rear End,Daylight,Clear,Dry,36.0,Male,South,Going Straight Ahead,Followed Too Closely,No Apparent Influence,No Apparent Influence,44.0,Male,South,Stopped In Trafficway,No Improper Action,No Apparent Influence,No Apparent Influence,33.40761556,-111.9091249,2021-05-18,17:12:00
3778408,2021,52nd St,Campus Dr,-90.0,Intersection Related 206,0.0,0.0,No Injury,Rear End,Daylight,Clear,Dry,24.0,Male,North,Backing,Other,No Apparent Influence,No Apparent Influence,58.0,Male,South,Stopped In Trafficway,No Improper Action,No Apparent Influence,No Apparent Influence,33.39863785,-111.9712906,2021-05-18,17:25:00
3778420,2021,Avenida Del Yaqui,Mineral Rd,139.0,Intersection Related 206,2.0,0.0,Possible Injury,Rear End,Daylight,Clear,Dry,31.0,Male,South,Going Straight Ahead,Followed Too Closely,No Apparent Influence,No Apparent Influence,41.0,Male,South,Stopped In Trafficway,No Improper Action,No Apparent Influence,No Apparent Influence,33.35679768,-111.9631614,2021-05-18,22:40:00
3778419,2021,Guadalupe Rd,Price Rd,-150.0,Intersection Related 206,2.0,0.0,Possible Injury,Rear End,Daylight,Clear,Dry,29.0,Female,East,Going Straight Ahead,Speed To Fast For Conditions,No Apparent Influence,No Apparent Influence,18.0,Male,East,Stopped In Trafficway,No Improper Action,No Apparent Influence,No Apparent Influence,33.36387472,-111.8951582,2021-05-18,23:30:00
3779890,2021,Priest Dr,University Dr,0.0,Intersection 4 Way 202,2.0,0.0,Possible Injury,Left Turn,Daylight,Clear,Dry,65.0,Male,South,Going Straight Ahead,Disregarded Traffic Signal,No Apparent Influence,No Apparent Influence,29.0,Male,North,Making Left Turn,No Improper Action,No Apparent Influence,No Apparent Influence,33.42194197,-111.9609234,2021-05-18,23:32:00
3778421,2021,McClintock Dr,Harvard Dr,-61.0,Intersection Related 206,0.0,0.0,No Injury,Sideswipe Same Direction,Daylight,Clear,Dry,26.0,Female,South,Changing Lanes,Unsafe Lane Change,No Apparent Influence,No Apparent Influence,17.0,Female,South,Going Straight Ahead,No Improper Action,No Apparent Influence,No Apparent Influence,33.37639495,-111.9096735,2021-05-19,01:24:00
3779819,2021,Priest Dr,23rd St,-200.0,Intersection Related 206,0.0,0.0,No Injury,Sideswipe Same Direction,Daylight,Clear,Dry,26.0,Male,North,Unknown,Unknown,No Apparent Influence,No Apparent Influence,44.0,Male,North,Unknown,Unknown,No Apparent Influence,No Apparent Influence,33.40313043,-111.9607766,2021-05-19,18:52:00
3779891,2021,Baseline Rd,McClintock Dr,-25.0,Intersection Related 206,0.0,0.0,No Injury,Angle - Other Than Left Turn 2,Daylight,Clear,Dry,68.0,Female,South,Making Right Turn,Failed To Yield Right Of Way,No Apparent Influence,No Apparent Influence,73.0,Male,North,Making Left Turn,No Improper Action,No Apparent Influence,No Apparent Influence,33.37842419,-111.9093433,2021-05-19,20:53:00
3779557,2021,Rural Rd,Rio Salado Pkwy,-40.0,Intersection Related 206,0.0,0.0,No Injury,Sideswipe Same Direction,Dark Lighted,Clear,Dry,23.0,Male,North,Changing Lanes,Failed To Keep In Proper Lane,Alcohol,No Apparent Influence,24.0,Male,North,Stopped In Trafficway,No Improper Action,No Apparent Influence,No Apparent Influence,33.42873857,-111.9262895,2021-05-20,03:26:00
3779840,2021,Mill Ave,Southern Ave,-162.0,Driveway Or Alley,0.0,0.0,No Injury,Angle - Other Than Left Turn 2,Daylight,Clear,Dry,34.0,Male,East,Making Left Turn,Failed To Yield Right Of Way,No Apparent Influence,No Apparent Influence,22.0,Male,South,Going Straight Ahead,No Improper Action,No Apparent Influence,No Apparent Influence,33.39241835,-111.9395944,2021-05-20,14:58:00
3779097,2021,Baseline Rd,Kyrene Rd,160.0,Intersection Related 206,1.0,0.0,Suspected Minor Injury,Rear End,Daylight,Clear,Dry,26.0,Male,East,Going Straight Ahead,Speed To Fast For Conditions,No Apparent Influence,No Apparent Influence,24.0,Female,East,Stopped In Trafficway,No Improper Action,No Apparent Influence,No Apparent Influence,33.37820206,-111.9454647,2021-05-20,19:08:00
3779096,2021,Curry Rd,Sickles Dr,0.0,Intersection T Inter 203,1.0,0.0,Suspected Minor Injury,Left Turn,Daylight,Clear,Dry,36.0,Male,East,Making Left Turn,Failed To Yield Right Of Way,No Apparent Influence,No Apparent Influence,22.0,Female,West,Going Straight Ahead,No Improper Action,No Apparent Influence,No Apparent Influence,33.44039227,-111.9116646,2021-05-20,20:32:00