Incident_ID,Year,Street_Name,Cross_Street,Distance,Junction_Relation,Total_Injuries,Total_Fatalities,Injury_Severity,Collision_Manner,Light_Condition,Weather,Surface_Condition,Age_1,Gender_1,Travel_One,UnitAction_One,Violation1_Drv1,AlcoholUse_ 1,DrugUse_1,Age_2,Gender_2,TravelDirection_2,UnitAction_2,Violation_2,AlcoholUse_2,DrugUse_2,Latitude,Longitude,Date,Time
3790835,2021,University Dr,Rural Rd,0.0,Intersection 4 Way 202,0.0,0.0,No Injury,Left Turn,Dark Lighted,Clear,Dry,30.0,Male,West,Making Left Turn,Failed To Yield Right Of Way,No Apparent Influence,No Apparent Influence,18.0,Female,East,Going Straight Ahead,No Improper Action,No Apparent Influence,No Apparent Influence,33.42202914,-111.9263124,2021-06-11,02:56:00
3782985,2021,Rio Salado Pkwy,Siesta Ln,-136.0,Intersection Related 206,0.0,0.0,No Injury,Rear End,Daylight,Clear,Dry,23.0,Female,West,Going Straight Ahead,Speed To Fast For Conditions,No Apparent Influence,No Apparent Influence,43.0,Male,West,Stopped In Trafficway,No Improper Action,No Apparent Influence,No Apparent Influence,33.42936605,-111.8940638,2021-06-11,23:22:00
3785860,2021,Baseline Rd,Pointe Pkwy,-67.0,Intersection Related 206,1.0,0.0,Possible Injury,Sideswipe Same Direction,Daylight,Clear,Dry,71.0,Male,East,Overtaking Passing,Speed To Fast For Conditions,No Apparent Influence,No Apparent Influence,60.0,Female,East,Going Straight Ahead,No Improper Action,No Apparent Influence,No Apparent Influence,33.37821433,-111.9722141,2021-06-11,23:22:00
3792991,2021,Orange St,Stanley Pl,60.0,Not Junction Related,1.0,0.0,Possible Injury,Rear End,Dusk,Clear,Dry,28.0,Female,West,Going Straight Ahead,Other,No Apparent Influence,No Apparent Influence,22.0,Male,West,Improperly Parked,No Improper Action,No Apparent Influence,No Apparent Influence,33.41869836,-111.9203689,2021-06-12,02:25:00
3790805,2021,Rural Rd,Terrace Rd,-150.0,Intersection Related 206,1.0,0.0,Possible Injury,Rear End,Dark Lighted,Clear,Dry,36.0,Male,North,Going Straight Ahead,Speed To Fast For Conditions,Alcohol,No Apparent Influence,19.0,Female,North,Stopped In Trafficway,No Improper Action,No Apparent Influence,No Apparent Influence,33.41986341,-111.9262991,2021-06-12,03:13:00
3795456,2021,Broadway Rd,Priest Dr,-15.0,Not Junction Related,0.0,0.0,No Injury,Sideswipe Same Direction,Dark Lighted,Clear,Dry,19.0,Female,West,Going Straight Ahead,Unsafe Lane Change,No Apparent Influence,No Apparent Influence,51.0,Male,West,Going Straight Ahead,No Improper Action,No Apparent Influence,No Apparent Influence,33.40742093,-111.9608296,2021-06-12,04:28:00
3787131,2021,Lemon St,Stanley Pl,0.0,Intersection T Inter 203,0.0,0.0,No Injury,Left Turn,Dark Lighted,Clear,Dry,58.0,Female,East,Making Left Turn,Failed To Yield Right Of Way,No Apparent Influence,No Apparent Influence,20.0,Male,West,Going Straight Ahead,No Improper Action,No Apparent Influence,No Apparent Influence,33.41672332,-111.9205785,2021-06-12,05:05:00
3785788,2021,Rural Rd,Rio Salado Pkwy,0.0,Intersection 4 Way 202,1.0,0.0,Suspected Minor Injury,Left Turn,Dark Lighted,Clear,Dry,56.0,Male,East,Making Left Turn,Made Improper Turn,No Apparent Influence,No Apparent Influence,28.0,Male,North,Going Straight Ahead,Unknown,No Apparent Influence,No Apparent Influence,33.42884843,-111.9262892,2021-06-12,06:05:00
3790830,2021,University Dr,Hardy Dr,0.0,Intersection Related 206,0.0,0.0,No Injury,Rear End,Dark Lighted,Clear,Dry,41.0,Female,East,Going Straight Ahead,Speed To Fast For Conditions,No Apparent Influence,No Apparent Influence,26.0,Male,East,Going Straight Ahead,No Improper Action,No Apparent Influence,No Apparent Influence,33.42191004,-111.9522234,2021-06-12,06:28:00
3785858,2021,Mill Ave,5th St,-52.0,Intersection Related 206,0.0,0.0,No Injury,Rear End,Dark Lighted,Clear,Dry,20.0,Male,South,Going Straight Ahead,Speed To Fast For Conditions,No Apparent Influence,No Apparent Influence,24.0,Female,South,Going Straight Ahead,No Improper Action,No Apparent Influence,No Apparent Influence,33.42536066,-111.9400193,2021-06-12,07:02:00
3790820,2021,McClintock Dr,Hayden Ln,0.0,Intersection T Inter 203,1.0,0.0,Suspected Minor Injury,Left Turn,Daylight,Clear,Dry,33.0,Female,West,Making Left Turn,Made Improper Turn,No Apparent Influence,No Apparent Influence,23.0,Female,North,Going Straight Ahead,No Improper Action,No Apparent Influence,No Apparent Influence,33.41898273,-111.9090996,2021-06-12,15:28:00
3787106,2021,Mill Ave,Fairmont Dr,-90.0,Not Junction Related,0.0,0.0,No Injury,Sideswipe Same Direction,Dark Lighted,Clear,Dry,29.0,Female,North,Changing Lanes,Failed To Keep In Proper Lane,No Apparent Influence,Drugs,32.0,Male,North,Going Straight Ahead,No Improper Action,No Apparent Influence,No Apparent Influence,33.39601892,-111.9396452,2021-06-13,04:34:00
3785856,2021,Baseline Rd,Wendler Dr,0.0,Intersection Non Interchange,0.0,0.0,No Injury,Other,Daylight,Clear,Dry,75.0,Male,West,Slowing In Trafficway,Disregarded Traffic Signal,No Apparent Influence,No Apparent Influence,22.0,Male,South,Making Left Turn,No Improper Action,No Apparent Influence,No Apparent Influence,33.37825837,-111.9697859,2021-06-13,16:00:00
3785767,2021,Elliot Rd,Rural Rd,0.0,Intersection 4 Way 202,0.0,0.0,No Injury,Angle - Other Than Left Turn 2,Daylight,Clear,Dry,21.0,Female,East,Going Straight Ahead,Other,No Apparent Influence,No Apparent Influence,19.0,Female,South,Going Straight Ahead,No Improper Action,No Apparent Influence,No Apparent Influence,33.34919067,-111.928477,2021-06-13,21:31:00
3819309,2021,University Dr,Lola Ln,25.0,Intersection Related 206,2.0,0.0,Suspected Minor Injury,Angle - Other Than Left Turn 2,Daylight,Clear,Dry,28.0,Female,West,Going Straight Ahead,No Improper Action,No Apparent Influence,No Apparent Influence,27.0,Male,East,Making Left Turn,No Improper Action,No Apparent Influence,No Apparent Influence,33.42205944,-111.8938974,2021-06-13,23:50:00
3785857,2021,Rio Salado Pkwy,Mill Ave,0.0,Intersection 4 Way 202,0.0,0.0,No Injury,Left Turn,Dark Lighted,Clear,Dry,17.0,Female,East,Making Left Turn,Disregarded Traffic Signal,No Apparent Influence,No Apparent Influence,30.0,Female,West,Going Straight Ahead,No Improper Action,No Apparent Influence,No Apparent Influence,33.42962509,-111.9400482,2021-06-14,05:40:00
3787203,2021,Hohokam Dr,University Dr,0.0,Intersection T Inter 203,2.0,0.0,Possible Injury,Angle - Other Than Left Turn 2,Daylight,Clear,Dry,64.0,Male,North,Making Left Turn,Failed To Yield Right Of Way,No Apparent Influence,No Apparent Influence,22.0,Female,East,Going Straight Ahead,No Improper Action,No Apparent Influence,No Apparent Influence,33.42193125,-111.9718008,2021-06-15,20:58:00
3787198,2021,Broadway Rd,Rural Rd,200.0,Driveway Or Alley,0.0,0.0,No Injury,Left Turn,Daylight,Clear,Dry,43.0,Female,South,Making Left Turn,Failed To Yield Right Of Way,No Apparent Influence,No Apparent Influence,28.0,Male,West,Going Straight Ahead,No Improper Action,No Apparent Influence,No Apparent Influence,33.40751231,-111.9256279,2021-06-15,21:17:00
3795481,2021,University Dr,Priest Dr,0.0,Intersection Related 206,2.0,0.0,Suspected Minor Injury,Rear End,Dawn,Clear,Dry,30.0,Female,East,Going Straight Ahead,Exceeded Lawful Speed,No Apparent Influence,No Apparent Influence,25.0,Male,East,Stopped In Trafficway,No Improper Action,No Apparent Influence,No Apparent Influence,33.42194195,-111.9609234,2021-06-16,12:50:00
3787129,2021,Elliot Rd,Harl Ave,0.0,Intersection 4 Way 202,0.0,0.0,No Injury,Left Turn,Daylight,Unknown,Dry,71.0,Male,Northeast,Making Left Turn,Failed To Yield Right Of Way,No Apparent Influence,No Apparent Influence,37.0,Male,West,Going Straight Ahead,No Improper Action,No Apparent Influence,No Apparent Influence,33.34908149,-111.9659281,2021-06-16,15:24:00
3787098,2021,Southern Ave,Stanley Pl,104.0,Not Junction Related,0.0,0.0,No Injury,Sideswipe Same Direction,Daylight,Clear,Dry,30.0,Male,East,Changing Lanes,Unsafe Lane Change,No Apparent Influence,No Apparent Influence,25.0,Female,East,Going Straight Ahead,No Improper Action,No Apparent Influence,No Apparent Influence,33.39296385,-111.920732,2021-06-16,16:08:00
3787099,2021,University Dr,McClintock Dr,-89.0,Intersection Related 206,1.0,0.0,Possible Injury,Rear End,Daylight,Clear,Dry,28.0,Male,East,Going Straight Ahead,Speed To Fast For Conditions,No Apparent Influence,No Apparent Influence,30.0,Male,East,Stopped In Trafficway,No Improper Action,No Apparent Influence,No Apparent Influence,33.42198169,-111.9093779,2021-06-16,16:23:00
3782325,2021,University Dr,McClintock Dr,0.0,Intersection 4 Way 202,0.0,0.0,No Injury,Angle - Other Than Left Turn 2,Daylight,Clear,Dry,17.0,Male,South,Going Straight Ahead,Failed To Yield Right Of Way,No Apparent Influence,No Apparent Influence,25.0,Male,South,Other,No Improper Action,No Apparent Influence,No Apparent Influence,33.42198255,-111.9090862,2021-06-16,23:03:00
3787120,2021,McClintock Dr,University Dr,0.0,Intersection 4 Way 202,0.0,0.0,No Injury,Angle - Other Than Left Turn 2,Daylight,Fog Smog Smoke,Dry,17.0,Male,South,Going Straight Ahead,Failed To Yield Right Of Way,No Apparent Influence,No Apparent Influence,25.0,Male,West,Going Straight Ahead,No Improper Action,No Apparent Influence,No Apparent Influence,33.42198261,-111.9090862,2021-06-16,23:07:00
3787100,2021,Rio Salado Pkwy,Smith Rd,0.0,Intersection 4 Way 202,1.0,0.0,Possible Injury,Angle - Other Than Left Turn 2,Dusk,Cloudy,Dry,19.0,Female,West,Going Straight Ahead,Disregarded Traffic Signal,No Apparent Influence,No Apparent Influence,24.0,Male,North,Making Left Turn,No Improper Action,No Apparent Influence,No Apparent Influence,33.42928299,-111.9004564,2021-06-17,02:04:00
3785774,2021,University Dr,McAllister Ave,0.0,Intersection 4 Way 202,0.0,0.0,No Injury,Angle - Other Than Left Turn 2,Daylight,Clear,Dry,21.0,Female,West,Going Straight Ahead,Disregarded Traffic Signal,No Apparent Influence,No Apparent Influence,24.0,Male,South,Making Left Turn,No Improper Action,No Apparent Influence,No Apparent Influence,33.42201895,-111.9289394,2021-06-17,02:09:00
3785769,2021,Baseline Rd,Wendler Dr,-75.0,Intersection Related 206,0.0,0.0,No Injury,Rear End,Daylight,Clear,Dry,17.0,Male,East,Going Straight Ahead,Speed To Fast For Conditions,No Apparent Influence,No Apparent Influence,24.0,Male,East,Stopped In Trafficway,No Improper Action,No Apparent Influence,No Apparent Influence,33.37825333,-111.9700311,2021-06-18,01:38:00
3787114,2021,Warner Rd,Priest Dr,0.0,Intersection 4 Way 202,0.0,0.0,No Injury,Left Turn,Daylight,Clear,Dry,21.0,Female,Northeast,Making Left Turn,Failed To Yield Right Of Way,No Apparent Influence,No Apparent Influence,19.0,Female,West,Going Straight Ahead,No Improper Action,No Apparent Influence,No Apparent Influence,33.33452532,-111.9631173,2021-06-18,15:54:00
3787023,2021,Priest Dr,Southern Ave,0.0,Intersection 4 Way 202,2.0,0.0,Possible Injury,Angle - Other Than Left Turn 2,Daylight,Clear,Dry,22.0,Female,North,Going Straight Ahead,Disregarded Traffic Signal,No Apparent Influence,No Apparent Influence,71.0,Male,West,Going Straight Ahead,No Improper Action,No Apparent Influence,No Apparent Influence,33.39288398,-111.9607698,2021-06-18,20:06:00
3796469,2021,48th St,Southern Ave,-60.0,Intersection Related 206,1.0,0.0,Possible Injury,Rear End,Daylight,Clear,Dry,80.0,Female,North,Slowing In Trafficway,Speed To Fast For Conditions,No Apparent Influence,No Apparent Influence,52.0,Female,North,Stopped In Trafficway,No Improper Action,No Apparent Influence,No Apparent Influence,33.39260248,-111.9783401,2021-06-19,00:46:00
3787216,2021,Apache Blvd,Lebanon Ln,0.0,Intersection T Inter 203,2.0,0.0,Possible Injury,Angle - Other Than Left Turn 2,Daylight,Clear,Dry,30.0,Female,West,Going Straight Ahead,Disregarded Traffic Signal,No Apparent Influence,No Apparent Influence,39.0,Female,South,Making Left Turn,No Improper Action,No Apparent Influence,No Apparent Influence,33.41480296,-111.8862664,2021-06-19,21:52:00
3795506,2021,Rio Salado Pkwy,Perry Ln,0.0,Intersection Related 206,0.0,0.0,No Injury,Angle - Other Than Left Turn 2,Daylight,Clear,Dry,32.0,Male,East,Changing Lanes,Unsafe Lane Change,No Apparent Influence,No Apparent Influence,35.0,Male,East,Making Left Turn,No Improper Action,No Apparent Influence,No Apparent Influence,33.42923899,-111.904765,2021-06-19,22:13:00
3787113,2021,Baseline Rd,Darrow Dr,0.0,Not Junction Related,1.0,0.0,Possible Injury,Left Turn,Daylight,Clear,Dry,26.0,Female,East,Making Left Turn,Failed To Yield Right Of Way,No Apparent Influence,No Apparent Influence,25.0,Female,West,Going Straight Ahead,No Improper Action,No Apparent Influence,No Apparent Influence,33.37824425,-111.9611298,2021-06-19,22:19:00
3795515,2021,Hardy Dr,Southern Ave,0.0,Intersection 4 Way 202,0.0,0.0,No Injury,Left Turn,Daylight,Clear,Dry,43.0,Female,North,Making Left Turn,Failed To Yield Right Of Way,No Apparent Influence,No Apparent Influence,41.0,Male,South,Going Straight Ahead,No Improper Action,No Apparent Influence,No Apparent Influence,33.39285776,-111.9519838,2021-06-19,23:02:00
3811305,2021,Hardy Dr,University Dr,-5.0,Intersection 4 Way 202,1.0,0.0,Possible Injury,Angle - Other Than Left Turn 2,Dark Lighted,Clear,Dry,19.0,Male,South,Making Right Turn,Made Improper Turn,No Apparent Influence,No Apparent Influence,41.0,Male,South,Going Straight Ahead,No Improper Action,No Apparent Influence,No Apparent Influence,33.42189634,-111.9522232,2021-06-20,03:52:00
3787112,2021,Warner Rd,Priest Dr,0.0,Not Junction Related,2.0,0.0,Possible Injury,Left Turn,Daylight,Clear,Dry,45.0,Male,East,Making Left Turn,Failed To Yield Right Of Way,No Apparent Influence,No Apparent Influence,37.0,Male,West,Going Straight Ahead,No Improper Action,No Apparent Influence,No Apparent Influence,33.33452532,-111.9631173,2021-06-20,22:09:00
3820557,2021,Rural Rd,La Jolla Dr,0.0,Intersection 201,0.0,0.0,No Injury,Angle - Other Than Left Turn 2,Daylight,Clear,Dry,26.0,Female,Southeast,Making Right Turn,Failed To Yield Right Of Way,No Apparent Influence,No Apparent Influence,34.0,Male,South,Going Straight Ahead,No Improper Action,No Apparent Influence,No Apparent Influence,33.38938085,-111.9264156,2021-06-21,15:30:00
3787199,2021,Guadalupe Rd,Rural Rd,50.0,Not Junction Related,0.0,0.0,No Injury,Rear End,Daylight,Clear,Dry,72.0,Female,West,Going Straight Ahead,Unknown,No Apparent Influence,No Apparent Influence,16.0,Male,West,Going Straight Ahead,No Improper Action,No Apparent Influence,No Apparent Influence,33.36375349,-111.9284414,2021-06-21,20:00:00
3787117,2021,Baseline Rd,Mill Ave,0.0,Intersection Related 206,0.0,0.0,No Injury,Left Turn,Daylight,Clear,Dry,38.0,Female,East,Making Left Turn,Disregarded Traffic Signal,No Apparent Influence,No Apparent Influence,32.0,Female,West,Going Straight Ahead,No Improper Action,No Apparent Influence,No Apparent Influence,33.37821114,-111.9393657,2021-06-21,22:00:00
3787124,2021,Priest Dr,Geneva Dr,51.0,Intersection Related 206,0.0,0.0,No Injury,Rear End,Daylight,Clear,Dry,48.0,Male,South,Going Straight Ahead,Followed Too Closely,No Apparent Influence,No Apparent Influence,60.0,Male,South,Stopped In Trafficway,No Improper Action,No Apparent Influence,No Apparent Influence,33.39516066,-111.9607767,2021-06-22,00:28:00
3792966,2021,Apache Blvd,Rural Rd,0.0,Intersection 201,0.0,0.0,No Injury,Left Turn,Dark Lighted,Clear,Dry,63.0,Male,West,Going Straight Ahead,Disregarded Traffic Signal,No Apparent Influence,No Apparent Influence,19.0,Female,South,Making Left Turn,No Improper Action,No Apparent Influence,No Apparent Influence,33.41476221,-111.9262928,2021-06-22,04:12:00
3787201,2021,Miller Rd,Weber Dr,0.0,Intersection 4 Way 202,1.0,0.0,Possible Injury,Angle - Other Than Left Turn 2,Daylight,Clear,Dry,17.0,Male,East,Making Left Turn,Other,No Apparent Influence,No Apparent Influence,46.0,Female,South,Going Straight Ahead,No Improper Action,No Apparent Influence,No Apparent Influence,33.44403218,-111.9179474,2021-06-22,18:45:00
3787202,2021,Rio Salado Pkwy,McClintock Dr,184.0,Intersection Related 206,1.0,0.0,Possible Injury,Rear End,Daylight,Cloudy,Dry,21.0,Female,West,Going Straight Ahead,Speed To Fast For Conditions,No Apparent Influence,No Apparent Influence,24.0,Male,West,Stopped In Trafficway,No Improper Action,No Apparent Influence,No Apparent Influence,33.42930956,-111.9084706,2021-06-22,23:43:00
3795510,2021,8th St,Gary Dr,100.0,Not Junction Related,0.0,0.0,No Injury,Angle - Other Than Left Turn 2,Dusk,Cloudy,Dry,64.0,Female,South,Making Left Turn,Failed To Yield Right Of Way,No Apparent Influence,No Apparent Influence,43.0,Male,West,Going Straight Ahead,No Improper Action,No Apparent Influence,No Apparent Influence,33.41945926,-111.9143753,2021-06-23,02:30:00
3790840,2021,Mill Ave,Southern Ave,-30.0,Intersection Related 206,0.0,0.0,No Injury,Rear End,Dark Lighted,Cloudy,Dry,28.0,Male,North,Going Straight Ahead,Speed To Fast For Conditions,No Apparent Influence,No Apparent Influence,23.0,Female,North,Stopped In Trafficway,No Improper Action,No Apparent Influence,No Apparent Influence,33.39278058,-111.9396022,2021-06-23,11:10:00
3790842,2021,Priest Dr,University Dr,182.0,Intersection Related 206,1.0,0.0,Possible Injury,Rear End,Daylight,Clear,Wet,55.0,Female,South,Going Straight Ahead,Speed To Fast For Conditions,No Apparent Influence,No Apparent Influence,27.0,Male,South,Going Straight Ahead,No Improper Action,No Apparent Influence,No Apparent Influence,33.42244061,-111.9609558,2021-06-23,13:45:00
3790815,2021,Elliot Rd,River Pkwy,0.0,Intersection 4 Way 202,1.0,0.0,Suspected Minor Injury,Left Turn,Daylight,Cloudy,Wet,55.0,Male,East,Going Straight Ahead,Disregarded Traffic Signal,No Apparent Influence,No Apparent Influence,60.0,Male,North,Making Left Turn,No Improper Action,No Apparent Influence,No Apparent Influence,33.34927691,-111.897908,2021-06-23,19:49:00
3790838,2021,Broadway Rd,Priest Dr,-65.0,Intersection Related 206,0.0,0.0,No Injury,Rear End,Dark Lighted,Clear,Dry,25.0,Male,East,Going Straight Ahead,Speed To Fast For Conditions,No Apparent Influence,No Apparent Influence,24.0,Male,East,Stopped In Trafficway,No Improper Action,No Apparent Influence,No Apparent Influence,33.40742129,-111.9609934,2021-06-24,03:01:00
3820559,2021,Hardy Dr,Baseline Rd,-175.0,Driveway Or Alley,1.0,0.0,Suspected Minor Injury,Angle - Other Than Left Turn 2,Dark Lighted,Clear,Dry,39.0,Female,East,Other,Speed To Fast For Conditions,Alcohol,No Apparent Influence,60.0,Male,North,Slowing In Trafficway,No Improper Action,No Apparent Influence,No Apparent Influence,33.37773275,-111.9525136,2021-06-24,03:10:00
3790866,2021,Rural Rd,Carter Dr,0.0,Intersection 201,1.0,0.0,Suspected Minor Injury,Left Turn,Daylight,Clear,Dry,63.0,Female,North,Making Left Turn,Failed To Yield Right Of Way,No Apparent Influence,No Apparent Influence,68.0,Male,South,Going Straight Ahead,No Improper Action,No Apparent Influence,No Apparent Influence,33.3811298,-111.9276021,2021-06-24,14:35:00
3790865,2021,Mill Ave,10th St,0.0,Intersection 4 Way 202,2.0,0.0,Suspected Minor Injury,Angle - Other Than Left Turn 2,Daylight,Clear,Dry,73.0,Female,South,Going Straight Ahead,Disregarded Traffic Signal,No Apparent Influence,No Apparent Influence,45.0,Male,East,Going Straight Ahead,No Improper Action,No Apparent Influence,No Apparent Influence,33.4190646,-111.9399669,2021-06-24,19:23:00
3790863,2021,Rural Rd,Carter Dr,0.0,Intersection 4 Way 202,2.0,0.0,Possible Injury,Left Turn,Daylight,Clear,Dry,61.0,Male,North,Making Left Turn,Failed To Keep In Proper Lane,No Apparent Influence,No Apparent Influence,22.0,Female,South,Going Straight Ahead,No Improper Action,No Apparent Influence,No Apparent Influence,33.3811298,-111.9276021,2021-06-24,21:24:00
3792955,2021,Hardy Dr,University Dr,130.0,Driveway Or Alley,0.0,0.0,No Injury,Rear End,Daylight,Clear,Dry,24.0,Male,South,Going Straight Ahead,Followed Too Closely,Alcohol,No Apparent Influence,30.0,Male,South,Stopped In Trafficway,No Improper Action,No Apparent Influence,No Apparent Influence,33.42226691,-111.9522288,2021-06-24,22:03:00
3790864,2021,McClintock Dr,Apache Blvd,-190.0,Intersection Related 206,1.0,0.0,Suspected Minor Injury,Rear End,Dark Lighted,Clear,Dry,25.0,Male,North,Going Straight Ahead,Speed To Fast For Conditions,No Apparent Influence,No Apparent Influence,21.0,Male,North,Slowing In Trafficway,No Improper Action,No Apparent Influence,No Apparent Influence,33.41423787,-111.9091314,2021-06-25,03:23:00
3792962,2021,Elliot Rd,Kyrene Rd,-25.0,Intersection Related 206,0.0,0.0,No Injury,Rear End,Dark Lighted,Clear,Dry,72.0,Female,West,Making Right Turn,Made Improper Turn,No Apparent Influence,No Apparent Influence,50.0,Female,West,Going Straight Ahead,No Improper Action,No Apparent Influence,No Apparent Influence,33.34919866,-111.9458165,2021-06-25,03:39:00
3790794,2021,Apache Blvd,McClintock Dr,0.0,Driveway Or Alley,0.0,0.0,No Injury,Left Turn,Daylight,Clear,Dry,30.0,Female,East,Going Straight Ahead,Disregarded Traffic Signal,No Apparent Influence,No Apparent Influence,48.0,Male,West,Making Left Turn,No Improper Action,No Apparent Influence,No Apparent Influence,33.41476696,-111.906537,2021-06-25,19:07:00
3790795,2021,Priest Dr,Ray Rd,215.0,Intersection Related 206,0.0,0.0,No Injury,Sideswipe Same Direction,Daylight,Clear,Dry,28.0,Female,South,Changing Lanes,Unsafe Lane Change,No Apparent Influence,No Apparent Influence,54.0,Male,South,Going Straight Ahead,No Improper Action,No Apparent Influence,No Apparent Influence,33.32045425,-111.9631011,2021-06-25,21:54:00
3820535,2021,Scottsdale Rd,Gilbert Dr,40.0,Intersection Related 206,2.0,0.0,Possible Injury,Rear End,Dark Lighted,Clear,Dry,25.0,Male,West,Going Straight Ahead,Speed To Fast For Conditions,No Apparent Influence,No Apparent Influence,33.0,Male,North,Going Straight Ahead,No Improper Action,No Apparent Influence,No Apparent Influence,33.43767194,-111.9262724,2021-06-26,11:21:00
3792978,2021,Warner Rd,Priest Dr,-150.0,Intersection Related 206,2.0,0.0,Possible Injury,Rear End,Daylight,Clear,Dry,28.0,Female,West,Going Straight Ahead,Followed Too Closely,No Apparent Influence,No Apparent Influence,26.0,Male,West,Stopped In Trafficway,No Improper Action,No Apparent Influence,No Apparent Influence,33.33452252,-111.9636084,2021-06-26,18:25:00
3792968,2021,Apache Blvd,Una Butte Ave,110.0,Intersection Related 206,0.0,0.0,No Injury,Rear End,Daylight,Clear,Dry,82.0,Male,West,Going Straight Ahead,Followed Too Closely,No Apparent Influence,No Apparent Influence,22.0,Female,West,Stopped In Trafficway,No Improper Action,No Apparent Influence,No Apparent Influence,33.41476258,-111.9119832,2021-06-26,21:11:00
3795490,2021,Broadway Rd,Farmer Ave,-110.0,Not Junction Related,1.0,0.0,Suspected Minor Injury,Angle - Other Than Left Turn 2,Dark Lighted,Cloudy,Dry,57.0,Female,South,Making Left Turn,Made Improper Turn,No Apparent Influence,No Apparent Influence,19.0,Male,East,Going Straight Ahead,No Improper Action,No Apparent Influence,No Apparent Influence,33.40736376,-111.9443095,2021-06-27,04:36:00
3787195,2021,Rural Rd,Carter Dr,-5.0,Intersection 4 Way 202,0.0,0.0,No Injury,Angle - Other Than Left Turn 2,Dark Lighted,Clear,Dry,27.0,Male,East,Making Left Turn,Failed To Yield Right Of Way,Alcohol,Drugs,22.0,Female,South,Going Straight Ahead,No Improper Action,No Apparent Influence,No Apparent Influence,33.38111797,-111.9276104,2021-06-27,05:55:00
3790810,2021,Warner Rd,70th St,30.0,Intersection Related 206,1.0,0.0,Suspected Minor Injury,Rear End,Daylight,Clear,Dry,24.0,Male,West,Going Straight Ahead,Exceeded Lawful Speed,No Apparent Influence,No Apparent Influence,31.0,Male,West,Slowing In Trafficway,No Improper Action,No Apparent Influence,No Apparent Influence,33.3346465,-111.9325726,2021-06-28,14:49:00
3787192,2021,Priest Dr,Broadway Rd,0.0,Intersection 4 Way 202,2.0,0.0,Suspected Minor Injury,Angle - Other Than Left Turn 2,Daylight,Clear,Dry,53.0,Female,South,Going Straight Ahead,Disregarded Traffic Signal,No Apparent Influence,No Apparent Influence,29.0,Female,East,Going Straight Ahead,No Improper Action,No Apparent Influence,No Apparent Influence,33.40742082,-111.9607804,2021-06-28,17:24:00
3787194,2021,Scottsdale Rd,Hancock Ave,-61.0,Intersection Related 206,0.0,0.0,No Injury,Sideswipe Same Direction,Daylight,Clear,Dry,22.0,Female,North,Changing Lanes,Unsafe Lane Change,No Apparent Influence,No Apparent Influence,25.0,Male,North,Slowing In Trafficway,No Improper Action,No Apparent Influence,No Apparent Influence,33.44648922,-111.926453,2021-06-28,20:37:00
3792923,2021,Scottsdale Rd,Continental Dr,-50.0,Intersection Related 206,0.0,0.0,No Injury,Sideswipe Same Direction,Daylight,Clear,Dry,31.0,Female,North,Changing Lanes,Unsafe Lane Change,No Apparent Influence,No Apparent Influence,26.0,Female,North,Going Straight Ahead,No Improper Action,No Apparent Influence,No Apparent Influence,33.45835311,-111.9263526,2021-06-29,02:06:00
3825427,2021,Baseline Rd,Jentilly Ln,0.0,Intersection T Inter 203,0.0,0.0,No Injury,Angle - Other Than Left Turn 2,Dark Lighted,Clear,Dry,22.0,Female,South,Going Straight Ahead,Failed To Yield Right Of Way,No Apparent Influence,No Apparent Influence,76.0,Male,West,Going Straight Ahead,No Improper Action,No Apparent Influence,No Apparent Influence,33.37825352,-111.9266069,2021-06-29,04:40:00
3792970,2021,Broadway Rd,Dorsey Ln,0.0,Intersection 4 Way 202,1.0,0.0,Possible Injury,Angle - Other Than Left Turn 2,Daylight,Clear,Dry,20.0,Female,West,Going Straight Ahead,Disregarded Traffic Signal,No Apparent Influence,No Apparent Influence,21.0,Male,South,Making Left Turn,No Improper Action,No Apparent Influence,No Apparent Influence,33.40750558,-111.917697,2021-06-29,22:33:00
3792552,2021,Priest Dr,Warner Rd,0.0,Intersection 4 Way 202,0.0,0.0,No Injury,Left Turn,Daylight,Clear,Dry,19.0,Male,North,Making Left Turn,Failed To Yield Right Of Way,No Apparent Influence,No Apparent Influence,41.0,Male,South,Going Straight Ahead,No Improper Action,No Apparent Influence,No Apparent Influence,33.33452529,-111.9631174,2021-06-30,15:28:00
3790844,2021,Priest Dr,Broadway Rd,127.0,Intersection Related 206,0.0,0.0,No Injury,Rear End,Daylight,Clear,Dry,16.0,Male,South,Going Straight Ahead,Followed Too Closely,No Apparent Influence,No Apparent Influence,22.0,Female,South,Stopped In Trafficway,No Improper Action,No Apparent Influence,No Apparent Influence,33.4077697,-111.9607878,2021-06-30,19:45:00
3790790,2021,Weber Dr,McAllister Ave,75.0,Not Junction Related,0.0,0.0,No Injury,Rear End,Daylight,Clear,Dry,19.0,Female,East,Going Straight Ahead,Speed To Fast For Conditions,No Apparent Influence,No Apparent Influence,36.0,Male,East,Slowing In Trafficway,No Improper Action,No Apparent Influence,No Apparent Influence,33.44380465,-111.928849,2021-07-01,16:45:00
3790114,2021,Gilbert Dr,Scottsdale Rd,0.0,Not Junction Related,0.0,0.0,No Injury,Sideswipe Same Direction,Daylight,Clear,Dry,28.0,Male,East,Leaving Parking Position,Speed To Fast For Conditions,No Apparent Influence,No Apparent Influence,48.0,Male,East,Going Straight Ahead,No Improper Action,No Apparent Influence,No Apparent Influence,33.43676335,-111.9253432,2021-07-02,00:03:00