Incident_ID,Year,Street_Name,Cross_Street,Distance,Junction_Relation,Total_Injuries,Total_Fatalities,Injury_Severity,Collision_Manner,Light_Condition,Weather,Surface_Condition,Age_1,Gender_1,Travel_One,UnitAction_One,Violation1_Drv1,AlcoholUse_ 1,DrugUse_1,Age_2,Gender_2,TravelDirection_2,UnitAction_2,Violation_2,AlcoholUse_2,DrugUse_2,Latitude,Longitude,Date,Time
3809249,2021,Broadway Rd,Rural Rd,-150.0,Not Junction Related,1.0,0.0,Possible Injury,Sideswipe Same Direction,Daylight,Clear,Dry,48.0,Female,West,Going Straight Ahead,Unknown,No Apparent Influence,No Apparent Influence,37.0,Male,West,Going Straight Ahead,Unknown,No Apparent Influence,No Apparent Influence,33.40749245,-111.9267741,2021-08-17,18:58:00
3809250,2021,University Dr,Roosevelt St,98.0,Driveway Or Alley,1.0,0.0,Suspected Minor Injury,Sideswipe Same Direction,Daylight,Clear,Dry,39.0,Male,East,Making Right Turn,Made Improper Turn,No Apparent Influence,No Apparent Influence,37.0,Female,East,Going Straight Ahead,No Improper Action,No Apparent Influence,No Apparent Influence,33.42189996,-111.9469731,2021-08-17,20:27:00
3811303,2021,Smith Rd,Orange St,-86.0,Not Junction Related,0.0,0.0,No Injury,Left Turn,Daylight,Clear,Dry,26.0,Male,South,Going Straight Ahead,Unknown,No Apparent Influence,No Apparent Influence,52.0,Male,North,Making Left Turn,Made Improper Turn,No Apparent Influence,No Apparent Influence,33.41819405,-111.9004883,2021-08-17,21:07:00
3809251,2021,Baseline Rd,Kyrene Rd,62.0,Driveway Or Alley,0.0,0.0,No Injury,Sideswipe Same Direction,Daylight,Clear,Dry,18.0,Male,East,Making Right Turn,Made Improper Turn,No Apparent Influence,No Apparent Influence,21.0,Male,East,Going Straight Ahead,No Improper Action,No Apparent Influence,No Apparent Influence,33.37821855,-111.9436847,2021-08-17,22:22:00
3816299,2021,Warner Rd,Rural Rd,200.0,Intersection Related 206,1.0,0.0,Possible Injury,Rear End,Daylight,Clear,Dry,20.0,Male,West,Going Straight Ahead,Followed Too Closely,No Apparent Influence,No Apparent Influence,46.0,Male,West,Stopped In Trafficway,No Improper Action,No Apparent Influence,No Apparent Influence,33.33465858,-111.9277603,2021-08-17,22:37:00
3814560,2021,Mill Ave,Southern Ave,-80.0,Not Junction Related,0.0,0.0,No Injury,Angle - Other Than Left Turn 2,Daylight,Cloudy,Dry,20.0,Male,East,Making Left Turn,Made Improper Turn,No Apparent Influence,No Apparent Influence,30.0,Female,North,Going Straight Ahead,No Improper Action,No Apparent Influence,No Apparent Influence,33.39264337,-111.9395992,2021-08-17,22:41:00
3819324,2021,Mill Ave,Hu Esta Dr,25.0,Intersection Related 206,0.0,0.0,No Injury,Rear End,Daylight,Clear,Dry,32.0,Female,South,Going Straight Ahead,Speed To Fast For Conditions,No Apparent Influence,No Apparent Influence,40.0,Female,South,Slowing In Trafficway,No Improper Action,No Apparent Influence,No Apparent Influence,33.40473653,-111.9397803,2021-08-17,22:46:00
3816298,2021,Southern Ave,Priest Dr,-180.0,Not Junction Related,1.0,0.0,Suspected Minor Injury,Rear End,Daylight,Clear,Dry,19.0,Female,East,Going Straight Ahead,Followed Too Closely,No Apparent Influence,No Apparent Influence,26.0,Female,East,Stopped In Trafficway,No Improper Action,No Apparent Influence,No Apparent Influence,33.39287972,-111.9613592,2021-08-17,23:41:00
3819323,2021,Southern Ave,Dorsey Ln,0.0,Intersection 4 Way 202,1.0,0.0,Suspected Minor Injury,Angle - Other Than Left Turn 2,Daylight,Clear,Dry,19.0,Male,South,Making Right Turn,Disregarded Traffic Signal,No Apparent Influence,No Apparent Influence,37.0,Male,West,Going Straight Ahead,No Improper Action,No Apparent Influence,No Apparent Influence,33.39296325,-111.9177493,2021-08-17,23:55:00
3816280,2021,Broadway Rd,Elm St,-150.0,Not Junction Related,1.0,0.0,Possible Injury,Left Turn,Daylight,Clear,Dry,33.0,Male,West,Making Left Turn,Failed To Yield Right Of Way,No Apparent Influence,No Apparent Influence,20.0,Female,East,Going Straight Ahead,No Improper Action,No Apparent Influence,No Apparent Influence,33.40750526,-111.9137374,2021-08-17,23:59:00
3873075,2021,Southern Ave,Hardy Dr,0.0,Intersection 4 Way 202,2.0,0.0,Suspected Minor Injury,Angle - Other Than Left Turn 2,Daylight,Clear,Dry,19.0,Male,West,Going Straight Ahead,Disregarded Traffic Signal,No Apparent Influence,No Apparent Influence,40.0,Male,South,Going Straight Ahead,No Improper Action,No Apparent Influence,No Apparent Influence,33.39285776,-111.9519838,2021-08-18,00:00:00
3827169,2021,Kyrene Rd,Guadalupe Rd,0.0,Intersection 4 Way 202,2.0,0.0,Possible Injury,Left Turn,Daylight,Clear,Dry,61.0,Male,North,Making Left Turn,Failed To Yield Right Of Way,No Apparent Influence,No Apparent Influence,17.0,Male,South,Going Straight Ahead,Speed To Fast For Conditions,No Apparent Influence,No Apparent Influence,33.36365928,-111.9458941,2021-08-18,00:13:00
3814188,2021,Broadway Rd,Dorsey Ln,-100.0,Not Junction Related,0.0,0.0,No Injury,Sideswipe Same Direction,Dark Lighted,Clear,Dry,33.0,Male,East,Changing Lanes,Unsafe Lane Change,No Apparent Influence,No Apparent Influence,37.0,Male,East,Going Straight Ahead,No Improper Action,No Apparent Influence,No Apparent Influence,33.40750612,-111.9180246,2021-08-18,05:57:00
3819265,2021,Broadway Rd,Mill Ave,-15.0,Intersection Related 206,1.0,0.0,Possible Injury,Head On,Dark Lighted,Rain,Wet,37.0,Male,West,Making Right Turn,Made Improper Turn,Alcohol,No Apparent Influence,62.0,Male,East,Slowing In Trafficway,No Improper Action,No Apparent Influence,No Apparent Influence,33.40739719,-111.9398754,2021-08-18,07:58:00
3816282,2021,Baseline Rd,College Ave,0.0,Intersection 201,0.0,0.0,No Injury,Left Turn,Daylight,Clear,Dry,18.0,Male,West,Going Straight Ahead,Disregarded Traffic Signal,No Apparent Influence,No Apparent Influence,26.0,Male,South,Making Left Turn,No Improper Action,No Apparent Influence,No Apparent Influence,33.37822608,-111.9352491,2021-08-18,14:20:00
3814190,2021,Rural Rd,Spence Ave,0.0,Intersection 4 Way 202,0.0,0.0,No Injury,Left Turn,Daylight,Cloudy,Dry,22.0,Male,South,Going Straight Ahead,Unknown,No Apparent Influence,No Apparent Influence,24.0,Male,North,Making Left Turn,Unknown,No Apparent Influence,No Apparent Influence,33.41287443,-111.9262872,2021-08-18,20:22:00
3811314,2021,Mill Ave,13th St,-74.0,Not Junction Related,0.0,0.0,No Injury,Sideswipe Same Direction,Daylight,Cloudy,Dry,22.0,Male,North,Changing Lanes,Unsafe Lane Change,No Apparent Influence,No Apparent Influence,32.0,Male,North,Going Straight Ahead,No Improper Action,No Apparent Influence,No Apparent Influence,33.41455053,-111.9399049,2021-08-18,21:31:00
3814177,2021,Rural Rd,Hermosa Dr,-35.0,Intersection Related 206,0.0,0.0,No Injury,Rear End,Daylight,Cloudy,Dry,19.0,Male,North,Going Straight Ahead,Followed Too Closely,No Apparent Influence,No Apparent Influence,21.0,Female,North,Stopped In Trafficway,No Improper Action,No Apparent Influence,No Apparent Influence,33.38767385,-111.9264505,2021-08-18,21:40:00
3819325,2021,McClintock Dr,Elliot Rd,133.0,Intersection Related 206,0.0,0.0,No Injury,Sideswipe Same Direction,Daylight,Cloudy,Dry,20.0,Male,South,Changing Lanes,Unsafe Lane Change,No Apparent Influence,No Apparent Influence,20.0,Male,South,Slowing In Trafficway,No Improper Action,No Apparent Influence,No Apparent Influence,33.3494941,-111.9112054,2021-08-18,22:49:00
3814178,2021,Baseline Rd,College Ave,0.0,Intersection 4 Way 202,2.0,0.0,Suspected Minor Injury,Left Turn,Daylight,Cloudy,Dry,19.0,Male,East,Going Straight Ahead,Disregarded Traffic Signal,No Apparent Influence,No Apparent Influence,19.0,Female,North,Making Left Turn,No Improper Action,No Apparent Influence,No Apparent Influence,33.37822608,-111.9352491,2021-08-18,23:02:00
3811313,2021,Rural Rd,Terrace Rd,90.0,Intersection Related 206,0.0,0.0,No Injury,Angle - Other Than Left Turn 2,Daylight,Cloudy,Dry,20.0,Female,Northwest,Making Right Turn,Failed To Yield Right Of Way,No Apparent Influence,No Apparent Influence,39.0,Male,North,Going Straight Ahead,No Improper Action,No Apparent Influence,No Apparent Influence,33.42052271,-111.9263021,2021-08-19,00:03:00
3816300,2021,Apache Blvd,Lebanon Ln,0.0,Intersection T Inter 203,2.0,0.0,Suspected Minor Injury,Left Turn,Daylight,Cloudy,Wet,30.0,Male,West,Going Straight Ahead,Disregarded Traffic Signal,No Apparent Influence,No Apparent Influence,39.0,Female,South,Making Left Turn,No Improper Action,No Apparent Influence,No Apparent Influence,33.41480296,-111.8862664,2021-08-19,01:00:00
3811267,2021,Rural Rd,Terrace Rd,-90.0,Intersection Related 206,0.0,0.0,No Injury,Rear End,Dark Lighted,Clear,Dry,25.0,Male,North,Going Straight Ahead,Speed To Fast For Conditions,No Apparent Influence,No Apparent Influence,20.0,Male,North,Slowing In Trafficway,No Improper Action,No Apparent Influence,No Apparent Influence,33.42002826,-111.9262998,2021-08-20,04:39:00
3814517,2021,Elliot Rd,Harl Ave,0.0,Intersection 4 Way 202,2.0,0.0,Possible Injury,Angle - Other Than Left Turn 2,Daylight,Clear,Dry,33.0,Male,West,Going Straight Ahead,Disregarded Traffic Signal,No Apparent Influence,No Apparent Influence,29.0,Male,North,Going Straight Ahead,No Improper Action,No Apparent Influence,No Apparent Influence,33.34908149,-111.9659281,2021-08-20,20:34:00
3819373,2021,Priest Dr,Rio Salado Pkwy,96.0,Intersection Related 206,0.0,0.0,No Injury,Rear End,Daylight,Clear,Dry,24.0,Female,South,Slowing In Trafficway,Followed Too Closely,No Apparent Influence,No Apparent Influence,66.0,Male,South,Stopped In Trafficway,No Improper Action,No Apparent Influence,No Apparent Influence,33.42982415,-111.960972,2021-08-20,20:37:00
3827170,2021,Southern Ave,Fair Ln,0.0,Intersection T Inter 203,0.0,0.0,No Injury,Left Turn,Daylight,Clear,Dry,64.0,Female,East,Making Left Turn,Failed To Yield Right Of Way,No Apparent Influence,No Apparent Influence,33.0,Male,West,Going Straight Ahead,No Improper Action,No Apparent Influence,No Apparent Influence,33.3927799,-111.9760067,2021-08-20,21:57:00
3814185,2021,Broadway Rd,48th St,135.0,Intersection Related 206,2.0,0.0,Possible Injury,Head On,Daylight,Clear,Dry,30.0,Male,East,Going Straight Ahead,Drove Left Of Center Line,No Apparent Influence,Drugs,55.0,Male,West,Stopped In Trafficway,No Improper Action,No Apparent Influence,No Apparent Influence,33.40732706,-111.9778454,2021-08-20,23:00:00
3855322,2021,23rd St,Hardy Dr,-25.0,Intersection T Inter 203,0.0,0.0,No Injury,Sideswipe Same Direction,Daylight,Clear,Dry,33.0,Female,East,Making Right Turn,Failed To Keep In Proper Lane,No Apparent Influence,No Apparent Influence,41.0,Male,East,Making Right Turn,No Improper Action,No Apparent Influence,No Apparent Influence,33.40375199,-111.9522311,2021-08-21,00:24:00
3820624,2021,Rio Salado Pkwy,Rural Rd,0.0,Intersection Related 206,1.0,0.0,Possible Injury,Sideswipe Same Direction,Dark Lighted,Clear,Dry,26.0,Male,North,Going Straight Ahead,Speed To Fast For Conditions,Alcohol,Drugs,24.0,Male,South,Making Left Turn,No Improper Action,No Apparent Influence,No Apparent Influence,33.42884843,-111.9262892,2021-08-22,03:16:00
3854449,2021,University Dr,S Athletes Pl,-25.0,Not Junction Related,0.0,0.0,No Injury,Rear End,Daylight,Clear,Dry,23.0,Male,West,Going Straight Ahead,Speed To Fast For Conditions,Alcohol,No Apparent Influence,20.0,Male,West,Slowing In Trafficway,No Improper Action,No Apparent Influence,No Apparent Influence,33.42202354,-111.9229777,2021-08-23,00:07:00
3828311,2021,Broadway Rd,Encanto Dr,64.0,Not Junction Related,0.0,0.0,No Injury,Left Turn,Daylight,Clear,Dry,39.0,Female,Southwest,Making Left Turn,Failed To Yield Right Of Way,No Apparent Influence,No Apparent Influence,28.0,Female,West,Going Straight Ahead,No Improper Action,No Apparent Influence,No Apparent Influence,33.40742074,-111.9380906,2021-08-23,15:19:00
3888258,2021,Elliot Rd,Mill Ave,15.0,Intersection Related 206,0.0,0.0,No Injury,Angle - Other Than Left Turn 2,Daylight,Clear,Dry,17.0,Female,North,Making Right Turn,Failed To Yield Right Of Way,No Apparent Influence,No Apparent Influence,61.0,Female,East,Going Straight Ahead,No Improper Action,No Apparent Influence,No Apparent Influence,33.34919076,-111.9371196,2021-08-23,18:30:00
3811386,2021,Broadway Rd,Encanto Dr,0.0,Intersection T Inter 203,2.0,0.0,Suspected Minor Injury,Left Turn,Daylight,Clear,Dry,79.0,Female,East,Making Left Turn,Failed To Yield Right Of Way,No Apparent Influence,No Apparent Influence,24.0,Male,West,Going Straight Ahead,No Improper Action,No Apparent Influence,No Apparent Influence,33.4074204,-111.9383003,2021-08-23,20:20:00
3827182,2021,McClintock Dr,Harvard Dr,0.0,Intersection T Inter 203,1.0,0.0,Suspected Minor Injury,Left Turn,Daylight,Clear,Dry,61.0,Female,West,Making Left Turn,Failed To Yield Right Of Way,No Apparent Influence,No Apparent Influence,65.0,Female,South,Making Left Turn,No Improper Action,No Apparent Influence,No Apparent Influence,33.37654572,-111.9095878,2021-08-23,22:13:00
3811374,2021,Rural Rd,University Dr,-56.0,Intersection Related 206,1.0,0.0,Suspected Minor Injury,Rear End,Daylight,Clear,Dry,65.0,Male,North,Going Straight Ahead,Speed To Fast For Conditions,Alcohol,No Apparent Influence,18.0,Female,North,Stopped In Trafficway,No Improper Action,No Apparent Influence,No Apparent Influence,33.42187529,-111.9263122,2021-08-23,23:52:00
3827183,2021,Mill Ave,Carter Dr,0.0,Intersection 4 Way 202,2.0,0.0,Suspected Minor Injury,Angle - Other Than Left Turn 2,Daylight,Clear,Dry,21.0,Male,West,Going Straight Ahead,Failed To Yield Right Of Way,No Apparent Influence,No Apparent Influence,34.0,Male,South,Going Straight Ahead,No Improper Action,No Apparent Influence,No Apparent Influence,33.38328349,-111.9394515,2021-08-24,00:03:00
3857613,2021,McClintock Dr,Rio Salado Pkwy,0.0,Intersection 201,0.0,0.0,No Injury,Left Turn,Dark Lighted,Clear,Dry,41.0,Female,South,Going Straight Ahead,Disregarded Traffic Signal,No Apparent Influence,No Apparent Influence,24.0,Male,Northwest,Making Left Turn,No Improper Action,No Apparent Influence,No Apparent Influence,33.4292626,-111.9090694,2021-08-24,03:11:00
3825433,2021,Scottsdale Rd,Weber Dr,-105.0,Driveway Or Alley,1.0,0.0,Possible Injury,Rear End,Daylight,Clear,Dry,65.0,Female,South,Making Right Turn,Speed To Fast For Conditions,No Apparent Influence,No Apparent Influence,55.0,Female,South,Going Straight Ahead,No Improper Action,No Apparent Influence,No Apparent Influence,33.44370027,-111.9264339,2021-08-24,20:33:00
3827468,2021,Rural Rd,University Dr,-145.0,Driveway Or Alley,0.0,0.0,No Injury,Left Turn,Daylight,Clear,Dry,22.0,Male,West,Making Left Turn,Failed To Yield Right Of Way,No Apparent Influence,No Apparent Influence,24.0,Female,North,Going Straight Ahead,No Improper Action,No Apparent Influence,No Apparent Influence,33.4216307,-111.9263119,2021-08-24,21:45:00
3819407,2021,Mill Ave,Rio Salado Pkwy,-71.0,Intersection Related 206,1.0,0.0,Suspected Minor Injury,Sideswipe Same Direction,Dark Lighted,Clear,Dry,19.0,Female,North,Changing Lanes,Unsafe Lane Change,No Apparent Influence,No Apparent Influence,28.0,Male,North,Going Straight Ahead,No Improper Action,No Apparent Influence,No Apparent Influence,33.42943057,-111.9400354,2021-08-25,03:36:00
3840064,2021,University Dr,Hardy Dr,0.0,Intersection 4 Way 202,0.0,0.0,No Injury,Left Turn,Dark Lighted,Clear,Dry,28.0,Female,North,Making Left Turn,Failed To Yield Right Of Way,No Apparent Influence,No Apparent Influence,23.0,Male,South,Going Straight Ahead,No Improper Action,No Apparent Influence,No Apparent Influence,33.42191004,-111.9522234,2021-08-25,07:10:00
3816296,2021,Baseline Rd,Wendler Dr,-200.0,Intersection Related 206,1.0,0.0,Possible Injury,Rear End,Daylight,Clear,Dry,33.0,Female,East,Going Straight Ahead,Followed Too Closely,No Apparent Influence,No Apparent Influence,56.0,Male,East,Stopped In Trafficway,No Improper Action,No Apparent Influence,No Apparent Influence,33.37824492,-111.9704397,2021-08-25,14:12:00
3827619,2021,Fairmont Dr,Priest Dr,30.0,Intersection Related 206,0.0,0.0,No Injury,Sideswipe Same Direction,Daylight,Clear,Dry,59.0,Male,West,Making Right Turn,Speed To Fast For Conditions,No Apparent Influence,No Apparent Influence,54.0,Male,West,Making Right Turn,No Improper Action,No Apparent Influence,No Apparent Influence,33.39649376,-111.9607004,2021-08-25,16:41:00
3828452,2021,McClintock Dr,Baseline Rd,-50.0,Intersection Related 206,0.0,0.0,No Injury,Rear End,Daylight,Clear,Dry,55.0,Male,North,Going Straight Ahead,Speed To Fast For Conditions,No Apparent Influence,No Apparent Influence,25.0,Female,North,Stopped In Trafficway,No Improper Action,No Apparent Influence,No Apparent Influence,33.37828689,-111.9092622,2021-08-25,17:59:00
3827629,2021,Mill Ave,Broadmor Dr,80.0,Intersection Related 206,0.0,0.0,No Injury,Rear End,Daylight,Clear,Dry,17.0,Female,South,Going Straight Ahead,Speed To Fast For Conditions,No Apparent Influence,No Apparent Influence,37.0,Female,South,Stopped In Trafficway,No Improper Action,No Apparent Influence,No Apparent Influence,33.40281195,-111.9397465,2021-08-25,21:36:00
3811312,2021,Mill Ave,Broadmor Dr,0.0,Intersection 4 Way 202,1.0,0.0,Possible Injury,Left Turn,Daylight,Clear,Dry,24.0,Female,North,Making Left Turn,Failed To Yield Right Of Way,No Apparent Influence,No Apparent Influence,46.0,Male,South,Going Straight Ahead,No Improper Action,No Apparent Influence,No Apparent Influence,33.40259242,-111.9397427,2021-08-25,21:59:00
3827167,2021,Apache Blvd,Dorsey Ln,0.0,Intersection T Inter 203,1.0,0.0,Possible Injury,Left Turn,Dark Lighted,Clear,Dry,44.0,Male,East,Making Left Turn,Disregarded Traffic Signal,No Apparent Influence,No Apparent Influence,66.0,Male,West,Going Straight Ahead,No Improper Action,No Apparent Influence,No Apparent Influence,33.41476428,-111.9176987,2021-08-26,03:08:00
3819434,2021,Priest Dr,Arizona Mills Access E,0.0,Intersection T Inter 203,0.0,0.0,No Injury,Angle - Other Than Left Turn 2,Daylight,Clear,Dry,70.0,Female,South,Going Straight Ahead,Disregarded Traffic Signal,No Apparent Influence,No Apparent Influence,28.0,Male,East,Making Left Turn,No Improper Action,No Apparent Influence,No Apparent Influence,33.38466651,-111.9609464,2021-08-26,19:19:00
3819371,2021,48th St,Broadway Rd,70.0,Intersection Related 206,1.0,0.0,Possible Injury,Rear End,Daylight,Clear,Dry,26.0,Male,South,Going Straight Ahead,Followed Too Closely,No Apparent Influence,No Apparent Influence,24.0,Male,South,Stopped In Trafficway,No Improper Action,No Apparent Influence,No Apparent Influence,33.40751985,-111.9782686,2021-08-26,19:39:00
3861181,2021,Rural Rd,6th St,0.0,Intersection 4 Way 202,0.0,0.0,No Injury,Angle - Other Than Left Turn 2,Daylight,Clear,Dry,20.0,Female,North,Going Straight Ahead,Disregarded Traffic Signal,No Apparent Influence,No Apparent Influence,18.0,Female,East,Making Left Turn,No Improper Action,No Apparent Influence,No Apparent Influence,33.42449794,-111.926302,2021-08-27,20:01:00
3819413,2021,Warner Rd,Rural Rd,0.0,Intersection 4 Way 202,2.0,0.0,Possible Injury,Left Turn,Dark Lighted,Clear,Dry,19.0,Female,East,Making Left Turn,Failed To Yield Right Of Way,No Apparent Influence,No Apparent Influence,23.0,Female,West,Going Straight Ahead,No Improper Action,No Apparent Influence,No Apparent Influence,33.33465525,-111.9284147,2021-08-28,05:43:00
3860271,2021,Rio Salado Pkwy,Packard Dr,-150.0,Not Junction Related,0.0,0.0,No Injury,Sideswipe Same Direction,Dark Lighted,Clear,Dry,15.0,Male,West,Unknown,Unknown,Alcohol,No Apparent Influence,23.0,Female,West,Unknown,Unknown,No Apparent Influence,No Apparent Influence,33.42874255,-111.9297806,2021-08-28,07:31:00
3819423,2021,Rio Salado Pkwy,Siesta Ln,-50.0,Intersection Related 206,0.0,0.0,No Injury,Rear End,Daylight,Clear,Dry,38.0,Female,West,Going Straight Ahead,Followed Too Closely,No Apparent Influence,No Apparent Influence,19.0,Female,West,Stopped In Trafficway,No Improper Action,No Apparent Influence,No Apparent Influence,33.42936704,-111.893782,2021-08-29,00:55:00
3854377,2021,Washington St,Center Pkwy,35.0,Intersection Related 206,0.0,0.0,No Injury,Rear End,Dark Lighted,Clear,Dry,25.0,Male,West,Going Straight Ahead,Speed To Fast For Conditions,Alcohol,No Apparent Influence,56.0,Female,West,Stopped In Trafficway,No Improper Action,No Apparent Influence,No Apparent Influence,33.43926508,-111.9487272,2021-08-29,02:27:00
3821795,2021,Priest Dr,Broadway Rd,0.0,Intersection 4 Way 202,1.0,0.0,Possible Injury,Left Turn,Daylight,Clear,Dry,16.0,Male,North,Making Left Turn,Failed To Yield Right Of Way,No Apparent Influence,No Apparent Influence,24.0,Male,South,Going Straight Ahead,No Improper Action,No Apparent Influence,No Apparent Influence,33.40742082,-111.9607804,2021-08-29,17:40:00
3820587,2021,Apache Blvd,McAllister Ave,200.0,Not Junction Related,0.0,0.0,No Injury,Sideswipe Same Direction,Dark Lighted,Clear,Dry,20.0,Male,West,Leaving Parking Position,Unsafe Lane Change,No Apparent Influence,No Apparent Influence,33.0,Female,West,Going Straight Ahead,No Improper Action,No Apparent Influence,No Apparent Influence,33.41473056,-111.9300142,2021-08-30,02:43:00
3819421,2021,Apache Blvd,McClintock Dr,21.0,Intersection Related 206,0.0,0.0,No Injury,Sideswipe Same Direction,Dark Lighted,Clear,Dry,42.0,Male,West,Making Left Turn,Failed To Keep In Proper Lane,No Apparent Influence,No Apparent Influence,21.0,Female,West,Stopped In Trafficway,No Improper Action,No Apparent Influence,No Apparent Influence,33.41475978,-111.9090638,2021-08-30,04:49:00
3854509,2021,Broadway Rd,McClintock Dr,0.0,Intersection 4 Way 202,0.0,0.0,No Injury,Left Turn,Daylight,Clear,Dry,29.0,Female,West,Going Straight Ahead,Failed To Yield Right Of Way,No Apparent Influence,No Apparent Influence,21.0,Male,North,Making Left Turn,No Improper Action,No Apparent Influence,No Apparent Influence,33.4075002,-111.909125,2021-08-30,16:29:00
3827162,2021,Rural Rd,Geneva Dr,-25.0,Intersection Related 206,1.0,0.0,Suspected Minor Injury,Sideswipe Same Direction,Daylight,Cloudy,Dry,49.0,Male,North,Going Straight Ahead,Failed To Keep In Proper Lane,No Apparent Influence,No Apparent Influence,74.0,Male,North,Stopped In Trafficway,No Improper Action,No Apparent Influence,No Apparent Influence,33.39491719,-111.9263302,2021-08-30,17:50:00
3814558,2021,Broadway Rd,Beck Ave,100.0,Not Junction Related,0.0,0.0,No Injury,Rear End,Daylight,Clear,Dry,20.0,Male,East,Making Left Turn,Unsafe Lane Change,No Apparent Influence,No Apparent Influence,64.0,Male,East,Going Straight Ahead,No Improper Action,No Apparent Influence,No Apparent Influence,33.40740678,-111.9549435,2021-08-30,20:35:00
3861186,2021,Terrace Rd,Lemon St,0.0,Intersection 4 Way 202,0.0,0.0,No Injury,Angle - Other Than Left Turn 2,Daylight,Clear,Dry,22.0,Female,East,Going Straight Ahead,Disregarded Traffic Signal,No Apparent Influence,No Apparent Influence,19.0,Female,North,Going Straight Ahead,No Improper Action,No Apparent Influence,No Apparent Influence,33.41675937,-111.9224177,2021-08-30,20:36:00
3827159,2021,Scottsdale Rd,McKellips Rd,57.0,Intersection Related 206,0.0,0.0,No Injury,Sideswipe Same Direction,Dark Lighted,Clear,Dry,65.0,Female,South,Going Straight Ahead,Speed To Fast For Conditions,No Apparent Influence,No Apparent Influence,35.0,Male,South,Stopped In Trafficway,No Improper Action,No Apparent Influence,No Apparent Influence,33.45139728,-111.9264663,2021-08-31,02:21:00
3827163,2021,17th St,Priest Dr,-42.0,Intersection Related 206,1.0,0.0,Suspected Minor Injury,Angle - Other Than Left Turn 2,Daylight,Clear,Dry,31.0,Male,South,Making Right Turn,Other,No Apparent Influence,No Apparent Influence,25.0,Male,East,Stopped In Trafficway,No Improper Action,No Apparent Influence,No Apparent Influence,33.40977826,-111.9609272,2021-08-31,18:29:00
3861182,2021,Rural Rd,Lemon St,30.0,Intersection Related 206,0.0,0.0,No Injury,Rear End,Daylight,Cloudy,Dry,23.0,Female,South,Going Straight Ahead,Speed To Fast For Conditions,No Apparent Influence,No Apparent Influence,27.0,Male,South,Stopped In Trafficway,No Improper Action,No Apparent Influence,No Apparent Influence,33.41691741,-111.9262973,2021-08-31,18:52:00
3855356,2021,Warner Rd,Kenwood Ln,101.0,Not Junction Related,0.0,0.0,No Injury,Sideswipe Same Direction,Daylight,Cloudy,Wet,18.0,Male,East,Changing Lanes,Unsafe Lane Change,No Apparent Influence,No Apparent Influence,32.0,Female,East,Going Straight Ahead,No Improper Action,No Apparent Influence,No Apparent Influence,33.33472302,-111.9025886,2021-08-31,23:30:00
3827165,2021,Rural Rd,Spence Ave,0.0,Intersection 4 Way 202,1.0,0.0,Suspected Minor Injury,Left Turn,Daylight,Rain,Wet,60.0,Male,North,Making Left Turn,Failed To Yield Right Of Way,No Apparent Influence,No Apparent Influence,23.0,Female,South,Going Straight Ahead,No Improper Action,No Apparent Influence,No Apparent Influence,33.41287443,-111.9262872,2021-09-01,00:02:00
3820586,2021,Rural Rd,6th St,-207.0,Intersection Related 206,1.0,0.0,Possible Injury,Rear End,Daylight,Rain,Wet,21.0,Female,South,Going Straight Ahead,No Improper Action,No Apparent Influence,No Apparent Influence,61.0,Female,South,Slowing In Trafficway,No Improper Action,No Apparent Influence,No Apparent Influence,33.42392912,-111.9263033,2021-09-01,00:27:00
3860259,2021,Rio Salado Pkwy,River Dr,0.0,Intersection 4 Way 202,0.0,0.0,No Injury,Rear End,Daylight,Cloudy,Wet,30.0,Male,West,Going Straight Ahead,Followed Too Closely,No Apparent Influence,No Apparent Influence,19.0,Male,West,Stopped In Trafficway,No Improper Action,No Apparent Influence,No Apparent Influence,33.42936157,-111.8953323,2021-09-01,00:58:00
3827031,2021,Rural Rd,Gail Dr,-190.0,Driveway Or Alley,2.0,0.0,Suspected Minor Injury,Left Turn,Dark Lighted,Rain,Wet,36.0,Male,North,Making Left Turn,Failed To Yield Right Of Way,No Apparent Influence,No Apparent Influence,61.0,Female,South,Going Straight Ahead,No Improper Action,No Apparent Influence,No Apparent Influence,33.32193367,-111.9282068,2021-09-01,03:25:00
3827470,2021,Southern Ave,Rural Rd,0.0,Intersection 4 Way 202,2.0,0.0,Possible Injury,Left Turn,Dark Lighted,Rain,Wet,30.0,Male,Northwest,Making Left Turn,Failed To Yield Right Of Way,No Apparent Influence,No Apparent Influence,45.0,Female,South,Going Straight Ahead,No Improper Action,No Apparent Influence,No Apparent Influence,33.39296099,-111.9263256,2021-09-01,05:28:00
3861183,2021,Rural Rd,US-60 Exit 174 G-Ramp,-214.0,Driveway Or Alley,2.0,0.0,Possible Injury,Other,Daylight,Cloudy,Dry,27.0,Female,North,Going Straight Ahead,Unknown,No Apparent Influence,No Apparent Influence,28.0,Female,North,Making Right Turn,Unknown,No Apparent Influence,No Apparent Influence,33.38443367,-111.9264949,2021-09-01,16:26:00
3827613,2021,Rural Rd,Lemon St,88.0,Not Junction Related,0.0,0.0,No Injury,Left Turn,Dark Lighted,Cloudy,Dry,18.0,Female,South,Making Left Turn,Failed To Yield Right Of Way,No Apparent Influence,No Apparent Influence,30.0,Male,North,Going Straight Ahead,No Improper Action,No Apparent Influence,No Apparent Influence,33.41707679,-111.926297,2021-09-02,02:30:00