Incident_ID,Year,Street_Name,Cross_Street,Distance,Junction_Relation,Total_Injuries,Total_Fatalities,Injury_Severity,Collision_Manner,Light_Condition,Weather,Surface_Condition,Age_1,Gender_1,Travel_One,UnitAction_One,Violation1_Drv1,AlcoholUse_ 1,DrugUse_1,Age_2,Gender_2,TravelDirection_2,UnitAction_2,Violation_2,AlcoholUse_2,DrugUse_2,Latitude,Longitude,Date,Time
3837787,2021,Hardy Dr,Cornell Dr,0.0,Intersection T Inter 203,0.0,0.0,No Injury,Angle - Other Than Left Turn 2,Daylight,Clear,Dry,52.0,Male,West,Making Left Turn,Failed To Yield Right Of Way,No Apparent Influence,No Apparent Influence,16.0,Female,North,Going Straight Ahead,No Improper Action,No Apparent Influence,No Apparent Influence,33.37090418,-111.9545606,2021-10-10,00:17:00
3840186,2021,College Ave,Baseline Rd,-100.0,Not Junction Related,0.0,0.0,No Injury,Sideswipe Same Direction,Dusk,Clear,Dry,16.0,Female,South,Making U Turn,Made Improper Turn,No Apparent Influence,No Apparent Influence,33.0,Male,South,Going Straight Ahead,No Improper Action,No Apparent Influence,No Apparent Influence,33.37795137,-111.9352516,2021-10-10,00:20:00
3854421,2021,College Ave,Curry Rd,0.0,Intersection 201,0.0,0.0,No Injury,Sideswipe Opposite Direction,Dark Lighted,Clear,Dry,32.0,Female,Northeast,Making Left Turn,Failed To Yield Right Of Way,No Apparent Influence,No Apparent Influence,16.0,Male,West,Going Straight Ahead,No Improper Action,No Apparent Influence,No Apparent Influence,33.44022777,-111.9308396,2021-10-10,03:42:00
3826013,2021,Clark Dr,Rio Salado Pkwy,0.0,Intersection Related 206,0.0,0.0,No Injury,Rear End,Daylight,Clear,Dry,23.0,Male,West,Going Straight Ahead,No Improper Action,No Apparent Influence,No Apparent Influence,61.0,Male,West,Going Straight Ahead,No Improper Action,No Apparent Influence,No Apparent Influence,33.42931917,-111.8987498,2021-10-10,23:48:00
3856642,2021,Harl Ave,Drake Dr,0.0,Intersection 4 Way 202,2.0,0.0,Suspected Minor Injury,Angle - Other Than Left Turn 2,Daylight,Clear,Dry,31.0,Female,East,Going Straight Ahead,Failed To Yield Right Of Way,No Apparent Influence,No Apparent Influence,24.0,Male,South,Going Straight Ahead,No Improper Action,No Apparent Influence,No Apparent Influence,33.35510322,-111.9665049,2021-10-11,15:49:00
3828313,2021,McClintock Dr,Rio Salado Pkwy,-136.0,Intersection Related Non Interchange,1.0,0.0,Possible Injury,Rear End,Dark Unknown Lighting,Unknown,Unknown,25.0,Female,North,Going Straight Ahead,Unknown,No Apparent Influence,No Apparent Influence,69.0,Female,North,Going Straight Ahead,Unknown,No Apparent Influence,No Apparent Influence,33.42888888,-111.9090625,2021-10-11,17:11:00
3856651,2021,Rio Salado Pkwy,River Dr,-127.0,Not Junction Related,1.0,0.0,Possible Injury,Rear End,Daylight,Clear,Dry,31.0,Male,West,Going Straight Ahead,Followed Too Closely,No Apparent Influence,No Apparent Influence,48.0,Female,West,Stopped In Trafficway,No Improper Action,No Apparent Influence,No Apparent Influence,33.42936005,-111.8957484,2021-10-12,18:59:00
3837767,2021,Rural Rd,Apache Blvd,0.0,Intersection 4 Way 202,0.0,0.0,No Injury,Left Turn,Dark Lighted,Clear,Dry,28.0,Male,South,Making Left Turn,Failed To Yield Right Of Way,No Apparent Influence,No Apparent Influence,25.0,Male,North,Going Straight Ahead,No Improper Action,No Apparent Influence,No Apparent Influence,33.41476224,-111.9262927,2021-10-13,06:01:00
3862046,2021,McClintock Dr,Rio Salado Pkwy,111.0,Not Junction Related,1.0,0.0,Possible Injury,Sideswipe Same Direction,Daylight,Clear,Dry,20.0,Male,North,Changing Lanes,Unsafe Lane Change,No Apparent Influence,No Apparent Influence,75.0,Male,North,Going Straight Ahead,No Improper Action,No Apparent Influence,No Apparent Influence,33.42956673,-111.9090839,2021-10-13,19:26:00
3856654,2021,Baseline Rd,College Ave,0.0,Intersection 4 Way 202,2.0,0.0,Possible Injury,Left Turn,Daylight,Clear,Dry,70.0,Female,East,Making Left Turn,Failed To Yield Right Of Way,No Apparent Influence,No Apparent Influence,51.0,Male,West,Going Straight Ahead,No Improper Action,No Apparent Influence,No Apparent Influence,33.37822608,-111.9352491,2021-10-13,21:25:00
3869820,2021,Kyrene Rd,Baseline Rd,0.0,Intersection T Inter 203,0.0,0.0,No Injury,Left Turn,Daylight,Clear,Dry,70.0,Male,East,Making Left Turn,Failed To Yield Right Of Way,No Apparent Influence,No Apparent Influence,23.0,Female,West,Going Straight Ahead,No Improper Action,No Apparent Influence,No Apparent Influence,33.37821693,-111.9438876,2021-10-14,00:15:00
3849977,2021,Baseline Rd,Kyrene Rd,0.0,Intersection T Inter 203,1.0,0.0,Suspected Minor Injury,Angle - Other Than Left Turn 2,Daylight,Clear,Dry,40.0,Female,West,Making Left Turn,Failed To Yield Right Of Way,No Apparent Influence,No Apparent Influence,30.0,Female,Northeast,Going Straight Ahead,No Improper Action,No Apparent Influence,No Apparent Influence,33.37821693,-111.9438877,2021-10-14,15:15:00
3849086,2021,McClintock Dr,8th St,0.0,Intersection T Inter 203,0.0,0.0,No Injury,Angle - Other Than Left Turn 2,Daylight,Clear,Dry,31.0,Male,East,Making Left Turn,Failed To Yield Right Of Way,No Apparent Influence,No Apparent Influence,57.0,Male,South,Going Straight Ahead,No Improper Action,No Apparent Influence,No Apparent Influence,33.41952142,-111.9090983,2021-10-14,16:41:00
3869821,2021,Rural Rd,Broadway Rd,188.0,Intersection Related 206,0.0,0.0,No Injury,Angle - Other Than Left Turn 2,Daylight,Clear,Dry,44.0,Male,West,Making Right Turn,Failed To Yield Right Of Way,No Apparent Influence,No Apparent Influence,19.0,Female,North,Going Straight Ahead,No Improper Action,No Apparent Influence,No Apparent Influence,33.40801841,-111.9262832,2021-10-14,21:13:00
3869822,2021,Southern Ave,Kyrene Rd,0.0,Intersection T Inter 203,0.0,0.0,No Injury,Angle - Other Than Left Turn 2,Daylight,Clear,Dry,21.0,Male,West,Going Straight Ahead,Unknown,No Apparent Influence,No Apparent Influence,54.0,Male,North,Making Left Turn,Unknown,No Apparent Influence,No Apparent Influence,33.39283734,-111.9436848,2021-10-14,23:25:00
3869823,2021,Baseline Rd,Terry Ln,220.0,Driveway Or Alley,2.0,0.0,Suspected Minor Injury,Angle - Other Than Left Turn 2,Daylight,Clear,Dry,42.0,Male,North,Making Left Turn,Failed To Yield Right Of Way,No Apparent Influence,No Apparent Influence,22.0,Male,East,Going Straight Ahead,No Improper Action,No Apparent Influence,No Apparent Influence,33.37822335,-111.9546804,2021-10-15,00:36:00
3837436,2021,Rural Rd,Hermosa Dr,-132.0,Driveway Or Alley,0.0,0.0,No Injury,Angle - Other Than Left Turn 2,Dark Lighted,Clear,Dry,26.0,Female,East,Making Right Turn,Failed To Yield Right Of Way,No Apparent Influence,No Apparent Influence,18.0,Female,South,Going Straight Ahead,No Improper Action,No Apparent Influence,No Apparent Influence,33.38740443,-111.9264547,2021-10-15,01:14:00
3837433,2021,University Dr,Smith Rd,74.0,Intersection Related 206,2.0,0.0,Possible Injury,Rear End,Daylight,Clear,Dry,27.0,Female,West,Going Straight Ahead,Followed Too Closely,No Apparent Influence,No Apparent Influence,47.0,Female,West,Stopped In Trafficway,No Improper Action,No Apparent Influence,No Apparent Influence,33.42210731,-111.9002796,2021-10-15,14:07:00
3856392,2021,River Dr,Redmon Dr,0.0,Unknown,1.0,0.0,Possible Injury,Sideswipe Same Direction,Daylight,Clear,Dry,52.0,Female,South,Overtaking Passing,Speed To Fast For Conditions,No Apparent Influence,No Apparent Influence,23.0,Male,South,Going Straight Ahead,No Improper Action,No Apparent Influence,No Apparent Influence,33.36328215,-111.8975934,2021-10-15,17:11:00
3837844,2021,Broadway Rd,Dorsey Ln,0.0,Intersection 4 Way 202,0.0,0.0,No Injury,Left Turn,Daylight,Clear,Dry,28.0,Female,East,Making Left Turn,Failed To Yield Right Of Way,No Apparent Influence,No Apparent Influence,51.0,Female,West,Going Straight Ahead,No Improper Action,No Apparent Influence,No Apparent Influence,33.40750558,-111.917697,2021-10-15,23:17:00
3837829,2021,Baseline Rd,Kyrene Rd,0.0,Intersection T Inter 203,0.0,0.0,No Injury,Left Turn,Dark Lighted,Clear,Dry,17.0,Male,East,Making Right Turn,Failed To Yield Right Of Way,No Apparent Influence,No Apparent Influence,20.0,Male,South,Going Straight Ahead,No Improper Action,No Apparent Influence,No Apparent Influence,33.37819996,-111.9459886,2021-10-16,02:17:00
3824003,2021,Priest Dr,Baseline Rd,150.0,Not Junction Related,1.0,0.0,Suspected Minor Injury,Rear End,Dark Lighted,Clear,Dry,32.0,Female,East,Backing,Unknown,No Apparent Influence,No Apparent Influence,19.0,Female,West,Going Straight Ahead,Unknown,No Apparent Influence,No Apparent Influence,33.3786536,-111.9631336,2021-10-16,02:42:00
3837368,2021,Playa Del Norte Dr,Scottsdale Rd,90.0,Intersection Related 206,0.0,0.0,No Injury,Sideswipe Same Direction,Dark Lighted,Clear,Dry,47.0,Male,West,Going Straight Ahead,Speed To Fast For Conditions,No Apparent Influence,Drugs,35.0,Female,West,Stopped In Trafficway,No Improper Action,No Apparent Influence,No Apparent Influence,33.43403957,-111.9259682,2021-10-16,04:51:00
3868486,2021,Weber Dr,Scottsdale Rd,-76.0,Intersection Related 206,0.0,0.0,No Injury,Rear End,Daylight,Clear,Dry,29.0,Male,East,Going Straight Ahead,Speed To Fast For Conditions,No Apparent Influence,No Apparent Influence,32.0,Male,East,Slowing In Trafficway,No Improper Action,No Apparent Influence,No Apparent Influence,33.44397242,-111.9266855,2021-10-16,18:28:00
3837322,2021,Baseline Rd,Hardy Dr,100.0,Intersection Related 206,1.0,0.0,Possible Injury,Rear End,Daylight,Clear,Dry,24.0,Male,East,Going Straight Ahead,Followed Too Closely,No Apparent Influence,No Apparent Influence,48.0,Male,East,Stopped In Trafficway,No Improper Action,No Apparent Influence,No Apparent Influence,33.37821184,-111.9521851,2021-10-16,21:21:00
3868482,2021,Warner Rd,Priest Dr,0.0,Intersection 4 Way 202,2.0,0.0,Suspected Minor Injury,Left Turn,Daylight,Clear,Dry,40.0,Male,East,Making Left Turn,Failed To Yield Right Of Way,No Apparent Influence,No Apparent Influence,37.0,Male,West,Going Straight Ahead,No Improper Action,No Apparent Influence,No Apparent Influence,33.33452532,-111.9631173,2021-10-16,23:58:00
3849122,2021,Rural Rd,Apache Blvd,-69.0,Intersection Related 206,0.0,0.0,No Injury,Rear End,Dusk,Clear,Dry,20.0,Male,North,Going Straight Ahead,Speed To Fast For Conditions,No Apparent Influence,No Apparent Influence,34.0,Male,North,Going Straight Ahead,No Improper Action,No Apparent Influence,No Apparent Influence,33.4145726,-111.9262927,2021-10-17,01:44:00
3899336,2021,Mill Ave,3rd St,-100.0,Not Junction Related,0.0,0.0,No Injury,Rear End,Dark Lighted,Clear,Dry,19.0,Male,North,Stopped In Trafficway,No Improper Action,No Apparent Influence,No Apparent Influence,21.0,Female,North,Slowing In Trafficway,Speed To Fast For Conditions,No Apparent Influence,No Apparent Influence,33.42711774,-111.9400318,2021-10-17,03:56:00
3862057,2021,5th St,Farmer Ave,0.0,Intersection 4 Way 202,0.0,0.0,No Injury,Angle - Other Than Left Turn 2,Daylight,Clear,Dry,48.0,Male,West,Going Straight Ahead,No Improper Action,No Apparent Influence,No Apparent Influence,22.0,Male,South,Going Straight Ahead,No Improper Action,No Apparent Influence,No Apparent Influence,33.42547174,-111.9442945,2021-10-17,21:48:00
3849069,2021,Scottsdale Rd,Curry Rd,0.0,Intersection 4 Way 202,2.0,0.0,Possible Injury,Angle - Other Than Left Turn 2,Dark Lighted,Clear,Dry,21.0,Male,South,Going Straight Ahead,Disregarded Traffic Signal,No Apparent Influence,No Apparent Influence,28.0,Male,West,Going Straight Ahead,Unknown,No Apparent Influence,No Apparent Influence,33.44029348,-111.9263369,2021-10-18,03:57:00
3882718,2021,University Dr,Perry Ln,225.0,Not Junction Related,0.0,0.0,No Injury,U Turn,Daylight,Clear,Dry,19.0,Female,East,Making U Turn,Made Improper Turn,No Apparent Influence,No Apparent Influence,56.0,Female,East,Going Straight Ahead,No Improper Action,No Apparent Influence,No Apparent Influence,33.42205562,-111.9041322,2021-10-18,19:36:00
3837828,2021,McClintock Dr,Baseline Rd,0.0,Intersection 4 Way 202,0.0,0.0,No Injury,Angle - Other Than Left Turn 2,Dark Lighted,Clear,Dry,19.0,Male,North,Making Right Turn,Failed To Yield Right Of Way,No Apparent Influence,No Apparent Influence,20.0,Male,South,Making Left Turn,No Improper Action,No Apparent Influence,No Apparent Influence,33.37842427,-111.9092613,2021-10-20,01:34:00
3868480,2021,Rural Rd,6th St,0.0,Intersection 4 Way 202,2.0,0.0,Possible Injury,Left Turn,Dark Lighted,Clear,Dry,25.0,Male,North,Going Straight Ahead,Disregarded Traffic Signal,No Apparent Influence,No Apparent Influence,59.0,Male,South,Making Left Turn,No Improper Action,No Apparent Influence,No Apparent Influence,33.42449794,-111.926302,2021-10-20,02:27:00
3856696,2021,University Dr,Hardy Dr,188.0,Not Junction Related,1.0,0.0,Possible Injury,Rear End,Dark Lighted,Clear,Dry,22.0,Female,West,Going Straight Ahead,Speed To Fast For Conditions,Alcohol,No Apparent Influence,31.0,Male,West,Making Right Turn,No Improper Action,No Apparent Influence,No Apparent Influence,33.42190901,-111.9516074,2021-10-20,05:13:00
3849975,2021,Broadway Rd,River Dr,-150.0,Intersection Related 206,0.0,0.0,No Injury,Rear End,Daylight,Clear,Dry,18.0,Female,East,Going Straight Ahead,Speed To Fast For Conditions,No Apparent Influence,No Apparent Influence,33.0,Male,East,Stopped In Trafficway,No Improper Action,No Apparent Influence,No Apparent Influence,33.40749561,-111.89824,2021-10-20,21:22:00
3849970,2021,Ash Ave,Baseline Rd,0.0,Intersection 201,1.0,0.0,Possible Injury,Left Turn,Daylight,Clear,Dry,31.0,Female,South,Making Left Turn,Failed To Yield Right Of Way,No Apparent Influence,No Apparent Influence,50.0,Male,West,Going Straight Ahead,No Improper Action,No Apparent Influence,No Apparent Influence,33.37822069,-111.9415296,2021-10-20,22:54:00
3881179,2021,Baseline Rd,Rural Rd,-100.0,Intersection Related 206,0.0,0.0,No Injury,Rear End,Daylight,Clear,Dry,16.0,Male,East,Going Straight Ahead,Followed Too Closely,No Apparent Influence,No Apparent Influence,18.0,Female,East,Stopped In Trafficway,No Improper Action,No Apparent Influence,No Apparent Influence,33.37824737,-111.9290143,2021-10-20,23:58:00
3849948,2021,McClintock Dr,Don Carlos Ave,0.0,Intersection 4 Way 202,0.0,0.0,No Injury,Left Turn,Dusk,Clear,Dry,21.0,Female,North,Making Left Turn,Failed To Yield Right Of Way,No Apparent Influence,No Apparent Influence,26.0,Male,South,Going Straight Ahead,No Improper Action,No Apparent Influence,No Apparent Influence,33.41748004,-111.9091089,2021-10-21,00:15:00
3849984,2021,Scottsdale Rd,McKellips Rd,-115.0,Intersection Related 206,0.0,0.0,No Injury,Rear End,Dark Lighted,Clear,Dry,21.0,Male,North,Going Straight Ahead,Speed To Fast For Conditions,No Apparent Influence,No Apparent Influence,24.0,Female,North,Stopped In Trafficway,No Improper Action,No Apparent Influence,No Apparent Influence,33.45092487,-111.9264704,2021-10-21,01:06:00
3868351,2021,Broadway Rd,McClintock Dr,0.0,Intersection 4 Way 202,0.0,0.0,No Injury,Left Turn,Dark Lighted,Clear,Dry,20.0,Female,East,Making Left Turn,Failed To Yield Right Of Way,No Apparent Influence,No Apparent Influence,22.0,Male,West,Going Straight Ahead,No Improper Action,No Apparent Influence,No Apparent Influence,33.4075002,-111.909125,2021-10-21,01:43:00
3857561,2021,Mill Ave,University Dr,0.0,Intersection Related 206,0.0,0.0,No Injury,Rear End,Dark Lighted,Clear,Dry,32.0,Female,South,Going Straight Ahead,Speed To Fast For Conditions,Alcohol,No Apparent Influence,24.0,Male,South,Stopped In Trafficway,No Improper Action,No Apparent Influence,No Apparent Influence,33.42193478,-111.940017,2021-10-21,08:28:00
3849947,2021,McClintock Dr,Palmcroft Dr,0.0,Intersection T Inter 203,0.0,0.0,No Injury,Left Turn,Daylight,Clear,Dry,85.0,Male,Southwest,Making Left Turn,Unknown,No Apparent Influence,No Apparent Influence,30.0,Male,North,Going Straight Ahead,No Improper Action,No Apparent Influence,No Apparent Influence,33.40465873,-111.9091309,2021-10-21,17:45:00
3849952,2021,Rural Rd,Vista Del Cerro Dr,0.0,Intersection T Inter 203,0.0,0.0,No Injury,Left Turn,Daylight,Clear,Dry,19.0,Female,South,Making Left Turn,Failed To Yield Right Of Way,No Apparent Influence,No Apparent Influence,20.0,Female,North,Going Straight Ahead,No Improper Action,No Apparent Influence,No Apparent Influence,33.41012174,-111.9262842,2021-10-21,17:50:00
3839534,2021,McAllister Ave,Lemon St,0.0,Driveway Or Alley,0.0,0.0,No Injury,Angle - Other Than Left Turn 2,Daylight,Clear,Dry,69.0,Male,Northeast,Going Straight Ahead,Failed To Yield Right Of Way,No Apparent Influence,No Apparent Influence,19.0,Female,East,Going Straight Ahead,No Improper Action,No Apparent Influence,No Apparent Influence,33.41669955,-111.9293443,2021-10-21,20:06:00
3868481,2021,McClintock Dr,Apache Blvd,0.0,Driveway Or Alley,0.0,0.0,No Injury,Angle - Other Than Left Turn 2,Daylight,Clear,Dry,28.0,Female,West,Making Left Turn,Failed To Yield Right Of Way,No Apparent Influence,No Apparent Influence,47.0,Female,North,Going Straight Ahead,No Improper Action,No Apparent Influence,No Apparent Influence,33.41475998,-111.9091325,2021-10-22,00:11:00
3849969,2021,Mill Ave,Bonita Way,0.0,Not Junction Related,1.0,0.0,Possible Injury,Angle - Other Than Left Turn 2,Dark Lighted,Clear,Dry,27.0,Male,South,Making Left Turn,Failed To Yield Right Of Way,No Apparent Influence,No Apparent Influence,32.0,Female,North,Going Straight Ahead,No Improper Action,No Apparent Influence,No Apparent Influence,33.40866223,-111.9398512,2021-10-22,01:23:00
3840159,2021,Baseline Rd,Kyrene Rd,-20.0,Intersection T Inter 203,0.0,0.0,No Injury,Left Turn,Dark Lighted,Clear,Dry,29.0,Male,Southeast,Making Left Turn,Failed To Yield Right Of Way,Alcohol,Drugs,30.0,Female,West,Going Straight Ahead,No Improper Action,No Apparent Influence,No Apparent Influence,33.37819986,-111.9460541,2021-10-22,01:31:00
3849953,2021,University Dr,Park Ln,-65.0,Intersection Related 206,2.0,0.0,Suspected Minor Injury,Sideswipe Same Direction,Daylight,Clear,Dry,48.0,Female,West,Changing Lanes,Unsafe Lane Change,No Apparent Influence,No Apparent Influence,64.0,Female,West,Going Straight Ahead,No Improper Action,No Apparent Influence,No Apparent Influence,33.42191167,-111.9749016,2021-10-22,16:33:00
3868398,2021,Maple Ave,University Dr,-110.0,Intersection 201,0.0,0.0,No Injury,Rear End,Daylight,Clear,Dry,26.0,Female,North,Making Right Turn,Failed To Keep In Proper Lane,No Apparent Influence,No Apparent Influence,29.0,Male,North,Properly Parked,No Improper Action,No Apparent Influence,No Apparent Influence,33.42163145,-111.9412497,2021-10-22,18:55:00
3850048,2021,Guadalupe Rd,Country Club Way,0.0,Intersection 4 Way 202,2.0,0.0,Suspected Minor Injury,Left Turn,Daylight,Clear,Dry,21.0,Female,West,Going Straight Ahead,Disregarded Traffic Signal,No Apparent Influence,No Apparent Influence,71.0,Male,East,Making Left Turn,No Improper Action,No Apparent Influence,No Apparent Influence,33.36380279,-111.9026108,2021-10-22,23:34:00
3860196,2021,McClintock Dr,Don Carlos Ave,140.0,Not Junction Related,1.0,0.0,Suspected Minor Injury,Rear End,Dark Lighted,Clear,Dry,16.0,Male,South,Going Straight Ahead,Speed To Fast For Conditions,No Apparent Influence,No Apparent Influence,22.0,Female,South,Stopped In Trafficway,No Improper Action,No Apparent Influence,No Apparent Influence,33.41786447,-111.9091058,2021-10-23,01:55:00
3868357,2021,Broadway Rd,Encanto Dr,0.0,Driveway Or Alley,0.0,0.0,No Injury,Angle - Other Than Left Turn 2,Dark Lighted,Clear,Dry,54.0,Female,North,Making Left Turn,Other,Alcohol,No Apparent Influence,24.0,Male,East,Going Straight Ahead,No Improper Action,No Apparent Influence,No Apparent Influence,33.4074204,-111.9383003,2021-10-23,04:55:00
3862055,2021,Rio Salado Pkwy,Siesta Ln,65.0,Intersection 201,0.0,0.0,No Injury,Rear End,Dark Lighted,Clear,Dry,44.0,Male,East,Going Straight Ahead,Speed To Fast For Conditions,No Apparent Influence,No Apparent Influence,27.0,Male,East,Going Straight Ahead,No Improper Action,No Apparent Influence,No Apparent Influence,33.42936869,-111.8934053,2021-10-23,05:10:00
3849978,2021,Broadway Rd,Priest Dr,0.0,Intersection Non Interchange,1.0,0.0,Suspected Minor Injury,Angle - Other Than Left Turn 2,Daylight,Clear,Dry,42.0,Male,West,Going Straight Ahead,Disregarded Traffic Signal,Alcohol,No Apparent Influence,58.0,Female,South,Going Straight Ahead,No Improper Action,No Apparent Influence,No Apparent Influence,33.40742082,-111.9607805,2021-10-23,13:06:00
3861229,2021,Warner Rd,Los Feliz Dr,-25.0,Intersection Related 206,0.0,0.0,No Injury,Sideswipe Same Direction,Dark Lighted,Clear,Dry,28.0,Male,East,Going Straight Ahead,Unsafe Lane Change,No Apparent Influence,No Apparent Influence,80.0,Male,East,Going Straight Ahead,No Improper Action,No Apparent Influence,No Apparent Influence,33.33468107,-111.9063431,2021-10-24,01:17:00
3849078,2021,48th St,Southern Ave,150.0,Intersection Related 206,1.0,0.0,Possible Injury,Sideswipe Same Direction,Dark Lighted,Clear,Dry,62.0,Male,North,Going Straight Ahead,Unsafe Lane Change,Alcohol,No Apparent Influence,58.0,Female,North,Going Straight Ahead,No Improper Action,No Apparent Influence,No Apparent Influence,33.39317946,-111.9783387,2021-10-24,01:35:00
3930559,2021,University Dr,52nd St,0.0,Intersection 201,0.0,0.0,No Injury,Left Turn,Dark Lighted,Clear,Dry,28.0,Female,Northwest,Making Left Turn,Failed To Yield Right Of Way,No Apparent Influence,No Apparent Influence,23.0,Female,South,Going Straight Ahead,No Improper Action,No Apparent Influence,No Apparent Influence,33.42194304,-111.9695686,2021-10-24,01:52:00
3837794,2021,Mill Ave,University Dr,-50.0,Not Junction Related,1.0,0.0,Suspected Minor Injury,Rear End,Dark Lighted,Clear,Dry,23.0,Male,North,Backing,Other,No Apparent Influence,No Apparent Influence,20.0,Female,North,Stopped In Trafficway,No Improper Action,No Apparent Influence,No Apparent Influence,33.42179816,-111.940006,2021-10-24,07:39:00
3862061,2021,Scottsdale Rd,Playa Del Norte Dr,0.0,Not Junction Related,0.0,0.0,No Injury,Rear End,Daylight,Clear,Dry,30.0,Male,North,Overtaking Passing,Other,No Apparent Influence,No Apparent Influence,22.0,Male,North,Going Straight Ahead,No Improper Action,No Apparent Influence,No Apparent Influence,33.43258341,-111.9262708,2021-10-24,18:41:00
3849067,2021,McClintock Dr,Rio Salado Pkwy,150.0,Not Junction Related,0.0,0.0,No Injury,Rear End,Daylight,Clear,Dry,36.0,Male,North,Going Straight Ahead,Speed To Fast For Conditions,No Apparent Influence,No Apparent Influence,72.0,Male,North,Stopped In Trafficway,No Improper Action,No Apparent Influence,No Apparent Influence,33.4296733,-111.9090924,2021-10-24,22:56:00
3860193,2021,Mill Ave,Alameda Dr,-72.0,Intersection Related 206,2.0,0.0,Suspected Minor Injury,Rear End,Dark Lighted,Clear,Dry,35.0,Male,North,Making Left Turn,Failed To Yield Right Of Way,No Apparent Influence,No Apparent Influence,21.0,Male,South,Going Straight Ahead,No Improper Action,No Apparent Influence,No Apparent Influence,33.39991567,-111.9397041,2021-10-25,01:47:00
3837796,2021,Broadway Rd,Priest Dr,-98.0,Intersection Related 206,1.0,0.0,Possible Injury,Rear End,Dark Lighted,Clear,Dry,36.0,Male,East,Going Straight Ahead,Speed To Fast For Conditions,Alcohol,No Apparent Influence,28.0,Male,East,Stopped In Trafficway,No Improper Action,No Apparent Influence,No Apparent Influence,33.40742153,-111.9611015,2021-10-25,06:13:00
3889453,2021,Apache Blvd,Price Rd,200.0,Driveway Or Alley,0.0,0.0,No Injury,Rear End,Daylight,Clear,Dry,38.0,Male,West,Going Straight Ahead,Failed To Keep In Proper Lane,No Apparent Influence,Drugs,54.0,Male,West,Stopped In Trafficway,No Improper Action,No Apparent Influence,No Apparent Influence,33.41478762,-111.890078,2021-10-25,12:32:00
3849980,2021,5th St,Siesta Ln,-152.0,Driveway Or Alley,1.0,0.0,Possible Injury,Left Turn,Daylight,Clear,Dry,49.0,Male,West,Making Left Turn,Failed To Yield Right Of Way,No Apparent Influence,No Apparent Influence,50.0,Male,East,Going Straight Ahead,No Improper Action,No Apparent Influence,No Apparent Influence,33.42569049,-111.8941124,2021-10-25,18:31:00
3849981,2021,Mill Ave,Carter Dr,0.0,Intersection 4 Way 202,1.0,0.0,Suspected Minor Injury,Angle - Other Than Left Turn 2,Daylight,Clear,Dry,23.0,Female,East,Making Left Turn,Failed To Yield Right Of Way,No Apparent Influence,No Apparent Influence,24.0,Male,South,Going Straight Ahead,No Improper Action,No Apparent Influence,No Apparent Influence,33.38328349,-111.9394515,2021-10-25,23:32:00
3862066,2021,Lemon St,Stanley Pl,215.0,Driveway Or Alley,0.0,0.0,No Injury,Angle - Other Than Left Turn 2,Dark Lighted,Clear,Dry,20.0,Female,South,Backing,Other,No Apparent Influence,No Apparent Influence,24.0,Female,East,Improperly Parked,No Improper Action,No Apparent Influence,No Apparent Influence,33.41670987,-111.9198753,2021-10-26,01:03:00
3849982,2021,Elliot Rd,McClintock Dr,0.0,Intersection 4 Way 202,2.0,0.0,Possible Injury,Left Turn,Dark Lighted,Clear,Dry,21.0,Male,East,Making Left Turn,Failed To Yield Right Of Way,No Apparent Influence,No Apparent Influence,69.0,Female,West,Going Straight Ahead,No Improper Action,No Apparent Influence,No Apparent Influence,33.34912979,-111.9111874,2021-10-27,01:22:00
3868352,2021,University Dr,Ash Ave,0.0,Intersection 4 Way 202,0.0,0.0,No Injury,Left Turn,Dark Lighted,Clear,Dry,21.0,Male,East,Making Left Turn,Failed To Yield Right Of Way,No Apparent Influence,No Apparent Influence,28.0,Female,West,Going Straight Ahead,No Improper Action,No Apparent Influence,No Apparent Influence,33.42193187,-111.9423998,2021-10-28,01:51:00
3840179,2021,Baseline Rd,Lakeshore Dr,-72.0,Intersection Related 206,0.0,0.0,No Injury,Rear End,Daylight,Clear,Dry,63.0,Male,East,Going Straight Ahead,Speed To Fast For Conditions,No Apparent Influence,No Apparent Influence,23.0,Male,East,Stopped In Trafficway,No Improper Action,No Apparent Influence,No Apparent Influence,33.37832084,-111.9207381,2021-10-28,14:12:00
3840154,2021,Baseline Rd,Rural Rd,0.0,Intersection 4 Way 202,1.0,0.0,Possible Injury,Angle - Other Than Left Turn 2,Daylight,Clear,Dry,29.0,Female,North,Unknown,Disregarded Traffic Signal,No Apparent Influence,No Apparent Influence,64.0,Female,West,Going Straight Ahead,No Improper Action,No Apparent Influence,No Apparent Influence,33.37824921,-111.9286869,2021-10-28,14:55:00
3882252,2021,Baseline Rd,Darrow Dr,0.0,Intersection 4 Way 202,1.0,0.0,Possible Injury,Left Turn,Daylight,Clear,Dry,22.0,Male,Northeast,Making Left Turn,Failed To Yield Right Of Way,No Apparent Influence,No Apparent Influence,33.0,Male,West,Going Straight Ahead,No Improper Action,No Apparent Influence,No Apparent Influence,33.37824425,-111.9611298,2021-10-28,22:39:00
3861240,2021,Guadalupe Rd,McClintock Dr,0.0,Intersection 4 Way 202,0.0,0.0,No Injury,Left Turn,Dark Lighted,Clear,Dry,28.0,Male,East,Making Left Turn,Failed To Yield Right Of Way,No Apparent Influence,No Apparent Influence,35.0,Male,East,Going Straight Ahead,No Improper Action,No Apparent Influence,No Apparent Influence,33.36376447,-111.9112567,2021-10-29,01:27:00