Incident_ID,Year,Street_Name,Cross_Street,Distance,Junction_Relation,Total_Injuries,Total_Fatalities,Injury_Severity,Collision_Manner,Light_Condition,Weather,Surface_Condition,Age_1,Gender_1,Travel_One,UnitAction_One,Violation1_Drv1,AlcoholUse_ 1,DrugUse_1,Age_2,Gender_2,TravelDirection_2,UnitAction_2,Violation_2,AlcoholUse_2,DrugUse_2,Latitude,Longitude,Date,Time
3899273,2021,Guadalupe Rd,McClintock Dr,100.0,Not Junction Related,0.0,0.0,No Injury,Left Turn,Dark Lighted,Clear,Dry,22.0,Female,North,Making Left Turn,Failed To Yield Right Of Way,No Apparent Influence,No Apparent Influence,32.0,Male,East,Going Straight Ahead,No Improper Action,No Apparent Influence,No Apparent Influence,33.36375987,-111.9109295,2021-12-12,04:02:00
3899294,2021,Mill Ave,Hermosa Dr,170.0,Intersection Related 206,2.0,0.0,Suspected Minor Injury,Rear End,Daylight,Clear,Dry,62.0,Male,North,Going Straight Ahead,Other,No Apparent Influence,No Apparent Influence,24.0,Female,North,Going Straight Ahead,Other,No Apparent Influence,No Apparent Influence,33.38867486,-111.9395298,2021-12-12,15:55:00
3884314,2021,McClintock Dr,E Tempe Marketplace,-53.0,Intersection Related 206,1.0,0.0,Suspected Minor Injury,Rear End,Daylight,Clear,Dry,42.0,Male,North,Going Straight Ahead,Speed To Fast For Conditions,No Apparent Influence,No Apparent Influence,20.0,Female,North,Stopped In Trafficway,No Improper Action,No Apparent Influence,No Apparent Influence,33.43193938,-111.9092697,2021-12-12,21:06:00
3891711,2021,Mill Ave,Southern Ave,15.0,Intersection 4 Way 202,0.0,0.0,No Injury,Sideswipe Same Direction,Daylight,Clear,Dry,68.0,Female,South,Changing Lanes,Unsafe Lane Change,No Apparent Influence,No Apparent Influence,39.0,Female,South,Making Right Turn,No Improper Action,No Apparent Influence,No Apparent Influence,33.39290399,-111.9396048,2021-12-12,22:27:00
3887703,2021,McClintock Dr,Apache Blvd,30.0,Intersection Related 206,1.0,0.0,Suspected Minor Injury,Rear End,Dusk,Clear,Dry,40.0,Female,South,Going Straight Ahead,Followed Too Closely,Alcohol,No Apparent Influence,21.0,Male,South,Going Straight Ahead,No Improper Action,No Apparent Influence,No Apparent Influence,33.41484231,-111.9091324,2021-12-13,01:18:00
3888222,2021,Priest Dr,Manhatton Dr,0.0,Intersection T Inter 203,2.0,0.0,Possible Injury,Angle - Other Than Left Turn 2,Daylight,Cloudy,Dry,18.0,Male,West,Making Left Turn,Failed To Yield Right Of Way,No Apparent Influence,No Apparent Influence,51.0,Male,North,Going Straight Ahead,No Improper Action,No Apparent Influence,No Apparent Influence,33.38870687,-111.960883,2021-12-13,19:59:00
3899363,2021,McClintock Dr,Hayden Ln,0.0,Intersection T Inter 203,2.0,0.0,Suspected Minor Injury,Angle - Other Than Left Turn 2,Daylight,Clear,Dry,29.0,Male,West,Making Right Turn,Failed To Yield Right Of Way,No Apparent Influence,No Apparent Influence,21.0,Female,North,Going Straight Ahead,No Improper Action,No Apparent Influence,No Apparent Influence,33.41898273,-111.9090996,2021-12-13,20:44:00
3887697,2021,Hardy Dr,Baseline Rd,180.0,Intersection Related 206,1.0,0.0,Possible Injury,Rear End,Daylight,Clear,Dry,31.0,Male,South,Going Straight Ahead,Followed Too Closely,No Apparent Influence,No Apparent Influence,33.0,Female,South,Stopped In Trafficway,No Improper Action,No Apparent Influence,No Apparent Influence,33.37870793,-111.9525028,2021-12-13,22:55:00
3892093,2021,Kyrene Rd,Baseline Rd,0.0,Not Junction Related,2.0,0.0,Suspected Minor Injury,Rear End,Dark Lighted,Clear,Dry,31.0,Female,North,Going Straight Ahead,Followed Too Closely,No Apparent Influence,No Apparent Influence,60.0,Female,North,Slowing In Trafficway,No Improper Action,No Apparent Influence,No Apparent Influence,33.37819996,-111.9459885,2021-12-14,00:49:00
3892066,2021,Price Rd,University Dr,-100.0,Intersection Related 206,1.0,0.0,Possible Injury,Rear End,Dark Lighted,Clear,Dry,35.0,Male,South,Going Straight Ahead,Followed Too Closely,No Apparent Influence,No Apparent Influence,24.0,Female,South,Slowing In Trafficway,No Improper Action,No Apparent Influence,No Apparent Influence,33.42173694,-111.8919611,2021-12-14,01:29:00
3868468,2021,Rural Rd,Guadalupe Rd,-92.0,Not Junction Related,0.0,0.0,No Injury,Rear End,Daylight,Clear,Dry,73.0,Female,South,Going Straight Ahead,Speed To Fast For Conditions,No Apparent Influence,No Apparent Influence,73.0,Male,South,Stopped In Trafficway,No Improper Action,No Apparent Influence,No Apparent Influence,33.36350002,-111.9286021,2021-12-14,17:54:00
3868755,2021,Broadway Rd,48th St,35.0,Intersection Related 206,0.0,0.0,No Injury,Sideswipe Same Direction,Daylight,Clear,Dry,42.0,Male,East,Other,Other,No Apparent Influence,No Apparent Influence,22.0,Female,East,Going Straight Ahead,No Improper Action,No Apparent Influence,No Apparent Influence,33.40732652,-111.9781731,2021-12-14,21:36:00
3889493,2021,McClintock Dr,Minton Dr,36.0,Intersection Related 206,2.0,0.0,Suspected Minor Injury,Rear End,Dusk,Clear,Dry,75.0,Female,South,Going Straight Ahead,Speed To Fast For Conditions,No Apparent Influence,No Apparent Influence,28.0,Female,South,Slowing In Trafficway,No Improper Action,No Apparent Influence,No Apparent Influence,33.38193208,-111.909235,2021-12-14,23:22:00
3918471,2021,Rural Rd,US-60 Exit 174 G-Ramp,-193.0,Not Junction Related,0.0,0.0,No Injury,Rear End,Daylight,Clear,Dry,59.0,Male,North,Going Straight Ahead,Other,No Apparent Influence,No Apparent Influence,33.0,Female,North,Going Straight Ahead,No Improper Action,No Apparent Influence,No Apparent Influence,33.38449131,-111.9264938,2021-12-15,15:21:00
3891733,2021,Southern Ave,Fair Ln,-115.0,Driveway Or Alley,2.0,0.0,Possible Injury,Left Turn,Daylight,Clear,Dry,69.0,Female,East,Making Left Turn,Failed To Yield Right Of Way,No Apparent Influence,No Apparent Influence,44.0,Male,West,Going Straight Ahead,No Improper Action,No Apparent Influence,No Apparent Influence,33.39277787,-111.9763833,2021-12-15,22:38:00
3923862,2021,Heather Dr,Manhatton Dr,0.0,Intersection 201,0.0,0.0,No Injury,Angle - Other Than Left Turn 2,Dark Not Lighted,Clear,Dry,58.0,Female,West,Making Right Turn,Ran Stop Sign,No Apparent Influence,No Apparent Influence,34.0,Female,North,Going Straight Ahead,No Improper Action,No Apparent Influence,No Apparent Influence,33.38879239,-111.9075435,2021-12-16,05:03:00
3892078,2021,Warner Rd,Jewell St,-114.0,Not Junction Related,0.0,0.0,No Injury,Sideswipe Same Direction,Dark Lighted,Clear,Dry,21.0,Female,North,Going Straight Ahead,Followed Too Closely,No Apparent Influence,No Apparent Influence,57.0,Male,North,Stopped In Trafficway,No Improper Action,No Apparent Influence,No Apparent Influence,33.33451974,-111.9686681,2021-12-17,01:00:00
3899312,2021,Scottsdale Rd,Curry Rd,220.0,Intersection Related 206,1.0,0.0,Possible Injury,Sideswipe Same Direction,Dark Lighted,Clear,Dry,19.0,Female,South,Going Straight Ahead,Speed To Fast For Conditions,No Apparent Influence,No Apparent Influence,29.0,Female,South,Stopped In Trafficway,No Improper Action,No Apparent Influence,No Apparent Influence,33.44089704,-111.9263498,2021-12-17,01:15:00
3889577,2021,Rio Salado Pkwy,Ash Ave,0.0,Intersection 201,0.0,0.0,No Injury,Sideswipe Same Direction,Dark Lighted,Clear,Dry,79.0,Female,Southwest,Negotiating A Curve,Failed To Yield Right Of Way,No Apparent Influence,No Apparent Influence,20.0,Female,Southwest,Negotiating A Curve,No Improper Action,No Apparent Influence,No Apparent Influence,33.43154091,-111.9434079,2021-12-17,04:42:00
3892102,2021,Elliot Rd,Hardy Dr,-150.0,Intersection Related 206,0.0,0.0,No Injury,Sideswipe Same Direction,Daylight,Clear,Dry,35.0,Male,East,Going Straight Ahead,Unknown,No Apparent Influence,No Apparent Influence,65.0,Male,East,Going Straight Ahead,Unknown,No Apparent Influence,No Apparent Influence,33.3491533,-111.9549715,2021-12-17,17:09:00
3889570,2021,Broadway Rd,River Dr,-141.0,Not Junction Related,1.0,0.0,Possible Injury,Sideswipe Same Direction,Dark Lighted,Clear,Dry,29.0,Male,East,Going Straight Ahead,Unsafe Lane Change,No Apparent Influence,No Apparent Influence,22.0,Male,East,Going Straight Ahead,No Improper Action,No Apparent Influence,No Apparent Influence,33.40749561,-111.8982105,2021-12-18,04:19:00
3888565,2021,McClintock Dr,Guadalupe Rd,0.0,Intersection 4 Way 202,2.0,0.0,Suspected Minor Injury,Left Turn,Daylight,Clear,Dry,27.0,Male,South,Going Straight Ahead,Disregarded Traffic Signal,No Apparent Influence,No Apparent Influence,75.0,Male,North,Making Left Turn,Failed To Yield Right Of Way,No Apparent Influence,No Apparent Influence,33.36376447,-111.9112568,2021-12-18,16:31:00
3899370,2021,Mill Ave,Rio Salado Pkwy,-20.0,Intersection Related 206,2.0,0.0,Possible Injury,Rear End,Daylight,Clear,Dry,22.0,Male,North,Going Straight Ahead,Followed Too Closely,No Apparent Influence,No Apparent Influence,35.0,Male,North,Stopped In Trafficway,No Improper Action,No Apparent Influence,No Apparent Influence,33.4295706,-111.9400422,2021-12-18,20:11:00
3888563,2021,Anozira Pkwys,Chilton Dr,0.0,Intersection T Inter 203,0.0,0.0,No Injury,Left Turn,Daylight,Clear,Dry,20.0,Female,West,Making Left Turn,Other,No Apparent Influence,No Apparent Influence,30.0,Male,North,Going Straight Ahead,No Improper Action,No Apparent Influence,No Apparent Influence,33.35223677,-111.9096626,2021-12-18,23:26:00
3899271,2021,Washington St,Priest Dr,-100.0,Intersection Related 206,0.0,0.0,No Injury,Sideswipe Same Direction,Daylight,Clear,Dry,31.0,Female,East,Going Straight Ahead,Speed To Fast For Conditions,No Apparent Influence,No Apparent Influence,64.0,Female,East,Stopped In Trafficway,No Improper Action,No Apparent Influence,No Apparent Influence,33.4428415,-111.9568063,2021-12-18,23:27:00
3887728,2021,Baseline Rd,Hardy Dr,150.0,Intersection Related 206,0.0,0.0,No Injury,Sideswipe Same Direction,Unknown 51,Unknown,Dry,49.0,Male,West,Changing Lanes,Unsafe Lane Change,No Apparent Influence,No Apparent Influence,28.0,Female,West,Slowing In Trafficway,No Improper Action,No Apparent Influence,No Apparent Influence,33.37821157,-111.9520214,2021-12-19,01:16:00
3889465,2021,University Dr,Myrtle Ave,0.0,Intersection 4 Way 202,1.0,0.0,Suspected Minor Injury,Angle - Other Than Left Turn 2,Dark Lighted,Clear,Dry,22.0,Female,South,Making Left Turn,Disregarded Traffic Signal,No Apparent Influence,No Apparent Influence,20.0,Female,West,Going Straight Ahead,No Improper Action,No Apparent Influence,No Apparent Influence,33.42194745,-111.9381562,2021-12-19,06:46:00
3889557,2021,McClintock Dr,Campus Dr,-45.0,Intersection Related 206,2.0,0.0,Possible Injury,Rear End,Dusk,Clear,Dry,28.0,Female,North,Going Straight Ahead,Speed To Fast For Conditions,No Apparent Influence,No Apparent Influence,50.0,Male,North,Going Straight Ahead,No Improper Action,No Apparent Influence,No Apparent Influence,33.39822818,-111.9091299,2021-12-20,00:18:00
3899365,2021,Broadway Rd,55th St,-37.0,Intersection Related 206,1.0,0.0,Possible Injury,Rear End,Daylight,Clear,Dry,22.0,Male,East,Going Straight Ahead,Followed Too Closely,No Apparent Influence,Drugs,59.0,Male,East,Stopped In Trafficway,No Improper Action,No Apparent Influence,No Apparent Influence,33.40760462,-111.9659394,2021-12-20,21:05:00
3899344,2021,Elliot Rd,Jentilly Ln,130.0,Driveway Or Alley,1.0,0.0,Suspected Minor Injury,Left Turn,Daylight,Clear,Dry,73.0,Female,West,Making Left Turn,Failed To Yield Right Of Way,No Apparent Influence,No Apparent Influence,18.0,Female,East,Going Straight Ahead,No Improper Action,No Apparent Influence,No Apparent Influence,33.34917646,-111.9264147,2021-12-20,21:08:00
3888561,2021,Warner Rd,Jewell St,0.0,Intersection 4 Way 202,1.0,0.0,Possible Injury,Left Turn,Daylight,Clear,Dry,51.0,Male,East,Making Left Turn,Failed To Yield Right Of Way,No Apparent Influence,No Apparent Influence,21.0,Male,West,Going Straight Ahead,No Improper Action,No Apparent Influence,No Apparent Influence,33.3345274,-111.9682956,2021-12-20,22:35:00
3899351,2021,College Ave,Cairo Dr,120.0,Not Junction Related,0.0,0.0,No Injury,Rear End,Daylight,Clear,Dry,28.0,Female,South,Going Straight Ahead,Unknown,No Apparent Influence,No Apparent Influence,32.0,Male,Unknown,Unknown,Unknown,No Apparent Influence,No Apparent Influence,33.39833389,-111.9349156,2021-12-20,23:14:00
3888560,2021,Baseline Rd,Wendler Dr,0.0,Intersection T Inter 203,0.0,0.0,No Injury,Left Turn,Dark Lighted,Clear,Dry,23.0,Male,West,Going Straight Ahead,Ran Stop Sign,No Apparent Influence,No Apparent Influence,79.0,Male,South,Making Left Turn,No Improper Action,No Apparent Influence,No Apparent Influence,33.37825837,-111.9697859,2021-12-21,13:18:00
3899305,2021,Scottsdale Rd,McKellips Rd,0.0,Intersection 201,1.0,0.0,Suspected Minor Injury,Left Turn,Daylight,Cloudy,Dry,69.0,Female,South,Changing Lanes,Disregarded Traffic Signal,No Apparent Influence,No Apparent Influence,27.0,Female,East,Going Straight Ahead,No Improper Action,No Apparent Influence,No Apparent Influence,33.45124082,-111.9264677,2021-12-21,18:06:00
3891687,2021,Priest Dr,Todd Dr,-88.0,Intersection Related 206,2.0,0.0,Possible Injury,Sideswipe Same Direction,Daylight,Clear,Dry,69.0,Male,North,Making U Turn,Other,No Apparent Influence,No Apparent Influence,30.0,Female,North,Going Straight Ahead,No Improper Action,No Apparent Influence,No Apparent Influence,33.35250882,-111.9631645,2021-12-21,20:21:00
3899311,2021,La Rosa Dr,Guadalupe Rd,0.0,Intersection T Inter 203,1.0,0.0,Possible Injury,Angle - Other Than Left Turn 2,Dusk,Clear,Dry,34.0,Male,South,Going Straight Ahead,Failed To Yield Right Of Way,No Apparent Influence,No Apparent Influence,25.0,Male,West,Going Straight Ahead,No Improper Action,No Apparent Influence,No Apparent Influence,33.36375074,-111.9307749,2021-12-22,00:42:00
3889581,2021,Baseline Rd,Wendler Dr,-90.0,Not Junction Related,0.0,0.0,No Injury,Sideswipe Same Direction,Dark Lighted,Clear,Dry,47.0,Female,West,Unknown,Unknown,No Apparent Influence,No Apparent Influence,63.0,Female,West,Unknown,Unknown,No Apparent Influence,No Apparent Influence,33.37825232,-111.9700802,2021-12-22,03:11:00
3891750,2021,Rural Rd,Guadalupe Rd,0.0,Intersection Related 206,1.0,0.0,Suspected Minor Injury,Angle - Other Than Left Turn 2,Dark Lighted,Clear,Dry,26.0,Female,West,Making Left Turn,Aggressive Driving,No Apparent Influence,No Apparent Influence,40.0,Male,East,Going Straight Ahead,No Improper Action,No Apparent Influence,No Apparent Influence,33.36375267,-111.928605,2021-12-22,04:35:00
3899368,2021,48th St,Alameda Dr,0.0,Intersection 4 Way 202,0.0,0.0,No Injury,Left Turn,Daylight,Clear,Dry,27.0,Male,North,Going Straight Ahead,Disregarded Traffic Signal,No Apparent Influence,No Apparent Influence,22.0,Female,South,Making Left Turn,No Improper Action,No Apparent Influence,No Apparent Influence,33.40004917,-111.9783117,2021-12-22,19:30:00
3899350,2021,Elliot Rd,Harl Ave,0.0,Intersection 4 Way 202,2.0,0.0,Suspected Minor Injury,Left Turn,Daylight,Clear,Dry,69.0,Female,West,Going Straight Ahead,Disregarded Traffic Signal,No Apparent Influence,No Apparent Influence,36.0,Female,East,Making Left Turn,No Improper Action,No Apparent Influence,No Apparent Influence,33.34908149,-111.9659281,2021-12-22,20:56:00
3899310,2021,Southern Ave,Terrace Rd,0.0,Intersection 4 Way 202,2.0,0.0,Possible Injury,Left Turn,Daylight,Clear,Dry,84.0,Female,East,Making Left Turn,Failed To Yield Right Of Way,No Apparent Influence,No Apparent Influence,35.0,Female,West,Going Straight Ahead,No Improper Action,No Apparent Influence,No Apparent Influence,33.39296326,-111.9230258,2021-12-22,20:57:00
3899369,2021,Rural Rd,Broadway Rd,0.0,Intersection 4 Way 202,1.0,0.0,Possible Injury,Left Turn,Daylight,Cloudy,Dry,66.0,Male,South,Making Left Turn,Unknown,No Apparent Influence,No Apparent Influence,41.0,Female,North,Going Straight Ahead,Unknown,No Apparent Influence,No Apparent Influence,33.40750182,-111.9262829,2021-12-22,22:03:00
3888557,2021,Southern Ave,McClintock Dr,153.0,Not Junction Related,0.0,0.0,No Injury,Sideswipe Same Direction,Daylight,Cloudy,Dry,83.0,Female,West,Going Straight Ahead,Unknown,No Apparent Influence,No Apparent Influence,47.0,Female,West,Other,Unknown,No Apparent Influence,No Apparent Influence,33.39298963,-111.9086256,2021-12-22,22:08:00
3889578,2021,McClintock Dr,Rio Salado Pkwy,85.0,Driveway Or Alley,0.0,0.0,No Injury,Left Turn,Daylight,Clear,Dry,24.0,Male,South,Making Left Turn,Failed To Yield Right Of Way,No Apparent Influence,No Apparent Influence,48.0,Male,North,Going Straight Ahead,No Improper Action,No Apparent Influence,No Apparent Influence,33.42949569,-111.9090783,2021-12-22,23:40:00
3911349,2021,Washington St,Center Pkwy,25.0,Intersection Related 206,0.0,0.0,No Injury,Rear End,Dark Lighted,Cloudy,Dry,22.0,Female,West,Going Straight Ahead,Speed To Fast For Conditions,Alcohol,No Apparent Influence,26.0,Female,West,Going Straight Ahead,No Improper Action,Alcohol,No Apparent Influence,33.43927665,-111.9487568,2021-12-23,05:17:00
3892052,2021,Priest Dr,Manhatton Dr,0.0,Intersection T Inter 203,2.0,0.0,Possible Injury,Angle - Other Than Left Turn 2,Daylight,Cloudy,Dry,18.0,Male,West,Making Left Turn,Ran Stop Sign,No Apparent Influence,No Apparent Influence,61.0,Female,North,Going Straight Ahead,No Improper Action,No Apparent Influence,No Apparent Influence,33.38870687,-111.960883,2021-12-23,14:46:00
3882314,2021,Elliot Rd,Harl Ave,0.0,Intersection 4 Way 202,0.0,0.0,No Injury,Left Turn,Daylight,Clear,Dry,23.0,Male,West,Making Left Turn,Failed To Yield Right Of Way,No Apparent Influence,No Apparent Influence,37.0,Male,East,Going Straight Ahead,No Improper Action,No Apparent Influence,No Apparent Influence,33.34908149,-111.9659281,2021-12-23,17:12:00
3891706,2021,McClintock Dr,Apache Blvd,-110.0,Not Junction Related,0.0,0.0,No Injury,Sideswipe Same Direction,Daylight,Clear,Dry,48.0,Male,South,Changing Lanes,Unsafe Lane Change,No Apparent Influence,No Apparent Influence,32.0,Male,South,Going Straight Ahead,No Improper Action,No Apparent Influence,No Apparent Influence,33.4144577,-111.9091319,2021-12-23,23:18:00
3891667,2021,Guadalupe Rd,All America Way,-188.0,Not Junction Related,0.0,0.0,No Injury,Rear End,Daylight,Clear,Dry,27.0,Female,West,Going Straight Ahead,Speed To Fast For Conditions,No Apparent Influence,No Apparent Influence,43.0,Female,West,Going Straight Ahead,No Improper Action,No Apparent Influence,No Apparent Influence,33.36371143,-111.9372602,2021-12-23,23:57:00
3888559,2021,Country Club Way,Broadway Rd,170.0,Not Junction Related,1.0,0.0,Possible Injury,Angle - Other Than Left Turn 2,Dark Lighted,Clear,Dry,36.0,Male,North,Overtaking Passing,Other,No Apparent Influence,No Apparent Influence,26.0,Female,North,Making Left Turn,No Improper Action,No Apparent Influence,No Apparent Influence,33.40795553,-111.9005192,2021-12-24,01:33:00
3918454,2021,Baseline Rd,Priest Dr,-212.0,Not Junction Related,0.0,0.0,No Injury,Rear End,Dark Lighted,Clear,Dry,50.0,Male,West,Going Straight Ahead,Speed To Fast For Conditions,No Apparent Influence,No Apparent Influence,28.0,Male,West,Going Straight Ahead,No Improper Action,No Apparent Influence,No Apparent Influence,33.37824531,-111.9638693,2021-12-24,04:02:00
3891732,2021,Baseline Rd,Calle Los Cerros,125.0,Intersection Related 206,0.0,0.0,No Injury,Rear End,Dark Lighted,Clear,Dry,18.0,Female,West,Going Straight Ahead,Speed To Fast For Conditions,No Apparent Influence,No Apparent Influence,21.0,Male,West,Slowing In Trafficway,No Improper Action,No Apparent Influence,No Apparent Influence,33.37821171,-111.9736789,2021-12-24,04:36:00
3930550,2021,Southern Ave,George Dr,0.0,Intersection 201,0.0,0.0,No Injury,Left Turn,Daylight,Clear,Dry,26.0,Female,Northeast,Making Left Turn,Failed To Yield Right Of Way,No Apparent Influence,No Apparent Influence,34.0,Female,West,Going Straight Ahead,No Improper Action,No Apparent Influence,No Apparent Influence,33.39301035,-111.8876933,2021-12-24,21:15:00
3907685,2021,McClintock Dr,Warner Rd,0.0,Intersection 4 Way 202,2.0,0.0,Suspected Minor Injury,Left Turn,Dusk,Rain,Wet,22.0,Male,North,Making Left Turn,Failed To Yield Right Of Way,No Apparent Influence,No Apparent Influence,65.0,Male,South,Going Straight Ahead,No Improper Action,No Apparent Influence,No Apparent Influence,33.33464293,-111.9111771,2021-12-25,00:12:00
3900774,2021,Mill Ave,Southern Ave,75.0,Not Junction Related,0.0,0.0,No Injury,Rear End,Dark Lighted,Rain,Wet,74.0,Male,South,Going Straight Ahead,Speed To Fast For Conditions,No Apparent Influence,No Apparent Influence,36.0,Male,South,Stopped In Trafficway,No Improper Action,No Apparent Influence,No Apparent Influence,33.39306864,-111.9396084,2021-12-25,01:09:00
3888556,2021,Hardy Dr,Southern Ave,0.0,Intersection 4 Way 202,0.0,0.0,No Injury,Rear End,Dark Lighted,Cloudy,Wet,20.0,Male,South,Going Straight Ahead,Speed To Fast For Conditions,No Apparent Influence,No Apparent Influence,31.0,Female,South,Slowing In Trafficway,No Improper Action,No Apparent Influence,No Apparent Influence,33.39285776,-111.9519838,2021-12-25,02:36:00
3910922,2021,Baseline Rd,Hardy Dr,0.0,Intersection 4 Way 202,1.0,0.0,Suspected Minor Injury,Left Turn,Daylight,Cloudy,Dry,39.0,Male,Northeast,Making Left Turn,Failed To Yield Right Of Way,No Apparent Influence,No Apparent Influence,23.0,Male,West,Slowing In Trafficway,No Improper Action,No Apparent Influence,No Apparent Influence,33.37821354,-111.9525127,2021-12-25,20:25:00
3899806,2021,Grove Pkwy,Hardy Dr,0.0,Intersection T Inter 203,0.0,0.0,No Injury,Angle - Other Than Left Turn 2,Daylight,Clear,Dry,41.0,Male,North,Going Straight Ahead,Failed To Yield Right Of Way,No Apparent Influence,No Apparent Influence,50.0,Female,East,Going Straight Ahead,No Improper Action,No Apparent Influence,No Apparent Influence,33.35479743,-111.9544857,2021-12-26,17:14:00
3889574,2021,Maryland Dr,George Dr,-115.0,Other,0.0,0.0,No Injury,Sideswipe Same Direction,Daylight,Clear,Dry,21.0,Female,South,Other,Failed To Keep In Proper Lane,No Apparent Influence,No Apparent Influence,24.0,Female,South,Properly Parked,No Improper Action,No Apparent Influence,No Apparent Influence,33.42025563,-111.8878202,2021-12-26,19:15:00
3889551,2021,Rio Salado Pkwy,River Dr,-15.0,Intersection Related 206,1.0,0.0,Suspected Minor Injury,Rear End,Dusk,Clear,Dry,48.0,Male,West,Going Straight Ahead,Speed To Fast For Conditions,No Apparent Influence,No Apparent Influence,52.0,Female,West,Going Straight Ahead,No Improper Action,No Apparent Influence,No Apparent Influence,33.42936139,-111.8953814,2021-12-27,00:10:00
3920632,2021,Baseline Rd,Darrow Dr,60.0,Not Junction Related,0.0,0.0,No Injury,Rear End,Dark Lighted,Clear,Dry,53.0,Male,West,Going Straight Ahead,Failed To Yield Right Of Way,No Apparent Influence,No Apparent Influence,41.0,Female,West,Going Straight Ahead,Unknown,Alcohol,No Apparent Influence,33.3782438,-111.9609333,2021-12-27,04:56:00
3887720,2021,Mill Ave,Balboa Dr,-90.0,Intersection Related 206,0.0,0.0,No Injury,Sideswipe Same Direction,Daylight,Cloudy,Dry,29.0,Male,North,Changing Lanes,Unsafe Lane Change,No Apparent Influence,No Apparent Influence,20.0,Female,North,Going Straight Ahead,No Improper Action,No Apparent Influence,No Apparent Influence,33.39908779,-111.939688,2021-12-27,17:36:00
3891708,2021,Baseline Rd,Mill Ave,-65.0,Intersection Related 206,0.0,0.0,No Injury,Sideswipe Same Direction,Daylight,Cloudy,Dry,37.0,Female,East,Making Left Turn,Unknown,No Apparent Influence,No Apparent Influence,58.0,Male,East,Stopped In Trafficway,Unknown,No Apparent Influence,No Apparent Influence,33.37821674,-111.9395781,2021-12-27,18:29:00
3889456,2021,Baseline Rd,Pointe Pkwy,0.0,Intersection 4 Way 202,0.0,0.0,No Injury,Left Turn,Dark Lighted,Cloudy,Dry,17.0,Male,West,Making Left Turn,Unknown,No Apparent Influence,No Apparent Influence,30.0,Male,West,Making Left Turn,Unknown,No Apparent Influence,No Apparent Influence,33.37821687,-111.9719949,2021-12-28,03:22:00
3887693,2021,Broadway Rd,Ventura Dr,0.0,Not Junction Related,1.0,0.0,Suspected Minor Injury,Angle - Other Than Left Turn 2,Daylight,Cloudy,Dry,24.0,Male,South,Making Left Turn,Failed To Yield Right Of Way,No Apparent Influence,No Apparent Influence,22.0,Male,West,Going Straight Ahead,No Improper Action,No Apparent Influence,No Apparent Influence,33.40748202,-111.9301199,2021-12-28,20:00:00
3892056,2021,Spence Ave,Jentilly Ln,-185.0,Driveway Or Alley,1.0,0.0,Suspected Minor Injury,Angle - Other Than Left Turn 2,Dark Lighted,Cloudy,Dry,28.0,Male,North,Going Straight Ahead,Failed To Yield Right Of Way,No Apparent Influence,No Apparent Influence,18.0,Male,East,Going Straight Ahead,No Improper Action,No Apparent Influence,No Apparent Influence,33.41286926,-111.9238623,2021-12-29,01:09:00
3918472,2021,University Dr,52nd St,-35.0,Intersection Related 206,0.0,0.0,No Injury,Angle - Other Than Left Turn 2,Dark Lighted,Clear,Dry,56.0,Male,West,Making Right Turn,Failed To Yield Right Of Way,No Apparent Influence,No Apparent Influence,21.0,Male,West,Going Straight Ahead,No Improper Action,No Apparent Influence,No Apparent Influence,33.4219425,-111.9696832,2021-12-29,03:43:00
3891685,2021,Scottsdale Rd,McKellips Rd,0.0,Intersection 4 Way 202,1.0,0.0,Possible Injury,Left Turn,Dawn,Cloudy,Wet,28.0,Female,Northeast,Making Left Turn,Failed To Yield Right Of Way,No Apparent Influence,No Apparent Influence,54.0,Male,West,Going Straight Ahead,No Improper Action,No Apparent Influence,No Apparent Influence,33.45124082,-111.9264677,2021-12-29,14:03:00
3889458,2021,Baseline Rd,Hardy Dr,0.0,Intersection 4 Way 202,2.0,0.0,Suspected Minor Injury,Left Turn,Daylight,Clear,Dry,48.0,Female,West,Making Left Turn,Failed To Yield Right Of Way,No Apparent Influence,No Apparent Influence,30.0,Male,East,Going Straight Ahead,No Improper Action,No Apparent Influence,No Apparent Influence,33.37821354,-111.9525127,2021-12-29,23:07:00
3891688,2021,Rio Salado Pkwy,1st St,0.0,Intersection T Inter 203,0.0,0.0,No Injury,Angle - Other Than Left Turn 2,Dark Lighted,Clear,Dry,31.0,Male,North,Making Left Turn,Failed To Yield Right Of Way,No Apparent Influence,No Apparent Influence,28.0,Male,West,Going Straight Ahead,No Improper Action,No Apparent Influence,No Apparent Influence,33.43018301,-111.9594868,2021-12-30,03:26:00
3891743,2021,Priest Dr,Darrow Dr,0.0,Intersection 4 Way 202,1.0,0.0,Suspected Minor Injury,Left Turn,Daylight,Cloudy,Dry,29.0,Male,South,Going Straight Ahead,Disregarded Traffic Signal,No Apparent Influence,No Apparent Influence,62.0,Male,North,Making Left Turn,No Improper Action,No Apparent Influence,No Apparent Influence,33.38067468,-111.9615884,2021-12-30,19:32:00
3888558,2021,Scottsdale Rd,Curry Rd,82.0,Intersection Related 206,0.0,0.0,No Injury,Rear End,Daylight,Clear,Dry,30.0,Male,South,Going Straight Ahead,Followed Too Closely,No Apparent Influence,No Apparent Influence,22.0,Male,South,Stopped In Trafficway,No Improper Action,No Apparent Influence,No Apparent Influence,33.44051865,-111.9263376,2021-12-30,20:14:00