Incident_ID,Year,Street_Name,Cross_Street,Distance,Junction_Relation,Total_Injuries,Total_Fatalities,Injury_Severity,Collision_Manner,Light_Condition,Weather,Surface_Condition,Age_1,Gender_1,Travel_One,UnitAction_One,Violation1_Drv1,AlcoholUse_ 1,DrugUse_1,Age_2,Gender_2,TravelDirection_2,UnitAction_2,Violation_2,AlcoholUse_2,DrugUse_2,Latitude,Longitude,Date,Time
3935798,2022,Apache Blvd,Price Rd,0.0,Intersection 4 Way 202,2.0,0.0,Possible Injury,Angle - Other Than Left Turn 2,Daylight,Clear,Dry,45.0,Male,East,Going Straight Ahead,Disregarded Traffic Signal,No Apparent Influence,No Apparent Influence,34.0,Female,North,Making Left Turn,No Improper Action,No Apparent Influence,No Apparent Influence,33.41479117,-111.8907333,2022-04-06,21:36:00
3935045,2022,Rural Rd,Laguna Dr,0.0,Not Junction Related,0.0,0.0,No Injury,Rear End,Daylight,Clear,Dry,30.0,Male,North,Going Straight Ahead,Failed To Keep In Proper Lane,No Apparent Influence,No Apparent Influence,42.0,Female,North,Stopped In Trafficway,No Improper Action,No Apparent Influence,No Apparent Influence,33.39017342,-111.9263946,2022-04-06,22:00:00
3935012,2022,Southern Ave,Roosevelt St,0.0,Intersection Related 206,1.0,0.0,Possible Injury,Sideswipe Same Direction,Daylight,Clear,Dry,30.0,Male,East,Changing Lanes,Unsafe Lane Change,No Apparent Influence,No Apparent Influence,49.0,Female,East,Going Straight Ahead,No Improper Action,No Apparent Influence,No Apparent Influence,33.39284564,-111.9478283,2022-04-07,00:53:00
3935007,2022,Baseline Rd,Pointe Pkwy,20.0,Intersection Related 206,0.0,0.0,No Injury,Rear End,Daylight,Clear,Dry,27.0,Male,East,Slowing In Trafficway,Followed Too Closely,No Apparent Influence,No Apparent Influence,21.0,Female,East,Slowing In Trafficway,No Improper Action,No Apparent Influence,No Apparent Influence,33.37821762,-111.9719295,2022-04-07,01:23:00
3954387,2022,Southern Ave,Priest Dr,98.0,Not Junction Related,0.0,0.0,No Injury,Sideswipe Same Direction,Daylight,Clear,Dry,24.0,Male,East,Going Straight Ahead,Followed Too Closely,No Apparent Influence,No Apparent Influence,43.0,Female,East,Stopped In Trafficway,No Improper Action,No Apparent Influence,No Apparent Influence,33.39288159,-111.960449,2022-04-07,13:54:00
3935014,2022,McClintock Dr,Elliot Rd,180.0,Not Junction Related,0.0,0.0,No Injury,Sideswipe Same Direction,Daylight,Clear,Dry,82.0,Male,North,Changing Lanes,Unsafe Lane Change,No Apparent Influence,No Apparent Influence,45.0,Female,North,Going Straight Ahead,No Improper Action,No Apparent Influence,No Apparent Influence,33.34962404,-111.91121,2022-04-07,18:35:00
3935072,2022,Broadway Rd,Beck Ave,-113.0,Driveway Or Alley,0.0,0.0,No Injury,Rear End,Daylight,Clear,Dry,47.0,Female,West,Going Straight Ahead,Followed Too Closely,No Apparent Influence,No Apparent Influence,19.0,Female,West,Making Right Turn,No Improper Action,No Apparent Influence,No Apparent Influence,33.40741067,-111.9556411,2022-04-07,21:29:00
3934775,2022,Broadway Rd,Hardy Dr,0.0,Intersection 4 Way 202,0.0,0.0,No Injury,Angle - Other Than Left Turn 2,Daylight,Clear,Dry,39.0,Male,South,Going Straight Ahead,Other,No Apparent Influence,No Apparent Influence,39.0,Male,West,Going Straight Ahead,No Improper Action,No Apparent Influence,No Apparent Influence,33.40739301,-111.952165,2022-04-07,21:36:00
3935844,2022,McClintock Dr,Rio Salado Pkwy,35.0,Intersection Related 206,0.0,0.0,No Injury,Rear End,Daylight,Clear,Dry,27.0,Male,South,Going Straight Ahead,Speed To Fast For Conditions,No Apparent Influence,No Apparent Influence,56.0,Male,South,Stopped In Trafficway,No Improper Action,No Apparent Influence,No Apparent Influence,33.42935847,-111.9090718,2022-04-07,21:44:00
3934761,2022,Baseline Rd,I-10 Exit 155 J1-Ramp,0.0,Intersection 201,0.0,0.0,No Injury,Left Turn,Daylight,Clear,Dry,20.0,Male,East,Making Left Turn,Unknown,No Apparent Influence,No Apparent Influence,36.0,Male,West,Going Straight Ahead,Unknown,No Apparent Influence,No Apparent Influence,33.37829922,-111.9673788,2022-04-07,22:08:00
3934755,2022,University Dr,George Dr,-100.0,Not Junction Related,1.0,0.0,Suspected Minor Injury,Rear End,Daylight,Clear,Dry,21.0,Male,East,Going Straight Ahead,Speed To Fast For Conditions,No Apparent Influence,No Apparent Influence,49.0,Male,East,Going Straight Ahead,No Improper Action,No Apparent Influence,No Apparent Influence,33.42208751,-111.8877521,2022-04-07,23:01:00
3937792,2022,Elliot Rd,Harl Ave,70.0,Intersection Related 206,0.0,0.0,No Injury,Angle - Other Than Left Turn 2,Daylight,Clear,Dry,30.0,Male,North,Making Right Turn,Failed To Yield Right Of Way,No Apparent Influence,No Apparent Influence,27.0,Female,East,Going Straight Ahead,No Improper Action,Alcohol,No Apparent Influence,33.34908292,-111.9656976,2022-04-08,01:03:00
3937791,2022,Elliot Rd,Harl Ave,50.0,Not Junction Related,0.0,0.0,No Injury,Sideswipe Same Direction,Daylight,Clear,Dry,23.0,Male,West,Going Straight Ahead,Other,No Apparent Influence,No Apparent Influence,60.0,Male,West,Going Straight Ahead,No Improper Action,No Apparent Influence,No Apparent Influence,33.3490825,-111.9657646,2022-04-08,01:25:00
3935580,2022,Rio Salado Pkwy,Rural Rd,0.0,Intersection T Inter 203,1.0,0.0,Suspected Minor Injury,Angle - Other Than Left Turn 2,Daylight,Clear,Dry,27.0,Male,West,Making U Turn,Made Improper Turn,No Apparent Influence,No Apparent Influence,39.0,Male,West,Going Straight Ahead,No Improper Action,No Apparent Influence,No Apparent Influence,33.42929546,-111.9186315,2022-04-08,19:15:00
3891892,2022,SR-202 Exit 7 T-Ramp,Unknown,0.0,Entrance Exit Ramp 205,0.0,0.0,No Injury,Sideswipe Same Direction,Daylight,Clear,Dry,22.0,Female,East,Making Right Turn,Speed To Fast For Conditions,No Apparent Influence,No Apparent Influence,40.0,Male,East,Making Right Turn,No Improper Action,No Apparent Influence,No Apparent Influence,33.43551941,-111.926365,2022-04-08,20:30:00
3936987,2022,University Dr,Park Ln,39.0,Not Junction Related,0.0,0.0,No Injury,Sideswipe Same Direction,Dark Lighted,Clear,Dry,33.0,Male,East,Going Straight Ahead,Disregarded Traffic Signal,No Apparent Influence,No Apparent Influence,60.0,Female,East,Stopped In Trafficway,No Improper Action,No Apparent Influence,No Apparent Influence,33.42191285,-111.9745609,2022-04-09,02:05:00
3894536,2022,I-10 Exit 158 C-Ramp,Unknown,0.0,Entrance Exit Ramp 205,0.0,0.0,No Injury,Rear End,Dark Not Lighted,Clear,Dry,31.0,Male,North,Going Straight Ahead,Speed To Fast For Conditions,No Apparent Influence,No Apparent Influence,36.0,Male,North,Stopped In Trafficway,No Improper Action,No Apparent Influence,No Apparent Influence,33.33266896,-111.9717651,2022-04-09,03:06:00
3935590,2022,University Dr,Mill Ave,0.0,Intersection 4 Way 202,0.0,0.0,No Injury,Rear End,Daylight,Clear,Dry,21.0,Male,West,Going Straight Ahead,Followed Too Closely,No Apparent Influence,No Apparent Influence,22.0,Male,West,Stopped In Trafficway,No Improper Action,No Apparent Influence,No Apparent Influence,33.42193474,-111.940017,2022-04-09,19:46:00
3935020,2022,Southern Ave,Fair Ln,90.0,Not Junction Related,0.0,0.0,No Injury,Left Turn,Daylight,Clear,Dry,60.0,Male,Northwest,Making Left Turn,Failed To Yield Right Of Way,No Apparent Influence,No Apparent Influence,28.0,Male,East,Going Straight Ahead,No Improper Action,No Apparent Influence,No Apparent Influence,33.39278143,-111.975712,2022-04-09,20:43:00
3935074,2022,Warner Rd,I-10 Exit 158 J-Ramp,110.0,Not Junction Related,1.0,0.0,Possible Injury,Rear End,Daylight,Clear,Dry,18.0,Female,West,Going Straight Ahead,Speed To Fast For Conditions,No Apparent Influence,No Apparent Influence,55.0,Female,West,Stopped In Trafficway,No Improper Action,No Apparent Influence,No Apparent Influence,33.33436363,-111.9711477,2022-04-09,23:17:00
3935848,2022,McClintock Dr,Broadway Rd,80.0,Intersection Related 206,0.0,0.0,No Injury,Rear End,Dusk,Clear,Dry,25.0,Male,South,Going Straight Ahead,Speed To Fast For Conditions,No Apparent Influence,No Apparent Influence,44.0,Male,South,Stopped In Trafficway,No Improper Action,No Apparent Influence,No Apparent Influence,33.40771999,-111.9091247,2022-04-10,02:06:00
3935005,2022,Elliot Rd,McClintock Dr,0.0,Intersection 4 Way 202,2.0,0.0,Possible Injury,Left Turn,Dark Lighted,Clear,Dry,33.0,Male,East,Making Left Turn,Failed To Yield Right Of Way,No Apparent Influence,No Apparent Influence,35.0,Male,West,Going Straight Ahead,No Improper Action,No Apparent Influence,No Apparent Influence,33.34912979,-111.9111874,2022-04-10,06:19:00
3936496,2022,Rural Rd,Vista Del Cerro Dr,-113.0,Driveway Or Alley,1.0,0.0,Possible Injury,Angle - Other Than Left Turn 2,Daylight,Clear,Dry,24.0,Male,West,Making Left Turn,Failed To Yield Right Of Way,No Apparent Influence,No Apparent Influence,19.0,Male,North,Going Straight Ahead,No Improper Action,No Apparent Influence,No Apparent Influence,33.40981118,-111.926284,2022-04-10,22:22:00
3934757,2022,Guadalupe Rd,Kyrene Rd,0.0,Intersection 201,1.0,0.0,Possible Injury,Left Turn,Dawn,Clear,Dry,22.0,Female,West,Making Left Turn,Failed To Yield Right Of Way,No Apparent Influence,No Apparent Influence,44.0,Male,East,Going Straight Ahead,No Improper Action,No Apparent Influence,No Apparent Influence,33.3636593,-111.9458942,2022-04-11,13:01:00
3935119,2022,5th St,Mill Ave,0.0,Unknown,0.0,0.0,No Injury,Rear End,Daylight,Clear,Dry,58.0,Female,West,Going Straight Ahead,Followed Too Closely,No Apparent Influence,No Apparent Influence,45.0,Male,West,Stopped In Trafficway,No Improper Action,No Apparent Influence,No Apparent Influence,33.42550354,-111.9400194,2022-04-11,20:14:00
3935017,2022,McClintock Dr,SR-202 Exit 8 A-Ramp,0.0,Intersection Related 206,1.0,0.0,Possible Injury,Angle - Other Than Left Turn 2,Daylight,Clear,Dry,42.0,Female,East,Making Right Turn,Unknown,No Apparent Influence,No Apparent Influence,31.0,Female,South,Going Straight Ahead,Unknown,No Apparent Influence,No Apparent Influence,33.43645638,-111.909614,2022-04-12,17:36:00
3935026,2022,Elliot Rd,Kyrene Rd,-80.0,Intersection Related 206,1.0,0.0,Possible Injury,Angle - Other Than Left Turn 2,Daylight,Clear,Dry,20.0,Female,South,Making Right Turn,Made Improper Turn,No Apparent Influence,No Apparent Influence,62.0,Male,West,Going Straight Ahead,No Improper Action,No Apparent Influence,No Apparent Influence,33.34919754,-111.9459965,2022-04-12,17:53:00
3935533,2022,Elliot Rd,Kyrene Rd,0.0,Intersection 4 Way 202,2.0,0.0,Suspected Minor Injury,Left Turn,Daylight,Clear,Dry,27.0,Female,West,Making Left Turn,Failed To Yield Right Of Way,No Apparent Influence,No Apparent Influence,51.0,Male,East,Going Straight Ahead,No Improper Action,No Apparent Influence,No Apparent Influence,33.34919917,-111.9457347,2022-04-12,22:00:00
3935032,2022,University Dr,May St,138.0,Not Junction Related,1.0,0.0,Suspected Minor Injury,Rear End,Daylight,Clear,Dry,20.0,Female,West,Going Straight Ahead,Speed To Fast For Conditions,No Apparent Influence,No Apparent Influence,32.0,Male,West,Slowing In Trafficway,No Improper Action,No Apparent Influence,No Apparent Influence,33.42212367,-111.8782818,2022-04-12,22:43:00
3931030,2022,Lakeshore Dr,Guadalupe Rd,-67.0,Intersection Related 206,1.0,0.0,Possible Injury,Rear End,Daylight,Clear,Dry,68.0,Female,North,Going Straight Ahead,Speed To Fast For Conditions,No Apparent Influence,No Apparent Influence,34.0,Female,North,Stopped In Trafficway,No Improper Action,No Apparent Influence,No Apparent Influence,33.36357648,-111.9199133,2022-04-13,00:59:00
3937788,2022,University Dr,52nd St,100.0,Intersection Related 206,2.0,0.0,Possible Injury,Rear End,Dark Lighted,Clear,Dry,40.0,Female,West,Going Straight Ahead,Speed To Fast For Conditions,No Apparent Influence,No Apparent Influence,45.0,Male,West,Stopped In Trafficway,No Improper Action,No Apparent Influence,No Apparent Influence,33.42194344,-111.9692609,2022-04-13,04:02:00
3935013,2022,Broadway Rd,Mill Ave,-66.0,Intersection Related 206,0.0,0.0,No Injury,Sideswipe Same Direction,Daylight,Clear,Dry,62.0,Male,East,Making Right Turn,Failed To Keep In Proper Lane,No Apparent Influence,No Apparent Influence,23.0,Male,East,Stopped In Trafficway,No Improper Action,No Apparent Influence,No Apparent Influence,33.40739454,-111.9400423,2022-04-13,15:28:00
3934772,2022,Curry Rd,Miller Rd,0.0,Intersection 4 Way 202,2.0,0.0,Possible Injury,Left Turn,Daylight,Clear,Dry,22.0,Male,East,Making Left Turn,Failed To Yield Right Of Way,No Apparent Influence,No Apparent Influence,36.0,Male,West,Going Straight Ahead,No Improper Action,No Apparent Influence,No Apparent Influence,33.44037898,-111.9179592,2022-04-13,22:03:00
3931033,2022,Priest Dr,Broadway Rd,0.0,Intersection 4 Way 202,0.0,0.0,No Injury,Angle - Other Than Left Turn 2,Dark Lighted,Clear,Dry,53.0,Female,South,Going Straight Ahead,Failed To Yield Right Of Way,No Apparent Influence,No Apparent Influence,33.0,Male,East,Going Straight Ahead,No Improper Action,No Apparent Influence,No Apparent Influence,33.40742082,-111.9607804,2022-04-14,07:46:00
3934771,2022,Price Rd,Conference Dr,0.0,Intersection 4 Way 202,0.0,0.0,No Injury,Angle - Other Than Left Turn 2,Daylight,Clear,Dry,24.0,Male,West,Going Straight Ahead,Failed To Yield Right Of Way,No Apparent Influence,No Apparent Influence,23.0,Male,South,Going Straight Ahead,No Improper Action,No Apparent Influence,No Apparent Influence,33.34297182,-111.8938984,2022-04-14,15:54:00
3935031,2022,Priest Dr,21st St,-65.0,Intersection Related 206,0.0,0.0,No Injury,Sideswipe Same Direction,Daylight,Clear,Dry,26.0,Female,North,Going Straight Ahead,Unknown,No Apparent Influence,No Apparent Influence,33.0,Male,North,Going Straight Ahead,Unknown,No Apparent Influence,No Apparent Influence,33.40604774,-111.9607703,2022-04-14,17:23:00
3934770,2022,Rio Salado Pkwy,Rockford Dr,0.0,Intersection 4 Way 202,0.0,0.0,No Injury,Angle - Other Than Left Turn 2,Daylight,Clear,Dry,27.0,Female,West,Going Straight Ahead,Disregarded Traffic Signal,No Apparent Influence,No Apparent Influence,37.0,Male,South,Making Left Turn,No Improper Action,No Apparent Influence,No Apparent Influence,33.42935533,-111.8970398,2022-04-14,19:33:00
3935785,2022,Priest Dr,US-60 Exit 172 G-Ramp,45.0,Intersection Related 206,0.0,0.0,No Injury,Sideswipe Same Direction,Daylight,Clear,Dry,35.0,Male,South,Going Straight Ahead,Followed Too Closely,No Apparent Influence,No Apparent Influence,39.0,Male,South,Stopped In Trafficway,No Improper Action,No Apparent Influence,No Apparent Influence,33.3868918,-111.9609375,2022-04-14,20:50:00
3935141,2022,Scottsdale Rd,Weber Dr,42.0,Intersection Related 206,0.0,0.0,No Injury,Sideswipe Same Direction,Daylight,Clear,Dry,73.0,Male,South,Making Right Turn,Made Improper Turn,No Apparent Influence,No Apparent Influence,20.0,Male,South,Making Right Turn,No Improper Action,No Apparent Influence,No Apparent Influence,33.4441039,-111.926439,2022-04-14,22:04:00
3954332,2022,Baseline Rd,Darrow Dr,-159.0,Not Junction Related,0.0,0.0,No Injury,Sideswipe Same Direction,Daylight,Clear,Dry,35.0,Female,West,Changing Lanes,Unsafe Lane Change,No Apparent Influence,No Apparent Influence,35.0,Male,West,Going Straight Ahead,No Improper Action,No Apparent Influence,No Apparent Influence,33.37823975,-111.9616505,2022-04-14,22:43:00
3935135,2022,Southern Ave,Albert Ave,145.0,Intersection Related 206,1.0,0.0,Possible Injury,Rear End,Daylight,Clear,Dry,18.0,Male,East,Going Straight Ahead,Speed To Fast For Conditions,No Apparent Influence,No Apparent Influence,43.0,Female,East,Stopped In Trafficway,No Improper Action,No Apparent Influence,No Apparent Influence,33.39287331,-111.9622456,2022-04-14,23:58:00
3892330,2022,SR-202 Exit 7 X-Ramp,Unknown,0.0,Entrance Exit Ramp 205,0.0,0.0,No Injury,Rear End,Dark Lighted,Clear,Dry,52.0,Male,West,Making Right Turn,Speed To Fast For Conditions,No Apparent Influence,No Apparent Influence,49.0,Female,West,Stopped In Trafficway,No Improper Action,No Apparent Influence,No Apparent Influence,33.43665715,-111.9260817,2022-04-15,03:09:00
3936971,2022,University Dr,52nd St,-135.0,Driveway Or Alley,2.0,0.0,Possible Injury,Left Turn,Daylight,Clear,Dry,26.0,Male,North,Making Left Turn,Failed To Yield Right Of Way,No Apparent Influence,No Apparent Influence,58.0,Female,East,Going Straight Ahead,No Improper Action,No Apparent Influence,No Apparent Influence,33.42194082,-111.9700108,2022-04-15,13:59:00
3930987,2022,52nd St,Broadway Rd,0.0,Intersection 4 Way 202,1.0,0.0,Possible Injury,Angle - Other Than Left Turn 2,Daylight,Clear,Dry,19.0,Male,West,Making Right Turn,Disregarded Traffic Signal,No Apparent Influence,No Apparent Influence,52.0,Male,North,Going Straight Ahead,No Improper Action,No Apparent Influence,No Apparent Influence,33.40924596,-111.9695349,2022-04-15,15:26:00
3933172,2022,McClintock Dr,Caroline Ln,0.0,Intersection T Inter 203,0.0,0.0,No Injury,Left Turn,Daylight,Clear,Dry,16.0,Female,West,Making Left Turn,Failed To Yield Right Of Way,No Apparent Influence,No Apparent Influence,57.0,Male,South,Going Straight Ahead,No Improper Action,No Apparent Influence,No Apparent Influence,33.32957566,-111.9111648,2022-04-15,18:16:00
3935541,2022,Baseline Rd,Price Rd,-25.0,Not Junction Related,1.0,0.0,Suspected Minor Injury,Rear End,Daylight,Clear,Dry,21.0,Female,East,Slowing In Trafficway,Speed To Fast For Conditions,No Apparent Influence,No Apparent Influence,55.0,Female,East,Going Straight Ahead,No Improper Action,No Apparent Influence,No Apparent Influence,33.37845529,-111.8936982,2022-04-15,20:46:00
3935784,2022,Kyrene Rd,Baseline Rd,-150.0,Intersection Related 206,0.0,0.0,No Injury,Rear End,Daylight,Clear,Dry,24.0,Female,North,Changing Lanes,No Improper Action,No Apparent Influence,No Apparent Influence,50.0,Female,North,Stopped In Trafficway,No Improper Action,No Apparent Influence,No Apparent Influence,33.3777878,-111.9459822,2022-04-15,20:58:00
3935157,2022,Baseline Rd,Pointe Pkwy,-122.0,Intersection Related 206,0.0,0.0,No Injury,Rear End,Daylight,Clear,Dry,39.0,Female,East,Going Straight Ahead,Speed To Fast For Conditions,No Apparent Influence,No Apparent Influence,33.0,Female,East,Slowing In Trafficway,No Improper Action,No Apparent Influence,No Apparent Influence,33.37821224,-111.9723941,2022-04-15,21:15:00
3935125,2022,Southern Ave,Butte Ave,0.0,Intersection 4 Way 202,0.0,0.0,No Injury,Angle - Other Than Left Turn 2,Daylight,Clear,Dry,44.0,Female,East,Going Straight Ahead,Disregarded Traffic Signal,No Apparent Influence,No Apparent Influence,68.0,Female,North,Making Left Turn,No Improper Action,No Apparent Influence,No Apparent Influence,33.39298856,-111.9114058,2022-04-15,22:20:00
3935836,2022,McClintock Dr,Del Rio Dr,-150.0,Intersection Related 206,1.0,0.0,Possible Injury,Rear End,Dark Lighted,Clear,Dry,52.0,Female,North,Going Straight Ahead,Speed To Fast For Conditions,No Apparent Influence,No Apparent Influence,51.0,Male,North,Going Straight Ahead,No Improper Action,No Apparent Influence,No Apparent Influence,33.39618544,-111.9091291,2022-04-16,02:32:00
3935010,2022,Baseline Rd,Wendler Dr,-50.0,Intersection Related 206,1.0,0.0,Suspected Minor Injury,Rear End,Dark Lighted,Clear,Dry,34.0,Male,East,Going Straight Ahead,Speed To Fast For Conditions,No Apparent Influence,No Apparent Influence,48.0,Female,East,Stopped In Trafficway,No Improper Action,No Apparent Influence,No Apparent Influence,33.37825501,-111.9699494,2022-04-16,02:59:00
3934766,2022,5th St,Mill Ave,0.0,Intersection 4 Way 202,0.0,0.0,No Injury,Left Turn,Dark Lighted,Clear,Dry,46.0,Male,East,Going Straight Ahead,Disregarded Traffic Signal,Alcohol,No Apparent Influence,43.0,Male,West,Making Left Turn,No Improper Action,No Apparent Influence,No Apparent Influence,33.42550354,-111.9400194,2022-04-16,09:13:00
3930986,2022,Priest Dr,Broadway Rd,20.0,Not Junction Related,0.0,0.0,No Injury,Rear End,Daylight,Clear,Dry,36.0,Female,South,Going Straight Ahead,Other,No Apparent Influence,No Apparent Influence,64.0,Male,South,Stopped In Trafficway,No Improper Action,No Apparent Influence,No Apparent Influence,33.4074756,-111.9607826,2022-04-16,13:25:00
3936973,2022,Scottsdale Rd,Papago Dr,43.0,Intersection Related 206,0.0,0.0,No Injury,Angle - Other Than Left Turn 2,Daylight,Clear,Dry,40.0,Male,East,Making Left Turn,Unknown,No Apparent Influence,No Apparent Influence,32.0,Male,West,Making Left Turn,Unknown,No Apparent Influence,No Apparent Influence,33.45353697,-111.9264319,2022-04-16,20:17:00
3897693,2022,US-60 Exit 172 C2-Ramp,Unknown,0.0,Intersection Related 206,2.0,0.0,Suspected Minor Injury,Rear End,Daylight,Clear,Dry,27.0,Male,West,Going Straight Ahead,Speed To Fast For Conditions,Alcohol,No Apparent Influence,69.0,Female,East,Stopped In Trafficway,No Improper Action,No Apparent Influence,No Apparent Influence,33.3879708,-111.9605775,2022-04-16,22:37:00
3897251,2022,Price Rd,Southern Ave,65.0,Intersection Related 206,0.0,0.0,No Injury,Rear End,Dusk,Clear,Dry,29.0,Male,North,Making Right Turn,Speed To Fast For Conditions,No Apparent Influence,No Apparent Influence,28.0,Female,North,Making Right Turn,No Improper Action,No Apparent Influence,No Apparent Influence,33.39276749,-111.8904573,2022-04-17,01:42:00
3937801,2022,SR-101 Cardinal Frontage,Rio Salado Pkwy,0.0,Entrance Exit Ramp 205,0.0,0.0,No Injury,Sideswipe Same Direction,Dark Lighted,Clear,Dry,40.0,Female,South,Making Left Turn,Unknown,No Apparent Influence,No Apparent Influence,22.0,Female,South,Going Straight Ahead,Unknown,No Apparent Influence,No Apparent Influence,33.42937578,-111.8918252,2022-04-17,03:02:00
3930965,2022,Southern Ave,McAllister Ave,225.0,Not Junction Related,1.0,0.0,Suspected Minor Injury,Angle - Other Than Left Turn 2,Dark Lighted,Clear,Dry,16.0,Female,South,Making Left Turn,Failed To Yield Right Of Way,No Apparent Influence,No Apparent Influence,24.0,Female,West,Going Straight Ahead,No Improper Action,No Apparent Influence,No Apparent Influence,33.39293865,-111.9298861,2022-04-17,05:50:00
3936986,2022,University Dr,Beck Ave,0.0,Intersection 4 Way 202,1.0,0.0,Suspected Minor Injury,Rear End,Daylight,Clear,Dry,28.0,Male,East,Going Straight Ahead,Speed To Fast For Conditions,No Apparent Influence,No Apparent Influence,41.0,Male,East,Making Right Turn,No Improper Action,No Apparent Influence,No Apparent Influence,33.4219273,-111.9564897,2022-04-17,23:48:00
3954331,2022,Baseline Rd,Mill Ave,0.0,Intersection 4 Way 202,2.0,0.0,Possible Injury,Angle - Other Than Left Turn 2,Daylight,Clear,Dry,24.0,Female,Northwest,Making Right Turn,Made Improper Turn,No Apparent Influence,No Apparent Influence,26.0,Male,West,Going Straight Ahead,No Improper Action,No Apparent Influence,No Apparent Influence,33.37821114,-111.9393657,2022-04-18,00:45:00
3895826,2022,SR-143 Exit 1 T-Ramp,Unknown,0.0,Not Junction Related,1.0,0.0,Possible Injury,Rear End,Daylight,Clear,Dry,57.0,Male,North,Going Straight Ahead,Speed To Fast For Conditions,No Apparent Influence,No Apparent Influence,44.0,Female,North,Stopped In Trafficway,No Improper Action,No Apparent Influence,No Apparent Influence,33.42177656,-111.9777002,2022-04-18,13:14:00
3894135,2022,I-10 Exit 157 A-Ramp,Unknown,0.0,Intersection Related 206,0.0,0.0,No Injury,Rear End,Daylight,Clear,Dry,33.0,Female,South,Going Straight Ahead,Speed To Fast For Conditions,No Apparent Influence,No Apparent Influence,52.0,Male,South,Stopped In Trafficway,No Improper Action,No Apparent Influence,No Apparent Influence,33.34935513,-111.9727403,2022-04-18,15:37:00
3935498,2022,Elliot Rd,River Pkwy,-62.0,Intersection Related 206,0.0,0.0,No Injury,Sideswipe Opposite Direction,Daylight,Clear,Dry,50.0,Male,West,Going Straight Ahead,Other,Alcohol,No Apparent Influence,35.0,Female,East,Stopped In Trafficway,No Improper Action,No Apparent Influence,No Apparent Influence,33.34927586,-111.898111,2022-04-18,22:10:00
3954327,2022,Priest Dr,Southern Ave,0.0,Intersection 4 Way 202,0.0,0.0,No Injury,Angle - Other Than Left Turn 2,Daylight,Clear,Dry,25.0,Female,East,Making Right Turn,Disregarded Traffic Signal,No Apparent Influence,No Apparent Influence,50.0,Female,South,Going Straight Ahead,No Improper Action,No Apparent Influence,No Apparent Influence,33.39288398,-111.9607698,2022-04-19,00:03:00
3936972,2022,Rural Rd,Westchester Dr,60.0,Intersection Related 206,1.0,0.0,Possible Injury,Rear End,Daylight,Clear,Dry,21.0,Male,South,Going Straight Ahead,Speed To Fast For Conditions,No Apparent Influence,No Apparent Influence,60.0,Female,South,Stopped In Trafficway,No Improper Action,No Apparent Influence,No Apparent Influence,33.36755287,-111.9286282,2022-04-19,02:00:00
3935129,2022,Priest Dr,US-60 Exit 172 C2-Ramp,0.0,Intersection T Inter 203,0.0,0.0,No Injury,Angle - Other Than Left Turn 2,Daylight,Clear,Dry,15.0,Female,North,Going Straight Ahead,Unknown,No Apparent Influence,No Apparent Influence,20.0,Female,West,Making Right Turn,Unknown,No Apparent Influence,No Apparent Influence,33.38804844,-111.9609173,2022-04-20,01:04:00
3936475,2022,University Dr,McClintock Dr,-120.0,Intersection Related 206,0.0,0.0,No Injury,Sideswipe Same Direction,Dark Lighted,Clear,Dry,45.0,Male,East,Changing Lanes,Unsafe Lane Change,No Apparent Influence,No Apparent Influence,20.0,Male,East,Going Straight Ahead,No Improper Action,No Apparent Influence,No Apparent Influence,33.42198213,-111.9094795,2022-04-20,03:58:00
3935002,2022,Ash Ave,Guadalupe Rd,210.0,Not Junction Related,0.0,0.0,No Injury,Angle - Other Than Left Turn 2,Daylight,Clear,Dry,51.0,Female,North,Making U Turn,Made Improper Turn,No Apparent Influence,No Apparent Influence,60.0,Female,North,Going Straight Ahead,No Improper Action,No Apparent Influence,No Apparent Influence,33.36426054,-111.9416263,2022-04-20,13:07:00
3937795,2022,McClintock Dr,Campus Dr,0.0,Intersection Related 206,0.0,0.0,No Injury,Rear End,Daylight,Clear,Dry,58.0,Male,South,Going Straight Ahead,Speed To Fast For Conditions,No Apparent Influence,No Apparent Influence,30.0,Female,South,Slowing In Trafficway,Unknown,No Apparent Influence,No Apparent Influence,33.39835179,-111.9091294,2022-04-20,18:19:00
3931346,2022,Elliot Rd,I-10 Exit 157 A-Ramp,0.0,Intersection 201,0.0,0.0,No Injury,Sideswipe Same Direction,Daylight,Clear,Unknown,62.0,Male,Southeast,Making Left Turn,Made Improper Turn,No Apparent Influence,No Apparent Influence,79.0,Male,Southeast,Making Left Turn,No Improper Action,No Apparent Influence,No Apparent Influence,33.34907407,-111.9728316,2022-04-20,19:09:00
3935587,2022,Apache Blvd,McAllister Ave,0.0,Intersection 4 Way 202,2.0,0.0,Suspected Minor Injury,Left Turn,Daylight,Clear,Dry,24.0,Male,East,Making Left Turn,Failed To Yield Right Of Way,No Apparent Influence,No Apparent Influence,21.0,Male,West,Going Straight Ahead,No Improper Action,No Apparent Influence,No Apparent Influence,33.41472349,-111.9306695,2022-04-20,19:45:00