Incident_ID,Year,Street_Name,Cross_Street,Distance,Junction_Relation,Total_Injuries,Total_Fatalities,Injury_Severity,Collision_Manner,Light_Condition,Weather,Surface_Condition,Age_1,Gender_1,Travel_One,UnitAction_One,Violation1_Drv1,AlcoholUse_ 1,DrugUse_1,Age_2,Gender_2,TravelDirection_2,UnitAction_2,Violation_2,AlcoholUse_2,DrugUse_2,Latitude,Longitude,Date,Time
3923282,2022,US-60 Exit 175 A-Ramp,Unknown,0.0,Entrance Exit Ramp 205,0.0,0.0,No Injury,Rear End,Daylight,Clear,Dry,52.0,Female,East,Slowing In Trafficway,Speed To Fast For Conditions,No Apparent Influence,No Apparent Influence,62.0,Male,East,Stopped In Trafficway,No Improper Action,No Apparent Influence,No Apparent Influence,33.38516813,-111.9095147,2022-07-14,16:09:00
3963580,2022,Beck Ave,7th St,-147.0,Not Junction Related,1.0,0.0,Suspected Minor Injury,Left Turn,Daylight,Clear,Dry,44.0,Female,North,Making Left Turn,Made Improper Turn,No Apparent Influence,No Apparent Influence,19.0,Male,South,Going Straight Ahead,No Improper Action,No Apparent Influence,No Apparent Influence,33.42364289,-111.9566302,2022-07-14,17:22:00
3966627,2022,Southern Ave,Mill Ave,200.0,Not Junction Related,0.0,0.0,No Injury,Rear End,Daylight,Clear,Dry,39.0,Male,East,Going Straight Ahead,Speed To Fast For Conditions,No Apparent Influence,No Apparent Influence,64.0,Male,East,Stopped In Trafficway,No Improper Action,No Apparent Influence,No Apparent Influence,33.3928688,-111.9389493,2022-07-14,23:28:00
3966996,2022,Rural Rd,Encanto Dr,-122.0,Not Junction Related,0.0,0.0,No Injury,Rear End,Daylight,Clear,Dry,24.0,Female,South,Going Straight Ahead,No Improper Action,No Apparent Influence,No Apparent Influence,57.0,Female,South,Slowing In Trafficway,Unknown,No Apparent Influence,No Apparent Influence,33.40943018,-111.9262838,2022-07-15,18:07:00
3968661,2022,Mill Ave,University Dr,-117.0,Intersection Related 206,0.0,0.0,No Injury,Sideswipe Same Direction,Daylight,Clear,Dry,38.0,Male,South,Making Right Turn,Made Improper Turn,No Apparent Influence,No Apparent Influence,38.0,Female,South,Slowing In Trafficway,No Improper Action,No Apparent Influence,No Apparent Influence,33.42161363,-111.9400024,2022-07-15,22:46:00
3966924,2022,Scottsdale Rd,McKellips Rd,50.0,Not Junction Related,0.0,0.0,No Injury,Rear End,Daylight,Clear,Dry,23.0,Male,North,Going Straight Ahead,Followed Too Closely,No Apparent Influence,No Apparent Influence,47.0,Male,North,Making Right Turn,No Improper Action,No Apparent Influence,No Apparent Influence,33.45137804,-111.9264664,2022-07-16,00:02:00
3963556,2022,Priest Dr,S Plaza Dr,0.0,Intersection T Inter 203,1.0,0.0,Suspected Minor Injury,Angle - Other Than Left Turn 2,Daylight,Clear,Dry,29.0,Female,East,Making Left Turn,Failed To Yield Right Of Way,No Apparent Influence,No Apparent Influence,53.0,Female,South,Going Straight Ahead,No Improper Action,No Apparent Influence,No Apparent Influence,33.40141401,-111.9607743,2022-07-16,00:50:00
3996822,2022,Southern Ave,McAllister Ave,45.0,Not Junction Related,0.0,0.0,No Injury,Angle - Other Than Left Turn 2,Daylight,Clear,Dry,74.0,Female,South,Making Left Turn,Failed To Yield Right Of Way,No Apparent Influence,No Apparent Influence,25.0,Male,West,Going Straight Ahead,No Improper Action,No Apparent Influence,No Apparent Influence,33.39293531,-111.9304755,2022-07-16,01:36:00
3969438,2022,McClintock Dr,University Dr,0.0,Intersection Related 206,0.0,0.0,No Injury,Angle - Other Than Left Turn 2,Dark Lighted,Clear,Dry,22.0,Female,South,Going Straight Ahead,Speed To Fast For Conditions,Alcohol,No Apparent Influence,26.0,Female,East,Going Straight Ahead,No Improper Action,No Apparent Influence,No Apparent Influence,33.42198261,-111.9090862,2022-07-16,09:40:00
4047251,2022,Elliot Rd,I-10 Exit 157 C-Ramp,0.0,Intersection 4 Way 202,0.0,0.0,No Injury,Left Turn,Daylight,Clear,Dry,18.0,Female,South,Making Left Turn,Ran Stop Sign,No Apparent Influence,No Apparent Influence,41.0,Male,East,Going Straight Ahead,No Improper Action,No Apparent Influence,No Apparent Influence,33.34909552,-111.9709375,2022-07-16,19:51:00
3963609,2022,SR-202 Exit 7 J-Ramp,Unknown,0.0,Intersection 4 Way 202,0.0,0.0,No Injury,Left Turn,Daylight,Clear,Dry,22.0,Male,North,Making Left Turn,Disregarded Traffic Signal,No Apparent Influence,No Apparent Influence,36.0,Female,South,Going Straight Ahead,No Improper Action,No Apparent Influence,No Apparent Influence,33.43624355,-111.9263499,2022-07-17,14:17:00
3967008,2022,Baseline Rd,Pointe Pkwy,100.0,Other,0.0,0.0,No Injury,Rear End,Daylight,Clear,Dry,30.0,Female,East,Going Straight Ahead,Speed To Fast For Conditions,No Apparent Influence,No Apparent Influence,46.0,Male,East,Stopped In Trafficway,No Improper Action,No Apparent Influence,No Apparent Influence,33.37822092,-111.9716674,2022-07-17,20:38:00
3966994,2022,Beck Ave,5th St,0.0,Intersection 4 Way 202,1.0,0.0,Possible Injury,Angle - Other Than Left Turn 2,Daylight,Clear,Dry,41.0,Male,East,Going Straight Ahead,Failed To Yield Right Of Way,No Apparent Influence,No Apparent Influence,26.0,Male,North,Going Straight Ahead,No Improper Action,No Apparent Influence,No Apparent Influence,33.42550414,-111.9566626,2022-07-18,18:22:00
3966999,2022,Broadway Rd,McClintock Dr,120.0,Not Junction Related,0.0,0.0,No Injury,Sideswipe Same Direction,Daylight,Clear,Dry,29.0,Female,East,Changing Lanes,Unsafe Lane Change,No Apparent Influence,No Apparent Influence,49.0,Male,East,Going Straight Ahead,No Improper Action,No Apparent Influence,No Apparent Influence,33.40750017,-111.9087318,2022-07-18,21:35:00
3963568,2022,Rio Salado Pkwy,Smith Rd,0.0,Intersection Other 204,2.0,0.0,Possible Injury,Left Turn,Daylight,Clear,Dry,51.0,Male,West,Going Straight Ahead,Disregarded Traffic Signal,No Apparent Influence,No Apparent Influence,24.0,Female,East,Making Left Turn,No Improper Action,No Apparent Influence,No Apparent Influence,33.42928299,-111.9004564,2022-07-18,22:01:00
3963581,2022,Broadway Rd,55th St,0.0,Intersection 4 Way 202,0.0,0.0,No Injury,Left Turn,Dark Lighted,Unknown,Dry,41.0,Male,East,Making Left Turn,Failed To Yield Right Of Way,No Apparent Influence,No Apparent Influence,30.0,Male,West,Going Straight Ahead,No Improper Action,No Apparent Influence,No Apparent Influence,33.40757611,-111.9658235,2022-07-19,02:00:00
3963565,2022,Beck Ave,16th St,-75.0,Not Junction Related,0.0,0.0,No Injury,Head On,Daylight,Clear,Dry,22.0,Male,South,Going Straight Ahead,Drove Left Of Center Line,No Apparent Influence,No Apparent Influence,56.0,Male,North,Going Straight Ahead,No Improper Action,No Apparent Influence,No Apparent Influence,33.41119969,-111.9560515,2022-07-19,20:44:00
3984419,2022,Broadway Rd,Rural Rd,0.0,Intersection 4 Way 202,0.0,0.0,No Injury,Angle - Other Than Left Turn 2,Dark Lighted,Clear,Dry,24.0,Male,South,Going Straight Ahead,Disregarded Traffic Signal,No Apparent Influence,No Apparent Influence,57.0,Female,East,Going Straight Ahead,No Improper Action,No Apparent Influence,No Apparent Influence,33.40750178,-111.9262829,2022-07-20,10:11:00
3965166,2022,McClintock Dr,SR-202 Exit 8 J-Ramp,0.0,Intersection T Inter 203,0.0,0.0,No Injury,Left Turn,Daylight,Clear,Dry,24.0,Male,Northwest,Slowing In Trafficway,Failed To Yield Right Of Way,No Apparent Influence,No Apparent Influence,53.0,Male,South,Going Straight Ahead,No Improper Action,No Apparent Influence,No Apparent Influence,33.43662129,-111.9096218,2022-07-20,17:17:00
3963588,2022,Priest Dr,SR-202 Cardinal Frontage,0.0,Intersection 4 Way 202,2.0,0.0,Possible Injury,Left Turn,Daylight,Clear,Dry,81.0,Female,North,Going Straight Ahead,Disregarded Traffic Signal,No Apparent Influence,No Apparent Influence,39.0,Female,Southeast,Making Left Turn,No Improper Action,No Apparent Influence,No Apparent Influence,33.43714969,-111.9609412,2022-07-20,18:58:00
3963585,2022,Kyrene Rd,Bell De Mar Dr,0.0,Not Junction Related,1.0,0.0,Suspected Minor Injury,Angle - Other Than Left Turn 2,Daylight,Clear,Dry,25.0,Male,East,Making Left Turn,Failed To Yield Right Of Way,No Apparent Influence,No Apparent Influence,22.0,Female,South,Going Straight Ahead,No Improper Action,No Apparent Influence,No Apparent Influence,33.35822118,-111.9458585,2022-07-20,19:41:00
3961678,2022,Apache Blvd,Price Rd,31.0,Intersection Related 206,1.0,0.0,Suspected Minor Injury,Head On,Daylight,Clear,Dry,21.0,Male,East,Avoiding Vehicle Object Pedestrian,Speed To Fast For Conditions,No Apparent Influence,No Apparent Influence,36.0,Male,West,Stopped In Trafficway,No Improper Action,No Apparent Influence,No Apparent Influence,33.41478988,-111.8906319,2022-07-21,00:20:00
3969195,2022,Baseline Rd,Hardy Dr,0.0,Intersection 4 Way 202,2.0,0.0,Suspected Minor Injury,Left Turn,Dark Lighted,Clear,Dry,24.0,Female,West,Going Straight Ahead,Disregarded Traffic Signal,No Apparent Influence,No Apparent Influence,25.0,Female,East,Making Left Turn,No Improper Action,No Apparent Influence,No Apparent Influence,33.37821354,-111.9525127,2022-07-21,05:08:00
3963591,2022,Alameda Dr,Priest Dr,10.0,Intersection 4 Way 202,0.0,0.0,No Injury,Sideswipe Same Direction,Daylight,Clear,Dry,37.0,Male,West,Overtaking Passing,Other,No Apparent Influence,No Apparent Influence,66.0,Male,West,Making Right Turn,No Improper Action,No Apparent Influence,No Apparent Influence,33.40014042,-111.9607399,2022-07-21,20:52:00
3962137,2022,Price Rd,University Dr,135.0,Intersection Related 206,1.0,0.0,Suspected Minor Injury,Rear End,Dark Lighted,Clear,Dry,34.0,Male,South,Going Straight Ahead,Speed To Fast For Conditions,Alcohol,No Apparent Influence,43.0,Female,South,Stopped In Trafficway,No Improper Action,No Apparent Influence,No Apparent Influence,33.42238741,-111.8902992,2022-07-22,07:49:00
3963570,2022,McClintock Dr,US-60 Exit 175 C-Ramp,0.0,Intersection 4 Way 202,1.0,0.0,Suspected Minor Injury,Angle - Other Than Left Turn 2,Dawn,Clear,Dry,33.0,Male,North,Making Left Turn,Unknown,No Apparent Influence,No Apparent Influence,35.0,Female,West,Going Straight Ahead,Unknown,No Apparent Influence,No Apparent Influence,33.38624163,-111.9091919,2022-07-22,12:39:00
3967007,2022,Rio Salado Pkwy,Packard Dr,-91.0,Intersection Related 206,1.0,0.0,Possible Injury,Rear End,Daylight,Clear,Dry,23.0,Female,East,Going Straight Ahead,Followed Too Closely,No Apparent Influence,No Apparent Influence,47.0,Female,East,Stopped In Trafficway,No Improper Action,No Apparent Influence,No Apparent Influence,33.42872746,-111.9295884,2022-07-22,14:36:00
3963577,2022,Broadway Rd,Cutler Dr,94.0,Not Junction Related,0.0,0.0,No Injury,U Turn,Daylight,Clear,Dry,21.0,Female,East,Making U Turn,Aggressive Driving,No Apparent Influence,No Apparent Influence,41.0,Female,East,Going Straight Ahead,No Improper Action,No Apparent Influence,No Apparent Influence,33.40741605,-111.9580611,2022-07-22,18:20:00
3963610,2022,Broadway Rd,McClintock Dr,-20.0,Intersection Related 206,1.0,0.0,Possible Injury,Rear End,Daylight,Clear,Dry,40.0,Female,West,Going Straight Ahead,Followed Too Closely,No Apparent Influence,No Apparent Influence,26.0,Male,West,Going Straight Ahead,No Improper Action,No Apparent Influence,No Apparent Influence,33.4075002,-111.9091905,2022-07-22,20:07:00
3965150,2022,McClintock Dr,Elliot Rd,-48.0,Intersection Related 206,1.0,0.0,Suspected Minor Injury,Rear End,Daylight,Clear,Dry,24.0,Male,North,Going Straight Ahead,Speed To Fast For Conditions,No Apparent Influence,No Apparent Influence,74.0,Female,North,Stopped In Trafficway,No Improper Action,No Apparent Influence,No Apparent Influence,33.34899789,-111.9111886,2022-07-22,20:31:00
3996832,2022,University Dr,Priest Dr,100.0,Driveway Or Alley,0.0,0.0,No Injury,Left Turn,Daylight,Cloudy,Dry,16.0,Female,North,Making Left Turn,Failed To Yield Right Of Way,No Apparent Influence,No Apparent Influence,25.0,Female,South,Making Left Turn,No Improper Action,No Apparent Influence,No Apparent Influence,33.42194111,-111.9605958,2022-07-22,22:09:00
4047788,2022,Kyrene Rd,Guadalupe Rd,-10.0,Intersection Related 206,1.0,0.0,Possible Injury,Head On,Daylight,Clear,Dry,27.0,Female,South,Avoiding Vehicle Object Pedestrian,Drove Left Of Center Line,No Apparent Influence,No Apparent Influence,16.0,Female,North,Stopped In Trafficway,No Improper Action,No Apparent Influence,No Apparent Influence,33.36363181,-111.9458939,2022-07-22,23:12:00
3996831,2022,Rural Rd,Libra Dr,100.0,Intersection Related 206,0.0,0.0,No Injury,Rear End,Daylight,Clear,Dry,24.0,Female,South,Going Straight Ahead,Speed To Fast For Conditions,No Apparent Influence,No Apparent Influence,29.0,Male,South,Going Straight Ahead,No Improper Action,No Apparent Influence,No Apparent Influence,33.36585026,-111.9286203,2022-07-23,18:11:00
3963561,2022,Broadway Rd,Dorsey Ln,0.0,Intersection 4 Way 202,1.0,0.0,Suspected Serious Injury,Angle - Other Than Left Turn 2,Daylight,Clear,Dry,43.0,Male,West,Going Straight Ahead,Disregarded Traffic Signal,No Apparent Influence,No Apparent Influence,32.0,Female,South,Going Straight Ahead,No Improper Action,No Apparent Influence,No Apparent Influence,33.40750558,-111.917697,2022-07-23,22:09:00
3965188,2022,Southern Ave,Kyrene Rd,60.0,Intersection Related 206,2.0,0.0,Possible Injury,Sideswipe Opposite Direction,Daylight,Clear,Dry,35.0,Female,East,Avoiding Vehicle Object Pedestrian,Other,No Apparent Influence,No Apparent Influence,21.0,Male,East,Going Straight Ahead,No Improper Action,No Apparent Influence,No Apparent Influence,33.39283686,-111.9434883,2022-07-23,22:32:00
4014484,2022,5th St,Beck Ave,35.0,Intersection Related 206,0.0,0.0,No Injury,Rear End,Daylight,Clear,Dry,39.0,Female,West,Going Straight Ahead,Other,No Apparent Influence,No Apparent Influence,60.0,Female,West,Stopped In Trafficway,No Improper Action,No Apparent Influence,No Apparent Influence,33.42550404,-111.9565479,2022-07-23,23:00:00
3969199,2022,Mill Ave,Hermosa Dr,0.0,Intersection 4 Way 202,0.0,0.0,No Injury,Left Turn,Dark Lighted,Clear,Dry,22.0,Male,North,Making Left Turn,Disregarded Traffic Signal,Alcohol,No Apparent Influence,39.0,Male,South,Going Straight Ahead,No Improper Action,No Apparent Influence,No Apparent Influence,33.38820795,-111.9395261,2022-07-24,05:50:00
3969176,2022,Baseline Rd,Hardy Dr,0.0,Intersection 4 Way 202,0.0,0.0,No Injury,Left Turn,Dark Lighted,Clear,Dry,21.0,Female,West,Making Left Turn,Failed To Yield Right Of Way,No Apparent Influence,No Apparent Influence,27.0,Male,East,Going Straight Ahead,No Improper Action,No Apparent Influence,No Apparent Influence,33.37821354,-111.9525127,2022-07-24,08:32:00
3967061,2022,Guadalupe Rd,All America Way,0.0,Intersection T Inter 203,0.0,0.0,No Injury,Left Turn,Daylight,Clear,Dry,22.0,Female,Southeast,Making Left Turn,Failed To Yield Right Of Way,No Apparent Influence,No Apparent Influence,26.0,Female,West,Going Straight Ahead,No Improper Action,No Apparent Influence,No Apparent Influence,33.36370836,-111.936645,2022-07-24,17:59:00
3967043,2022,Priest Dr,Rio Salado Pkwy,0.0,Intersection 4 Way 202,2.0,0.0,Suspected Minor Injury,Left Turn,Dusk,Cloudy,Dry,58.0,Male,North,Going Straight Ahead,Disregarded Traffic Signal,No Apparent Influence,No Apparent Influence,52.0,Male,East,Going Straight Ahead,No Improper Action,No Apparent Influence,No Apparent Influence,33.42956051,-111.9609666,2022-07-25,02:36:00
3927293,2022,I-10 Exit 153 C2-Ramp,Unknown,0.0,Intersection Related 206,1.0,0.0,Possible Injury,Rear End,Daylight,Clear,Dry,48.0,Female,West,Slowing In Trafficway,Speed To Fast For Conditions,No Apparent Influence,No Apparent Influence,52.0,Female,West,Slowing In Trafficway,No Improper Action,No Apparent Influence,No Apparent Influence,33.40826538,-111.9694625,2022-07-25,16:05:00
3965158,2022,Rural Rd,Apache Blvd,-100.0,Intersection Related 206,0.0,0.0,No Injury,Rear End,Daylight,Clear,Dry,25.0,Male,North,Going Straight Ahead,Followed Too Closely,No Apparent Influence,No Apparent Influence,21.0,Male,North,Stopped In Trafficway,No Improper Action,No Apparent Influence,No Apparent Influence,33.4144874,-111.9262927,2022-07-25,22:26:00
3969127,2022,Rural Rd,Southern Ave,50.0,Intersection Related 206,0.0,0.0,No Injury,Angle - Other Than Left Turn 2,Daylight,Clear,Dry,22.0,Female,East,Making Right Turn,Failed To Yield Right Of Way,No Apparent Influence,No Apparent Influence,20.0,Female,South,Going Straight Ahead,No Improper Action,No Apparent Influence,No Apparent Influence,33.39309834,-111.9263258,2022-07-25,23:31:00
3969220,2022,Southern Ave,McClintock Dr,-25.0,Intersection Related 206,0.0,0.0,No Injury,Rear End,Dark Lighted,Clear,Dry,28.0,Male,East,Going Straight Ahead,Unknown,Alcohol,No Apparent Influence,37.0,Female,East,Going Straight Ahead,Unknown,No Apparent Influence,No Apparent Influence,33.39299255,-111.9092086,2022-07-26,05:13:00
3965172,2022,13th St,Hardy Dr,-60.0,Intersection Related 206,0.0,0.0,No Injury,Other,Daylight,Cloudy,Dry,47.0,Male,East,Backing,Other,No Apparent Influence,No Apparent Influence,60.0,Male,East,Stopped In Trafficway,No Improper Action,No Apparent Influence,No Apparent Influence,33.41464958,-111.9523872,2022-07-26,14:23:00
3996820,2022,Elliot Rd,Roosevelt St,0.0,Intersection 201,0.0,0.0,No Injury,Angle - Other Than Left Turn 2,Daylight,Clear,Dry,57.0,Female,North,Unknown,Failed To Yield Right Of Way,No Apparent Influence,No Apparent Influence,52.0,Female,West,Going Straight Ahead,No Improper Action,No Apparent Influence,No Apparent Influence,33.34917706,-111.9503233,2022-07-26,19:13:00
3968666,2022,Warner Rd,Fairfield Dr,156.0,Not Junction Related,1.0,0.0,Possible Injury,Sideswipe Same Direction,Daylight,Clear,Dry,30.0,Male,East,Changing Lanes,Unsafe Lane Change,No Apparent Influence,No Apparent Influence,46.0,Male,East,Going Straight Ahead,No Improper Action,No Apparent Influence,No Apparent Influence,33.33474496,-111.9005811,2022-07-27,00:16:00
3968219,2022,University Dr,Albert Ave,0.0,Intersection 4 Way 202,0.0,0.0,No Injury,Left Turn,Daylight,Clear,Dry,36.0,Female,Northeast,Making Left Turn,Made Improper Turn,No Apparent Influence,No Apparent Influence,58.0,Male,West,Going Straight Ahead,No Improper Action,No Apparent Influence,No Apparent Influence,33.42194077,-111.9627619,2022-07-27,00:52:00
3963560,2022,Rio Salado Pkwy,Perry Ln,0.0,Intersection 4 Way 202,0.0,0.0,No Injury,Left Turn,Dark Lighted,Clear,Dry,28.0,Female,Northeast,Making Left Turn,Made Improper Turn,No Apparent Influence,No Apparent Influence,21.0,Female,West,Going Straight Ahead,No Improper Action,No Apparent Influence,No Apparent Influence,33.42923899,-111.904765,2022-07-27,02:45:00
3969757,2022,Priest Dr,Alameda Dr,94.0,Intersection Related 206,0.0,0.0,No Injury,Rear End,Daylight,Cloudy,Dry,57.0,Male,South,Going Straight Ahead,Followed Too Closely,No Apparent Influence,No Apparent Influence,33.0,Male,South,Stopped In Trafficway,No Improper Action,No Apparent Influence,No Apparent Influence,33.40039876,-111.960773,2022-07-27,14:33:00
3996837,2022,University Dr,Rural Rd,-43.0,Intersection Related 206,2.0,0.0,Suspected Minor Injury,Rear End,Daylight,Cloudy,Dry,43.0,Female,East,Going Straight Ahead,Followed Too Closely,No Apparent Influence,No Apparent Influence,32.0,Male,East,Stopped In Trafficway,No Improper Action,No Apparent Influence,No Apparent Influence,33.42202803,-111.9264532,2022-07-27,15:45:00
3963537,2022,Southern Ave,Priest Dr,-100.0,Intersection Related 206,0.0,0.0,No Injury,Sideswipe Same Direction,Daylight,Cloudy,Dry,41.0,Female,East,Slowing In Trafficway,Speed To Fast For Conditions,No Apparent Influence,No Apparent Influence,64.0,Female,East,Slowing In Trafficway,No Improper Action,No Apparent Influence,No Apparent Influence,33.39288162,-111.9610973,2022-07-27,20:56:00
3966976,2022,Rural Rd,Southern Ave,221.0,Intersection Related 206,0.0,0.0,No Injury,Rear End,Daylight,Cloudy,Dry,28.0,Male,South,Going Straight Ahead,Speed To Fast For Conditions,No Apparent Influence,No Apparent Influence,20.0,Female,South,Stopped In Trafficway,No Improper Action,No Apparent Influence,No Apparent Influence,33.39356826,-111.9263266,2022-07-27,22:15:00
3988626,2022,McClintock Dr,Dunbar Dr,-180.0,Driveway Or Alley,0.0,0.0,No Injury,Rear End,Dark Lighted,Clear,Dry,36.0,Male,South,Going Straight Ahead,Speed To Fast For Conditions,No Apparent Influence,No Apparent Influence,22.0,Female,South,Going Straight Ahead,No Improper Action,No Apparent Influence,No Apparent Influence,33.37977266,-111.9092548,2022-07-28,03:28:00
3968150,2022,Broadway Rd,Priest Dr,-162.0,Intersection Related 206,0.0,0.0,No Injury,Rear End,Dark Lighted,Clear,Dry,42.0,Male,West,Going Straight Ahead,Followed Too Closely,No Apparent Influence,No Apparent Influence,50.0,Female,West,Avoiding Vehicle Object Pedestrian,No Improper Action,No Apparent Influence,No Apparent Influence,33.40742199,-111.9613112,2022-07-28,10:13:00
3927737,2022,SR-202 Exit 7 T-Ramp,Unknown,0.0,Entrance Exit Ramp 205,1.0,0.0,Possible Injury,Rear End,Daylight,Clear,Dry,21.0,Male,East,Making Right Turn,Speed To Fast For Conditions,No Apparent Influence,No Apparent Influence,36.0,Male,East,Making Right Turn,No Improper Action,No Apparent Influence,No Apparent Influence,33.43560846,-111.9264467,2022-07-28,18:48:00
3963541,2022,Southern Ave,College Ave,0.0,Intersection 4 Way 202,1.0,0.0,Possible Injury,Angle - Other Than Left Turn 2,Daylight,Clear,Dry,31.0,Female,South,Going Straight Ahead,Disregarded Traffic Signal,No Apparent Influence,No Apparent Influence,22.0,Female,East,Going Straight Ahead,No Improper Action,No Apparent Influence,No Apparent Influence,33.39290712,-111.9349183,2022-07-29,00:46:00
3963614,2022,Jewell St,Warner Rd,0.0,Not Junction Related,1.0,0.0,Possible Injury,Left Turn,Daylight,Clear,Dry,21.0,Female,Northeast,Making Left Turn,Failed To Yield Right Of Way,No Apparent Influence,No Apparent Influence,22.0,Male,West,Going Straight Ahead,No Improper Action,No Apparent Influence,No Apparent Influence,33.3345274,-111.9682957,2022-07-29,16:05:00
3996819,2022,Kyrene Rd,Calle Monte Vista Dr,-75.0,Not Junction Related,0.0,0.0,No Injury,Rear End,Daylight,Clear,Dry,23.0,Male,South,Going Straight Ahead,Speed To Fast For Conditions,No Apparent Influence,No Apparent Influence,59.0,Male,South,Slowing In Trafficway,No Improper Action,No Apparent Influence,No Apparent Influence,33.33655503,-111.9456866,2022-07-29,21:29:00
3966977,2022,Baseline Rd,I-10 Exit 155 J1-Ramp,90.0,Intersection Related 206,0.0,0.0,No Injury,Angle - Other Than Left Turn 2,Dusk,Clear,Dry,28.0,Female,West,Changing Lanes,Unsafe Lane Change,No Apparent Influence,No Apparent Influence,17.0,Male,West,Going Straight Ahead,No Improper Action,No Apparent Influence,No Apparent Influence,33.37829504,-111.9670844,2022-07-30,01:54:00
3988968,2022,Dorsey Ln,Orange St,0.0,Intersection 4 Way 202,0.0,0.0,No Injury,Angle - Other Than Left Turn 2,Daylight,Clear,Dry,22.0,Male,West,Making Right Turn,Failed To Yield Right Of Way,No Apparent Influence,No Apparent Influence,39.0,Male,North,Going Straight Ahead,No Improper Action,No Apparent Influence,No Apparent Influence,33.41839016,-111.9177335,2022-07-30,18:05:00
3967123,2022,Warner Rd,River Pkwy,-50.0,Intersection Related 206,1.0,0.0,Possible Injury,Rear End,Daylight,Clear,Dry,21.0,Female,East,Going Straight Ahead,Speed To Fast For Conditions,No Apparent Influence,No Apparent Influence,36.0,Female,East,Stopped In Trafficway,No Improper Action,No Apparent Influence,No Apparent Influence,33.33477612,-111.8978341,2022-07-30,18:08:00
3996834,2022,Grove Pkwy,Kyrene Rd,-175.0,Driveway Or Alley,0.0,0.0,No Injury,Rear End,Daylight,Clear,Dry,26.0,Female,East,Going Straight Ahead,No Improper Action,No Apparent Influence,No Apparent Influence,26.0,Male,East,Making Right Turn,No Improper Action,No Apparent Influence,No Apparent Influence,33.35482322,-111.9481566,2022-07-30,21:31:00
3969756,2022,Rural Rd,Baseline Rd,-200.0,Not Junction Related,0.0,0.0,No Injury,Angle - Other Than Left Turn 2,Daylight,Clear,Dry,23.0,Male,West,Making Right Turn,Failed To Yield Right Of Way,No Apparent Influence,No Apparent Influence,24.0,Male,South,Going Straight Ahead,No Improper Action,No Apparent Influence,No Apparent Influence,33.3776996,-111.9286879,2022-07-30,21:43:00
3961737,2022,Baseline Rd,I-10 Exit 155 C2-Ramp,100.0,Intersection Related 206,0.0,0.0,No Injury,Angle - Other Than Left Turn 2,Daylight,Clear,Dry,18.0,Female,East,Unknown,Unknown,No Apparent Influence,No Apparent Influence,71.0,Male,East,Going Straight Ahead,Unknown,No Apparent Influence,No Apparent Influence,33.37829458,-111.9670517,2022-07-31,21:14:00
3969221,2022,Scottsdale Rd,Curry Rd,0.0,Intersection 4 Way 202,1.0,0.0,Suspected Minor Injury,Angle - Other Than Left Turn 2,Dark Lighted,Clear,Dry,23.0,Female,East,Going Straight Ahead,Disregarded Traffic Signal,Alcohol,No Apparent Influence,25.0,Male,South,Going Straight Ahead,No Improper Action,No Apparent Influence,No Apparent Influence,33.44029348,-111.9263369,2022-08-01,09:29:00
3968110,2022,McClintock Dr,Warner Rd,-100.0,Intersection Related 206,0.0,0.0,No Injury,Sideswipe Same Direction,Daylight,Clear,Dry,31.0,Female,North,Changing Lanes,Unknown,No Apparent Influence,No Apparent Influence,70.0,Female,North,Changing Lanes,Unknown,No Apparent Influence,No Apparent Influence,33.33436873,-111.9111685,2022-08-02,14:59:00
3965176,2022,University Dr,Hacienda Dr,0.0,Not Junction Related,2.0,0.0,Suspected Minor Injury,Rear End,Daylight,Clear,Dry,48.0,Female,West,Going Straight Ahead,Followed Too Closely,No Apparent Influence,No Apparent Influence,71.0,Male,West,Slowing In Trafficway,No Improper Action,No Apparent Influence,No Apparent Influence,33.42201961,-111.9062522,2022-08-02,16:18:00
3963558,2022,Warner Rd,Priest Dr,-204.0,Intersection Related 206,1.0,0.0,Possible Injury,Sideswipe Same Direction,Daylight,Clear,Dry,17.0,Female,East,Changing Lanes,Unsafe Lane Change,No Apparent Influence,No Apparent Influence,69.0,Female,East,Going Straight Ahead,No Improper Action,No Apparent Influence,No Apparent Influence,33.33452368,-111.963785,2022-08-02,17:54:00
3963559,2022,McClintock Dr,SR-202 Exit 8 A-Ramp,-150.0,Intersection Related 206,0.0,0.0,No Injury,Sideswipe Same Direction,Daylight,Clear,Dry,68.0,Male,South,Unknown,Unknown,No Apparent Influence,No Apparent Influence,49.0,Male,South,Unknown,Unknown,No Apparent Influence,No Apparent Influence,33.43604457,-111.9095967,2022-08-02,17:57:00
4001441,2022,Broadway Rd,52nd St,-25.0,Intersection Related 206,0.0,0.0,No Injury,Sideswipe Same Direction,Daylight,Clear,Dry,28.0,Male,East,Stopped In Trafficway,Other,No Apparent Influence,No Apparent Influence,54.0,Male,East,Going Straight Ahead,Other,No Apparent Influence,No Apparent Influence,33.40926292,-111.969614,2022-08-02,23:07:00
3969249,2022,Elliot Rd,Priest Dr,-136.0,Intersection Related 206,0.0,0.0,No Injury,Sideswipe Same Direction,Daylight,Clear,Dry,25.0,Female,East,Making U Turn,Unknown,No Apparent Influence,No Apparent Influence,30.0,Female,East,Unknown,Unknown,No Apparent Influence,No Apparent Influence,33.34909606,-111.9635781,2022-08-02,23:35:00