Incident_ID,Year,Street_Name,Cross_Street,Distance,Junction_Relation,Total_Injuries,Total_Fatalities,Injury_Severity,Collision_Manner,Light_Condition,Weather,Surface_Condition,Age_1,Gender_1,Travel_One,UnitAction_One,Violation1_Drv1,AlcoholUse_ 1,DrugUse_1,Age_2,Gender_2,TravelDirection_2,UnitAction_2,Violation_2,AlcoholUse_2,DrugUse_2,Latitude,Longitude,Date,Time
4047795,2022,Parkside Dr,Guadalupe Rd,200.0,Not Junction Related,0.0,0.0,No Injury,Head On,Dark Unknown Lighting,Clear,Dry,22.0,Female,South,Going Straight Ahead,Drove Left Of Center Line,Alcohol,No Apparent Influence,34.0,Male,North,Properly Parked,No Improper Action,No Apparent Influence,No Apparent Influence,33.36424136,-111.9559611,2022-08-13,10:19:00
3967132,2022,Center Pkwy,Washington St,0.0,Intersection 4 Way 202,0.0,0.0,No Injury,Left Turn,Daylight,Clear,Dry,25.0,Female,East,Going Straight Ahead,Disregarded Traffic Signal,No Apparent Influence,No Apparent Influence,21.0,Male,West,Making Left Turn,No Improper Action,No Apparent Influence,No Apparent Influence,33.43930558,-111.9488308,2022-08-13,20:48:00
3968182,2022,Rio Salado Pkwy,Perry Ln,0.0,Intersection 4 Way 202,1.0,0.0,Possible Injury,Left Turn,Daylight,Clear,Dry,23.0,Female,North,Making Left Turn,Made Improper Turn,No Apparent Influence,No Apparent Influence,52.0,Male,West,Going Straight Ahead,No Improper Action,No Apparent Influence,No Apparent Influence,33.42923899,-111.904765,2022-08-14,19:44:00
3967111,2022,Mill Ave,Broadway Rd,75.0,Intersection Related 206,0.0,0.0,No Injury,Rear End,Daylight,Clear,Dry,59.0,Female,South,Going Straight Ahead,Speed To Fast For Conditions,No Apparent Influence,No Apparent Influence,47.0,Female,South,Stopped In Trafficway,No Improper Action,No Apparent Influence,No Apparent Influence,33.4076036,-111.9398326,2022-08-14,20:43:00
3967130,2022,Warner Rd,Harl Ave,0.0,Intersection 4 Way 202,0.0,0.0,No Injury,Angle - Other Than Left Turn 2,Daylight,Clear,Dry,39.0,Female,East,Going Straight Ahead,Disregarded Traffic Signal,No Apparent Influence,No Apparent Influence,43.0,Female,North,Going Straight Ahead,No Improper Action,No Apparent Influence,No Apparent Influence,33.33450058,-111.966674,2022-08-14,22:52:00
3969228,2022,Guadalupe Rd,McClintock Dr,-86.0,Intersection Related 206,0.0,0.0,No Injury,Rear End,Dark Lighted,Rain,Wet,26.0,Male,East,Going Straight Ahead,Speed To Fast For Conditions,Alcohol,No Apparent Influence,22.0,Male,East,Stopped In Trafficway,No Improper Action,No Apparent Influence,No Apparent Influence,33.36376524,-111.9115383,2022-08-15,02:32:00
3983975,2022,McClintock Dr,Warner Rd,0.0,Not Junction Related,0.0,0.0,No Injury,Rear End,Dark Lighted,Cloudy,Wet,26.0,Male,South,Going Straight Ahead,Speed To Fast For Conditions,Alcohol,No Apparent Influence,30.0,Female,South,Going Straight Ahead,No Improper Action,No Apparent Influence,No Apparent Influence,33.33464293,-111.9111771,2022-08-15,02:33:00
3968214,2022,Mill Ave,13th St,-50.0,Intersection Related 206,1.0,0.0,Possible Injury,Rear End,Dark Lighted,Cloudy,Wet,18.0,Female,North,Going Straight Ahead,Speed To Fast For Conditions,No Apparent Influence,No Apparent Influence,18.0,Male,North,Stopped In Trafficway,No Improper Action,No Apparent Influence,No Apparent Influence,33.41461644,-111.9399057,2022-08-15,02:57:00
3945944,2022,University Dr,Rosen Pl,50.0,Intersection Related 206,0.0,0.0,No Injury,Rear End,Dark Lighted,Cloudy,Dry,18.0,Male,West,Going Straight Ahead,Speed To Fast For Conditions,No Apparent Influence,No Apparent Influence,22.0,Female,West,Slowing In Trafficway,No Improper Action,No Apparent Influence,No Apparent Influence,33.42190744,-111.9505652,2022-08-15,08:34:00
3969711,2022,Priest Dr,SR-202 Cardinal Frontage,0.0,Intersection 4 Way 202,0.0,0.0,No Injury,Head On,Dark Lighted,Cloudy,Dry,26.0,Male,North,Going Straight Ahead,Disregarded Traffic Signal,Alcohol,No Apparent Influence,57.0,Male,East,Going Straight Ahead,No Improper Action,No Apparent Influence,No Apparent Influence,33.43714969,-111.9609412,2022-08-15,11:37:00
3968105,2022,Broadway Rd,River Dr,0.0,Intersection 4 Way 202,0.0,0.0,No Injury,Left Turn,Daylight,Clear,Dry,47.0,Male,West,Making Left Turn,Failed To Yield Right Of Way,No Apparent Influence,No Apparent Influence,25.0,Male,East,Going Straight Ahead,No Improper Action,No Apparent Influence,No Apparent Influence,33.40749554,-111.8977485,2022-08-15,15:18:00
3967138,2022,McClintock Dr,Rio Salado Pkwy,100.0,Not Junction Related,0.0,0.0,No Injury,Rear End,Daylight,Clear,Dry,21.0,Female,North,Going Straight Ahead,Unknown,No Apparent Influence,No Apparent Influence,89.0,Female,North,Stopped In Trafficway,Unknown,No Apparent Influence,No Apparent Influence,33.42953667,-111.9090816,2022-08-15,19:44:00
3969707,2022,Rio Salado Pkwy,McClintock Dr,80.0,Intersection Related 206,0.0,0.0,No Injury,Rear End,Daylight,Clear,Dry,25.0,Male,West,Slowing In Trafficway,Speed To Fast For Conditions,No Apparent Influence,No Apparent Influence,60.0,Male,West,Stopped In Trafficway,No Improper Action,No Apparent Influence,No Apparent Influence,33.42929218,-111.9088097,2022-08-15,20:37:00
3967133,2022,University Dr,Mill Ave,0.0,Intersection 4 Way 202,0.0,0.0,No Injury,Sideswipe Same Direction,Daylight,Clear,Dry,34.0,Male,West,Making Left Turn,Made Improper Turn,No Apparent Influence,No Apparent Influence,26.0,Male,East,Making Right Turn,No Improper Action,No Apparent Influence,No Apparent Influence,33.42193474,-111.940017,2022-08-15,21:07:00
3968120,2022,University Dr,Dorsey Ln,0.0,Intersection 201,0.0,0.0,No Injury,Left Turn,Daylight,Clear,Dry,19.0,Female,West,Making Left Turn,Followed Too Closely,No Apparent Influence,No Apparent Influence,43.0,Female,East,Going Straight Ahead,No Improper Action,No Apparent Influence,No Apparent Influence,33.42201868,-111.9176894,2022-08-15,22:17:00
3969237,2022,Priest Dr,23rd St,-180.0,Intersection Related 206,0.0,0.0,No Injury,Rear End,Daylight,Clear,Dry,21.0,Female,North,Slowing In Trafficway,Followed Too Closely,Alcohol,No Apparent Influence,54.0,Female,North,Stopped In Trafficway,No Improper Action,No Apparent Influence,No Apparent Influence,33.40318539,-111.9607767,2022-08-15,22:41:00
3967068,2022,Rural Rd,Lakeshore Dr,90.0,Intersection 4 Way 202,0.0,0.0,No Injury,Rear End,Daylight,Clear,Dry,52.0,Male,South,Going Straight Ahead,Speed To Fast For Conditions,No Apparent Influence,No Apparent Influence,23.0,Male,South,Stopped In Trafficway,No Improper Action,No Apparent Influence,No Apparent Influence,33.38251596,-111.9267293,2022-08-16,00:02:00
3984463,2022,5th St,Wilson St,-30.0,Intersection Related 206,1.0,0.0,Suspected Minor Injury,Left Turn,Dark Lighted,Clear,Dry,35.0,Male,West,Making Left Turn,Speed To Fast For Conditions,No Apparent Influence,No Apparent Influence,21.0,Female,East,Going Straight Ahead,No Improper Action,No Apparent Influence,No Apparent Influence,33.42547455,-111.9458782,2022-08-16,02:50:00
3967136,2022,McClintock Dr,University Dr,0.0,Intersection 4 Way 202,0.0,0.0,No Injury,Left Turn,Dark Lighted,Clear,Dry,40.0,Female,East,Making Left Turn,Disregarded Traffic Signal,No Apparent Influence,No Apparent Influence,20.0,Female,Southwest,Going Straight Ahead,No Improper Action,No Apparent Influence,No Apparent Influence,33.42198261,-111.9090862,2022-08-16,07:13:00
3969166,2022,Mill Ave,University Dr,0.0,Intersection 4 Way 202,0.0,0.0,No Injury,Angle - Other Than Left Turn 2,Daylight,Clear,Dry,19.0,Female,North,Going Straight Ahead,Disregarded Traffic Signal,No Apparent Influence,No Apparent Influence,63.0,Male,West,Going Straight Ahead,No Improper Action,No Apparent Influence,No Apparent Influence,33.42193478,-111.940017,2022-08-16,14:56:00
3932940,2022,Elliot Rd,I-10 Exit 157 A-Ramp,-25.0,Not Junction Related,0.0,0.0,No Injury,Sideswipe Same Direction,Daylight,Clear,Dry,53.0,Male,West,Making Right Turn,Unsafe Lane Change,No Apparent Influence,No Apparent Influence,40.0,Male,West,Making Right Turn,No Improper Action,No Apparent Influence,No Apparent Influence,33.34907227,-111.9729133,2022-08-16,17:37:00
3967105,2022,Broadway Rd,Terrace Rd,225.0,Intersection Related 206,2.0,0.0,Suspected Minor Injury,Left Turn,Daylight,Cloudy,Dry,31.0,Male,South,Making Left Turn,Failed To Yield Right Of Way,No Apparent Influence,No Apparent Influence,41.0,Female,West,Going Straight Ahead,No Improper Action,No Apparent Influence,No Apparent Influence,33.40751242,-111.9218776,2022-08-16,23:25:00
3967107,2022,Hardy Dr,Elliot Rd,0.0,Intersection 4 Way 202,1.0,0.0,Possible Injury,Left Turn,Dark Lighted,Clear,Dry,29.0,Male,Northwest,Making Left Turn,Failed To Yield Right Of Way,No Apparent Influence,No Apparent Influence,48.0,Female,South,Going Straight Ahead,No Improper Action,No Apparent Influence,No Apparent Influence,33.34915642,-111.9544807,2022-08-17,02:57:00
3969703,2022,Warner Rd,Dromedary Dr,0.0,Intersection T Inter 203,0.0,0.0,No Injury,Left Turn,Daylight,Cloudy,Dry,43.0,Male,South,Making Left Turn,Failed To Yield Right Of Way,No Apparent Influence,No Apparent Influence,24.0,Male,West,Going Straight Ahead,No Improper Action,No Apparent Influence,No Apparent Influence,33.33461602,-111.9432782,2022-08-17,22:25:00
3967052,2022,McClintock Dr,SR-202 Exit 8 J-Ramp,0.0,Intersection T Inter 203,0.0,0.0,No Injury,Left Turn,Daylight,Clear,Dry,53.0,Female,North,Making Left Turn,Failed To Yield Right Of Way,No Apparent Influence,Drugs,25.0,Male,South,Going Straight Ahead,No Improper Action,No Apparent Influence,No Apparent Influence,33.43662129,-111.9096218,2022-08-18,00:32:00
3969251,2022,Broadway Rd,Roosevelt St,130.0,Intersection Related 206,0.0,0.0,No Injury,Rear End,Daylight,Clear,Dry,25.0,Male,West,Going Straight Ahead,Speed To Fast For Conditions,No Apparent Influence,No Apparent Influence,31.0,Female,West,Stopped In Trafficway,No Improper Action,No Apparent Influence,No Apparent Influence,33.40737547,-111.9474273,2022-08-18,00:36:00
3933993,2022,I-10 Exit 155 C2-Ramp,Unknown,0.0,Not Junction Related,0.0,0.0,No Injury,Rear End,Daylight,Clear,Dry,41.0,Male,North,Going Straight Ahead,Speed To Fast For Conditions,No Apparent Influence,No Apparent Influence,46.0,Female,North,Stopped In Trafficway,No Improper Action,No Apparent Influence,No Apparent Influence,33.3779428,-111.9673777,2022-08-18,00:46:00
3983934,2022,Rural Rd,Vista Del Cerro Dr,0.0,Intersection T Inter 203,0.0,0.0,No Injury,Left Turn,Dark Lighted,Clear,Dry,61.0,Female,South,Making Left Turn,Failed To Yield Right Of Way,No Apparent Influence,No Apparent Influence,28.0,Male,North,Going Straight Ahead,No Improper Action,No Apparent Influence,No Apparent Influence,33.41046048,-111.9262842,2022-08-18,02:12:00
3967092,2022,Hardy Dr,Manhatton Dr,0.0,Intersection 4 Way 202,2.0,0.0,Suspected Minor Injury,Angle - Other Than Left Turn 2,Daylight,Clear,Dry,35.0,Male,West,Making Right Turn,Failed To Yield Right Of Way,No Apparent Influence,No Apparent Influence,23.0,Female,North,Going Straight Ahead,No Improper Action,No Apparent Influence,No Apparent Influence,33.38939305,-111.9525541,2022-08-18,14:11:00
3935721,2022,SR-202 Exit 7 T-Ramp,Unknown,0.0,Entrance Exit Ramp 205,0.0,0.0,No Injury,Rear End,Daylight,Clear,Dry,21.0,Male,East,Making Right Turn,Speed To Fast For Conditions,No Apparent Influence,No Apparent Influence,48.0,Female,East,Making Right Turn,No Improper Action,No Apparent Influence,No Apparent Influence,33.43544336,-111.926348,2022-08-18,15:34:00
3968109,2022,Rural Rd,6th St,105.0,Intersection Related 206,0.0,0.0,No Injury,Rear End,Daylight,Clear,Dry,18.0,Male,South,Going Straight Ahead,Followed Too Closely,No Apparent Influence,No Apparent Influence,27.0,Male,South,Stopped In Trafficway,No Improper Action,No Apparent Influence,No Apparent Influence,33.42478633,-111.9263009,2022-08-18,17:33:00
3967118,2022,Apache Blvd,Rural Rd,75.0,Not Junction Related,0.0,0.0,No Injury,Rear End,Daylight,Clear,Dry,21.0,Male,East,Going Straight Ahead,Speed To Fast For Conditions,No Apparent Influence,No Apparent Influence,24.0,Male,East,Stopped In Trafficway,No Improper Action,No Apparent Influence,No Apparent Influence,33.41476118,-111.9260471,2022-08-18,19:08:00
3967094,2022,Scottsdale Rd,Playa Del Norte Dr,-200.0,Not Junction Related,0.0,0.0,No Injury,Rear End,Daylight,Clear,Dry,26.0,Female,North,Going Straight Ahead,Followed Too Closely,No Apparent Influence,No Apparent Influence,20.0,Female,North,Stopped In Trafficway,No Improper Action,No Apparent Influence,No Apparent Influence,33.43348521,-111.9262675,2022-08-18,19:21:00
3969239,2022,Baseline Rd,Mill Ave,0.0,Intersection 4 Way 202,2.0,0.0,Suspected Minor Injury,Rear End,Dark Lighted,Clear,Dry,20.0,Male,East,Going Straight Ahead,Speed To Fast For Conditions,Alcohol,No Apparent Influence,44.0,Male,East,Slowing In Trafficway,No Improper Action,No Apparent Influence,No Apparent Influence,33.37821114,-111.9393657,2022-08-19,06:55:00
3967011,2022,Rural Rd,Gail Dr,25.0,Intersection Related 206,0.0,0.0,No Injury,Rear End,Daylight,Cloudy,Dry,16.0,Male,North,Going Straight Ahead,Speed To Fast For Conditions,No Apparent Influence,No Apparent Influence,41.0,Male,North,Stopped In Trafficway,No Improper Action,No Apparent Influence,No Apparent Influence,33.32252385,-111.9282168,2022-08-19,14:11:00
3969450,2022,Curry Rd,College Ave,0.0,Intersection 4 Way 202,0.0,0.0,No Injury,Left Turn,Daylight,Clear,Dry,23.0,Male,East,Making Left Turn,Failed To Yield Right Of Way,No Apparent Influence,No Apparent Influence,38.0,Male,West,Going Straight Ahead,No Improper Action,No Apparent Influence,No Apparent Influence,33.44022771,-111.9308396,2022-08-19,23:14:00
3968112,2022,Rural Rd,Broadway Rd,-150.0,Intersection Related 206,0.0,0.0,No Injury,Rear End,Dark Lighted,Clear,Dry,31.0,Male,North,Going Straight Ahead,Speed To Fast For Conditions,No Apparent Influence,No Apparent Influence,29.0,Male,North,Going Straight Ahead,No Improper Action,No Apparent Influence,No Apparent Influence,33.4070897,-111.926285,2022-08-20,02:34:00
3969240,2022,Priest Dr,Baseline Rd,0.0,Intersection 4 Way 202,0.0,0.0,No Injury,Sideswipe Same Direction,Dark Lighted,Clear,Dry,22.0,Male,North,Going Straight Ahead,Failed To Keep In Proper Lane,No Apparent Influence,No Apparent Influence,33.0,Male,North,Going Straight Ahead,No Improper Action,No Apparent Influence,No Apparent Influence,33.37824385,-111.9631749,2022-08-20,06:25:00
3983986,2022,Baseline Rd,Arizona Mills S,0.0,Not Junction Related,0.0,0.0,No Injury,Rear End,Daylight,Clear,Dry,72.0,Male,East,Going Straight Ahead,Speed To Fast For Conditions,No Apparent Influence,No Apparent Influence,29.0,Male,East,Stopped In Trafficway,No Improper Action,No Apparent Influence,No Apparent Influence,33.37827011,-111.965455,2022-08-20,17:04:00
3984427,2022,University Dr,Price Rd,0.0,Intersection 4 Way 202,1.0,0.0,Possible Injury,Angle - Other Than Left Turn 2,Daylight,Cloudy,Dry,31.0,Male,East,Making Left Turn,Failed To Yield Right Of Way,No Apparent Influence,No Apparent Influence,23.0,Female,South,Going Straight Ahead,No Improper Action,No Apparent Influence,No Apparent Influence,33.4220113,-111.8919545,2022-08-20,19:22:00
3933677,2022,Southern Ave,48th St,0.0,Intersection 4 Way 202,2.0,0.0,Possible Injury,Left Turn,Daylight,Clear,Dry,27.0,Male,Northwest,Making Left Turn,Failed To Yield Right Of Way,No Apparent Influence,No Apparent Influence,25.0,Male,South,Going Straight Ahead,No Improper Action,No Apparent Influence,No Apparent Influence,33.39276725,-111.9783383,2022-08-20,21:30:00
3968111,2022,Rural Rd,Campus Dr,0.0,Intersection 201,0.0,0.0,No Injury,Angle - Other Than Left Turn 2,Daylight,Clear,Dry,18.0,Male,West,Making Left Turn,Failed To Yield Right Of Way,No Apparent Influence,No Apparent Influence,19.0,Female,North,Going Straight Ahead,No Improper Action,No Apparent Influence,No Apparent Influence,33.39857239,-111.9263169,2022-08-20,21:32:00
3967064,2022,Kyrene Rd,Guadalupe Rd,0.0,Intersection 4 Way 202,1.0,0.0,Suspected Minor Injury,Left Turn,Daylight,Clear,Dry,23.0,Male,West,Making Left Turn,Failed To Yield Right Of Way,No Apparent Influence,No Apparent Influence,50.0,Female,South,Going Straight Ahead,No Improper Action,No Apparent Influence,No Apparent Influence,33.36365928,-111.9458941,2022-08-20,21:35:00
3968113,2022,Guadalupe Rd,Roosevelt St,0.0,Intersection T Inter 203,1.0,0.0,Possible Injury,Angle - Other Than Left Turn 2,Daylight,Clear,Dry,53.0,Female,North,Making Left Turn,Failed To Yield Right Of Way,No Apparent Influence,No Apparent Influence,51.0,Female,East,Going Straight Ahead,No Improper Action,No Apparent Influence,No Apparent Influence,33.36367337,-111.9493793,2022-08-20,21:47:00
3967066,2022,Rural Rd,Broadway Rd,167.0,Driveway Or Alley,0.0,0.0,No Injury,Angle - Other Than Left Turn 2,Daylight,Clear,Dry,19.0,Male,West,Making Left Turn,Failed To Yield Right Of Way,No Apparent Influence,No Apparent Influence,18.0,Male,North,Going Straight Ahead,No Improper Action,No Apparent Influence,No Apparent Influence,33.4079607,-111.9262832,2022-08-20,23:40:00
3967113,2022,Rural Rd,Spence Ave,0.0,Intersection 4 Way 202,0.0,0.0,No Injury,Left Turn,Dark Lighted,Clear,Dry,20.0,Male,North,Making Left Turn,Failed To Yield Right Of Way,No Apparent Influence,No Apparent Influence,22.0,Male,South,Going Straight Ahead,No Improper Action,No Apparent Influence,No Apparent Influence,33.41287443,-111.9262872,2022-08-21,05:58:00
3988614,2022,Southern Ave,48th St,0.0,Intersection 4 Way 202,0.0,0.0,No Injury,Left Turn,Dark Lighted,Clear,Dry,31.0,Male,West,Making Left Turn,Failed To Yield Right Of Way,No Apparent Influence,No Apparent Influence,25.0,Male,East,Going Straight Ahead,No Improper Action,No Apparent Influence,No Apparent Influence,33.39276725,-111.9783383,2022-08-21,08:48:00
4005037,2022,McClintock Dr,SR-202 Exit 8 A-Ramp,-196.0,Not Junction Related,0.0,0.0,No Injury,Rear End,Dark Lighted,Clear,Dry,22.0,Female,South,Going Straight Ahead,Speed To Fast For Conditions,No Apparent Influence,No Apparent Influence,20.0,Male,South,Going Straight Ahead,No Improper Action,No Apparent Influence,No Apparent Influence,33.43591853,-111.9095914,2022-08-21,09:38:00
3984426,2022,5th St,Beck Ave,-215.0,Not Junction Related,0.0,0.0,No Injury,Rear End,Daylight,Clear,Dry,18.0,Male,East,Going Straight Ahead,Speed To Fast For Conditions,No Apparent Influence,No Apparent Influence,19.0,Female,East,Stopped In Trafficway,No Improper Action,No Apparent Influence,No Apparent Influence,33.42550443,-111.9573673,2022-08-21,21:01:00
3967030,2022,Apache Blvd,McClintock Dr,180.0,Not Junction Related,0.0,0.0,No Injury,Rear End,Daylight,Clear,Dry,20.0,Male,West,Going Straight Ahead,Followed Too Closely,No Apparent Influence,No Apparent Influence,40.0,Female,West,Stopped In Trafficway,No Improper Action,No Apparent Influence,No Apparent Influence,33.41475992,-111.9085428,2022-08-22,15:46:00
3967039,2022,Broadway Rd,Los Feliz Dr,25.0,Intersection Related 206,1.0,0.0,Possible Injury,Sideswipe Same Direction,Daylight,Clear,Dry,28.0,Male,West,Changing Lanes,Unsafe Lane Change,No Apparent Influence,No Apparent Influence,55.0,Female,West,Going Straight Ahead,No Improper Action,No Apparent Influence,No Apparent Influence,33.40749403,-111.9041182,2022-08-22,17:53:00
3967019,2022,Broadway Rd,55th St,-120.0,Not Junction Related,0.0,0.0,No Injury,Sideswipe Same Direction,Daylight,Clear,Dry,22.0,Female,West,Changing Lanes,Unsafe Lane Change,No Apparent Influence,No Apparent Influence,58.0,Male,West,Going Straight Ahead,No Improper Action,No Apparent Influence,No Apparent Influence,33.40767251,-111.9661988,2022-08-22,20:02:00
3967120,2022,52nd St,1st St,-17.0,Intersection Related 206,0.0,0.0,No Injury,Angle - Other Than Left Turn 2,Daylight,Clear,Dry,39.0,Male,West,Making Left Turn,Failed To Yield Right Of Way,No Apparent Influence,No Apparent Influence,23.0,Female,South,Going Straight Ahead,No Improper Action,No Apparent Influence,No Apparent Influence,33.42874549,-111.969682,2022-08-22,20:46:00
4025549,2022,University Dr,Rural Rd,-150.0,Not Junction Related,0.0,0.0,No Injury,Rear End,Daylight,Cloudy,Dry,21.0,Male,West,Going Straight Ahead,Speed To Fast For Conditions,No Apparent Influence,No Apparent Influence,18.0,Female,West,Stopped In Trafficway,No Improper Action,No Apparent Influence,No Apparent Influence,33.42202529,-111.9268036,2022-08-22,23:31:00
3984435,2022,Rio Salado Pkwy,McClintock Dr,0.0,Intersection 4 Way 202,0.0,0.0,No Injury,Angle - Other Than Left Turn 2,Daylight,Clear,Dry,40.0,Female,South,Going Straight Ahead,Disregarded Traffic Signal,No Apparent Influence,No Apparent Influence,20.0,Female,East,Going Straight Ahead,No Improper Action,No Apparent Influence,No Apparent Influence,33.42926252,-111.9090694,2022-08-23,01:53:00
3968217,2022,University Dr,Smith Rd,74.0,Intersection Related 206,0.0,0.0,No Injury,Sideswipe Same Direction,Dark Lighted,Clear,Dry,26.0,Male,East,Avoiding Vehicle Object Pedestrian,Unsafe Lane Change,No Apparent Influence,No Apparent Influence,49.0,Male,East,Going Straight Ahead,No Improper Action,No Apparent Influence,No Apparent Influence,33.42210731,-111.9002796,2022-08-23,02:37:00
3969763,2022,Baseline Rd,Wendler Dr,-5.0,Intersection Related 206,1.0,0.0,Suspected Minor Injury,Left Turn,Dark Lighted,Clear,Dry,36.0,Male,South,Making Left Turn,Unknown,No Apparent Influence,No Apparent Influence,28.0,Male,East,Going Straight Ahead,Unknown,No Apparent Influence,No Apparent Influence,33.37825804,-111.9698023,2022-08-23,03:05:00
3967135,2022,Don Carlos Ave,McClintock Dr,0.0,Intersection 4 Way 202,0.0,0.0,No Injury,Angle - Other Than Left Turn 2,Dark Lighted,Clear,Dry,22.0,Male,West,Making Left Turn,Failed To Yield Right Of Way,No Apparent Influence,No Apparent Influence,33.0,Male,South,Going Straight Ahead,No Improper Action,No Apparent Influence,No Apparent Influence,33.41747998,-111.909109,2022-08-23,04:12:00
3969177,2022,48th St,Southern Ave,0.0,Intersection 4 Way 202,1.0,0.0,Suspected Serious Injury,Left Turn,Dark Lighted,Clear,Dry,59.0,Male,North,Making Left Turn,Made Improper Turn,No Apparent Influence,No Apparent Influence,24.0,Male,South,Going Straight Ahead,No Improper Action,No Apparent Influence,No Apparent Influence,33.39276724,-111.9783383,2022-08-23,05:17:00
4064210,2022,Kyrene Rd,Guadalupe Rd,62.0,Intersection Related 206,0.0,0.0,No Injury,Other,Dawn,Clear,Dry,41.0,Male,North,Making Right Turn,Other,No Apparent Influence,No Apparent Influence,61.0,Female,South,Going Straight Ahead,No Improper Action,No Apparent Influence,No Apparent Influence,33.36382953,-111.9458952,2022-08-23,11:54:00
3984459,2022,McClintock Dr,US-60 Exit 175 C-Ramp,-120.0,Intersection Related 206,0.0,0.0,No Injury,Sideswipe Same Direction,Daylight,Clear,Dry,72.0,Male,North,Changing Lanes,Unsafe Lane Change,No Apparent Influence,No Apparent Influence,37.0,Male,North,Going Straight Ahead,No Improper Action,No Apparent Influence,No Apparent Influence,33.38591226,-111.9091979,2022-08-23,19:46:00
3967020,2022,University Dr,McAllister Ave,120.0,Intersection Related 206,0.0,0.0,No Injury,Rear End,Daylight,Clear,Dry,36.0,Male,West,Going Straight Ahead,Followed Too Closely,No Apparent Influence,No Apparent Influence,77.0,Male,West,Stopped In Trafficway,No Improper Action,No Apparent Influence,No Apparent Influence,33.42201694,-111.9285465,2022-08-23,21:29:00
3954752,2022,Packard Dr,Rio Salado Pkwy,-47.0,Entrance Exit Ramp 205,0.0,0.0,No Injury,Angle - Other Than Left Turn 2,Daylight,Cloudy,Dry,20.0,Male,East,Other,Unknown,No Apparent Influence,No Apparent Influence,19.0,Male,South,Going Straight Ahead,No Improper Action,No Apparent Influence,No Apparent Influence,33.4285945,-111.9292889,2022-08-23,23:40:00
3967110,2022,Vista Del Cerro Dr,Rural Rd,12.0,Intersection Related 206,0.0,0.0,No Injury,Rear End,Daylight,Clear,Dry,53.0,Female,West,Backing,Unsafe Lane Change,No Apparent Influence,No Apparent Influence,22.0,Female,West,Stopped In Trafficway,No Improper Action,No Apparent Influence,No Apparent Influence,33.41012209,-111.926245,2022-08-24,01:25:00
3969131,2022,Kyrene Rd,Warner Rd,-15.0,Intersection Related 206,0.0,0.0,No Injury,Rear End,Daylight,Clear,Dry,48.0,Female,North,Going Straight Ahead,Other,No Apparent Influence,No Apparent Influence,66.0,Male,North,Going Straight Ahead,No Improper Action,No Apparent Influence,No Apparent Influence,33.3345605,-111.9456575,2022-08-24,04:36:00
3983998,2022,University Dr,SR-143 Exit 1 C-Ramp,0.0,Intersection Related 206,0.0,0.0,No Injury,Sideswipe Same Direction,Dark Lighted,Clear,Dry,51.0,Female,East,Making Left Turn,Made Improper Turn,No Apparent Influence,No Apparent Influence,25.0,Male,East,Making Left Turn,No Improper Action,No Apparent Influence,No Apparent Influence,33.42188944,-111.978171,2022-08-24,06:53:00
3969702,2022,University Dr,48th St,25.0,Not Junction Related,1.0,0.0,Possible Injury,Sideswipe Same Direction,Daylight,Clear,Dry,58.0,Male,East,Going Straight Ahead,Unsafe Lane Change,No Apparent Influence,No Apparent Influence,57.0,Male,East,Going Straight Ahead,No Improper Action,No Apparent Influence,No Apparent Influence,33.42190522,-111.9761661,2022-08-24,20:16:00
3984457,2022,Rural Rd,Hermosa Dr,-26.0,Intersection Related 206,0.0,0.0,No Injury,Angle - Other Than Left Turn 2,Daylight,Clear,Dry,36.0,Female,East,Making Right Turn,Failed To Yield Right Of Way,No Apparent Influence,No Apparent Influence,31.0,Male,South,Going Straight Ahead,No Improper Action,No Apparent Influence,No Apparent Influence,33.38769855,-111.9264501,2022-08-24,20:49:00
3936171,2022,I-10 Exit 155 C2-Ramp,Unknown,0.0,Entrance Exit Ramp 205,0.0,0.0,No Injury,Rear End,Daylight,Clear,Dry,17.0,Female,West,Slowing In Trafficway,Speed To Fast For Conditions,No Apparent Influence,No Apparent Influence,31.0,Female,West,Stopped In Trafficway,No Improper Action,No Apparent Influence,No Apparent Influence,33.37742162,-111.9673767,2022-08-24,20:56:00
3969136,2022,Elliot Rd,Kyrene Rd,-20.0,Intersection Related 206,0.0,0.0,No Injury,Left Turn,Daylight,Clear,Dry,59.0,Male,East,Going Straight Ahead,Speed To Fast For Conditions,No Apparent Influence,No Apparent Influence,22.0,Female,East,Stopped In Trafficway,No Improper Action,No Apparent Influence,No Apparent Influence,33.34919876,-111.9458001,2022-08-24,23:43:00
3969463,2022,Broadway Rd,I-10 Exit 153 G-Ramp,0.0,Intersection 4 Way 202,0.0,0.0,No Injury,Left Turn,Dark Lighted,Cloudy,Dry,63.0,Female,East,Going Straight Ahead,Disregarded Traffic Signal,No Apparent Influence,No Apparent Influence,65.0,Male,West,Making Left Turn,No Improper Action,No Apparent Influence,No Apparent Influence,33.40845125,-111.9735973,2022-08-25,02:16:00
3969706,2022,McClintock Dr,Don Carlos Ave,0.0,Intersection 4 Way 202,0.0,0.0,No Injury,Angle - Other Than Left Turn 2,Daylight,Clear,Dry,67.0,Female,West,Going Straight Ahead,Unknown,No Apparent Influence,No Apparent Influence,26.0,Female,North,Going Straight Ahead,Unknown,No Apparent Influence,No Apparent Influence,33.41748004,-111.9091089,2022-08-25,14:40:00