Incident_ID,Year,Street_Name,Cross_Street,Distance,Junction_Relation,Total_Injuries,Total_Fatalities,Injury_Severity,Collision_Manner,Light_Condition,Weather,Surface_Condition,Age_1,Gender_1,Travel_One,UnitAction_One,Violation1_Drv1,AlcoholUse_ 1,DrugUse_1,Age_2,Gender_2,TravelDirection_2,UnitAction_2,Violation_2,AlcoholUse_2,DrugUse_2,Latitude,Longitude,Date,Time
3984454,2022,Mill Ave,Hermosa Dr,169.0,Intersection Related 206,0.0,0.0,No Injury,Rear End,Daylight,Clear,Dry,32.0,Female,South,Going Straight Ahead,Followed Too Closely,No Apparent Influence,No Apparent Influence,53.0,Female,South,Stopped In Trafficway,No Improper Action,No Apparent Influence,No Apparent Influence,33.38867212,-111.9395297,2022-09-08,21:33:00
3983911,2022,Priest Dr,17th St,0.0,Intersection T Inter 203,0.0,0.0,No Injury,Angle - Other Than Left Turn 2,Daylight,Clear,Dry,30.0,Female,East,Making Left Turn,Failed To Yield Right Of Way,No Apparent Influence,No Apparent Influence,23.0,Male,South,Going Straight Ahead,Other,No Apparent Influence,Drugs,33.40977895,-111.9607896,2022-09-08,22:39:00
3984438,2022,Baseline Rd,Terry Ln,5.0,Intersection T Inter 203,0.0,0.0,No Injury,Angle - Other Than Left Turn 2,Dark Lighted,Clear,Dry,49.0,Female,South,Making Right Turn,Failed To Yield Right Of Way,No Apparent Influence,No Apparent Influence,17.0,Male,West,Going Straight Ahead,No Improper Action,No Apparent Influence,No Apparent Influence,33.37822613,-111.9553847,2022-09-09,06:12:00
3988636,2022,Price Rd,Broadway Rd,75.0,Intersection Related 206,2.0,0.0,Suspected Minor Injury,Rear End,Dark Lighted,Clear,Dry,23.0,Female,South,Going Straight Ahead,Speed To Fast For Conditions,Alcohol,No Apparent Influence,30.0,Male,South,Stopped In Trafficway,No Improper Action,No Apparent Influence,No Apparent Influence,33.40770243,-111.8920042,2022-09-09,08:30:00
3984418,2022,Baseline Rd,Lakeshore Dr,0.0,Driveway Or Alley,0.0,0.0,No Injury,Sideswipe Same Direction,Daylight,Clear,Dry,26.0,Male,West,Making Right Turn,Made Improper Turn,No Apparent Influence,No Apparent Influence,21.0,Male,West,Going Straight Ahead,No Improper Action,No Apparent Influence,No Apparent Influence,33.37828325,-111.9236151,2022-09-09,19:39:00
3969788,2022,Price Rd,Broadway Rd,0.0,Intersection 4 Way 202,2.0,0.0,Suspected Minor Injury,Angle - Other Than Left Turn 2,Daylight,Clear,Dry,42.0,Male,South,Going Straight Ahead,Disregarded Traffic Signal,Alcohol,No Apparent Influence,47.0,Male,East,Going Straight Ahead,No Improper Action,No Apparent Influence,No Apparent Influence,33.4074963,-111.8920047,2022-09-09,20:01:00
4047697,2022,Southern Ave,48th St,0.0,Intersection Related 206,1.0,0.0,Possible Injury,Left Turn,Daylight,Clear,Dry,17.0,Female,Southeast,Making Left Turn,Failed To Yield Right Of Way,No Apparent Influence,No Apparent Influence,19.0,Male,East,Going Straight Ahead,Unknown,No Apparent Influence,No Apparent Influence,33.39276725,-111.9783383,2022-09-09,20:50:00
3986215,2022,Kyrene Rd,Guadalupe Rd,0.0,Intersection 4 Way 202,1.0,0.0,Suspected Minor Injury,Angle - Other Than Left Turn 2,Daylight,Clear,Dry,42.0,Female,South,Going Straight Ahead,Unknown,No Apparent Influence,No Apparent Influence,49.0,Male,West,Going Straight Ahead,Unknown,No Apparent Influence,No Apparent Influence,33.36365928,-111.9458941,2022-09-09,20:51:00
3969159,2022,Rural Rd,Wesleyan Dr,-100.0,Not Junction Related,1.0,0.0,Possible Injury,Sideswipe Same Direction,Daylight,Clear,Dry,66.0,Male,North,Unknown,Unknown,No Apparent Influence,No Apparent Influence,28.0,Male,North,Unknown,Unknown,No Apparent Influence,No Apparent Influence,33.39749645,-111.9263161,2022-09-09,20:52:00
3969584,2022,Baseline Rd,Wendler Dr,0.0,Intersection T Inter 203,0.0,0.0,No Injury,Left Turn,Daylight,Cloudy,Dry,53.0,Male,East,Making Left Turn,Failed To Yield Right Of Way,No Apparent Influence,No Apparent Influence,48.0,Male,West,Going Straight Ahead,No Improper Action,No Apparent Influence,No Apparent Influence,33.37825837,-111.9697859,2022-09-09,22:55:00
4051436,2022,Warner Rd,Rural Rd,0.0,Intersection Non Interchange,0.0,0.0,No Injury,Sideswipe Same Direction,Dusk,Clear,Dry,63.0,Male,West,Going Straight Ahead,Unknown,No Apparent Influence,No Apparent Influence,32.0,Male,West,Going Straight Ahead,Unknown,No Apparent Influence,No Apparent Influence,33.33465525,-111.9284147,2022-09-10,02:38:00
3942253,2022,SR-101 Cardinal Frontage,Southern Ave,49.0,Intersection Related 206,0.0,0.0,No Injury,Rear End,Dark Lighted,Rain,Dry,17.0,Male,South,Going Straight Ahead,Speed To Fast For Conditions,No Apparent Influence,No Apparent Influence,18.0,Female,South,Stopped In Trafficway,No Improper Action,No Apparent Influence,No Apparent Influence,33.39282464,-111.8920287,2022-09-10,02:59:00
3987401,2022,Baseline Rd,Pointe Pkwy,-140.0,Not Junction Related,0.0,0.0,No Injury,Sideswipe Same Direction,Dark Lighted,Rain,Wet,18.0,Male,West,Going Straight Ahead,Speed To Fast For Conditions,No Apparent Influence,No Apparent Influence,34.0,Female,West,Going Straight Ahead,No Improper Action,No Apparent Influence,No Apparent Influence,33.37821187,-111.9724535,2022-09-10,03:09:00
3969474,2022,Guadalupe Rd,Juniper St,0.0,Intersection 4 Way 202,2.0,0.0,Suspected Serious Injury,Left Turn,Dark Lighted,Rain,Wet,23.0,Male,East,Making Left Turn,Failed To Yield Right Of Way,No Apparent Influence,No Apparent Influence,24.0,Female,West,Going Straight Ahead,No Improper Action,No Apparent Influence,No Apparent Influence,33.36376612,-111.9149886,2022-09-10,05:51:00
3943223,2022,US-60 Exit 172 C2-Ramp,Unknown,0.0,Entrance Exit Ramp 205,1.0,0.0,Possible Injury,Rear End,Dark Lighted,Rain,Wet,51.0,Female,West,Changing Lanes,Speed To Fast For Conditions,No Apparent Influence,No Apparent Influence,60.0,Female,West,Stopped In Trafficway,No Improper Action,No Apparent Influence,No Apparent Influence,33.38785174,-111.9601206,2022-09-10,08:08:00
3969720,2022,University Dr,Priest Dr,88.0,Intersection Related 206,0.0,0.0,No Injury,Rear End,Dark Lighted,Clear,Dry,24.0,Male,West,Going Straight Ahead,Speed To Fast For Conditions,Alcohol,No Apparent Influence,21.0,Female,West,Stopped In Trafficway,No Improper Action,No Apparent Influence,No Apparent Influence,33.42194121,-111.9606335,2022-09-10,08:38:00
3983993,2022,McClintock Dr,SR-202 Exit 8 A-Ramp,-200.0,Intersection Related 206,0.0,0.0,No Injury,Sideswipe Same Direction,Daylight,Unknown,Unknown,53.0,Female,South,Making Right Turn,Failed To Keep In Proper Lane,No Apparent Influence,No Apparent Influence,23.0,Female,South,Making Right Turn,No Improper Action,No Apparent Influence,No Apparent Influence,33.43590707,-111.9095909,2022-09-10,16:02:00
3969580,2022,Southern Ave,Price Rd,0.0,Intersection 4 Way 202,0.0,0.0,No Injury,Angle - Other Than Left Turn 2,Daylight,Clear,Dry,33.0,Male,South,Making Right Turn,Disregarded Traffic Signal,No Apparent Influence,No Apparent Influence,64.0,Female,West,Going Straight Ahead,No Improper Action,No Apparent Influence,No Apparent Influence,33.39295928,-111.8920291,2022-09-10,17:28:00
3969588,2022,Baseline Rd,Jentilly Ln,0.0,Intersection T Inter 203,1.0,0.0,Possible Injury,Left Turn,Daylight,Clear,Dry,23.0,Male,South,Making Left Turn,Failed To Yield Right Of Way,No Apparent Influence,No Apparent Influence,63.0,Male,East,Making Left Turn,No Improper Action,No Apparent Influence,No Apparent Influence,33.37825352,-111.9266069,2022-09-10,19:59:00
3984501,2022,Broadway Rd,Price Rd,96.0,Intersection Related 206,0.0,0.0,No Injury,Rear End,Daylight,Clear,Dry,53.0,Male,West,Going Straight Ahead,Speed To Fast For Conditions,No Apparent Influence,No Apparent Influence,20.0,Female,West,Stopped In Trafficway,No Improper Action,No Apparent Influence,No Apparent Influence,33.40748584,-111.8916912,2022-09-10,22:19:00
3986225,2022,Southern Ave,Price Rd,15.0,Intersection Related 206,1.0,0.0,Possible Injury,Rear End,Daylight,Clear,Dry,17.0,Female,West,Going Straight Ahead,Followed Too Closely,No Apparent Influence,No Apparent Influence,54.0,Male,West,Going Straight Ahead,No Improper Action,No Apparent Influence,No Apparent Influence,33.39294726,-111.8904002,2022-09-10,22:35:00
3969130,2022,Baseline Rd,Arizona Mills S,207.0,Not Junction Related,0.0,0.0,No Injury,U Turn,Daylight,Clear,Dry,23.0,Female,West,Making U Turn,Made Improper Turn,No Apparent Influence,No Apparent Influence,36.0,Male,East,Going Straight Ahead,No Improper Action,No Apparent Influence,No Apparent Influence,33.37825764,-111.9647782,2022-09-11,00:25:00
3969607,2022,Baseline Rd,I-10 Exit 155 C2-Ramp,-99.0,Intersection Related 206,0.0,0.0,No Injury,Rear End,Dark Lighted,Clear,Dry,24.0,Female,East,Going Straight Ahead,Speed To Fast For Conditions,Alcohol,No Apparent Influence,41.0,Male,East,Stopped In Trafficway,No Improper Action,No Apparent Influence,No Apparent Influence,33.37829476,-111.967703,2022-09-11,02:35:00
4001381,2022,Mill Ave,Baseline Rd,114.0,Not Junction Related,0.0,0.0,No Injury,Angle - Other Than Left Turn 2,Dark Lighted,Clear,Dry,28.0,Male,East,Changing Lanes,Unknown,No Apparent Influence,No Apparent Influence,62.0,Female,South,Slowing In Trafficway,Unknown,No Apparent Influence,No Apparent Influence,33.37852392,-111.939372,2022-09-11,04:30:00
3969564,2022,Priest Dr,Baseline Rd,0.0,Intersection 4 Way 202,0.0,0.0,No Injury,Angle - Other Than Left Turn 2,Daylight,Clear,Dry,35.0,Male,East,Going Straight Ahead,Disregarded Traffic Signal,No Apparent Influence,No Apparent Influence,24.0,Female,South,Going Straight Ahead,No Improper Action,No Apparent Influence,No Apparent Influence,33.37824385,-111.9631749,2022-09-11,17:00:00
3984423,2022,Broadway Rd,Country Club Way,52.0,Intersection Related 206,0.0,0.0,No Injury,Sideswipe Same Direction,Daylight,Clear,Dry,19.0,Female,West,Avoiding Vehicle Object Pedestrian,Unsafe Lane Change,No Apparent Influence,No Apparent Influence,43.0,Male,West,Going Straight Ahead,No Improper Action,No Apparent Influence,No Apparent Influence,33.4074891,-111.9003491,2022-09-12,19:34:00
3986132,2022,McClintock Dr,Minton Dr,-50.0,Not Junction Related,1.0,0.0,Possible Injury,Rear End,Daylight,Clear,Dry,54.0,Female,North,Going Straight Ahead,Followed Too Closely,No Apparent Influence,No Apparent Influence,19.0,Male,North,Stopped In Trafficway,No Improper Action,No Apparent Influence,No Apparent Influence,33.38169595,-111.9092385,2022-09-12,19:44:00
3988954,2022,University Dr,Veterans Way,0.0,Intersection T Inter 203,0.0,0.0,No Injury,Left Turn,Daylight,Clear,Dry,36.0,Male,East,Making Left Turn,Failed To Yield Right Of Way,No Apparent Influence,No Apparent Influence,24.0,Male,West,Going Straight Ahead,No Improper Action,No Apparent Influence,No Apparent Influence,33.42201895,-111.9289394,2022-09-13,00:28:00
3983989,2022,University Dr,Farmer Ave,73.0,Not Junction Related,2.0,0.0,Possible Injury,Rear End,Dark Lighted,Clear,Dry,35.0,Male,West,Going Straight Ahead,Failed To Keep In Proper Lane,Alcohol,No Apparent Influence,21.0,Female,West,Going Straight Ahead,No Improper Action,No Apparent Influence,No Apparent Influence,33.42189219,-111.9440548,2022-09-13,05:25:00
3969164,2022,Price Rd,Rio Salado Pkwy,0.0,Entrance Exit Ramp 205,0.0,0.0,No Injury,Left Turn,Daylight,Clear,Dry,18.0,Female,East,Going Straight Ahead,Unknown,No Apparent Influence,No Apparent Influence,23.0,Male,South,Making Left Turn,Unknown,No Apparent Influence,No Apparent Influence,33.42931447,-111.890264,2022-09-13,19:03:00
3969448,2022,Priest Dr,Fountainhead Pkwy,160.0,Not Junction Related,0.0,0.0,No Injury,Sideswipe Same Direction,Daylight,Cloudy,Dry,49.0,Female,South,Changing Lanes,Unsafe Lane Change,No Apparent Influence,No Apparent Influence,73.0,Male,South,Going Straight Ahead,No Improper Action,No Apparent Influence,No Apparent Influence,33.4041195,-111.9607738,2022-09-13,22:00:00
3984461,2022,Baseline Rd,Pointe Pkwy,-85.0,Intersection Related 206,0.0,0.0,No Injury,Rear End,Daylight,Clear,Dry,48.0,Male,East,Going Straight Ahead,Other,No Apparent Influence,No Apparent Influence,49.0,Male,East,Stopped In Trafficway,No Improper Action,No Apparent Influence,No Apparent Influence,33.37821364,-111.972273,2022-09-13,22:24:00
3983921,2022,Rural Rd,Baseline Rd,-54.0,Not Junction Related,0.0,0.0,No Injury,Sideswipe Same Direction,Daylight,Clear,Dry,49.0,Female,South,Unknown,Unknown,No Apparent Influence,No Apparent Influence,20.0,Female,South,Unknown,Unknown,No Apparent Influence,No Apparent Influence,33.37810081,-111.9286872,2022-09-14,00:04:00
3986138,2022,Priest Dr,W Commerce Dr,25.0,Intersection Related 206,1.0,0.0,Suspected Minor Injury,Rear End,Dark Lighted,Clear,Dry,39.0,Female,North,Going Straight Ahead,Speed To Fast For Conditions,No Apparent Influence,No Apparent Influence,69.0,Male,North,Going Straight Ahead,No Improper Action,No Apparent Influence,No Apparent Influence,33.33691242,-111.9631298,2022-09-14,01:33:00
3984430,2022,Rural Rd,Guadalupe Rd,0.0,Intersection 4 Way 202,0.0,0.0,No Injury,Left Turn,Daylight,Clear,Dry,35.0,Female,South,Going Straight Ahead,Unknown,No Apparent Influence,No Apparent Influence,38.0,Female,North,Making Left Turn,Unknown,No Apparent Influence,No Apparent Influence,33.36375268,-111.928605,2022-09-14,14:33:00
3986168,2022,Broadway Rd,McKemy St,177.0,Not Junction Related,0.0,0.0,No Injury,Rear End,Daylight,Clear,Dry,33.0,Male,West,Going Straight Ahead,Speed To Fast For Conditions,No Apparent Influence,No Apparent Influence,22.0,Male,West,Going Straight Ahead,No Improper Action,No Apparent Influence,No Apparent Influence,33.40738155,-111.9494232,2022-09-14,15:51:00
3984417,2022,Southern Ave,48th St,82.0,Intersection Related 206,0.0,0.0,No Injury,Sideswipe Same Direction,Daylight,Clear,Dry,72.0,Female,West,Changing Lanes,Unsafe Lane Change,No Apparent Influence,No Apparent Influence,18.0,Female,West,Going Straight Ahead,No Improper Action,No Apparent Influence,No Apparent Influence,33.39276876,-111.9780697,2022-09-14,16:46:00
3986148,2022,McClintock Dr,Warner Rd,0.0,Intersection 4 Way 202,2.0,0.0,Possible Injury,Left Turn,Daylight,Clear,Dry,90.0,Female,North,Making Left Turn,Failed To Yield Right Of Way,No Apparent Influence,No Apparent Influence,68.0,Male,South,Going Straight Ahead,No Improper Action,No Apparent Influence,No Apparent Influence,33.33464293,-111.9111771,2022-09-14,18:42:00
3969779,2022,Rural Rd,Southern Ave,-50.0,Intersection Related 206,1.0,0.0,Possible Injury,Rear End,Daylight,Clear,Dry,29.0,Male,North,Going Straight Ahead,Followed Too Closely,No Apparent Influence,No Apparent Influence,47.0,Male,North,Stopped In Trafficway,No Improper Action,No Apparent Influence,No Apparent Influence,33.39282377,-111.9263279,2022-09-14,19:26:00
3969178,2022,Broadway Rd,La Rosa Dr,-52.0,Not Junction Related,0.0,0.0,No Injury,Sideswipe Same Direction,Daylight,Clear,Dry,54.0,Female,East,Changing Lanes,Unsafe Lane Change,No Apparent Influence,No Apparent Influence,38.0,Female,East,Going Straight Ahead,No Improper Action,No Apparent Influence,No Apparent Influence,33.40748706,-111.9291842,2022-09-14,23:45:00
3984451,2022,Apache Blvd,Forest Ave,0.0,Intersection 4 Way 202,0.0,0.0,No Injury,Angle - Other Than Left Turn 2,Daylight,Clear,Dry,19.0,Female,East,Making Left Turn,Made Improper Turn,No Apparent Influence,No Apparent Influence,27.0,Male,East,Going Straight Ahead,No Improper Action,No Apparent Influence,No Apparent Influence,33.4146934,-111.9370744,2022-09-15,00:19:00
3986141,2022,Rio Salado Pkwy,Price Rd,-65.0,Intersection 4 Way 202,2.0,0.0,Possible Injury,Angle - Other Than Left Turn 2,Daylight,Clear,Dry,58.0,Female,South,Going Straight Ahead,Disregarded Traffic Signal,No Apparent Influence,No Apparent Influence,31.0,Male,West,Going Straight Ahead,No Improper Action,No Apparent Influence,No Apparent Influence,33.42937501,-111.8920409,2022-09-15,00:22:00
3984491,2022,Rio Salado Pkwy,S Packard Dr,0.0,Intersection T Inter 203,0.0,0.0,No Injury,Left Turn,Daylight,Clear,Dry,23.0,Female,West,Going Straight Ahead,Disregarded Traffic Signal,No Apparent Influence,No Apparent Influence,35.0,Male,North,Making Left Turn,No Improper Action,No Apparent Influence,No Apparent Influence,33.42872637,-111.9292906,2022-09-15,00:32:00
3984502,2022,College Ave,Southern Ave,0.0,Intersection 4 Way 202,0.0,0.0,No Injury,Angle - Other Than Left Turn 2,Daylight,Clear,Dry,47.0,Female,West,Going Straight Ahead,Disregarded Traffic Signal,No Apparent Influence,No Apparent Influence,72.0,Male,North,Going Straight Ahead,No Improper Action,No Apparent Influence,No Apparent Influence,33.39290712,-111.9349182,2022-09-15,00:45:00
3984421,2022,McClintock Dr,Lemon St,40.0,Driveway Or Alley,0.0,0.0,No Injury,Left Turn,Daylight,Clear,Dry,40.0,Female,North,Making Left Turn,Failed To Yield Right Of Way,No Apparent Influence,No Apparent Influence,24.0,Female,South,Going Straight Ahead,No Improper Action,No Apparent Influence,No Apparent Influence,33.4169587,-111.9091128,2022-09-15,00:49:00
3969182,2022,Scottsdale Rd,Playa Del Norte Dr,0.0,Intersection T Inter 203,0.0,0.0,No Injury,Angle - Other Than Left Turn 2,Dark Lighted,Clear,Dry,20.0,Female,North,Going Straight Ahead,Unknown,No Apparent Influence,No Apparent Influence,21.0,Female,West,Making Left Turn,Unknown,No Apparent Influence,No Apparent Influence,33.43403454,-111.9262627,2022-09-15,03:54:00
3984465,2022,Broadway Rd,Roosevelt St,84.0,Intersection Related 206,0.0,0.0,No Injury,Rear End,Daylight,Clear,Dry,18.0,Male,West,Going Straight Ahead,Followed Too Closely,No Apparent Influence,No Apparent Influence,51.0,Male,West,Stopped In Trafficway,No Improper Action,No Apparent Influence,No Apparent Influence,33.40737594,-111.947578,2022-09-15,14:22:00
3984433,2022,Westchester Dr,Stanley Pl,-148.0,Not Junction Related,0.0,0.0,No Injury,Sideswipe Same Direction,Daylight,Clear,Dry,49.0,Male,East,Leaving Parking Position,Other,No Apparent Influence,No Apparent Influence,32.0,Female,East,Going Straight Ahead,No Improper Action,No Apparent Influence,No Apparent Influence,33.36740744,-111.9233088,2022-09-15,14:52:00
3986131,2022,Southern Ave,Roosevelt St,-130.0,Not Junction Related,1.0,0.0,Suspected Minor Injury,Sideswipe Same Direction,Daylight,Clear,Dry,51.0,Male,West,Going Straight Ahead,Unsafe Lane Change,No Apparent Influence,No Apparent Influence,24.0,Female,West,Going Straight Ahead,No Improper Action,No Apparent Influence,No Apparent Influence,33.39284702,-111.9482541,2022-09-15,16:41:00
3984414,2022,Rural Rd,Broadway Rd,200.0,Not Junction Related,2.0,0.0,Possible Injury,Left Turn,Daylight,Clear,Dry,78.0,Female,West,Making Left Turn,Failed To Yield Right Of Way,No Apparent Influence,No Apparent Influence,64.0,Male,North,Going Straight Ahead,No Improper Action,No Apparent Influence,No Apparent Influence,33.40805139,-111.9262832,2022-09-15,17:41:00
3986224,2022,Price Rd,Rio Salado Pkwy,0.0,Intersection 4 Way 202,0.0,0.0,No Injury,Sideswipe Same Direction,Daylight,Clear,Dry,22.0,Female,South,Making Left Turn,No Improper Action,No Apparent Influence,No Apparent Influence,19.0,Male,South,Going Straight Ahead,No Improper Action,No Apparent Influence,No Apparent Influence,33.42937578,-111.8918252,2022-09-15,18:56:00
3984506,2022,Mill Ave,University Dr,-15.0,Intersection Related 206,0.0,0.0,No Injury,Angle - Other Than Left Turn 2,Daylight,Clear,Dry,30.0,Male,North,Making U Turn,Made Improper Turn,No Apparent Influence,No Apparent Influence,22.0,Male,East,Making Right Turn,No Improper Action,No Apparent Influence,No Apparent Influence,33.4218938,-111.9400137,2022-09-15,19:13:00
3984453,2022,Rio Salado Pkwy,Rural Rd,0.0,Intersection 4 Way 202,1.0,0.0,Possible Injury,Angle - Other Than Left Turn 2,Daylight,Clear,Dry,27.0,Female,Northeast,Making Right Turn,Failed To Yield Right Of Way,No Apparent Influence,No Apparent Influence,71.0,Male,East,Going Straight Ahead,No Improper Action,No Apparent Influence,No Apparent Influence,33.42884843,-111.9262892,2022-09-15,20:22:00
3999688,2022,McClintock Dr,Libra Dr,0.0,Intersection 4 Way 202,0.0,0.0,No Injury,Left Turn,Daylight,Clear,Dry,30.0,Male,North,Making Left Turn,Failed To Yield Right Of Way,No Apparent Influence,No Apparent Influence,24.0,Female,South,Going Straight Ahead,No Improper Action,No Apparent Influence,No Apparent Influence,33.36559355,-111.9112676,2022-09-15,20:29:00
3984431,2022,Baseline Rd,Hardy Dr,193.0,Driveway Or Alley,0.0,0.0,No Injury,Angle - Other Than Left Turn 2,Daylight,Clear,Dry,25.0,Female,North,Making Left Turn,Failed To Yield Right Of Way,No Apparent Influence,No Apparent Influence,55.0,Female,West,Going Straight Ahead,No Improper Action,No Apparent Influence,No Apparent Influence,33.37821134,-111.9518805,2022-09-15,23:00:00
3986217,2022,Mill Ave,University Dr,0.0,Intersection 4 Way 202,0.0,0.0,No Injury,Left Turn,Daylight,Clear,Dry,39.0,Female,South,Making Left Turn,Unknown,No Apparent Influence,No Apparent Influence,19.0,Male,South,Making Left Turn,Unknown,No Apparent Influence,No Apparent Influence,33.42193478,-111.940017,2022-09-16,14:30:00
3999371,2022,Baseline Rd,Wendler Dr,50.0,Intersection Related 206,0.0,0.0,No Injury,Rear End,Daylight,Clear,Dry,18.0,Female,West,Going Straight Ahead,Followed Too Closely,No Apparent Influence,No Apparent Influence,38.0,Male,West,Stopped In Trafficway,No Improper Action,No Apparent Influence,No Apparent Influence,33.37826031,-111.9696224,2022-09-16,15:34:00
3969467,2022,Broadway Rd,52nd St,0.0,Intersection 4 Way 202,2.0,0.0,Suspected Minor Injury,Angle - Other Than Left Turn 2,Daylight,Clear,Dry,23.0,Male,East,Going Straight Ahead,Disregarded Traffic Signal,No Apparent Influence,No Apparent Influence,45.0,Male,North,Making Left Turn,No Improper Action,No Apparent Influence,No Apparent Influence,33.40924596,-111.9695349,2022-09-16,19:06:00
3988606,2022,Price Rd,Broadway Rd,-108.0,Intersection Related 206,0.0,0.0,No Injury,Rear End,Daylight,Clear,Dry,22.0,Male,North,Going Straight Ahead,Speed To Fast For Conditions,No Apparent Influence,No Apparent Influence,32.0,Female,North,Stopped In Trafficway,No Improper Action,No Apparent Influence,No Apparent Influence,33.40717861,-111.8903316,2022-09-16,20:09:00
3969468,2022,Mill Ave,US-60 Exit 173 A-Ramp,0.0,Intersection 4 Way 202,0.0,0.0,No Injury,Angle - Other Than Left Turn 2,Daylight,Clear,Dry,44.0,Female,South,Going Straight Ahead,Disregarded Traffic Signal,No Apparent Influence,No Apparent Influence,26.0,Male,East,Making Left Turn,No Improper Action,No Apparent Influence,No Apparent Influence,33.38510724,-111.9394705,2022-09-16,21:20:00
3984507,2022,Priest Dr,Warner Rd,0.0,Intersection 4 Way 202,0.0,0.0,No Injury,Left Turn,Daylight,Clear,Dry,27.0,Female,Northwest,Making Left Turn,Made Improper Turn,No Apparent Influence,No Apparent Influence,25.0,Male,South,Going Straight Ahead,No Improper Action,No Apparent Influence,No Apparent Influence,33.33452529,-111.9631174,2022-09-16,21:48:00
3984500,2022,Southern Ave,Clementine Dr,75.0,Not Junction Related,1.0,0.0,Possible Injury,Rear End,Daylight,Clear,Dry,77.0,Female,East,Going Straight Ahead,Speed To Fast For Conditions,No Apparent Influence,No Apparent Influence,27.0,Female,East,Stopped In Trafficway,No Improper Action,No Apparent Influence,No Apparent Influence,33.39286525,-111.9633394,2022-09-16,23:09:00
3969469,2022,Esther St,Tempe Dr,160.0,Not Junction Related,0.0,0.0,No Injury,Sideswipe Same Direction,Daylight,Clear,Dry,31.0,Male,South,Leaving Parking Position,Failed To Yield Right Of Way,No Apparent Influence,No Apparent Influence,52.0,Male,South,Going Straight Ahead,No Improper Action,No Apparent Influence,No Apparent Influence,33.44267453,-111.9253601,2022-09-16,23:58:00
3999735,2022,University Dr,Smith Rd,0.0,Intersection 4 Way 202,2.0,0.0,Suspected Minor Injury,Left Turn,Dark Lighted,Clear,Dry,24.0,Male,West,Making Left Turn,Failed To Yield Right Of Way,No Apparent Influence,No Apparent Influence,20.0,Male,East,Going Straight Ahead,No Improper Action,No Apparent Influence,No Apparent Influence,33.42210728,-111.9004976,2022-09-17,02:16:00
4007414,2022,McAllister Ave,University Dr,0.0,Intersection 4 Way 202,1.0,0.0,Possible Injury,Left Turn,Dark Lighted,Clear,Dry,18.0,Female,North,Making Left Turn,Failed To Yield Right Of Way,No Apparent Influence,No Apparent Influence,22.0,Female,South,Going Straight Ahead,No Improper Action,No Apparent Influence,No Apparent Influence,33.42201895,-111.9289393,2022-09-17,07:19:00
3944586,2022,SR-202 Exit 7 A-Ramp,Unknown,0.0,Intersection 4 Way 202,0.0,0.0,No Injury,Rear End,Daylight,Clear,Dry,31.0,Male,East,Going Straight Ahead,Speed To Fast For Conditions,No Apparent Influence,No Apparent Influence,55.0,Male,East,Stopped In Trafficway,No Improper Action,No Apparent Influence,No Apparent Influence,33.43572084,-111.9267689,2022-09-17,12:55:00
4017696,2022,Warner Rd,River Pkwy,25.0,Intersection Related 206,0.0,0.0,No Injury,Rear End,Daylight,Clear,Dry,63.0,Male,West,Going Straight Ahead,Followed Too Closely,No Apparent Influence,No Apparent Influence,59.0,Male,West,Stopped In Trafficway,No Improper Action,No Apparent Influence,No Apparent Influence,33.33477895,-111.8975889,2022-09-17,13:41:00
3969201,2022,University Dr,Price Rd,0.0,Intersection 4 Way 202,0.0,0.0,No Injury,U Turn,Daylight,Clear,Dry,19.0,Female,East,Making U Turn,Failed To Yield Right Of Way,No Apparent Influence,No Apparent Influence,62.0,Male,West,Going Straight Ahead,No Improper Action,No Apparent Influence,No Apparent Influence,33.4220113,-111.8919545,2022-09-17,15:25:00
3969175,2022,Harl Ave,Warner Rd,0.0,Intersection 4 Way 202,1.0,0.0,Possible Injury,Left Turn,Daylight,Clear,Dry,21.0,Male,East,Making Left Turn,Unknown,No Apparent Influence,No Apparent Influence,34.0,Female,West,Going Straight Ahead,Unknown,No Apparent Influence,No Apparent Influence,33.33450058,-111.9666741,2022-09-17,19:20:00
3984007,2022,Scottsdale Rd,McKellips Rd,200.0,Intersection Related 206,0.0,0.0,No Injury,Rear End,Daylight,Unknown,Dry,25.0,Male,South,Going Straight Ahead,Speed To Fast For Conditions,No Apparent Influence,No Apparent Influence,60.0,Male,South,Stopped In Trafficway,No Improper Action,No Apparent Influence,No Apparent Influence,33.45179031,-111.9264639,2022-09-17,21:51:00
3945284,2022,9th St,Roosevelt St,0.0,Intersection 4 Way 202,0.0,0.0,No Injury,Angle - Other Than Left Turn 2,Dawn,Clear,Dry,21.0,Male,North,Going Straight Ahead,Speed To Fast For Conditions,Alcohol,No Apparent Influence,48.0,Male,East,Going Straight Ahead,No Improper Action,No Apparent Influence,No Apparent Influence,33.42063971,-111.9472773,2022-09-18,00:25:00
3989026,2022,Baseline Rd,McClintock Dr,0.0,Intersection 4 Way 202,0.0,0.0,No Injury,Left Turn,Daylight,Clear,Dry,58.0,Female,West,Going Straight Ahead,Disregarded Traffic Signal,No Apparent Influence,No Apparent Influence,19.0,Female,South,Making Left Turn,No Improper Action,No Apparent Influence,No Apparent Influence,33.37842427,-111.9092614,2022-09-18,01:17:00