Incident_ID,Year,Street_Name,Cross_Street,Distance,Junction_Relation,Total_Injuries,Total_Fatalities,Injury_Severity,Collision_Manner,Light_Condition,Weather,Surface_Condition,Age_1,Gender_1,Travel_One,UnitAction_One,Violation1_Drv1,AlcoholUse_ 1,DrugUse_1,Age_2,Gender_2,TravelDirection_2,UnitAction_2,Violation_2,AlcoholUse_2,DrugUse_2,Latitude,Longitude,Date,Time
3969455,2022,Scottsdale Rd,Curry Rd,0.0,Intersection 4 Way 202,0.0,0.0,No Injury,Angle - Other Than Left Turn 2,Dark Lighted,Clear,Dry,26.0,Male,South,Making Right Turn,Unsafe Lane Change,No Apparent Influence,No Apparent Influence,33.0,Male,South,Going Straight Ahead,No Improper Action,No Apparent Influence,No Apparent Influence,33.44029348,-111.9263369,2022-09-18,02:39:00
3969482,2022,McClintock Dr,Laguna Dr,180.0,Not Junction Related,0.0,0.0,No Injury,Left Turn,Dark Lighted,Clear,Dry,24.0,Male,East,Making Left Turn,Failed To Yield Right Of Way,No Apparent Influence,No Apparent Influence,17.0,Female,South,Going Straight Ahead,No Improper Action,No Apparent Influence,No Apparent Influence,33.39123263,-111.9091526,2022-09-18,04:29:00
3998447,2022,Rural Rd,Broadway Rd,-62.0,Intersection Related 206,0.0,0.0,No Injury,Rear End,Dark Lighted,Clear,Dry,38.0,Male,North,Going Straight Ahead,Speed To Fast For Conditions,Alcohol,No Apparent Influence,22.0,Male,North,Going Straight Ahead,No Improper Action,No Apparent Influence,No Apparent Influence,33.40733146,-111.9262837,2022-09-18,11:34:00
4047663,2022,McClintock Dr,Harvard Dr,25.0,Not Junction Related,1.0,0.0,Possible Injury,Head On,Daylight,Clear,Dry,50.0,Male,North,Changing Lanes,Drove Left Of Center Line,No Apparent Influence,No Apparent Influence,47.0,Female,South,Going Straight Ahead,No Improper Action,No Apparent Influence,No Apparent Influence,33.37660912,-111.909557,2022-09-18,14:26:00
3989013,2022,Baseline Rd,Darrow Dr,0.0,Intersection T Inter 203,2.0,0.0,Suspected Minor Injury,Left Turn,Daylight,Clear,Dry,36.0,Female,East,Making Left Turn,Failed To Yield Right Of Way,No Apparent Influence,No Apparent Influence,41.0,Male,West,Going Straight Ahead,Unknown,No Apparent Influence,No Apparent Influence,33.37824425,-111.9611298,2022-09-18,21:41:00
3984420,2022,McClintock Dr,Laguna Dr,0.0,Intersection T Inter 203,0.0,0.0,No Injury,Left Turn,Daylight,Clear,Dry,53.0,Male,North,Making Left Turn,Failed To Yield Right Of Way,No Apparent Influence,No Apparent Influence,60.0,Male,South,Going Straight Ahead,No Improper Action,No Apparent Influence,No Apparent Influence,33.39073852,-111.9091599,2022-09-18,22:04:00
3988630,2022,College Ave,Valerie Dr,0.0,Intersection T Inter 203,0.0,0.0,No Injury,U Turn,Daylight,Clear,Dry,40.0,Male,West,Making U Turn,Made Improper Turn,No Apparent Influence,No Apparent Influence,25.0,Female,North,Going Straight Ahead,No Improper Action,No Apparent Influence,No Apparent Influence,33.44516733,-111.9332593,2022-09-18,23:05:00
3988678,2022,Elliot Rd,Hardy Dr,0.0,Intersection 4 Way 202,0.0,0.0,No Injury,Angle - Other Than Left Turn 2,Daylight,Clear,Dry,66.0,Female,East,Going Straight Ahead,Disregarded Traffic Signal,No Apparent Influence,No Apparent Influence,45.0,Male,North,Making Left Turn,No Improper Action,No Apparent Influence,No Apparent Influence,33.34913292,-111.9588031,2022-09-19,01:02:00
3988601,2022,McClintock Dr,Broadway Rd,-90.0,Intersection Related 206,0.0,0.0,No Injury,Sideswipe Same Direction,Daylight,Clear,Dry,37.0,Male,North,Going Straight Ahead,Speed To Fast For Conditions,No Apparent Influence,No Apparent Influence,56.0,Male,North,Stopped In Trafficway,No Improper Action,No Apparent Influence,No Apparent Influence,33.40725289,-111.909125,2022-09-19,16:40:00
3989136,2022,Apache Blvd,Price Rd,0.0,Intersection T Inter 203,1.0,0.0,Suspected Serious Injury,Angle - Other Than Left Turn 2,Daylight,Clear,Dry,68.0,Male,West,Going Straight Ahead,Disregarded Traffic Signal,No Apparent Influence,No Apparent Influence,80.0,Female,South,Going Straight Ahead,No Improper Action,No Apparent Influence,No Apparent Influence,33.41479117,-111.8907333,2022-09-19,18:02:00
3988608,2022,Rural Rd,Lemon St,60.0,Driveway Or Alley,0.0,0.0,No Injury,Rear End,Dark Lighted,Clear,Dry,42.0,Male,North,Going Straight Ahead,Followed Too Closely,Alcohol,No Apparent Influence,17.0,Male,North,Making Right Turn,No Improper Action,No Apparent Influence,No Apparent Influence,33.41699986,-111.9262972,2022-09-20,06:50:00
3986226,2022,University Dr,SR-143 Exit 1 P-Ramp,0.0,Intersection 4 Way 202,0.0,0.0,No Injury,U Turn,Daylight,Cloudy,Dry,32.0,Male,West,Making U Turn,Made Improper Turn,No Apparent Influence,No Apparent Influence,21.0,Female,West,Going Straight Ahead,No Improper Action,No Apparent Influence,No Apparent Influence,33.42189408,-111.9775475,2022-09-20,16:27:00
4007204,2022,Kyrene Rd,Elliot Rd,165.0,Intersection Related 206,1.0,0.0,Possible Injury,Rear End,Dark Not Lighted,Clear,Dry,51.0,Female,South,Going Straight Ahead,Speed To Fast For Conditions,No Apparent Influence,No Apparent Influence,31.0,Male,South,Stopped In Trafficway,No Improper Action,No Apparent Influence,No Apparent Influence,33.34965251,-111.945737,2022-09-21,01:55:00
3986124,2022,52nd St,University Dr,0.0,Intersection 4 Way 202,2.0,0.0,Suspected Minor Injury,Left Turn,Dark Lighted,Clear,Dry,23.0,Male,North,Making Left Turn,Failed To Yield Right Of Way,No Apparent Influence,No Apparent Influence,20.0,Male,South,Going Straight Ahead,No Improper Action,No Apparent Influence,No Apparent Influence,33.42194304,-111.9695685,2022-09-21,02:20:00
3999811,2022,Broadway Rd,I-10 Exit 153 P-Ramp,0.0,Intersection 201,0.0,0.0,No Injury,Rear End,Daylight,Cloudy,Dry,21.0,Female,East,Changing Lanes,Unsafe Lane Change,No Apparent Influence,No Apparent Influence,54.0,Male,East,Stopped In Trafficway,No Improper Action,No Apparent Influence,No Apparent Influence,33.40836157,-111.9738369,2022-09-21,14:00:00
3988939,2022,McClintock Dr,Del Rio Dr,0.0,Intersection T Inter 203,0.0,0.0,No Injury,Left Turn,Daylight,Cloudy,Dry,53.0,Female,South,Making Left Turn,Failed To Yield Right Of Way,No Apparent Influence,No Apparent Influence,37.0,Male,North,Going Straight Ahead,No Improper Action,No Apparent Influence,No Apparent Influence,33.39659765,-111.9091359,2022-09-21,14:15:00
3945628,2022,I-10 Exit 153 C2-Ramp,Unknown,0.0,Intersection Related 206,0.0,0.0,No Injury,Rear End,Daylight,Clear,Wet,28.0,Male,West,Making Left Turn,Speed To Fast For Conditions,No Apparent Influence,No Apparent Influence,64.0,Male,West,Making Left Turn,No Improper Action,No Apparent Influence,No Apparent Influence,33.40909387,-111.9694894,2022-09-21,14:29:00
4000119,2022,Broadway Rd,Price Rd,-98.0,Intersection Related 206,0.0,0.0,No Injury,Rear End,Daylight,Cloudy,Dry,43.0,Male,East,Going Straight Ahead,Speed To Fast For Conditions,No Apparent Influence,No Apparent Influence,29.0,Female,East,Stopped In Trafficway,No Improper Action,No Apparent Influence,No Apparent Influence,33.40747401,-111.8906553,2022-09-21,14:43:00
3988941,2022,University Dr,Smith Rd,-67.0,Intersection Related 206,0.0,0.0,No Injury,Rear End,Daylight,Rain,Wet,19.0,Female,West,Going Straight Ahead,Speed To Fast For Conditions,No Apparent Influence,No Apparent Influence,63.0,Female,West,Other,No Improper Action,No Apparent Influence,No Apparent Influence,33.42210553,-111.900717,2022-09-21,15:07:00
3984493,2022,Guadalupe Rd,Kyrene Rd,139.0,Intersection Related 206,0.0,0.0,No Injury,Sideswipe Same Direction,Daylight,Rain,Wet,32.0,Male,West,Changing Lanes,Unsafe Lane Change,No Apparent Influence,No Apparent Influence,36.0,Female,West,Going Straight Ahead,No Improper Action,No Apparent Influence,No Apparent Influence,33.36366478,-111.9454395,2022-09-21,15:37:00
3989007,2022,Mill Ave,13th St,0.0,Intersection 4 Way 202,2.0,0.0,Suspected Minor Injury,Head On,Daylight,Cloudy,Wet,33.0,Male,North,Avoiding Vehicle Object Pedestrian,Other,No Apparent Influence,No Apparent Influence,36.0,Male,South,Going Straight Ahead,No Improper Action,No Apparent Influence,No Apparent Influence,33.41475375,-111.9399073,2022-09-21,16:09:00
3988936,2022,Mill Ave,13th St,0.0,Intersection 4 Way 202,0.0,0.0,No Injury,Left Turn,Daylight,Rain,Wet,31.0,Male,North,Making Left Turn,Failed To Yield Right Of Way,No Apparent Influence,No Apparent Influence,23.0,Male,South,Going Straight Ahead,No Improper Action,No Apparent Influence,No Apparent Influence,33.41475375,-111.9399073,2022-09-21,18:09:00
3989008,2022,Rural Rd,Geneva Dr,-90.0,Intersection Related 206,0.0,0.0,No Injury,Rear End,Daylight,Cloudy,Dry,52.0,Male,North,Changing Lanes,Followed Too Closely,No Apparent Influence,No Apparent Influence,25.0,Male,North,Slowing In Trafficway,No Improper Action,No Apparent Influence,No Apparent Influence,33.39473863,-111.926329,2022-09-21,18:39:00
3984422,2022,Broadway Rd,Country Club Way,-29.0,Intersection Related 206,0.0,0.0,No Injury,Rear End,Daylight,Rain,Wet,24.0,Female,South,Going Straight Ahead,Followed Too Closely,No Apparent Influence,No Apparent Influence,46.0,Male,South,Stopped In Trafficway,No Improper Action,No Apparent Influence,No Apparent Influence,33.40748956,-111.9006143,2022-09-21,21:01:00
4004427,2022,Elliot Rd,Kyrene Rd,0.0,Intersection 4 Way 202,0.0,0.0,No Injury,Left Turn,Daylight,Rain,Dry,28.0,Male,East,Making Left Turn,Failed To Yield Right Of Way,No Apparent Influence,No Apparent Influence,27.0,Male,West,Going Straight Ahead,No Improper Action,No Apparent Influence,No Apparent Influence,33.34919917,-111.9457347,2022-09-21,21:24:00
3988967,2022,Southern Ave,Fair Ln,-200.0,Driveway Or Alley,0.0,0.0,No Injury,Angle - Other Than Left Turn 2,Daylight,Clear,Dry,48.0,Female,South,Going Straight Ahead,Failed To Yield Right Of Way,No Apparent Influence,No Apparent Influence,27.0,Male,West,Going Straight Ahead,No Improper Action,No Apparent Influence,No Apparent Influence,33.39277637,-111.9766617,2022-09-21,21:48:00
3999695,2022,SR-143 Non-Cardinal,I-10 Exit 153 A-Ramp,0.0,Intersection 4 Way 202,1.0,0.0,Suspected Minor Injury,Angle - Other Than Left Turn 2,Daylight,Rain,Wet,23.0,Female,South,Going Straight Ahead,Unknown,No Apparent Influence,No Apparent Influence,17.0,Female,East,Making Left Turn,No Improper Action,No Apparent Influence,No Apparent Influence,33.40932281,-111.9783209,2022-09-21,21:51:00
4004428,2022,McClintock Dr,Hermosa Dr,193.0,Not Junction Related,0.0,0.0,No Injury,U Turn,Daylight,Rain,Wet,59.0,Female,North,Making U Turn,Unknown,No Apparent Influence,No Apparent Influence,51.0,Female,North,Going Straight Ahead,Unknown,No Apparent Influence,No Apparent Influence,33.38820912,-111.9091785,2022-09-21,22:07:00
3945496,2022,Minton Dr,48th St,80.0,Intersection T Inter 203,0.0,0.0,No Injury,Left Turn,Daylight,Rain,Wet,19.0,Male,East,Making Left Turn,Made Improper Turn,No Apparent Influence,No Apparent Influence,23.0,Male,South,Going Straight Ahead,Other,No Apparent Influence,No Apparent Influence,33.3818119,-111.9781334,2022-09-22,00:11:00
3986169,2022,Warner Rd,Juniper Dr,35.0,Intersection Related 206,1.0,0.0,Suspected Minor Injury,Rear End,Dark Lighted,Rain,Wet,20.0,Female,West,Going Straight Ahead,Speed To Fast For Conditions,No Apparent Influence,No Apparent Influence,40.0,Female,West,Slowing In Trafficway,No Improper Action,No Apparent Influence,No Apparent Influence,33.33466459,-111.9153653,2022-09-22,01:29:00
3999809,2022,Mill Ave,US-60 Exit 173 G-Ramp,0.0,Intersection 4 Way 202,0.0,0.0,No Injury,Sideswipe Same Direction,Dark Lighted,Cloudy,Wet,27.0,Male,South,Making Left Turn,Unknown,No Apparent Influence,No Apparent Influence,56.0,Male,South,Making Left Turn,Unknown,No Apparent Influence,No Apparent Influence,33.38510724,-111.9394705,2022-09-22,01:43:00
3987101,2022,McClintock Dr,Baseline Rd,19.0,Intersection Related 206,0.0,0.0,No Injury,Rear End,Dark Lighted,Clear,Dry,59.0,Male,South,Going Straight Ahead,Exceeded Lawful Speed,Alcohol,No Apparent Influence,27.0,Female,South,Stopped In Trafficway,No Improper Action,No Apparent Influence,No Apparent Influence,33.37847641,-111.9092613,2022-09-22,04:40:00
4002632,2022,Rural Rd,US-60 Exit 174 A-Ramp,0.0,Intersection 4 Way 202,0.0,0.0,No Injury,Left Turn,Dark Lighted,Clear,Dry,22.0,Male,South,Going Straight Ahead,Other,No Apparent Influence,No Apparent Influence,20.0,Male,East,Making Left Turn,No Improper Action,No Apparent Influence,No Apparent Influence,33.385021,-111.9264836,2022-09-22,05:21:00
3988667,2022,McClintock Dr,Carson Dr,0.0,Intersection T Inter 203,0.0,0.0,No Injury,Left Turn,Daylight,Cloudy,Dry,39.0,Female,South,Making Left Turn,Failed To Yield Right Of Way,No Apparent Influence,No Apparent Influence,23.0,Female,North,Going Straight Ahead,Failed To Keep In Proper Lane,No Apparent Influence,No Apparent Influence,33.38388211,-111.9092115,2022-09-22,15:26:00
4004405,2022,Elliot Rd,Priest Dr,0.0,Intersection 4 Way 202,0.0,0.0,No Injury,Left Turn,Daylight,Cloudy,Dry,33.0,Male,South,Going Straight Ahead,Disregarded Traffic Signal,No Apparent Influence,No Apparent Influence,32.0,Male,East,Making Left Turn,No Improper Action,No Apparent Influence,No Apparent Influence,33.34910387,-111.9631335,2022-09-22,17:10:00
3946693,2022,I-10 Exit 155 J1-Ramp,Unknown,0.0,Entrance Exit Ramp 205,0.0,0.0,No Injury,Sideswipe Same Direction,Daylight,Clear,Dry,63.0,Male,North,Making Right Turn,Failed To Keep In Proper Lane,No Apparent Influence,No Apparent Influence,35.0,Male,North,Making Right Turn,No Improper Action,No Apparent Influence,No Apparent Influence,33.3784969,-111.967378,2022-09-22,17:47:00
3988680,2022,Broadway Rd,Mill Ave,222.0,Not Junction Related,0.0,0.0,No Injury,Sideswipe Same Direction,Daylight,Cloudy,Dry,49.0,Male,East,Going Straight Ahead,Failed To Keep In Proper Lane,No Apparent Influence,No Apparent Influence,33.0,Male,East,Going Straight Ahead,No Improper Action,No Apparent Influence,No Apparent Influence,33.40741643,-111.9390997,2022-09-22,18:28:00
3999370,2022,Southern Ave,River Dr,35.0,Not Junction Related,0.0,0.0,No Injury,Sideswipe Same Direction,Daylight,Clear,Dry,27.0,Male,West,Changing Lanes,Unsafe Lane Change,No Apparent Influence,No Apparent Influence,23.0,Male,West,Going Straight Ahead,No Improper Action,No Apparent Influence,No Apparent Influence,33.39298674,-111.8961497,2022-09-22,21:09:00
4004404,2022,McClintock Dr,Southern Ave,43.0,Intersection Related 206,0.0,0.0,No Injury,Left Turn,Daylight,Clear,Dry,17.0,Male,North,Making Left Turn,Made Improper Turn,No Apparent Influence,No Apparent Influence,27.0,Female,South,Stopped In Trafficway,No Improper Action,No Apparent Influence,No Apparent Influence,33.39311033,-111.9091267,2022-09-22,22:22:00
3999716,2022,Elliot Rd,Hardy Dr,0.0,Intersection 4 Way 202,1.0,0.0,Suspected Minor Injury,Left Turn,Daylight,Clear,Dry,79.0,Female,South,Making Left Turn,Failed To Yield Right Of Way,No Apparent Influence,No Apparent Influence,17.0,Male,North,Going Straight Ahead,No Improper Action,No Apparent Influence,No Apparent Influence,33.34915645,-111.9544806,2022-09-22,22:41:00
3987347,2022,Rural Rd,Broadway Rd,15.0,Intersection Related 206,0.0,0.0,No Injury,U Turn,Daylight,Clear,Dry,20.0,Male,South,Making U Turn,Disregarded Traffic Signal,No Apparent Influence,No Apparent Influence,21.0,Male,West,Making Right Turn,No Improper Action,No Apparent Influence,No Apparent Influence,33.40754296,-111.9262829,2022-09-22,23:20:00
3989014,2022,McClintock Dr,SR-202 Exit 8 J-Ramp,0.0,Intersection T Inter 203,2.0,0.0,Possible Injury,Left Turn,Daylight,Clear,Dry,27.0,Male,North,Making Left Turn,Failed To Yield Right Of Way,No Apparent Influence,No Apparent Influence,21.0,Female,South,Going Straight Ahead,No Improper Action,No Apparent Influence,No Apparent Influence,33.43662129,-111.9096218,2022-09-23,00:17:00
3988952,2022,Priest Dr,La Jolla Dr,0.0,Intersection T Inter 203,1.0,0.0,Possible Injury,Angle - Other Than Left Turn 2,Daylight,Clear,Dry,18.0,Female,North,Making Left Turn,Failed To Yield Right Of Way,No Apparent Influence,No Apparent Influence,20.0,Female,South,Going Straight Ahead,No Improper Action,No Apparent Influence,No Apparent Influence,33.39028105,-111.9608084,2022-09-23,00:37:00
3999806,2022,University Dr,Priest Dr,150.0,Intersection Related 206,0.0,0.0,No Injury,Rear End,Dark Lighted,Clear,Dry,23.0,Male,West,Going Straight Ahead,Speed To Fast For Conditions,No Apparent Influence,No Apparent Influence,26.0,Male,West,Stopped In Trafficway,No Improper Action,No Apparent Influence,No Apparent Influence,33.42194069,-111.960432,2022-09-23,02:35:00
3989016,2022,McKellips Rd,Scottsdale Rd,0.0,Intersection 4 Way 202,1.0,0.0,Possible Injury,Left Turn,Dark Lighted,Clear,Dry,22.0,Male,West,Making Left Turn,Failed To Yield Right Of Way,No Apparent Influence,No Apparent Influence,34.0,Male,East,Going Straight Ahead,No Improper Action,No Apparent Influence,No Apparent Influence,33.45124074,-111.9264677,2022-09-23,03:00:00
3984490,2022,Mill Ave,Geneva Dr,-160.0,Not Junction Related,1.0,0.0,Possible Injury,Rear End,Daylight,Clear,Dry,65.0,Female,South,Going Straight Ahead,Speed To Fast For Conditions,No Apparent Influence,No Apparent Influence,59.0,Male,South,Stopped In Trafficway,No Improper Action,No Apparent Influence,No Apparent Influence,33.39507232,-111.9396341,2022-09-24,00:38:00
3969605,2022,Guadalupe Rd,McKemy St,30.0,Intersection Related 206,0.0,0.0,No Injury,Rear End,Dark Lighted,Cloudy,Dry,28.0,Male,West,Going Straight Ahead,Speed To Fast For Conditions,Alcohol,Drugs,46.0,Male,West,Slowing In Trafficway,No Improper Action,No Apparent Influence,No Apparent Influence,33.36368041,-111.9506511,2022-09-24,02:07:00
3987349,2022,Price Rd,Apache Blvd,0.0,Intersection 4 Way 202,1.0,0.0,Suspected Minor Injury,Angle - Other Than Left Turn 2,Dark Lighted,Clear,Dry,25.0,Male,South,Going Straight Ahead,Speed To Fast For Conditions,Alcohol,No Apparent Influence,24.0,Male,West,Going Straight Ahead,No Improper Action,No Apparent Influence,No Apparent Influence,33.41479898,-111.8919461,2022-09-24,10:28:00
3988637,2022,Baseline Rd,Pointe Pkwy,0.0,Intersection 4 Way 202,0.0,0.0,No Injury,Left Turn,Dark Lighted,Clear,Dry,44.0,Female,West,Making Left Turn,Failed To Yield Right Of Way,No Apparent Influence,No Apparent Influence,20.0,Male,East,Going Straight Ahead,No Improper Action,No Apparent Influence,No Apparent Influence,33.37821687,-111.9719949,2022-09-24,12:39:00
3989133,2022,Priest Dr,Darrow Dr,10.0,Intersection Related 206,0.0,0.0,No Injury,Angle - Other Than Left Turn 2,Daylight,Clear,Dry,25.0,Male,North,Making U Turn,Other,No Apparent Influence,No Apparent Influence,20.0,Female,South,Going Straight Ahead,No Improper Action,No Apparent Influence,No Apparent Influence,33.3806973,-111.96157,2022-09-24,22:25:00
3984494,2022,Baseline Rd,Rural Rd,0.0,Intersection 4 Way 202,0.0,0.0,No Injury,Angle - Other Than Left Turn 2,Daylight,Clear,Dry,26.0,Male,West,Going Straight Ahead,Disregarded Traffic Signal,No Apparent Influence,No Apparent Influence,57.0,Male,South,Going Straight Ahead,No Improper Action,No Apparent Influence,No Apparent Influence,33.37824921,-111.9286869,2022-09-25,01:15:00
3989027,2022,Baseline Rd,Hardy Dr,100.0,Intersection Related 206,0.0,0.0,No Injury,Rear End,Dark Lighted,Clear,Dry,85.0,Female,West,Going Straight Ahead,Speed To Fast For Conditions,No Apparent Influence,No Apparent Influence,24.0,Male,West,Going Straight Ahead,No Improper Action,No Apparent Influence,No Apparent Influence,33.37821184,-111.9521851,2022-09-25,01:17:00
3963549,2022,Lemon St,Rural Rd,-210.0,Not Junction Related,0.0,0.0,No Injury,Rear End,Dark Unknown Lighting,Clear,Dry,18.0,Male,West,Going Straight Ahead,Speed To Fast For Conditions,Alcohol,No Apparent Influence,20.0,Female,West,Stopped In Trafficway,No Improper Action,No Apparent Influence,No Apparent Influence,33.41675391,-111.926974,2022-09-25,06:21:00
3987376,2022,Rice Dr,River Dr,-10.0,Driveway Or Alley,0.0,0.0,No Injury,Left Turn,Dark Lighted,Clear,Dry,48.0,Male,West,Making Left Turn,Unknown,No Apparent Influence,No Apparent Influence,40.0,Male,East,Going Straight Ahead,Unknown,No Apparent Influence,No Apparent Influence,33.37792178,-111.8972463,2022-09-25,06:56:00
3987090,2022,Scottsdale Rd,McKellips Rd,0.0,Intersection 4 Way 202,0.0,0.0,No Injury,Left Turn,Daylight,Clear,Dry,23.0,Female,North,Going Straight Ahead,Disregarded Traffic Signal,No Apparent Influence,No Apparent Influence,54.0,Male,South,Making Left Turn,No Improper Action,No Apparent Influence,No Apparent Influence,33.45124082,-111.9264677,2022-09-25,14:44:00
3988948,2022,Southern Ave,McClintock Dr,40.0,Not Junction Related,0.0,0.0,No Injury,Sideswipe Same Direction,Daylight,Clear,Dry,32.0,Male,West,Changing Lanes,Speed To Fast For Conditions,No Apparent Influence,No Apparent Influence,54.0,Male,West,Going Straight Ahead,No Improper Action,No Apparent Influence,No Apparent Influence,33.39299154,-111.9089957,2022-09-25,19:44:00
3988677,2022,University Dr,McClintock Dr,-10.0,Intersection Related 206,0.0,0.0,No Injury,Rear End,Daylight,Clear,Dry,17.0,Male,East,Going Straight Ahead,Exceeded Lawful Speed,No Apparent Influence,No Apparent Influence,19.0,Female,East,Stopped In Trafficway,No Improper Action,No Apparent Influence,No Apparent Influence,33.42198236,-111.909119,2022-09-25,19:51:00
3988935,2022,Southern Ave,Priest Dr,-176.0,Not Junction Related,0.0,0.0,No Injury,Angle - Other Than Left Turn 2,Daylight,Clear,Dry,34.0,Male,North,Making Left Turn,Failed To Yield Right Of Way,No Apparent Influence,No Apparent Influence,61.0,Male,East,Going Straight Ahead,No Improper Action,No Apparent Influence,No Apparent Influence,33.39287982,-111.9613465,2022-09-25,22:13:00
3984436,2022,SR-101 Cardinal Frontage,Elliot Rd,26.0,Intersection 4 Way 202,2.0,0.0,Suspected Minor Injury,Angle - Other Than Left Turn 2,Daylight,Clear,Dry,38.0,Female,South,Going Straight Ahead,Failed To Yield Right Of Way,No Apparent Influence,No Apparent Influence,55.0,Female,East,Going Straight Ahead,No Improper Action,No Apparent Influence,No Apparent Influence,33.34941406,-111.8943688,2022-09-25,22:17:00
4004395,2022,Mill Ave,Del Rio Dr,-50.0,Intersection Related 206,0.0,0.0,No Injury,Sideswipe Same Direction,Daylight,Clear,Dry,43.0,Female,North,Going Straight Ahead,Unsafe Lane Change,No Apparent Influence,No Apparent Influence,32.0,Male,North,Going Straight Ahead,No Improper Action,No Apparent Influence,No Apparent Influence,33.3976741,-111.9396708,2022-09-25,23:55:00
3989529,2022,Price Rd,Broadway Rd,0.0,Intersection 4 Way 202,0.0,0.0,No Injury,Sideswipe Same Direction,Daylight,Clear,Dry,23.0,Female,North,Making Right Turn,Made Improper Turn,No Apparent Influence,No Apparent Influence,23.0,Female,North,Making Right Turn,No Improper Action,No Apparent Influence,No Apparent Influence,33.40747535,-111.8903343,2022-09-26,00:07:00
3988640,2022,McClintock Dr,Southern Ave,50.0,Intersection Related 206,0.0,0.0,No Injury,Rear End,Dark Lighted,Clear,Dry,20.0,Female,South,Making Right Turn,Speed To Fast For Conditions,No Apparent Influence,No Apparent Influence,28.0,Male,South,Making Right Turn,No Improper Action,No Apparent Influence,No Apparent Influence,33.39312956,-111.9091267,2022-09-26,01:35:00
4047790,2022,Broadway Rd,Rural Rd,0.0,Intersection 4 Way 202,1.0,0.0,Suspected Minor Injury,Left Turn,Unknown 51,Unknown,Dry,17.0,Female,West,Making Left Turn,Failed To Yield Right Of Way,No Apparent Influence,No Apparent Influence,29.0,Male,East,Going Straight Ahead,No Improper Action,No Apparent Influence,No Apparent Influence,33.40750178,-111.9262829,2022-09-26,02:44:00
3986140,2022,Hardy Dr,Rio Salado Pkwy,0.0,Intersection 4 Way 202,0.0,0.0,No Injury,Head On,Dark Lighted,Clear,Dry,27.0,Male,North,Making Left Turn,Failed To Yield Right Of Way,No Apparent Influence,No Apparent Influence,32.0,Male,South,Going Straight Ahead,No Improper Action,No Apparent Influence,No Apparent Influence,33.43094517,-111.9524059,2022-09-26,11:57:00
3988641,2022,Warner Rd,71st St,0.0,Intersection 4 Way 202,0.0,0.0,No Injury,U Turn,Daylight,Clear,Dry,52.0,Male,North,Making Right Turn,Failed To Yield Right Of Way,No Apparent Influence,No Apparent Influence,16.0,Female,East,Making U Turn,No Improper Action,No Apparent Influence,No Apparent Influence,33.33464747,-111.9305618,2022-09-26,14:09:00
3988953,2022,Southern Ave,Los Feliz Dr,-48.0,Intersection T Inter 203,0.0,0.0,No Injury,Angle - Other Than Left Turn 2,Daylight,Clear,Dry,76.0,Male,South,Making Right Turn,Made Improper Turn,No Apparent Influence,No Apparent Influence,37.0,Female,West,Going Straight Ahead,No Improper Action,No Apparent Influence,No Apparent Influence,33.39297106,-111.9050109,2022-09-26,14:20:00
3961955,2022,SR-202 Exit 7 T-Ramp,Unknown,0.0,Entrance Exit Ramp 205,1.0,0.0,Suspected Minor Injury,Rear End,Daylight,Clear,Dry,24.0,Male,East,Going Straight Ahead,Speed To Fast For Conditions,No Apparent Influence,No Apparent Influence,26.0,Male,East,Stopped In Trafficway,No Improper Action,No Apparent Influence,No Apparent Influence,33.43551371,-111.9263629,2022-09-26,15:17:00
3950736,2022,SR-202 Exit 7 T-Ramp,Unknown,0.0,Entrance Exit Ramp 205,1.0,0.0,Suspected Minor Injury,Rear End,Daylight,Clear,Dry,18.0,Female,East,Making Right Turn,Speed To Fast For Conditions,No Apparent Influence,No Apparent Influence,28.0,Male,East,Stopped In Trafficway,No Improper Action,No Apparent Influence,No Apparent Influence,33.43544388,-111.926281,2022-09-26,18:15:00
3989125,2022,Rural Rd,US-60 Exit 174 A-Ramp,-95.0,Not Junction Related,0.0,0.0,No Injury,Sideswipe Same Direction,Daylight,Clear,Dry,43.0,Male,South,Changing Lanes,Unsafe Lane Change,No Apparent Influence,No Apparent Influence,37.0,Male,South,Going Straight Ahead,No Improper Action,No Apparent Influence,No Apparent Influence,33.38476027,-111.9264886,2022-09-26,22:52:00
3988639,2022,Southern Ave,Rural Rd,-200.0,Not Junction Related,0.0,0.0,No Injury,Rear End,Daylight,Clear,Dry,69.0,Female,East,Going Straight Ahead,Speed To Fast For Conditions,No Apparent Influence,No Apparent Influence,55.0,Female,East,Stopped In Trafficway,No Improper Action,No Apparent Influence,No Apparent Influence,33.39295649,-111.9269804,2022-09-27,00:15:00
3989015,2022,Southern Ave,Clementine Dr,-73.0,Intersection Related 206,0.0,0.0,No Injury,Sideswipe Same Direction,Dawn,Clear,Dry,26.0,Female,East,Making Right Turn,Other,No Apparent Influence,No Apparent Influence,24.0,Male,East,Going Straight Ahead,No Improper Action,No Apparent Influence,No Apparent Influence,33.39286131,-111.9638239,2022-09-27,12:27:00
3988957,2022,Elliot Rd,McClintock Dr,-60.0,Intersection Related 206,0.0,0.0,No Injury,Sideswipe Same Direction,Daylight,Clear,Dry,45.0,Male,West,Changing Lanes,Unsafe Lane Change,No Apparent Influence,No Apparent Influence,62.0,Female,West,Going Straight Ahead,No Improper Action,No Apparent Influence,No Apparent Influence,33.34912848,-111.9113838,2022-09-27,17:42:00