Incident_ID,Year,Street_Name,Cross_Street,Distance,Junction_Relation,Total_Injuries,Total_Fatalities,Injury_Severity,Collision_Manner,Light_Condition,Weather,Surface_Condition,Age_1,Gender_1,Travel_One,UnitAction_One,Violation1_Drv1,AlcoholUse_ 1,DrugUse_1,Age_2,Gender_2,TravelDirection_2,UnitAction_2,Violation_2,AlcoholUse_2,DrugUse_2,Latitude,Longitude,Date,Time
4004434,2022,Price Rd,Broadway Rd,-125.0,Not Junction Related,0.0,0.0,No Injury,Rear End,Daylight,Clear,Dry,38.0,Male,North,Going Straight Ahead,Speed To Fast For Conditions,No Apparent Influence,No Apparent Influence,37.0,Female,North,Slowing In Trafficway,No Improper Action,No Apparent Influence,No Apparent Influence,33.4071319,-111.8903319,2022-10-31,14:45:00
4004317,2022,Broadway Rd,Cutler Dr,-160.0,Driveway Or Alley,2.0,0.0,Suspected Minor Injury,Left Turn,Daylight,Clear,Dry,39.0,Female,North,Making Left Turn,Failed To Yield Right Of Way,No Apparent Influence,No Apparent Influence,18.0,Female,East,Going Straight Ahead,No Improper Action,No Apparent Influence,No Apparent Influence,33.40741468,-111.9588946,2022-10-31,16:00:00
4004435,2022,SR-202 Non-Cardinal Frontage,Priest Dr,0.0,Intersection Other 204,0.0,0.0,No Injury,Sideswipe Same Direction,Daylight,Clear,Dry,30.0,Female,North,Making Left Turn,Made Improper Turn,No Apparent Influence,No Apparent Influence,18.0,Female,North,Making Left Turn,No Improper Action,No Apparent Influence,No Apparent Influence,33.43850177,-111.9608415,2022-10-31,17:26:00
4009553,2022,5th St,Ash Ave,0.0,Intersection 4 Way 202,0.0,0.0,No Injury,Angle - Other Than Left Turn 2,Daylight,Clear,Dry,46.0,Male,West,Making Right Turn,Made Improper Turn,No Apparent Influence,No Apparent Influence,32.0,Male,West,Stopped In Trafficway,No Improper Action,No Apparent Influence,No Apparent Influence,33.42549204,-111.9433708,2022-10-31,18:37:00
4002060,2022,Rural Rd,Apache Blvd,-125.0,Intersection Related 206,1.0,0.0,Possible Injury,Rear End,Daylight,Clear,Dry,19.0,Male,North,Going Straight Ahead,Followed Too Closely,No Apparent Influence,No Apparent Influence,24.0,Male,North,Going Straight Ahead,No Improper Action,No Apparent Influence,No Apparent Influence,33.41441869,-111.9262927,2022-10-31,19:37:00
4007238,2022,McClintock Dr,SR-202 Exit 8 A-Ramp,0.0,Intersection Related 206,0.0,0.0,No Injury,Rear End,Dark Lighted,Clear,Dry,24.0,Female,West,Making Left Turn,Failed To Yield Right Of Way,No Apparent Influence,No Apparent Influence,48.0,Male,South,Going Straight Ahead,No Improper Action,No Apparent Influence,No Apparent Influence,33.43645638,-111.909614,2022-11-01,00:11:00
4005565,2022,University Dr,Lola Ln,-100.0,Driveway Or Alley,1.0,0.0,Possible Injury,Angle - Other Than Left Turn 2,Dark Lighted,Clear,Dry,17.0,Female,North,Making Left Turn,Failed To Yield Right Of Way,No Apparent Influence,No Apparent Influence,51.0,Female,East,Going Straight Ahead,No Improper Action,No Apparent Influence,No Apparent Influence,33.42206936,-111.8943064,2022-11-01,00:23:00
4007223,2022,Broadway Rd,Price Rd,-95.0,Intersection Related 206,0.0,0.0,No Injury,Rear End,Dark Lighted,Clear,Dry,28.0,Male,East,Going Straight Ahead,Speed To Fast For Conditions,No Apparent Influence,No Apparent Influence,26.0,Female,East,Stopped In Trafficway,No Improper Action,No Apparent Influence,No Apparent Influence,33.40747405,-111.8906455,2022-11-01,01:09:00
3968402,2022,SR-202 Exit 7 T-Ramp,Unknown,0.0,Entrance Exit Ramp 205,1.0,0.0,Possible Injury,Rear End,Dark Lighted,Clear,Dry,21.0,Male,East,Making Right Turn,Speed To Fast For Conditions,No Apparent Influence,No Apparent Influence,24.0,Female,East,Stopped In Trafficway,No Improper Action,No Apparent Influence,No Apparent Influence,33.43557107,-111.9263982,2022-11-01,03:02:00
4047649,2022,Mill Ave,Apache Blvd,-25.0,Other,0.0,0.0,No Injury,Sideswipe Same Direction,Dark Lighted,Clear,Dry,27.0,Female,South,Changing Lanes,Unsafe Lane Change,No Apparent Influence,No Apparent Influence,40.0,Male,South,Going Straight Ahead,No Improper Action,No Apparent Influence,No Apparent Influence,33.41757215,-111.9399674,2022-11-01,09:17:00
4007335,2022,Rural Rd,Baseline Rd,226.0,Driveway Or Alley,0.0,0.0,No Injury,Angle - Other Than Left Turn 2,Daylight,Clear,Dry,30.0,Male,East,Making Right Turn,Failed To Yield Right Of Way,No Apparent Influence,No Apparent Influence,57.0,Male,South,Going Straight Ahead,No Improper Action,No Apparent Influence,No Apparent Influence,33.37886963,-111.9286759,2022-11-01,15:59:00
4005550,2022,Rural Rd,Westchester Dr,0.0,Intersection 4 Way 202,1.0,0.0,Possible Injury,Left Turn,Daylight,Cloudy,Dry,57.0,Male,South,Making Left Turn,Failed To Yield Right Of Way,No Apparent Influence,No Apparent Influence,48.0,Female,North,Going Straight Ahead,No Improper Action,No Apparent Influence,No Apparent Influence,33.36738815,-111.9286268,2022-11-01,17:51:00
4004437,2022,Elliot Rd,Rural Rd,-135.0,Not Junction Related,1.0,0.0,Possible Injury,Sideswipe Same Direction,Daylight,Clear,Dry,74.0,Male,West,Changing Lanes,Unsafe Lane Change,No Apparent Influence,No Apparent Influence,45.0,Male,West,Going Straight Ahead,No Improper Action,No Apparent Influence,No Apparent Influence,33.34919344,-111.9289188,2022-11-01,19:08:00
4007805,2022,Scottsdale Rd,Weber Dr,0.0,Intersection 4 Way 202,0.0,0.0,No Injury,Left Turn,Dusk,Cloudy,Dry,23.0,Male,South,Going Straight Ahead,Disregarded Traffic Signal,No Apparent Influence,No Apparent Influence,24.0,Female,North,Making Left Turn,No Improper Action,No Apparent Influence,No Apparent Influence,33.44398868,-111.926438,2022-11-02,00:05:00
3963239,2022,SR-101 Exit 56 T-Ramp,Unknown,0.0,Entrance Exit Ramp 205,0.0,0.0,No Injury,Rear End,Daylight,Clear,Dry,17.0,Male,South,Slowing In Trafficway,Speed To Fast For Conditions,No Apparent Influence,No Apparent Influence,34.0,Male,South,Stopped In Trafficway,No Improper Action,No Apparent Influence,No Apparent Influence,33.36406091,-111.8942034,2022-11-02,14:21:00
4005572,2022,Elliot Rd,Harl Ave,82.0,Intersection Related 206,0.0,0.0,No Injury,Sideswipe Same Direction,Daylight,Clear,Dry,37.0,Male,West,Changing Lanes,Unsafe Lane Change,No Apparent Influence,No Apparent Influence,22.0,Male,West,Going Straight Ahead,No Improper Action,No Apparent Influence,No Apparent Influence,33.34908315,-111.9656599,2022-11-02,15:05:00
4005545,2022,Baseline Rd,I-10 Exit 155 G-Ramp,70.0,Intersection Related 206,0.0,0.0,No Injury,Sideswipe Same Direction,Daylight,Clear,Dry,19.0,Male,East,Changing Lanes,Unsafe Lane Change,No Apparent Influence,No Apparent Influence,20.0,Female,East,Going Straight Ahead,No Improper Action,No Apparent Influence,No Apparent Influence,33.37827877,-111.968404,2022-11-02,16:10:00
3965298,2022,SR-202 Exit 7 X-Ramp,Unknown,0.0,Entrance Exit Ramp 205,0.0,0.0,No Injury,Rear End,Daylight,Clear,Dry,33.0,Male,West,Making Right Turn,Speed To Fast For Conditions,No Apparent Influence,No Apparent Influence,51.0,Female,West,Stopped In Trafficway,No Improper Action,No Apparent Influence,No Apparent Influence,33.4366575,-111.9260935,2022-11-02,19:01:00
3963291,2022,SR-101 Cardinal Frontage,University Dr,25.0,Intersection 4 Way 202,0.0,0.0,No Injury,Rear End,Daylight,Clear,Dry,50.0,Male,South,Going Straight Ahead,Speed To Fast For Conditions,No Apparent Influence,No Apparent Influence,52.0,Male,South,Stopped In Trafficway,No Improper Action,No Apparent Influence,No Apparent Influence,33.42208262,-111.8919539,2022-11-02,20:06:00
4008943,2022,Baseline Rd,Terry Ln,40.0,Intersection Related 206,0.0,0.0,No Injury,Rear End,Daylight,Clear,Dry,42.0,Male,East,Going Straight Ahead,Followed Too Closely,No Apparent Influence,No Apparent Influence,27.0,Female,East,Stopped In Trafficway,No Improper Action,No Apparent Influence,No Apparent Influence,33.37822536,-111.9552701,2022-11-02,21:21:00
4005568,2022,Warner Rd,Price Rd,-134.0,Not Junction Related,1.0,0.0,Possible Injury,Sideswipe Same Direction,Daylight,Clear,Dry,62.0,Female,East,Changing Lanes,Unsafe Lane Change,No Apparent Influence,No Apparent Influence,49.0,Female,East,Going Straight Ahead,No Improper Action,No Apparent Influence,No Apparent Influence,33.3349003,-111.8939041,2022-11-02,21:54:00
4001408,2022,Priest Dr,Southern Ave,96.0,Intersection Related 206,0.0,0.0,No Injury,Rear End,Daylight,Cloudy,Dry,28.0,Male,South,Going Straight Ahead,Speed To Fast For Conditions,No Apparent Influence,No Apparent Influence,45.0,Male,South,Stopped In Trafficway,No Improper Action,No Apparent Influence,No Apparent Influence,33.39314767,-111.9607685,2022-11-02,23:01:00
4007806,2022,Rural Rd,Broadway Rd,-208.0,Intersection Related 206,0.0,0.0,No Injury,Rear End,Dusk,Clear,Dry,25.0,Male,North,Going Straight Ahead,Speed To Fast For Conditions,No Apparent Influence,No Apparent Influence,61.0,Male,North,Going Straight Ahead,No Improper Action,No Apparent Influence,No Apparent Influence,33.40693036,-111.9262859,2022-11-02,23:33:00
4007741,2022,University Dr,McAllister Ave,-124.0,Not Junction Related,0.0,0.0,No Injury,Rear End,Daylight,Cloudy,Wet,23.0,Male,East,Going Straight Ahead,Speed To Fast For Conditions,No Apparent Influence,No Apparent Influence,20.0,Female,East,Making Right Turn,No Improper Action,No Apparent Influence,No Apparent Influence,33.42201387,-111.9293455,2022-11-03,21:32:00
4007339,2022,Priest Dr,Huntington Dr,0.0,Intersection 201,0.0,0.0,No Injury,Left Turn,Daylight,Clear,Dry,24.0,Female,North,Making Left Turn,Failed To Yield Right Of Way,No Apparent Influence,No Apparent Influence,28.0,Male,South,Going Straight Ahead,No Improper Action,No Apparent Influence,No Apparent Influence,33.39430285,-111.9607625,2022-11-03,23:05:00
4007777,2022,University Dr,College Ave,62.0,Intersection Related 206,0.0,0.0,No Injury,Rear End,Daylight,Clear,Dry,20.0,Male,West,Going Straight Ahead,Followed Too Closely,No Apparent Influence,No Apparent Influence,20.0,Male,West,Slowing In Trafficway,No Improper Action,No Apparent Influence,No Apparent Influence,33.42195617,-111.934763,2022-11-03,23:25:00
4008950,2022,University Dr,Farmer Ave,0.0,Intersection 4 Way 202,0.0,0.0,No Injury,Left Turn,Daylight,Clear,Dry,26.0,Female,West,Making Left Turn,Unknown,No Apparent Influence,No Apparent Influence,63.0,Male,East,Going Straight Ahead,Unknown,No Apparent Influence,No Apparent Influence,33.42189351,-111.9442723,2022-11-04,00:10:00
4005562,2022,Scottsdale Rd,Hancock Ave,194.0,Driveway Or Alley,0.0,0.0,No Injury,Rear End,Daylight,Clear,Dry,29.0,Male,North,Making Right Turn,Failed To Yield Right Of Way,No Apparent Influence,No Apparent Influence,26.0,Male,North,Going Straight Ahead,No Improper Action,No Apparent Influence,No Apparent Influence,33.44719144,-111.926459,2022-11-04,00:56:00
4006372,2022,University Dr,Beck Ave,20.0,Intersection Related 206,0.0,0.0,No Injury,Rear End,Dark Lighted,Clear,Dry,20.0,Female,West,Going Straight Ahead,Speed To Fast For Conditions,No Apparent Influence,No Apparent Influence,25.0,Male,West,Slowing In Trafficway,No Improper Action,No Apparent Influence,No Apparent Influence,33.42192707,-111.9564242,2022-11-04,02:38:00
4007285,2022,Rio Salado Pkwy,Price Rd,0.0,Intersection 4 Way 202,1.0,0.0,Possible Injury,Angle - Other Than Left Turn 2,Dark Lighted,Clear,Dry,27.0,Male,West,Going Straight Ahead,Disregarded Traffic Signal,No Apparent Influence,No Apparent Influence,18.0,Female,South,Going Straight Ahead,No Improper Action,No Apparent Influence,No Apparent Influence,33.42931447,-111.890264,2022-11-04,02:48:00
3966731,2022,I-10 Exit 155 C2-Ramp,Unknown,0.0,Intersection 201,1.0,0.0,Possible Injury,Rear End,Dark Lighted,Clear,Dry,44.0,Male,West,Going Straight Ahead,Speed To Fast For Conditions,No Apparent Influence,No Apparent Influence,42.0,Male,West,Stopped In Trafficway,No Improper Action,No Apparent Influence,No Apparent Influence,33.37802114,-111.9673779,2022-11-04,07:02:00
4004444,2022,Scottsdale Rd,Rio Salado Pkwy,100.0,Not Junction Related,0.0,0.0,No Injury,Rear End,Daylight,Clear,Dry,37.0,Female,South,Going Straight Ahead,Speed To Fast For Conditions,No Apparent Influence,No Apparent Influence,24.0,Female,South,Slowing In Trafficway,No Improper Action,No Apparent Influence,No Apparent Influence,33.42912326,-111.9262884,2022-11-04,16:48:00
4008932,2022,McClintock Dr,3rd St,0.0,Intersection T Inter 203,0.0,0.0,No Injury,Rear End,Daylight,Clear,Dry,40.0,Male,North,Going Straight Ahead,Speed To Fast For Conditions,No Apparent Influence,No Apparent Influence,37.0,Female,North,Going Straight Ahead,Speed To Fast For Conditions,No Apparent Influence,No Apparent Influence,33.42739678,-111.909062,2022-11-04,21:49:00
4002766,2022,Mill Ave,Geneva Dr,141.0,Not Junction Related,0.0,0.0,No Injury,Rear End,Dark Lighted,Clear,Dry,28.0,Female,South,Going Straight Ahead,Speed To Fast For Conditions,No Apparent Influence,No Apparent Influence,53.0,Female,South,Stopped In Trafficway,No Improper Action,No Apparent Influence,No Apparent Influence,33.39589909,-111.9396441,2022-11-05,00:40:00
4001406,2022,Priest Dr,Manhatton Dr,0.0,Intersection T Inter 203,0.0,0.0,No Injury,Left Turn,Dark Lighted,Clear,Dry,22.0,Female,Southwest,Making Left Turn,Failed To Yield Right Of Way,No Apparent Influence,No Apparent Influence,34.0,Female,North,Going Straight Ahead,No Improper Action,No Apparent Influence,No Apparent Influence,33.38870687,-111.960883,2022-11-05,01:08:00
4005585,2022,Lakeshore Dr,Fremont Dr,0.0,Intersection T Inter 203,1.0,0.0,Possible Injury,Left Turn,Dark Lighted,Clear,Dry,55.0,Male,East,Making Left Turn,Failed To Yield Right Of Way,No Apparent Influence,No Apparent Influence,53.0,Female,West,Going Straight Ahead,Other,No Apparent Influence,No Apparent Influence,33.38048419,-111.9215687,2022-11-05,01:15:00
4007759,2022,McClintock Dr,University Dr,0.0,Intersection 4 Way 202,0.0,0.0,No Injury,Left Turn,Daylight,Clear,Dry,24.0,Female,South,Making Left Turn,Unknown,No Apparent Influence,No Apparent Influence,25.0,Female,North,Going Straight Ahead,Unknown,No Apparent Influence,No Apparent Influence,33.42198261,-111.9090862,2022-11-05,07:45:00
4064274,2022,Baseline Rd,I-10 Exit 155 C2-Ramp,0.0,Intersection 4 Way 202,0.0,0.0,No Injury,Left Turn,Dark Lighted,Clear,Dry,24.0,Male,West,Going Straight Ahead,Disregarded Traffic Signal,No Apparent Influence,No Apparent Influence,41.0,Male,North,Making Left Turn,No Improper Action,No Apparent Influence,No Apparent Influence,33.37829922,-111.9673788,2022-11-05,11:17:00
4005569,2022,Guadalupe Rd,SR-101 Cardinal Frontage,-20.0,Intersection Related 206,0.0,0.0,No Injury,Rear End,Daylight,Cloudy,Dry,35.0,Male,East,Going Straight Ahead,Speed To Fast For Conditions,No Apparent Influence,No Apparent Influence,68.0,Female,East,Stopped In Trafficway,No Improper Action,No Apparent Influence,No Apparent Influence,33.36388923,-111.8947327,2022-11-05,14:12:00
4005571,2022,Scottsdale Rd,McKellips Rd,-85.0,Intersection Related 206,0.0,0.0,No Injury,Rear End,Daylight,Clear,Dry,28.0,Female,South,Going Straight Ahead,Followed Too Closely,No Apparent Influence,No Apparent Influence,32.0,Male,South,Stopped In Trafficway,No Improper Action,No Apparent Influence,No Apparent Influence,33.45100728,-111.926471,2022-11-05,16:39:00
4007758,2022,Scottsdale Rd,Curry Rd,122.0,Intersection Related 206,0.0,0.0,No Injury,Rear End,Daylight,Clear,Dry,59.0,Female,South,Going Straight Ahead,Speed To Fast For Conditions,No Apparent Influence,No Apparent Influence,32.0,Male,South,Stopped In Trafficway,No Improper Action,No Apparent Influence,No Apparent Influence,33.44062833,-111.9263411,2022-11-05,18:59:00
4004859,2022,Rural Rd,University Dr,-125.0,Driveway Or Alley,0.0,0.0,No Injury,Left Turn,Daylight,Clear,Dry,25.0,Male,North,Making Left Turn,Made Improper Turn,No Apparent Influence,No Apparent Influence,23.0,Female,North,Going Straight Ahead,No Improper Action,No Apparent Influence,No Apparent Influence,33.42168567,-111.926312,2022-11-05,23:05:00
4004860,2022,Mill Ave,Southern Ave,-50.0,Intersection Related 206,0.0,0.0,No Injury,Left Turn,Dark Lighted,Unknown,Dry,37.0,Male,South,Making Left Turn,Made Improper Turn,No Apparent Influence,No Apparent Influence,35.0,Male,East,Going Straight Ahead,No Improper Action,No Apparent Influence,No Apparent Influence,33.39272328,-111.9396009,2022-11-06,01:48:00
4011348,2022,University Dr,Rural Rd,100.0,Driveway Or Alley,0.0,0.0,No Injury,Left Turn,Dark Lighted,Clear,Dry,22.0,Male,South,Making Left Turn,Failed To Yield Right Of Way,No Apparent Influence,No Apparent Influence,33.0,Male,West,Going Straight Ahead,No Improper Action,No Apparent Influence,No Apparent Influence,33.42202824,-111.9259847,2022-11-06,02:11:00
4007337,2022,McClintock Dr,Baseline Rd,15.0,Intersection Related 206,0.0,0.0,No Injury,U Turn,Dark Lighted,Clear,Dry,19.0,Male,Southeast,Making U Turn,Made Improper Turn,No Apparent Influence,No Apparent Influence,27.0,Male,Southeast,Making Left Turn,No Improper Action,No Apparent Influence,No Apparent Influence,33.37846542,-111.9092613,2022-11-06,06:10:00
4047762,2022,Priest Dr,Darrow Dr,60.0,Intersection T Inter 203,0.0,0.0,No Injury,Left Turn,Daylight,Clear,Dry,21.0,Male,Northwest,Making Left Turn,Failed To Yield Right Of Way,No Apparent Influence,No Apparent Influence,51.0,Female,South,Going Straight Ahead,No Improper Action,No Apparent Influence,No Apparent Influence,33.38084052,-111.9614538,2022-11-06,18:00:00
4004345,2022,Drea Ln,La Vieve Ln,51.0,Intersection Related 206,0.0,0.0,No Injury,Rear End,Daylight,Clear,Dry,53.0,Female,North,Making Left Turn,Made Improper Turn,No Apparent Influence,No Apparent Influence,53.0,Female,North,Going Straight Ahead,No Improper Action,No Apparent Influence,No Apparent Influence,33.33114167,-111.9395514,2022-11-06,19:18:00
3967998,2022,I-10 Exit 155 A1-Ramp,Unknown,1.0,Entrance Exit Ramp 205,0.0,0.0,No Injury,Rear End,Daylight,Clear,Dry,57.0,Male,East,Backing,Other,No Apparent Influence,No Apparent Influence,35.0,Male,East,Stopped In Trafficway,No Improper Action,No Apparent Influence,No Apparent Influence,33.37834547,-111.9686453,2022-11-06,19:45:00
4007340,2022,Price Rd,Apache Blvd,0.0,Intersection 4 Way 202,0.0,0.0,No Injury,Angle - Other Than Left Turn 2,Daylight,Clear,Dry,23.0,Female,East,Going Straight Ahead,Disregarded Traffic Signal,No Apparent Influence,No Apparent Influence,50.0,Female,South,Making Left Turn,No Improper Action,No Apparent Influence,No Apparent Influence,33.41479117,-111.8907333,2022-11-06,20:02:00
4007417,2022,Baseline Rd,Rural Rd,67.0,Intersection Related 206,1.0,0.0,Possible Injury,Rear End,Daylight,Clear,Dry,47.0,Female,West,Going Straight Ahead,Speed To Fast For Conditions,No Apparent Influence,No Apparent Influence,51.0,Male,West,Stopped In Trafficway,No Improper Action,No Apparent Influence,No Apparent Influence,33.37825038,-111.9284675,2022-11-06,21:11:00
4007782,2022,Curry Rd,Scottsdale Rd,-200.0,Not Junction Related,0.0,0.0,No Injury,Rear End,Daylight,Clear,Dry,23.0,Female,West,Going Straight Ahead,Followed Too Closely,No Apparent Influence,No Apparent Influence,51.0,Female,West,Going Straight Ahead,No Improper Action,No Apparent Influence,No Apparent Influence,33.44028708,-111.9269921,2022-11-06,22:08:00
4007176,2022,Mill Ave,5th St,0.0,Intersection 4 Way 202,0.0,0.0,No Injury,Angle - Other Than Left Turn 2,Daylight,Clear,Dry,29.0,Female,South,Leaving Parking Position,Failed To Yield Right Of Way,No Apparent Influence,No Apparent Influence,24.0,Female,South,Making Right Turn,No Improper Action,No Apparent Influence,No Apparent Influence,33.42550358,-111.9400194,2022-11-06,23:11:00
4007207,2022,Apache Blvd,Price Rd,0.0,Intersection 4 Way 202,0.0,0.0,No Injury,Angle - Other Than Left Turn 2,Dark Lighted,Clear,Dry,59.0,Male,West,Going Straight Ahead,Unknown,No Apparent Influence,No Apparent Influence,55.0,Female,North,Going Straight Ahead,Unknown,No Apparent Influence,No Apparent Influence,33.41479117,-111.8907333,2022-11-07,01:37:00
4005547,2022,Broadway Rd,Rural Rd,0.0,Intersection 4 Way 202,1.0,0.0,Possible Injury,Left Turn,Dark Lighted,Clear,Dry,27.0,Male,West,Making Left Turn,Failed To Yield Right Of Way,No Apparent Influence,No Apparent Influence,34.0,Male,East,Going Straight Ahead,No Improper Action,No Apparent Influence,No Apparent Influence,33.40750178,-111.9262829,2022-11-07,01:42:00
4017723,2022,Alameda Dr,Hardy Dr,-25.0,Intersection Related 206,0.0,0.0,No Injury,Other,Dark Lighted,Clear,Dry,31.0,Male,East,Backing,Other,No Apparent Influence,No Apparent Influence,36.0,Male,East,Going Straight Ahead,No Improper Action,No Apparent Influence,No Apparent Influence,33.4001264,-111.9522186,2022-11-07,01:43:00
4007760,2022,Scottsdale Rd,Cavalier Dr,-15.0,Not Junction Related,0.0,0.0,No Injury,Sideswipe Same Direction,Dark Lighted,Clear,Dry,59.0,Male,South,Making U Turn,Unsafe Lane Change,No Apparent Influence,No Apparent Influence,26.0,Male,South,Going Straight Ahead,No Improper Action,No Apparent Influence,No Apparent Influence,33.44897237,-111.9264664,2022-11-07,10:00:00
4007378,2022,Rural Rd,Baseline Rd,-163.0,Not Junction Related,0.0,0.0,No Injury,Rear End,Daylight,Clear,Dry,23.0,Female,South,Going Straight Ahead,Followed Too Closely,No Apparent Influence,No Apparent Influence,60.0,Male,South,Going Straight Ahead,No Improper Action,No Apparent Influence,No Apparent Influence,33.37780128,-111.9286877,2022-11-07,20:08:00
4007151,2022,Weber Dr,Scottsdale Rd,0.0,Intersection 4 Way 202,0.0,0.0,No Injury,Left Turn,Daylight,Clear,Dry,17.0,Male,West,Making Left Turn,Failed To Yield Right Of Way,No Apparent Influence,No Apparent Influence,41.0,Female,East,Going Straight Ahead,No Improper Action,No Apparent Influence,No Apparent Influence,33.44398862,-111.926438,2022-11-07,21:43:00
4004431,2022,Broadway Rd,La Rosa Dr,-100.0,Not Junction Related,0.0,0.0,No Injury,Sideswipe Same Direction,Daylight,Clear,Dry,69.0,Female,West,Changing Lanes,Unsafe Lane Change,No Apparent Influence,No Apparent Influence,42.0,Male,West,Going Straight Ahead,No Improper Action,No Apparent Influence,No Apparent Influence,33.40748621,-111.9293414,2022-11-07,23:41:00
4007404,2022,Broadway Rd,Ventura Dr,30.0,Not Junction Related,0.0,0.0,No Injury,Rear End,Daylight,Clear,Dry,65.0,Female,East,Going Straight Ahead,Speed To Fast For Conditions,No Apparent Influence,No Apparent Influence,20.0,Male,East,Stopped In Trafficway,No Improper Action,No Apparent Influence,No Apparent Influence,33.40748255,-111.9300217,2022-11-07,23:50:00
4004818,2022,McClintock Dr,Guadalupe Rd,40.0,Intersection Related 206,0.0,0.0,No Injury,Sideswipe Same Direction,Daylight,Clear,Dry,65.0,Male,South,Changing Lanes,Unsafe Lane Change,No Apparent Influence,No Apparent Influence,40.0,Male,South,Going Straight Ahead,No Improper Action,No Apparent Influence,No Apparent Influence,33.36387428,-111.9112575,2022-11-08,00:15:00
4015509,2022,McClintock Dr,SR-202 Exit 8 J-Ramp,50.0,Intersection T Inter 203,0.0,0.0,No Injury,Left Turn,Dark Lighted,Clear,Dry,28.0,Male,North,Making Left Turn,Failed To Yield Right Of Way,No Apparent Influence,No Apparent Influence,19.0,Male,South,Going Straight Ahead,No Improper Action,No Apparent Influence,No Apparent Influence,33.43675864,-111.9096169,2022-11-08,01:27:00
3970327,2022,SR-143 Non-Cardinal,Unknown,0.0,Not Junction Related,0.0,0.0,No Injury,Sideswipe Same Direction,Dark Lighted,Clear,Dry,47.0,Male,South,Going Straight Ahead,Speed To Fast For Conditions,Alcohol,No Apparent Influence,53.0,Male,South,Going Straight Ahead,No Improper Action,No Apparent Influence,No Apparent Influence,33.40877351,-111.9783256,2022-11-08,04:44:00
4007781,2022,Baseline Rd,Mill Ave,-80.0,Intersection Related 206,0.0,0.0,No Injury,Sideswipe Same Direction,Daylight,Clear,Dry,33.0,Male,East,Making Left Turn,Unknown,No Apparent Influence,No Apparent Influence,55.0,Male,East,Stopped In Trafficway,Unknown,No Apparent Influence,No Apparent Influence,33.37821803,-111.9396271,2022-11-08,15:13:00
4007776,2022,Elliot Rd,Priest Dr,-50.0,Intersection Related 206,0.0,0.0,No Injury,Rear End,Daylight,Clear,Dry,25.0,Male,East,Going Straight Ahead,Followed Too Closely,No Apparent Influence,No Apparent Influence,75.0,Male,East,Stopped In Trafficway,No Improper Action,No Apparent Influence,No Apparent Influence,33.349101,-111.9632969,2022-11-08,21:29:00
4008937,2022,1st St,Beck Ave,40.0,Intersection Related 206,0.0,0.0,No Injury,Angle - Other Than Left Turn 2,Daylight,Clear,Dry,23.0,Male,West,Making Left Turn,Other,No Apparent Influence,No Apparent Influence,34.0,Male,East,Going Straight Ahead,No Improper Action,No Apparent Influence,No Apparent Influence,33.42908503,-111.9565974,2022-11-08,21:41:00
4008940,2022,Hardy Dr,Southern Ave,50.0,Intersection Related 206,1.0,0.0,Possible Injury,Rear End,Daylight,Clear,Dry,38.0,Male,South,Going Straight Ahead,Speed To Fast For Conditions,No Apparent Influence,No Apparent Influence,58.0,Female,South,Slowing In Trafficway,No Improper Action,No Apparent Influence,No Apparent Influence,33.39299512,-111.951984,2022-11-08,22:50:00
4004819,2022,Rural Rd,Geneva Dr,-110.0,Driveway Or Alley,0.0,0.0,No Injury,Left Turn,Daylight,Clear,Dry,19.0,Female,North,Making Left Turn,Failed To Yield Right Of Way,No Apparent Influence,No Apparent Influence,22.0,Male,South,Going Straight Ahead,No Improper Action,No Apparent Influence,No Apparent Influence,33.39468369,-111.9263287,2022-11-08,22:52:00
4005555,2022,Lakeshore Dr,Baseline Rd,0.0,Intersection 4 Way 202,0.0,0.0,No Injury,Left Turn,Dark Lighted,Cloudy,Dry,28.0,Male,North,Making Left Turn,Failed To Yield Right Of Way,No Apparent Influence,No Apparent Influence,67.0,Female,South,Going Straight Ahead,No Improper Action,No Apparent Influence,No Apparent Influence,33.37832308,-111.9205024,2022-11-09,01:13:00
4004366,2022,Elliot Rd,I-10 Exit 157 C-Ramp,-60.0,Intersection Related 206,1.0,0.0,Suspected Minor Injury,Rear End,Dark Lighted,Clear,Dry,37.0,Female,East,Going Straight Ahead,Speed To Fast For Conditions,No Apparent Influence,No Apparent Influence,34.0,Female,East,Stopped In Trafficway,No Improper Action,No Apparent Influence,No Apparent Influence,33.34909461,-111.9711339,2022-11-09,02:29:00
4005580,2022,Rural Rd,Apache Blvd,-10.0,Intersection Related 206,0.0,0.0,No Injury,Rear End,Dark Lighted,Clear,Dry,27.0,Male,North,Going Straight Ahead,Speed To Fast For Conditions,No Apparent Influence,No Apparent Influence,20.0,Female,North,Stopped In Trafficway,No Improper Action,No Apparent Influence,No Apparent Influence,33.41473476,-111.9262927,2022-11-09,04:41:00
4005553,2022,Rural Rd,Lemon St,0.0,Intersection 4 Way 202,0.0,0.0,No Injury,Angle - Other Than Left Turn 2,Dark Lighted,Clear,Dry,20.0,Female,West,Going Straight Ahead,Unknown,No Apparent Influence,No Apparent Influence,23.0,Male,South,Going Straight Ahead,Unknown,No Apparent Influence,No Apparent Influence,33.41683505,-111.9262972,2022-11-09,12:52:00