Incident_ID,Year,Street_Name,Cross_Street,Distance,Junction_Relation,Total_Injuries,Total_Fatalities,Injury_Severity,Collision_Manner,Light_Condition,Weather,Surface_Condition,Age_1,Gender_1,Travel_One,UnitAction_One,Violation1_Drv1,AlcoholUse_ 1,DrugUse_1,Age_2,Gender_2,TravelDirection_2,UnitAction_2,Violation_2,AlcoholUse_2,DrugUse_2,Latitude,Longitude,Date,Time
4011291,2022,Mill Ave,9th St,0.0,Intersection 4 Way 202,0.0,0.0,No Injury,Left Turn,Daylight,Clear,Dry,56.0,Male,South,Making Left Turn,Failed To Yield Right Of Way,No Apparent Influence,No Apparent Influence,22.0,Male,North,Going Straight Ahead,No Improper Action,No Apparent Influence,No Apparent Influence,33.42049119,-111.9399767,2022-11-09,14:05:00
4007730,2022,Apache Blvd,Terrace Rd,110.0,Intersection Related 206,1.0,0.0,Possible Injury,Rear End,Daylight,Clear,Dry,19.0,Male,West,Going Straight Ahead,Followed Too Closely,No Apparent Influence,No Apparent Influence,22.0,Male,West,Slowing In Trafficway,No Improper Action,No Apparent Influence,No Apparent Influence,33.41476991,-111.9200711,2022-11-09,15:53:00
4008949,2022,Elliot Rd,River Pkwy,0.0,Intersection 4 Way 202,0.0,0.0,No Injury,Left Turn,Daylight,Clear,Dry,20.0,Male,West,Making Left Turn,Failed To Yield Right Of Way,No Apparent Influence,No Apparent Influence,36.0,Female,East,Going Straight Ahead,No Improper Action,No Apparent Influence,No Apparent Influence,33.34927691,-111.897908,2022-11-09,16:00:00
4011077,2022,Elliot Rd,Priest Dr,112.0,Intersection Related 206,0.0,0.0,No Injury,Rear End,Daylight,Cloudy,Dry,53.0,Female,West,Going Straight Ahead,Speed To Fast For Conditions,No Apparent Influence,No Apparent Influence,69.0,Female,West,Slowing In Trafficway,No Improper Action,No Apparent Influence,No Apparent Influence,33.34910895,-111.962767,2022-11-09,17:16:00
4005552,2022,Broadway Rd,48th St,0.0,Intersection 4 Way 202,0.0,0.0,No Injury,Angle - Other Than Left Turn 2,Daylight,Cloudy,Dry,22.0,Male,North,Going Straight Ahead,Disregarded Traffic Signal,No Apparent Influence,No Apparent Influence,31.0,Female,East,Going Straight Ahead,No Improper Action,No Apparent Influence,No Apparent Influence,33.40732886,-111.9782876,2022-11-09,19:20:00
4004864,2022,Elliot Rd,I-10 Exit 157 A-Ramp,0.0,Intersection 4 Way 202,0.0,0.0,No Injury,Left Turn,Daylight,Cloudy,Dry,21.0,Male,South,Making Left Turn,Made Improper Turn,No Apparent Influence,No Apparent Influence,29.0,Male,South,Making Left Turn,No Improper Action,No Apparent Influence,No Apparent Influence,33.34907407,-111.9728316,2022-11-09,19:48:00
4007780,2022,Broadway Rd,Rural Rd,50.0,Intersection Related 206,0.0,0.0,No Injury,Rear End,Daylight,Cloudy,Wet,65.0,Male,West,Going Straight Ahead,Followed Too Closely,No Apparent Influence,No Apparent Influence,38.0,Male,West,Stopped In Trafficway,No Improper Action,No Apparent Influence,No Apparent Influence,33.40750908,-111.9261199,2022-11-09,22:09:00
4007775,2022,University Dr,Price Rd,50.0,Intersection Related 206,1.0,0.0,Possible Injury,Rear End,Daylight,Rain,Wet,44.0,Male,West,Making Right Turn,Speed To Fast For Conditions,No Apparent Influence,No Apparent Influence,39.0,Female,West,Making Right Turn,No Improper Action,No Apparent Influence,No Apparent Influence,33.42201887,-111.8901436,2022-11-09,22:30:00
4007779,2022,Price Rd,5th St,65.0,Not Junction Related,0.0,0.0,No Injury,Rear End,Daylight,Rain,Wet,47.0,Female,South,Going Straight Ahead,Followed Too Closely,No Apparent Influence,No Apparent Influence,55.0,Male,South,Slowing In Trafficway,No Improper Action,No Apparent Influence,No Apparent Influence,33.42586736,-111.8918989,2022-11-09,22:54:00
4005092,2022,Priest Dr,La Jolla Dr,76.0,Intersection Related 206,0.0,0.0,No Injury,Rear End,Daylight,Cloudy,Wet,31.0,Female,South,Going Straight Ahead,Speed To Fast For Conditions,No Apparent Influence,No Apparent Influence,23.0,Female,South,Stopped In Trafficway,No Improper Action,No Apparent Influence,No Apparent Influence,33.39048965,-111.9608053,2022-11-09,23:43:00
4005074,2022,Broadway Rd,Price Rd,0.0,Intersection 4 Way 202,0.0,0.0,No Injury,Left Turn,Dark Lighted,Clear,Dry,42.0,Male,North,Making Left Turn,Made Improper Turn,No Apparent Influence,No Apparent Influence,31.0,Female,West,Going Straight Ahead,No Improper Action,No Apparent Influence,No Apparent Influence,33.4074963,-111.8920047,2022-11-10,11:31:00
4005581,2022,Mill Ave,9th St,-54.0,Intersection Related 206,1.0,0.0,Possible Injury,Rear End,Daylight,Clear,Dry,23.0,Male,North,Going Straight Ahead,Followed Too Closely,No Apparent Influence,No Apparent Influence,34.0,Female,North,Stopped In Trafficway,No Improper Action,No Apparent Influence,No Apparent Influence,33.42034303,-111.9399686,2022-11-10,15:58:00
3968853,2022,SR-143 Exit 1 A-Ramp,Unknown,0.0,Entrance Exit Ramp 205,0.0,0.0,No Injury,Angle - Other Than Left Turn 2,Daylight,Clear,Dry,38.0,Female,North,Going Straight Ahead,Speed To Fast For Conditions,No Apparent Influence,No Apparent Influence,25.0,Male,North,Going Straight Ahead,No Improper Action,No Apparent Influence,No Apparent Influence,33.42081868,-111.9778151,2022-11-10,16:51:00
4005558,2022,Baseline Rd,Darrow Dr,35.0,Intersection Related 206,0.0,0.0,No Injury,Rear End,Daylight,Clear,Dry,52.0,Male,West,Going Straight Ahead,Speed To Fast For Conditions,No Apparent Influence,No Apparent Influence,18.0,Male,West,Stopped In Trafficway,No Improper Action,No Apparent Influence,No Apparent Influence,33.37824399,-111.9610152,2022-11-10,22:46:00
4011079,2022,Ash Ave,Rio Salado Pkwy,0.0,Intersection Other 204,0.0,0.0,No Injury,Angle - Other Than Left Turn 2,Daylight,Clear,Dry,42.0,Female,Northeast,Other,Other,No Apparent Influence,No Apparent Influence,26.0,Female,Northeast,Going Straight Ahead,No Improper Action,No Apparent Influence,No Apparent Influence,33.43154091,-111.9434079,2022-11-10,23:32:00
3970399,2022,SR-202 Exit 7 T-Ramp,Unknown,0.0,Entrance Exit Ramp 205,0.0,0.0,No Injury,Rear End,Dark Lighted,Clear,Dry,20.0,Female,East,Making Right Turn,Speed To Fast For Conditions,No Apparent Influence,No Apparent Influence,44.0,Male,East,Making Right Turn,No Improper Action,No Apparent Influence,No Apparent Influence,33.43561221,-111.9264515,2022-11-11,01:51:00
4002768,2022,Rural Rd,Apache Blvd,77.0,Intersection Related 206,0.0,0.0,No Injury,Angle - Other Than Left Turn 2,Dark Lighted,Clear,Dry,68.0,Male,North,Going Straight Ahead,Unknown,No Apparent Influence,No Apparent Influence,21.0,Female,North,Making Right Turn,Unknown,No Apparent Influence,No Apparent Influence,33.41497377,-111.9262928,2022-11-11,02:32:00
4047805,2022,University Dr,McClintock Dr,0.0,Intersection 4 Way 202,0.0,0.0,No Injury,Sideswipe Same Direction,Dark Lighted,Clear,Dry,18.0,Male,West,Making Right Turn,Failed To Yield Right Of Way,No Apparent Influence,No Apparent Influence,20.0,Female,West,Making Left Turn,No Improper Action,No Apparent Influence,No Apparent Influence,33.42198255,-111.9090862,2022-11-11,04:57:00
4011325,2022,Rural Rd,Bell De Mar Dr,0.0,Intersection 4 Way 202,0.0,0.0,No Injury,Left Turn,Dark Lighted,Clear,Dry,43.0,Female,North,Making Left Turn,Failed To Yield Right Of Way,No Apparent Influence,No Apparent Influence,20.0,Male,South,Going Straight Ahead,No Improper Action,No Apparent Influence,No Apparent Influence,33.3579614,-111.9285534,2022-11-11,06:11:00
4011078,2022,Apache Blvd,Dorsey Ln,-40.0,Intersection Related 206,0.0,0.0,No Injury,Rear End,Daylight,Clear,Dry,54.0,Male,East,Going Straight Ahead,Speed To Fast For Conditions,No Apparent Influence,No Apparent Influence,37.0,Female,East,Stopped In Trafficway,No Improper Action,No Apparent Influence,No Apparent Influence,33.41476504,-111.9178297,2022-11-11,18:50:00
4009409,2022,Carter Dr,La Rosa Dr,130.0,Driveway Or Alley,0.0,0.0,No Injury,Left Turn,Daylight,Clear,Dry,60.0,Female,South,Making Left Turn,Failed To Yield Right Of Way,No Apparent Influence,No Apparent Influence,19.0,Male,West,Going Straight Ahead,No Improper Action,No Apparent Influence,No Apparent Influence,33.38199738,-111.9293262,2022-11-11,20:10:00
4017563,2022,Broadway Rd,Price Rd,150.0,Intersection Related 206,0.0,0.0,No Injury,Sideswipe Same Direction,Daylight,Clear,Dry,20.0,Female,West,Changing Lanes,Unsafe Lane Change,No Apparent Influence,No Apparent Influence,26.0,Male,West,Going Straight Ahead,No Improper Action,No Apparent Influence,No Apparent Influence,33.40748855,-111.8898441,2022-11-11,23:24:00
4047791,2022,Rural Rd,Broadway Rd,0.0,Intersection 4 Way 202,1.0,0.0,Possible Injury,Left Turn,Dark Lighted,Clear,Dry,25.0,Male,East,Going Straight Ahead,Disregarded Traffic Signal,No Apparent Influence,No Apparent Influence,20.0,Female,South,Making Left Turn,No Improper Action,No Apparent Influence,No Apparent Influence,33.40750182,-111.9262829,2022-11-12,05:39:00
4007170,2022,Apache Blvd,Dorsey Ln,0.0,Intersection 4 Way 202,0.0,0.0,No Injury,Left Turn,Daylight,Clear,Dry,46.0,Male,East,Making Left Turn,Disregarded Traffic Signal,No Apparent Influence,No Apparent Influence,21.0,Female,West,Going Straight Ahead,No Improper Action,No Apparent Influence,No Apparent Influence,33.41476428,-111.9176987,2022-11-12,18:22:00
4007402,2022,University Dr,Smith Rd,0.0,Intersection 4 Way 202,2.0,0.0,Possible Injury,Angle - Other Than Left Turn 2,Daylight,Clear,Dry,64.0,Male,East,Going Straight Ahead,Disregarded Traffic Signal,No Apparent Influence,No Apparent Influence,30.0,Male,South,Going Straight Ahead,No Improper Action,No Apparent Influence,No Apparent Influence,33.42210728,-111.9004976,2022-11-12,19:01:00
4007162,2022,Baseline Rd,McClintock Dr,175.0,Not Junction Related,1.0,0.0,Suspected Minor Injury,Rear End,Dusk,Clear,Dry,47.0,Female,West,Other,Speed To Fast For Conditions,No Apparent Influence,No Apparent Influence,43.0,Male,West,Stopped In Trafficway,No Improper Action,No Apparent Influence,No Apparent Influence,33.37842747,-111.9086885,2022-11-13,00:22:00
4047320,2022,Baseline Rd,Kyrene Rd,0.0,Intersection 201,0.0,0.0,No Injury,Sideswipe Same Direction,Daylight,Clear,Dry,41.0,Female,East,Going Straight Ahead,Failed To Keep In Proper Lane,No Apparent Influence,No Apparent Influence,43.0,Male,East,Making Right Turn,Failed To Keep In Proper Lane,No Apparent Influence,No Apparent Influence,33.37819996,-111.9459886,2022-11-13,18:25:00
4006373,2022,McClintock Dr,E Tempe Marketplace,-50.0,Intersection T Inter 203,2.0,0.0,Suspected Minor Injury,Rear End,Daylight,Clear,Dry,37.0,Male,North,Going Straight Ahead,Speed To Fast For Conditions,No Apparent Influence,No Apparent Influence,75.0,Female,North,Going Straight Ahead,No Improper Action,No Apparent Influence,No Apparent Influence,33.43194758,-111.9092704,2022-11-13,19:30:00
3967976,2022,I-10 Exit 155 A1-Ramp,Unknown,1.0,Intersection Related 206,0.0,0.0,No Injury,Rear End,Daylight,Clear,Dry,27.0,Male,South,Going Straight Ahead,Speed To Fast For Conditions,No Apparent Influence,No Apparent Influence,50.0,Male,South,Stopped In Trafficway,No Improper Action,No Apparent Influence,No Apparent Influence,33.37839851,-111.9686523,2022-11-13,22:30:00
4004346,2022,Southern Ave,Rural Rd,-60.0,Intersection Related 206,0.0,0.0,No Injury,Rear End,Daylight,Clear,Dry,22.0,Male,East,Going Straight Ahead,Speed To Fast For Conditions,No Apparent Influence,No Apparent Influence,47.0,Female,East,Stopped In Trafficway,No Improper Action,No Apparent Influence,No Apparent Influence,33.39295964,-111.926522,2022-11-13,23:36:00
4007180,2022,Scottsdale Rd,SR-202 Exit 7 T-Ramp,-15.0,Intersection Related 206,1.0,0.0,Possible Injury,Sideswipe Same Direction,Daylight,Clear,Dry,25.0,Male,East,Making Right Turn,Failed To Yield Right Of Way,No Apparent Influence,No Apparent Influence,24.0,Female,West,Making Left Turn,No Improper Action,No Apparent Influence,No Apparent Influence,33.43540289,-111.9262573,2022-11-14,17:15:00
4007376,2022,Baseline Rd,Pointe Pkwy,160.0,Not Junction Related,0.0,0.0,No Injury,Rear End,Daylight,Clear,Dry,24.0,Male,East,Going Straight Ahead,Speed To Fast For Conditions,No Apparent Influence,No Apparent Influence,29.0,Male,East,Stopped In Trafficway,No Improper Action,No Apparent Influence,No Apparent Influence,33.37822414,-111.9714712,2022-11-14,18:15:00
4007377,2022,Southern Ave,Country Club Way,0.0,Intersection 4 Way 202,1.0,0.0,Possible Injury,Angle - Other Than Left Turn 2,Daylight,Clear,Dry,23.0,Female,West,Going Straight Ahead,Disregarded Traffic Signal,No Apparent Influence,No Apparent Influence,66.0,Male,East,Making Left Turn,No Improper Action,No Apparent Influence,No Apparent Influence,33.39298057,-111.9005557,2022-11-14,21:02:00
4007426,2022,Priest Dr,SR-202 Non-Cardinal Frontage,0.0,Intersection 4 Way 202,0.0,0.0,No Injury,Sideswipe Same Direction,Daylight,Clear,Dry,38.0,Male,North,Making Left Turn,Unsafe Lane Change,No Apparent Influence,No Apparent Influence,50.0,Male,North,Going Straight Ahead,No Improper Action,No Apparent Influence,No Apparent Influence,33.43850177,-111.9608415,2022-11-14,21:04:00
4005080,2022,Elliot Rd,Willow Dr,0.0,Intersection 4 Way 202,2.0,0.0,Possible Injury,Angle - Other Than Left Turn 2,Daylight,Clear,Dry,22.0,Female,South,Making Left Turn,Failed To Yield Right Of Way,No Apparent Influence,No Apparent Influence,65.0,Female,West,Going Straight Ahead,No Improper Action,No Apparent Influence,No Apparent Influence,33.3491311,-111.9148515,2022-11-14,22:07:00
3968877,2022,I-10 Exit 155 G-Ramp,Unknown,0.0,Entrance Exit Ramp 205,0.0,0.0,No Injury,Angle - Other Than Left Turn 2,Daylight,Clear,Dry,62.0,Male,South,Making Right Turn,Unknown,No Apparent Influence,No Apparent Influence,33.0,Female,South,Making Right Turn,Unknown,No Apparent Influence,No Apparent Influence,33.37812596,-111.9686446,2022-11-14,22:30:00
4013831,2022,Emerald Dr,Jewell St,0.0,Intersection T Inter 203,0.0,0.0,No Injury,Left Turn,Dark Lighted,Clear,Dry,26.0,Male,Northeast,Making Left Turn,Failed To Yield Right Of Way,No Apparent Influence,No Apparent Influence,25.0,Female,Southeast,Going Straight Ahead,No Improper Action,No Apparent Influence,No Apparent Influence,33.33706558,-111.9686503,2022-11-15,02:05:00
3969530,2022,US-60 Exit 172 C2-Ramp,Unknown,0.0,Not Junction Related,0.0,0.0,No Injury,Sideswipe Same Direction,Dark Lighted,Clear,Dry,48.0,Male,West,Going Straight Ahead,No Improper Action,No Apparent Influence,No Apparent Influence,39.0,Female,West,Going Straight Ahead,No Improper Action,No Apparent Influence,No Apparent Influence,33.38770456,-111.9596853,2022-11-15,02:57:00
4004865,2022,Elliot Rd,Kyrene Rd,0.0,Intersection 4 Way 202,0.0,0.0,No Injury,Left Turn,Dark Lighted,Clear,Dry,49.0,Female,North,Making Left Turn,Failed To Yield Right Of Way,No Apparent Influence,No Apparent Influence,21.0,Male,West,Going Straight Ahead,No Improper Action,No Apparent Influence,No Apparent Influence,33.34919917,-111.9457347,2022-11-15,03:31:00
4007194,2022,Priest Dr,23rd St,0.0,Intersection 4 Way 202,0.0,0.0,No Injury,Angle - Other Than Left Turn 2,Daylight,Clear,Dry,57.0,Male,North,Going Straight Ahead,Disregarded Traffic Signal,No Apparent Influence,No Apparent Influence,26.0,Male,West,Stopped In Trafficway,No Improper Action,No Apparent Influence,No Apparent Influence,33.40368007,-111.9607773,2022-11-15,16:46:00
4005561,2022,McClintock Dr,Apache Blvd,-88.0,Intersection Related 206,1.0,0.0,Suspected Minor Injury,Sideswipe Same Direction,Daylight,Clear,Dry,29.0,Male,West,Making Left Turn,Speed To Fast For Conditions,No Apparent Influence,No Apparent Influence,22.0,Female,West,Making Left Turn,No Improper Action,No Apparent Influence,No Apparent Influence,33.41451816,-111.9091321,2022-11-15,23:27:00
4013832,2022,Baseline Rd,River Dr,0.0,Intersection 4 Way 202,1.0,0.0,Possible Injury,Other,Dusk,Clear,Dry,22.0,Female,South,Going Straight Ahead,Failed To Yield Right Of Way,No Apparent Influence,No Apparent Influence,50.0,Male,West,Going Straight Ahead,No Improper Action,No Apparent Influence,No Apparent Influence,33.37845198,-111.8972136,2022-11-15,23:54:00
4007428,2022,Priest Dr,5th St,0.0,Intersection 4 Way 202,1.0,0.0,Possible Injury,Left Turn,Dark Lighted,Clear,Dry,36.0,Male,South,Making Left Turn,Failed To Keep In Proper Lane,No Apparent Influence,No Apparent Influence,22.0,Male,North,Going Straight Ahead,No Improper Action,No Apparent Influence,No Apparent Influence,33.42562034,-111.9609749,2022-11-16,01:15:00
4013825,2022,Farmer Ave,6th St,0.0,Driveway Or Alley,0.0,0.0,No Injury,Angle - Other Than Left Turn 2,Daylight,Clear,Dry,20.0,Female,West,Going Straight Ahead,Failed To Yield Right Of Way,No Apparent Influence,No Apparent Influence,31.0,Male,North,Going Straight Ahead,No Improper Action,No Apparent Influence,No Apparent Influence,33.42431917,-111.9442939,2022-11-16,02:35:00
4004893,2022,Southern Ave,Dorsey Ln,0.0,Intersection 4 Way 202,2.0,0.0,Possible Injury,Left Turn,Daylight,Clear,Dry,16.0,Female,Northeast,Making Left Turn,Failed To Yield Right Of Way,No Apparent Influence,No Apparent Influence,68.0,Female,West,Going Straight Ahead,No Improper Action,No Apparent Influence,No Apparent Influence,33.39296325,-111.9177493,2022-11-16,15:03:00
4004441,2022,Rural Rd,Broadway Rd,-10.0,Intersection Related 206,0.0,0.0,No Injury,Rear End,Daylight,Clear,Dry,68.0,Female,North,Going Straight Ahead,Speed To Fast For Conditions,No Apparent Influence,No Apparent Influence,25.0,Male,North,Stopped In Trafficway,No Improper Action,No Apparent Influence,No Apparent Influence,33.40747434,-111.926283,2022-11-16,16:19:00
4005559,2022,56th St,Baseline Rd,-100.0,Intersection Related 206,0.0,0.0,No Injury,Rear End,Daylight,Clear,Dry,57.0,Male,North,Changing Lanes,Followed Too Closely,No Apparent Influence,No Apparent Influence,35.0,Female,North,Stopped In Trafficway,No Improper Action,No Apparent Influence,No Apparent Influence,33.37796931,-111.9631706,2022-11-16,18:11:00
4047627,2022,Curry Rd,Miller Rd,0.0,Intersection Related 206,0.0,0.0,No Injury,Left Turn,Dark Lighted,Clear,Dry,56.0,Male,East,Making Left Turn,Failed To Yield Right Of Way,No Apparent Influence,No Apparent Influence,23.0,Female,North,Going Straight Ahead,No Improper Action,No Apparent Influence,No Apparent Influence,33.44037898,-111.9179592,2022-11-17,02:45:00
4007729,2022,SR-143 Non-Cardinal,Unknown,0.0,Not Junction Related,0.0,0.0,No Injury,Rear End,Dark Lighted,Clear,Dry,28.0,Male,South,Going Straight Ahead,Speed To Fast For Conditions,No Apparent Influence,No Apparent Influence,27.0,Female,South,Slowing In Trafficway,No Improper Action,No Apparent Influence,No Apparent Influence,33.40927684,-111.9783213,2022-11-17,02:53:00
4011377,2022,Lakeshore Dr,Rural Rd,68.0,Intersection Related 206,0.0,0.0,No Injury,Rear End,Daylight,Clear,Dry,25.0,Male,West,Going Straight Ahead,Followed Too Closely,No Apparent Influence,No Apparent Influence,37.0,Female,West,Stopped In Trafficway,No Improper Action,No Apparent Influence,No Apparent Influence,33.38221458,-111.9266231,2022-11-17,14:30:00
4013792,2022,Priest Dr,Grove Pkwy,0.0,Intersection T Inter 203,0.0,0.0,No Injury,Angle - Other Than Left Turn 2,Daylight,Clear,Dry,76.0,Male,North,Other,No Improper Action,No Apparent Influence,No Apparent Influence,30.0,Female,West,Other,No Improper Action,No Apparent Influence,No Apparent Influence,33.35147722,-111.9624618,2022-11-17,16:59:00
4005563,2022,Mill Ave,Baseline Rd,126.0,Not Junction Related,0.0,0.0,No Injury,Sideswipe Same Direction,Daylight,Clear,Dry,22.0,Female,North,Changing Lanes,Unsafe Lane Change,No Apparent Influence,No Apparent Influence,73.0,Male,North,Going Straight Ahead,No Improper Action,No Apparent Influence,No Apparent Influence,33.37855684,-111.9393728,2022-11-17,17:57:00
3970378,2022,Baseline Rd,I-10 Exit 155 A1-Ramp,95.0,Intersection 201,0.0,0.0,No Injury,Rear End,Daylight,Clear,Dry,23.0,Male,East,Going Straight Ahead,Speed To Fast For Conditions,No Apparent Influence,No Apparent Influence,54.0,Female,East,Making Right Turn,No Improper Action,No Apparent Influence,No Apparent Influence,33.37826744,-111.9689446,2022-11-17,22:47:00
4007211,2022,Warner Rd,Dromedary Dr,200.0,Not Junction Related,0.0,0.0,No Injury,Rear End,Daylight,Clear,Dry,18.0,Male,West,Going Straight Ahead,Speed To Fast For Conditions,No Apparent Influence,No Apparent Influence,23.0,Male,West,Stopped In Trafficway,No Improper Action,No Apparent Influence,No Apparent Influence,33.33461719,-111.9426235,2022-11-17,22:52:00
3970705,2022,US-60 Exit 174 C-Ramp,Unknown,0.0,Entrance Exit Ramp 205,0.0,0.0,No Injury,Rear End,Daylight,Clear,Dry,22.0,Male,West,Slowing In Trafficway,Speed To Fast For Conditions,No Apparent Influence,No Apparent Influence,50.0,Male,West,Stopped In Trafficway,No Improper Action,No Apparent Influence,No Apparent Influence,33.38609043,-111.9257631,2022-11-17,23:19:00
4007425,2022,University Dr,McClintock Dr,0.0,Intersection 4 Way 202,1.0,0.0,Suspected Minor Injury,Left Turn,Dark Lighted,Clear,Dry,20.0,Female,East,Making Left Turn,Failed To Yield Right Of Way,No Apparent Influence,No Apparent Influence,36.0,Male,West,Going Straight Ahead,No Improper Action,No Apparent Influence,No Apparent Influence,33.42198255,-111.9090862,2022-11-18,01:49:00
4017376,2022,Rio Salado Pkwy,Perry Ln,0.0,Intersection 4 Way 202,0.0,0.0,No Injury,Angle - Other Than Left Turn 2,Dark Lighted,Clear,Dry,24.0,Female,South,Making Right Turn,Failed To Yield Right Of Way,No Apparent Influence,No Apparent Influence,18.0,Female,West,Going Straight Ahead,No Improper Action,No Apparent Influence,No Apparent Influence,33.42923899,-111.904765,2022-11-18,04:57:00
3969906,2022,Sr-143,Unknown,0.0,Not Junction Related,0.0,0.0,No Injury,Rear End,Dark Lighted,Clear,Dry,25.0,Male,North,Going Straight Ahead,Speed To Fast For Conditions,No Apparent Influence,No Apparent Influence,32.0,Male,North,Going Straight Ahead,No Improper Action,No Apparent Influence,No Apparent Influence,33.40877548,-111.9782352,2022-11-18,05:16:00
4009612,2022,University Dr,Mill Ave,39.0,Intersection Related 206,0.0,0.0,No Injury,Rear End,Dark Lighted,Clear,Dry,19.0,Female,West,Going Straight Ahead,Speed To Fast For Conditions,Alcohol,Drugs,50.0,Male,West,Stopped In Trafficway,No Improper Action,No Apparent Influence,No Apparent Influence,33.42193562,-111.9398893,2022-11-18,05:18:00
3972666,2022,Scottsdale Rd,SR-202 Exit 7 A-Ramp,0.0,Entrance Exit Ramp 205,2.0,0.0,Possible Injury,Angle - Other Than Left Turn 2,Daylight,Clear,Dry,48.0,Male,East,Making Left Turn,Unknown,No Apparent Influence,No Apparent Influence,31.0,Male,South,Going Straight Ahead,Unknown,No Apparent Influence,No Apparent Influence,33.43611284,-111.926266,2022-11-18,12:57:00
4007210,2022,University Dr,McClintock Dr,0.0,Intersection 4 Way 202,1.0,0.0,Suspected Minor Injury,Angle - Other Than Left Turn 2,Daylight,Clear,Dry,61.0,Male,South,Making Right Turn,Made Improper Turn,No Apparent Influence,No Apparent Influence,28.0,Male,South,Going Straight Ahead,No Improper Action,No Apparent Influence,No Apparent Influence,33.42198255,-111.9090862,2022-11-18,14:40:00
4007382,2022,Scottsdale Rd,Playa Del Norte Dr,-106.0,Intersection Related 206,1.0,0.0,Possible Injury,Rear End,Daylight,Clear,Dry,27.0,Female,North,Going Straight Ahead,Speed To Fast For Conditions,No Apparent Influence,No Apparent Influence,20.0,Male,North,Stopped In Trafficway,No Improper Action,No Apparent Influence,No Apparent Influence,33.43374339,-111.9262653,2022-11-18,17:00:00
4007148,2022,48th St,I-10 Cardinal Frontage,0.0,Intersection 4 Way 202,0.0,0.0,No Injury,Angle - Other Than Left Turn 2,Daylight,Clear,Dry,47.0,Male,South,Going Straight Ahead,Disregarded Traffic Signal,No Apparent Influence,No Apparent Influence,49.0,Female,East,Making Left Turn,No Improper Action,No Apparent Influence,No Apparent Influence,33.40932389,-111.9782234,2022-11-18,19:29:00
3977073,2022,McKellips Rd,Scottsdale Rd,0.0,Intersection Related 206,1.0,0.0,Possible Injury,Rear End,Daylight,Clear,Dry,47.0,Male,West,Making Left Turn,Speed To Fast For Conditions,No Apparent Influence,No Apparent Influence,19.0,Female,West,Stopped In Trafficway,No Improper Action,No Apparent Influence,No Apparent Influence,33.45124074,-111.9264677,2022-11-18,20:42:00
4007200,2022,McClintock Dr,Elliot Rd,100.0,Intersection Related 206,0.0,0.0,No Injury,Rear End,Daylight,Clear,Dry,39.0,Male,South,Going Straight Ahead,Speed To Fast For Conditions,No Apparent Influence,No Apparent Influence,61.0,Male,South,Stopped In Trafficway,No Improper Action,No Apparent Influence,No Apparent Influence,33.34940373,-111.911201,2022-11-18,21:48:00
4047687,2022,Cornell Dr,Los Feliz Dr,0.0,Intersection 4 Way 202,1.0,0.0,Possible Injury,Angle - Other Than Left Turn 2,Daylight,Clear,Dry,64.0,Female,West,Going Straight Ahead,Ran Stop Sign,No Apparent Influence,No Apparent Influence,74.0,Female,North,Going Straight Ahead,No Improper Action,No Apparent Influence,No Apparent Influence,33.37244584,-111.9077365,2022-11-18,22:10:00
4007202,2022,Priest Dr,US-60 Exit 172 G-Ramp,-170.0,Intersection Related 206,0.0,0.0,No Injury,Rear End,Daylight,Clear,Dry,23.0,Female,North,Going Straight Ahead,Speed To Fast For Conditions,No Apparent Influence,No Apparent Influence,35.0,Male,North,Stopped In Trafficway,No Improper Action,No Apparent Influence,No Apparent Influence,33.38630121,-111.960926,2022-11-18,22:26:00
4007147,2022,University Dr,Farmer Ave,-184.0,Not Junction Related,0.0,0.0,No Injury,Sideswipe Same Direction,Daylight,Clear,Dry,26.0,Male,West,Changing Lanes,Unsafe Lane Change,No Apparent Influence,No Apparent Influence,25.0,Male,West,Going Straight Ahead,No Improper Action,No Apparent Influence,No Apparent Influence,33.42189607,-111.9448753,2022-11-18,23:56:00
4011060,2022,Orange St,Dorsey Ln,-33.0,Intersection Related 206,0.0,0.0,No Injury,Left Turn,Dark Lighted,Clear,Dry,23.0,Male,Northwest,Making Left Turn,Other,No Apparent Influence,No Apparent Influence,36.0,Female,West,Properly Parked,No Improper Action,No Apparent Influence,No Apparent Influence,33.4184043,-111.9178386,2022-11-19,00:28:00
4007762,2022,McClintock Dr,Rio Salado Pkwy,-110.0,Intersection Related 206,0.0,0.0,No Injury,Rear End,Dark Lighted,Clear,Dry,22.0,Male,North,Going Straight Ahead,Speed To Fast For Conditions,No Apparent Influence,No Apparent Influence,20.0,Female,North,Stopped In Trafficway,No Improper Action,No Apparent Influence,No Apparent Influence,33.42896034,-111.9090625,2022-11-19,00:32:00
4015562,2022,Lakeshore Dr,Baseline Rd,0.0,Intersection 4 Way 202,0.0,0.0,No Injury,Head On,Dark Lighted,Clear,Dry,35.0,Female,South,Making Left Turn,Failed To Yield Right Of Way,No Apparent Influence,No Apparent Influence,59.0,Male,North,Going Straight Ahead,No Improper Action,No Apparent Influence,No Apparent Influence,33.37832308,-111.9205024,2022-11-19,00:49:00