Incident_ID,Year,Street_Name,Cross_Street,Distance,Junction_Relation,Total_Injuries,Total_Fatalities,Injury_Severity,Collision_Manner,Light_Condition,Weather,Surface_Condition,Age_1,Gender_1,Travel_One,UnitAction_One,Violation1_Drv1,AlcoholUse_ 1,DrugUse_1,Age_2,Gender_2,TravelDirection_2,UnitAction_2,Violation_2,AlcoholUse_2,DrugUse_2,Latitude,Longitude,Date,Time
4007157,2022,Price Rd,University Dr,-200.0,Entrance Exit Ramp 205,0.0,0.0,No Injury,Sideswipe Same Direction,Dark Lighted,Clear,Dry,61.0,Male,South,Changing Lanes,Unsafe Lane Change,No Apparent Influence,No Apparent Influence,37.0,Male,South,Going Straight Ahead,No Improper Action,No Apparent Influence,No Apparent Influence,33.42146207,-111.8919677,2022-11-19,03:12:00
4007145,2022,13th St,Mill Ave,-122.0,Intersection Related 206,0.0,0.0,No Injury,Rear End,Daylight,Clear,Dry,19.0,Male,East,Going Straight Ahead,Speed To Fast For Conditions,No Apparent Influence,No Apparent Influence,42.0,Male,East,Stopped In Trafficway,No Improper Action,No Apparent Influence,No Apparent Influence,33.41475018,-111.9403068,2022-11-19,16:35:00
4009403,2022,1st St,Mill Ave,-62.0,Intersection Related 206,0.0,0.0,No Injury,Rear End,Daylight,Clear,Dry,62.0,Male,West,Slowing In Trafficway,Speed To Fast For Conditions,No Apparent Influence,No Apparent Influence,52.0,Male,West,Stopped In Trafficway,No Improper Action,No Apparent Influence,No Apparent Influence,33.42960355,-111.9402491,2022-11-19,20:56:00
4007764,2022,Priest Dr,SR-202 Cardinal Frontage,0.0,Intersection 4 Way 202,1.0,0.0,Possible Injury,Left Turn,Dark Lighted,Clear,Dry,26.0,Male,South,Making Left Turn,Unknown,No Apparent Influence,No Apparent Influence,64.0,Male,North,Going Straight Ahead,Unknown,No Apparent Influence,No Apparent Influence,33.43714969,-111.9609412,2022-11-20,01:53:00
4008948,2022,Broadway Rd,I-10 Exit 153 G-Ramp,0.0,Intersection 4 Way 202,2.0,0.0,Suspected Minor Injury,Left Turn,Dark Lighted,Clear,Dry,53.0,Female,West,Making Left Turn,Failed To Yield Right Of Way,No Apparent Influence,No Apparent Influence,38.0,Male,East,Going Straight Ahead,No Improper Action,No Apparent Influence,No Apparent Influence,33.40845125,-111.9735973,2022-11-20,04:06:00
4009416,2022,Price Rd,Rio Salado Pkwy,-150.0,Intersection Related 206,0.0,0.0,No Injury,Rear End,Daylight,Clear,Dry,21.0,Male,North,Slowing In Trafficway,Speed To Fast For Conditions,No Apparent Influence,No Apparent Influence,19.0,Female,North,Slowing In Trafficway,No Improper Action,No Apparent Influence,No Apparent Influence,33.4289025,-111.8902601,2022-11-20,18:41:00
4009637,2022,Southern Ave,Mill Ave,-115.0,Intersection Related 206,0.0,0.0,No Injury,Rear End,Daylight,Clear,Dry,28.0,Female,East,Going Straight Ahead,Speed To Fast For Conditions,No Apparent Influence,No Apparent Influence,64.0,Female,East,Going Straight Ahead,No Improper Action,No Apparent Influence,No Apparent Influence,33.39285955,-111.9399804,2022-11-20,20:15:00
4008977,2022,McClintock Dr,SR-202 Exit 8 J-Ramp,-66.0,Intersection Related 206,0.0,0.0,No Injury,Rear End,Daylight,Clear,Dry,43.0,Female,North,Going Straight Ahead,Speed To Fast For Conditions,No Apparent Influence,No Apparent Influence,55.0,Female,North,Stopped In Trafficway,No Improper Action,No Apparent Influence,No Apparent Influence,33.4364401,-111.9096133,2022-11-20,20:25:00
4008987,2022,McClintock Dr,SR-202 Exit 8 J-Ramp,-200.0,Not Junction Related,0.0,0.0,No Injury,Rear End,Daylight,Clear,Dry,24.0,Male,North,Going Straight Ahead,Speed To Fast For Conditions,No Apparent Influence,No Apparent Influence,37.0,Female,North,Going Straight Ahead,No Improper Action,No Apparent Influence,No Apparent Influence,33.43607212,-111.9095979,2022-11-20,20:25:00
4009621,2022,McClintock Dr,Broadway Rd,147.0,Intersection Related 206,0.0,0.0,No Injury,Rear End,Dark Lighted,Clear,Dry,22.0,Male,South,Stopped In Trafficway,Speed To Fast For Conditions,Alcohol,No Apparent Influence,30.0,Male,South,Going Straight Ahead,No Improper Action,No Apparent Influence,No Apparent Influence,33.40790409,-111.9091241,2022-11-21,03:21:00
4011350,2022,Rural Rd,Lemon St,-50.0,Intersection Related 206,0.0,0.0,No Injury,Sideswipe Same Direction,Dark Lighted,Clear,Dry,19.0,Male,South,Going Straight Ahead,Failed To Keep In Proper Lane,No Apparent Influence,No Apparent Influence,33.0,Male,South,Going Straight Ahead,No Improper Action,No Apparent Influence,No Apparent Influence,33.41669763,-111.9262972,2022-11-21,05:06:00
4007212,2022,Broadway Rd,55th St,0.0,Intersection 4 Way 202,0.0,0.0,No Injury,Left Turn,Daylight,Clear,Dry,27.0,Female,West,Making Left Turn,Made Improper Turn,No Apparent Influence,No Apparent Influence,39.0,Female,East,Going Straight Ahead,No Improper Action,No Apparent Influence,No Apparent Influence,33.40757611,-111.9658235,2022-11-21,14:42:00
4009422,2022,Price Rd,Broadway Rd,0.0,Intersection Other 204,0.0,0.0,No Injury,Sideswipe Same Direction,Daylight,Clear,Dry,58.0,Male,South,Going Straight Ahead,Failed To Keep In Proper Lane,No Apparent Influence,No Apparent Influence,26.0,Female,South,Making Left Turn,No Improper Action,No Apparent Influence,No Apparent Influence,33.4074963,-111.8920047,2022-11-21,14:47:00
4008986,2022,Broadway Rd,SR-101 Cardinal Frontage,0.0,Intersection 4 Way 202,1.0,0.0,Possible Injury,Angle - Other Than Left Turn 2,Daylight,Clear,Dry,65.0,Male,West,Going Straight Ahead,Disregarded Traffic Signal,No Apparent Influence,No Apparent Influence,26.0,Female,South,Going Straight Ahead,No Improper Action,No Apparent Influence,No Apparent Influence,33.4074963,-111.8920047,2022-11-21,17:07:00
4009627,2022,Rural Rd,Broadway Rd,10.0,Intersection Related 206,1.0,0.0,Possible Injury,Rear End,Daylight,Clear,Dry,34.0,Female,South,Going Straight Ahead,Speed To Fast For Conditions,No Apparent Influence,No Apparent Influence,36.0,Female,South,Stopped In Trafficway,No Improper Action,No Apparent Influence,No Apparent Influence,33.40752921,-111.9262829,2022-11-21,20:48:00
4011313,2022,Scottsdale Rd,Weber Dr,-140.0,Intersection Related 206,0.0,0.0,No Injury,Sideswipe Same Direction,Daylight,Clear,Dry,37.0,Male,North,Changing Lanes,Unsafe Lane Change,No Apparent Influence,No Apparent Influence,30.0,Female,North,Going Straight Ahead,No Improper Action,No Apparent Influence,No Apparent Influence,33.44360434,-111.9264303,2022-11-21,21:44:00
4047642,2022,Broadway Rd,Mill Ave,60.0,Not Junction Related,1.0,0.0,Possible Injury,Sideswipe Same Direction,Daylight,Clear,Dry,64.0,Male,West,Changing Lanes,Speed To Fast For Conditions,No Apparent Influence,No Apparent Influence,20.0,Female,West,Stopped In Trafficway,No Improper Action,No Apparent Influence,No Apparent Influence,33.40740886,-111.9396309,2022-11-21,22:46:00
4007206,2022,Mill Ave,Broadway Rd,-55.0,Intersection Related 206,0.0,0.0,No Injury,Rear End,Daylight,Clear,Dry,18.0,Female,North,Going Straight Ahead,Speed To Fast For Conditions,No Apparent Influence,No Apparent Influence,35.0,Male,North,Going Straight Ahead,No Improper Action,No Apparent Influence,No Apparent Influence,33.40724715,-111.939822,2022-11-21,22:53:00
4008947,2022,Rural Rd,Terrace Rd,150.0,Intersection Related 206,0.0,0.0,No Injury,Sideswipe Same Direction,Daylight,Clear,Dry,64.0,Male,South,Going Straight Ahead,Failed To Keep In Proper Lane,No Apparent Influence,No Apparent Influence,31.0,Female,South,Going Straight Ahead,No Improper Action,No Apparent Influence,No Apparent Influence,33.42068764,-111.9263034,2022-11-21,23:44:00
4013760,2022,Priest Dr,Broadway Rd,125.0,Intersection Related 206,0.0,0.0,No Injury,Rear End,Dark Lighted,Clear,Dry,33.0,Male,South,Going Straight Ahead,Followed Too Closely,No Apparent Influence,No Apparent Influence,57.0,Female,South,Stopped In Trafficway,No Improper Action,No Apparent Influence,No Apparent Influence,33.40776421,-111.9607879,2022-11-22,00:43:00
4013713,2022,Price Rd,Broadway Rd,0.0,Intersection 201,0.0,0.0,No Injury,Sideswipe Same Direction,Dark Lighted,Clear,Dry,30.0,Male,North,Making Left Turn,Speed To Fast For Conditions,No Apparent Influence,No Apparent Influence,29.0,Male,North,Making Left Turn,No Improper Action,No Apparent Influence,No Apparent Influence,33.40747535,-111.8903343,2022-11-22,07:26:00
4009473,2022,Rural Rd,Carter Dr,0.0,Intersection 4 Way 202,1.0,0.0,Suspected Minor Injury,Left Turn,Daylight,Clear,Dry,62.0,Female,North,Making Left Turn,Failed To Yield Right Of Way,No Apparent Influence,No Apparent Influence,24.0,Male,South,Going Straight Ahead,No Improper Action,No Apparent Influence,No Apparent Influence,33.3811298,-111.9276021,2022-11-22,13:59:00
4009419,2022,Baseline Rd,I-10 Exit 155 C2-Ramp,0.0,Intersection 4 Way 202,0.0,0.0,No Injury,Left Turn,Daylight,Clear,Dry,62.0,Male,East,Going Straight Ahead,Disregarded Traffic Signal,No Apparent Influence,No Apparent Influence,51.0,Male,North,Making Left Turn,Failed To Yield Right Of Way,No Apparent Influence,No Apparent Influence,33.37829922,-111.9673788,2022-11-22,15:36:00
4007198,2022,Baseline Rd,S Roosevelt St,107.0,Not Junction Related,0.0,0.0,No Injury,Rear End,Daylight,Clear,Dry,51.0,Male,West,Going Straight Ahead,Followed Too Closely,No Apparent Influence,No Apparent Influence,29.0,Female,West,Slowing In Trafficway,No Improper Action,No Apparent Influence,No Apparent Influence,33.37819625,-111.9473247,2022-11-22,16:56:00
4009064,2022,48th St,I-10 Cardinal Frontage,0.0,Intersection 4 Way 202,0.0,0.0,No Injury,Angle - Other Than Left Turn 2,Daylight,Clear,Dry,46.0,Female,South,Going Straight Ahead,Disregarded Traffic Signal,No Apparent Influence,No Apparent Influence,28.0,Male,East,Going Straight Ahead,No Improper Action,No Apparent Influence,No Apparent Influence,33.40932389,-111.9782234,2022-11-22,20:31:00
3989383,2022,I-10 Exit 153 C2-Ramp,Unknown,0.0,Not Junction Related,0.0,0.0,No Injury,Rear End,Daylight,Clear,Dry,39.0,Male,West,Going Straight Ahead,Speed To Fast For Conditions,No Apparent Influence,No Apparent Influence,33.0,Male,West,Stopped In Trafficway,No Improper Action,No Apparent Influence,No Apparent Influence,33.40919947,-111.969521,2022-11-22,20:34:00
4013712,2022,Broadway Rd,I-10 Exit 153 X-Ramp,-25.0,Intersection Related 206,0.0,0.0,No Injury,Rear End,Daylight,Clear,Dry,55.0,Male,West,Going Straight Ahead,Speed To Fast For Conditions,No Apparent Influence,No Apparent Influence,47.0,Female,West,Stopped In Trafficway,No Improper Action,No Apparent Influence,No Apparent Influence,33.40917451,-111.9692765,2022-11-22,22:33:00
4007193,2022,Elliot Rd,McClintock Dr,0.0,Intersection 4 Way 202,1.0,0.0,Possible Injury,Left Turn,Daylight,Clear,Dry,19.0,Male,East,Making Left Turn,Failed To Yield Right Of Way,No Apparent Influence,No Apparent Influence,57.0,Female,West,Going Straight Ahead,No Improper Action,No Apparent Influence,No Apparent Influence,33.34912979,-111.9111874,2022-11-22,23:08:00
4013780,2022,Rural Rd,Southern Ave,112.0,Not Junction Related,0.0,0.0,No Injury,Left Turn,Dark Lighted,Clear,Dry,45.0,Female,West,Making Left Turn,Failed To Yield Right Of Way,No Apparent Influence,No Apparent Influence,70.0,Female,South,Going Straight Ahead,No Improper Action,No Apparent Influence,No Apparent Influence,33.39326872,-111.9263261,2022-11-23,00:54:00
4011353,2022,McClintock Dr,Alameda Dr,-72.0,Intersection Related 206,0.0,0.0,No Injury,Rear End,Dark Lighted,Clear,Dry,37.0,Female,North,Going Straight Ahead,Followed Too Closely,No Apparent Influence,No Apparent Influence,30.0,Male,North,Stopped In Trafficway,No Improper Action,No Apparent Influence,No Apparent Influence,33.39995125,-111.9091314,2022-11-23,05:11:00
4007184,2022,Broadway Rd,McKemy St,0.0,Driveway Or Alley,0.0,0.0,No Injury,Angle - Other Than Left Turn 2,Dark Lighted,Clear,Dry,25.0,Female,North,Making Right Turn,Failed To Yield Right Of Way,No Apparent Influence,No Apparent Influence,61.0,Male,East,Slowing In Trafficway,No Improper Action,No Apparent Influence,No Apparent Influence,33.40738329,-111.950003,2022-11-23,13:13:00
3973197,2022,Price Rd,Guadalupe Rd,70.0,Intersection 4 Way 202,0.0,0.0,No Injury,Sideswipe Same Direction,Daylight,Clear,Dry,76.0,Male,South,Changing Lanes,Unsafe Lane Change,No Apparent Influence,No Apparent Influence,36.0,Male,South,Changing Lanes,No Improper Action,No Apparent Influence,No Apparent Influence,33.36408507,-111.8946538,2022-11-23,13:29:00
4011062,2022,Rio Salado Pkwy,Price Rd,0.0,Intersection 4 Way 202,0.0,0.0,No Injury,Angle - Other Than Left Turn 2,Dawn,Clear,Dry,66.0,Male,East,Going Straight Ahead,Disregarded Traffic Signal,No Apparent Influence,No Apparent Influence,26.0,Female,North,Going Straight Ahead,No Improper Action,No Apparent Influence,No Apparent Influence,33.42931447,-111.890264,2022-11-23,14:41:00
4009626,2022,Price Rd,Broadway Rd,0.0,Intersection 4 Way 202,0.0,0.0,No Injury,Sideswipe Same Direction,Daylight,Clear,Dry,26.0,Male,North,Making Left Turn,Unknown,No Apparent Influence,No Apparent Influence,19.0,Male,North,Making Left Turn,Unknown,No Apparent Influence,No Apparent Influence,33.40747535,-111.8903343,2022-11-23,20:31:00
4008954,2022,University Dr,SR-101 Cardinal Frontage,0.0,Intersection 4 Way 202,0.0,0.0,No Injury,Left Turn,Dark Lighted,Clear,Dry,30.0,Male,East,Going Straight Ahead,Disregarded Traffic Signal,No Apparent Influence,No Apparent Influence,23.0,Female,West,Making Left Turn,No Improper Action,No Apparent Influence,No Apparent Influence,33.4220113,-111.8919545,2022-11-24,04:02:00
4017550,2022,McClintock Dr,Broadway Rd,115.0,Driveway Or Alley,0.0,0.0,No Injury,Angle - Other Than Left Turn 2,Dark Lighted,Clear,Dry,61.0,Male,South,Making Left Turn,Made Improper Turn,No Apparent Influence,No Apparent Influence,23.0,Male,South,Going Straight Ahead,No Improper Action,No Apparent Influence,No Apparent Influence,33.40781616,-111.9091244,2022-11-24,05:20:00
4007163,2022,Warner Rd,Priest Dr,0.0,Intersection 4 Way 202,0.0,0.0,No Injury,Left Turn,Dark Lighted,Clear,Dry,40.0,Female,East,Making Left Turn,Unknown,No Apparent Influence,No Apparent Influence,42.0,Female,West,Going Straight Ahead,Unknown,No Apparent Influence,No Apparent Influence,33.33452532,-111.9631173,2022-11-25,04:13:00
4007173,2022,Southern Ave,48th St,0.0,Intersection 4 Way 202,0.0,0.0,No Injury,Sideswipe Same Direction,Dark Lighted,Clear,Dry,39.0,Female,West,Making Right Turn,Made Improper Turn,No Apparent Influence,No Apparent Influence,42.0,Male,West,Making Right Turn,No Improper Action,No Apparent Influence,No Apparent Influence,33.39276725,-111.9783383,2022-11-25,05:05:00
4014951,2022,Broadway Rd,McClintock Dr,0.0,Intersection Related 206,0.0,0.0,No Injury,Rear End,Dark Lighted,Clear,Dry,23.0,Male,West,Unknown,Speed To Fast For Conditions,No Apparent Influence,No Apparent Influence,20.0,Male,West,Stopped In Trafficway,No Improper Action,No Apparent Influence,No Apparent Influence,33.4075002,-111.909125,2022-11-25,08:11:00
4009417,2022,Rural Rd,Cornell Dr,0.0,Intersection 4 Way 202,2.0,0.0,Possible Injury,Left Turn,Daylight,Clear,Dry,64.0,Male,Northwest,Making Left Turn,Failed To Yield Right Of Way,No Apparent Influence,No Apparent Influence,69.0,Male,South,Going Straight Ahead,No Improper Action,No Apparent Influence,No Apparent Influence,33.37211303,-111.9286548,2022-11-25,14:03:00
4008935,2022,Scottsdale Rd,SR-202 Exit 7 T-Ramp,163.0,Not Junction Related,1.0,0.0,Possible Injury,Sideswipe Same Direction,Daylight,Clear,Dry,62.0,Female,Northwest,Making U Turn,Made Improper Turn,No Apparent Influence,No Apparent Influence,24.0,Female,North,Making Left Turn,No Improper Action,No Apparent Influence,No Apparent Influence,33.4358918,-111.9262614,2022-11-25,18:28:00
4011081,2022,56th St,Baseline Rd,-105.0,Intersection Related 206,0.0,0.0,No Injury,Angle - Other Than Left Turn 2,Dark Lighted,Clear,Dry,68.0,Female,South,Going Straight Ahead,Speed To Fast For Conditions,Alcohol,No Apparent Influence,46.0,Male,North,Going Straight Ahead,No Improper Action,No Apparent Influence,No Apparent Influence,33.37795558,-111.9631703,2022-11-26,03:21:00
4013747,2022,University Dr,Mill Ave,150.0,Not Junction Related,0.0,0.0,No Injury,Rear End,Dark Lighted,Clear,Dry,44.0,Male,West,Going Straight Ahead,Speed To Fast For Conditions,No Apparent Influence,No Apparent Influence,22.0,Male,West,Stopped In Trafficway,No Improper Action,No Apparent Influence,No Apparent Influence,33.42193835,-111.9395258,2022-11-26,04:26:00
4013748,2022,Rural Rd,Broadway Rd,50.0,Intersection Related 206,0.0,0.0,No Injury,Sideswipe Same Direction,Dark Lighted,Clear,Dry,18.0,Female,North,Changing Lanes,Unsafe Lane Change,No Apparent Influence,No Apparent Influence,21.0,Male,North,Going Straight Ahead,No Improper Action,No Apparent Influence,No Apparent Influence,33.40763915,-111.926283,2022-11-26,05:04:00
4013781,2022,Weber Dr,Scovel St,0.0,Intersection 4 Way 202,0.0,0.0,No Injury,Angle - Other Than Left Turn 2,Daylight,Clear,Dry,22.0,Female,South,Going Straight Ahead,Ran Stop Sign,No Apparent Influence,No Apparent Influence,75.0,Female,East,Going Straight Ahead,No Improper Action,No Apparent Influence,No Apparent Influence,33.44403172,-111.9200716,2022-11-26,16:34:00
4011379,2022,Scottsdale Rd,Weber Dr,38.0,Intersection Related 206,0.0,0.0,No Injury,Rear End,Daylight,Clear,Dry,39.0,Female,South,Going Straight Ahead,Speed To Fast For Conditions,No Apparent Influence,No Apparent Influence,33.0,Male,South,Making Right Turn,No Improper Action,No Apparent Influence,No Apparent Influence,33.44409291,-111.9264389,2022-11-26,23:13:00
4065538,2022,Priest Dr,SR-202 Non-Cardinal Frontage,0.0,Intersection Other 204,1.0,0.0,Suspected Serious Injury,Left Turn,Daylight,Clear,Dry,20.0,Male,East,Making Left Turn,Failed To Yield Right Of Way,No Apparent Influence,No Apparent Influence,22.0,Male,North,Going Straight Ahead,No Improper Action,No Apparent Influence,No Apparent Influence,33.43850177,-111.9608415,2022-11-27,00:12:00
4011287,2022,Priest Dr,Rio Salado Pkwy,10.0,Intersection Related 206,0.0,0.0,No Injury,Other,Dark Lighted,Clear,Dry,18.0,Male,South,Backing,Other,No Apparent Influence,No Apparent Influence,23.0,Female,South,Stopped In Trafficway,No Improper Action,No Apparent Influence,No Apparent Influence,33.42958786,-111.9609678,2022-11-27,01:17:00
4008980,2022,University Dr,Roosevelt St,57.0,Intersection Related 206,0.0,0.0,No Injury,Rear End,Daylight,Clear,Dry,40.0,Male,West,Going Straight Ahead,Speed To Fast For Conditions,No Apparent Influence,No Apparent Influence,28.0,Male,West,Stopped In Trafficway,No Improper Action,No Apparent Influence,No Apparent Influence,33.42190034,-111.9471074,2022-11-27,16:22:00
4014412,2022,Baseline Rd,Kyrene Rd,36.0,Intersection Related 206,0.0,0.0,No Injury,Rear End,Daylight,Clear,Dry,28.0,Male,West,Going Straight Ahead,Speed To Fast For Conditions,No Apparent Influence,No Apparent Influence,29.0,Female,West,Going Straight Ahead,No Improper Action,No Apparent Influence,No Apparent Influence,33.37819988,-111.9458706,2022-11-27,19:16:00
4011689,2022,University Dr,Mill Ave,0.0,Intersection 4 Way 202,1.0,0.0,Suspected Serious Injury,Left Turn,Daylight,Clear,Dry,41.0,Male,East,Making Left Turn,Failed To Yield Right Of Way,No Apparent Influence,No Apparent Influence,21.0,Male,West,Going Straight Ahead,No Improper Action,No Apparent Influence,No Apparent Influence,33.42193474,-111.940017,2022-11-27,20:01:00
4009426,2022,48th St,Alameda Dr,0.0,Intersection 4 Way 202,0.0,0.0,No Injury,Left Turn,Dark Lighted,Clear,Dry,21.0,Female,South,Making Left Turn,Made Improper Turn,No Apparent Influence,No Apparent Influence,26.0,Female,North,Going Straight Ahead,No Improper Action,No Apparent Influence,No Apparent Influence,33.40004917,-111.9783117,2022-11-28,03:03:00
4009629,2022,Broadway Rd,River Dr,-50.0,Intersection Related 206,0.0,0.0,No Injury,Rear End,Dusk,Clear,Dry,29.0,Female,East,Going Straight Ahead,Speed To Fast For Conditions,No Apparent Influence,No Apparent Influence,22.0,Male,East,Stopped In Trafficway,No Improper Action,No Apparent Influence,No Apparent Influence,33.40749557,-111.8979123,2022-11-28,13:54:00
4047647,2022,Guadalupe Rd,Hardy Dr,-81.0,Not Junction Related,0.0,0.0,No Injury,Sideswipe Same Direction,Daylight,Clear,Dry,19.0,Female,West,Going Straight Ahead,Unknown,No Apparent Influence,No Apparent Influence,24.0,Female,West,Making Right Turn,No Improper Action,No Apparent Influence,No Apparent Influence,33.36369235,-111.9547958,2022-11-28,15:00:00
4013750,2022,Broadway Rd,Price Rd,213.0,Not Junction Related,1.0,0.0,Possible Injury,Rear End,Daylight,Clear,Dry,31.0,Male,West,Going Straight Ahead,Followed Too Closely,No Apparent Influence,No Apparent Influence,75.0,Female,West,Stopped In Trafficway,No Improper Action,No Apparent Influence,No Apparent Influence,33.40749348,-111.8896369,2022-11-28,20:26:00
4011334,2022,Kyrene Rd,La Jolla Dr,0.0,Intersection T Inter 203,0.0,0.0,No Injury,Angle - Other Than Left Turn 2,Daylight,Cloudy,Dry,17.0,Female,East,Making Left Turn,Ran Stop Sign,No Apparent Influence,No Apparent Influence,46.0,Male,South,Going Straight Ahead,No Improper Action,No Apparent Influence,No Apparent Influence,33.38993261,-111.9436851,2022-11-28,20:59:00
4011337,2022,Southern Ave,Mill Ave,200.0,Not Junction Related,0.0,0.0,No Injury,Angle - Other Than Left Turn 2,Daylight,Clear,Dry,57.0,Male,Northeast,Making Left Turn,Made Improper Turn,No Apparent Influence,No Apparent Influence,68.0,Male,West,Going Straight Ahead,No Improper Action,No Apparent Influence,No Apparent Influence,33.3928688,-111.9389493,2022-11-28,22:42:00
4011051,2022,Smith Rd,University Dr,36.0,Intersection Related 206,0.0,0.0,No Injury,Rear End,Daylight,Clear,Dry,41.0,Male,South,Going Straight Ahead,Followed Too Closely,No Apparent Influence,No Apparent Influence,40.0,Male,South,Stopped In Trafficway,No Improper Action,No Apparent Influence,No Apparent Influence,33.42220189,-111.9004833,2022-11-28,22:50:00
4015646,2022,University Dr,Lola Ln,0.0,Intersection T Inter 203,2.0,0.0,Suspected Minor Injury,Angle - Other Than Left Turn 2,Daylight,Clear,Dry,36.0,Male,North,Making Left Turn,Failed To Yield Right Of Way,No Apparent Influence,No Apparent Influence,34.0,Male,East,Going Straight Ahead,No Improper Action,No Apparent Influence,No Apparent Influence,33.42206228,-111.893979,2022-11-28,23:50:00
4020384,2022,Elliot Rd,Kyrene Rd,-25.0,Intersection Related 206,0.0,0.0,No Injury,Sideswipe Same Direction,Daylight,Clear,Dry,32.0,Male,West,Slowing In Trafficway,Failed To Yield Right Of Way,No Apparent Influence,No Apparent Influence,36.0,Male,West,Going Straight Ahead,No Improper Action,No Apparent Influence,No Apparent Influence,33.34919866,-111.9458165,2022-11-28,23:53:00
4014415,2022,Curry Rd,Miller Rd,0.0,Intersection 4 Way 202,0.0,0.0,No Injury,Left Turn,Dusk,Clear,Dry,23.0,Female,East,Making Left Turn,Failed To Yield Right Of Way,No Apparent Influence,No Apparent Influence,41.0,Male,West,Going Straight Ahead,No Improper Action,No Apparent Influence,No Apparent Influence,33.44037898,-111.9179592,2022-11-29,00:46:00
4011308,2022,Rural Rd,Lemon St,0.0,Intersection 4 Way 202,0.0,0.0,No Injury,Left Turn,Dark Lighted,Clear,Dry,20.0,Female,South,Making Left Turn,Failed To Yield Right Of Way,No Apparent Influence,No Apparent Influence,32.0,Female,North,Going Straight Ahead,No Improper Action,No Apparent Influence,No Apparent Influence,33.41683505,-111.9262972,2022-11-29,02:34:00
4009580,2022,McClintock Dr,Apache Blvd,0.0,Intersection 4 Way 202,2.0,0.0,Possible Injury,Left Turn,Dark Lighted,Clear,Dry,22.0,Female,North,Going Straight Ahead,Disregarded Traffic Signal,No Apparent Influence,No Apparent Influence,25.0,Male,South,Making Left Turn,No Improper Action,No Apparent Influence,No Apparent Influence,33.41475998,-111.9091325,2022-11-29,04:10:00
4011074,2022,Baseline Rd,Rural Rd,124.0,Intersection Related 206,0.0,0.0,No Injury,Sideswipe Same Direction,Daylight,Clear,Dry,43.0,Male,East,Changing Lanes,Unsafe Lane Change,No Apparent Influence,No Apparent Influence,43.0,Male,East,Going Straight Ahead,No Improper Action,No Apparent Influence,No Apparent Influence,33.37825088,-111.9282807,2022-11-29,14:56:00
4013751,2022,Roosevelt St,University Dr,38.0,Intersection Related 206,0.0,0.0,No Injury,Sideswipe Same Direction,Daylight,Clear,Dry,26.0,Male,West,Making Right Turn,Other,No Apparent Influence,No Apparent Influence,50.0,Male,West,Making Right Turn,No Improper Action,No Apparent Influence,No Apparent Influence,33.42200509,-111.9472917,2022-11-29,21:39:00
4013723,2022,Priest Dr,Arizona Mills Access E,0.0,Intersection T Inter 203,0.0,0.0,No Injury,Angle - Other Than Left Turn 2,Daylight,Clear,Dry,24.0,Male,North,Going Straight Ahead,Ran Stop Sign,No Apparent Influence,No Apparent Influence,57.0,Male,East,Making Left Turn,No Improper Action,No Apparent Influence,No Apparent Influence,33.38466651,-111.9609464,2022-11-30,00:18:00
4011052,2022,Warner Rd,McClintock Dr,-200.0,Not Junction Related,0.0,0.0,No Injury,Angle - Other Than Left Turn 2,Dawn,Clear,Dry,59.0,Male,Northwest,Making Right Turn,Failed To Yield Right Of Way,No Apparent Influence,No Apparent Influence,66.0,Male,Southwest,Making Left Turn,No Improper Action,No Apparent Influence,No Apparent Influence,33.33462569,-111.9118307,2022-11-30,13:38:00
3976983,2022,SR-143 Exit 1 T-Ramp,Unknown,0.0,Intersection 4 Way 202,0.0,0.0,No Injury,Rear End,Daylight,Clear,Dry,47.0,Male,North,Making Right Turn,Speed To Fast For Conditions,No Apparent Influence,No Apparent Influence,30.0,Male,North,Stopped In Trafficway,No Improper Action,No Apparent Influence,No Apparent Influence,33.42168568,-111.977715,2022-11-30,14:35:00
3976938,2022,SR-202 Exit 7 T-Ramp,Unknown,0.0,Entrance Exit Ramp 205,0.0,0.0,No Injury,Rear End,Daylight,Clear,Dry,33.0,Female,West,Slowing In Trafficway,Followed Too Closely,No Apparent Influence,No Apparent Influence,28.0,Male,West,Stopped In Trafficway,No Improper Action,No Apparent Influence,No Apparent Influence,33.43552871,-111.9263685,2022-11-30,14:37:00
4011284,2022,Rio Salado Pkwy,Price Rd,0.0,Entrance Exit Ramp 205,1.0,0.0,Possible Injury,Angle - Other Than Left Turn 2,Daylight,Clear,Dry,22.0,Male,West,Going Straight Ahead,Unknown,No Apparent Influence,No Apparent Influence,27.0,Male,South,Going Straight Ahead,Unknown,No Apparent Influence,No Apparent Influence,33.42931447,-111.890264,2022-11-30,15:35:00
4047797,2022,Smith Rd,5th St,0.0,Intersection 4 Way 202,0.0,0.0,No Injury,Left Turn,Daylight,Clear,Dry,33.0,Female,Southwest,Making Left Turn,Failed To Yield Right Of Way,No Apparent Influence,No Apparent Influence,34.0,Male,South,Going Straight Ahead,No Improper Action,No Apparent Influence,No Apparent Influence,33.4256983,-111.9004713,2022-11-30,16:40:00
4013724,2022,Rural Rd,Guadalupe Rd,-216.0,Driveway Or Alley,1.0,0.0,Possible Injury,Angle - Other Than Left Turn 2,Daylight,Clear,Dry,47.0,Female,East,Making Left Turn,Failed To Yield Right Of Way,No Apparent Influence,No Apparent Influence,62.0,Male,South,Going Straight Ahead,No Improper Action,No Apparent Influence,No Apparent Influence,33.3631595,-111.9285982,2022-11-30,19:15:00