Incident_ID,Year,Street_Name,Cross_Street,Distance,Junction_Relation,Total_Injuries,Total_Fatalities,Injury_Severity,Collision_Manner,Light_Condition,Weather,Surface_Condition,Age_1,Gender_1,Travel_One,UnitAction_One,Violation1_Drv1,AlcoholUse_ 1,DrugUse_1,Age_2,Gender_2,TravelDirection_2,UnitAction_2,Violation_2,AlcoholUse_2,DrugUse_2,Latitude,Longitude,Date,Time
4013754,2022,I-10 Exit 155 C2-Ramp,Baseline Rd,0.0,Intersection 4 Way 202,0.0,0.0,No Injury,Angle - Other Than Left Turn 2,Daylight,Clear,Dry,27.0,Female,North,Making Left Turn,Disregarded Traffic Signal,No Apparent Influence,No Apparent Influence,18.0,Male,East,Going Straight Ahead,No Improper Action,No Apparent Influence,No Apparent Influence,33.37829922,-111.9673788,2022-11-30,20:33:00
4016009,2022,Baseline Rd,McClintock Dr,-71.0,Intersection Related 206,0.0,0.0,No Injury,Rear End,Daylight,Clear,Dry,63.0,Female,East,Going Straight Ahead,Followed Too Closely,No Apparent Influence,No Apparent Influence,36.0,Male,East,Making Right Turn,No Improper Action,No Apparent Influence,No Apparent Influence,33.37842405,-111.909494,2022-11-30,22:01:00
4011076,2022,Southern Ave,College Ave,0.0,Intersection 4 Way 202,2.0,0.0,Suspected Minor Injury,Left Turn,Daylight,Clear,Dry,39.0,Female,East,Making Left Turn,Failed To Yield Right Of Way,No Apparent Influence,No Apparent Influence,35.0,Female,West,Going Straight Ahead,No Improper Action,No Apparent Influence,No Apparent Influence,33.39290712,-111.9349183,2022-11-30,22:14:00
4015652,2022,University Dr,Rockford Dr,-175.0,Not Junction Related,0.0,0.0,No Injury,Rear End,Daylight,Clear,Dry,26.0,Male,West,Going Straight Ahead,Speed To Fast For Conditions,No Apparent Influence,No Apparent Influence,19.0,Male,West,Stopped In Trafficway,No Improper Action,No Apparent Influence,No Apparent Influence,33.42210238,-111.8986443,2022-11-30,22:38:00
4011288,2022,Rural Rd,Encanto Dr,0.0,Driveway Or Alley,0.0,0.0,No Injury,Angle - Other Than Left Turn 2,Daylight,Clear,Dry,19.0,Male,West,Making Left Turn,Failed To Yield Right Of Way,No Apparent Influence,No Apparent Influence,22.0,Female,South,Going Straight Ahead,No Improper Action,No Apparent Influence,No Apparent Influence,33.40976544,-111.926284,2022-11-30,23:19:00
4011310,2022,Elliot Rd,Kyrene Rd,0.0,Intersection 4 Way 202,0.0,0.0,No Injury,Left Turn,Dark Lighted,Clear,Dry,29.0,Male,East,Making Left Turn,Disregarded Traffic Signal,No Apparent Influence,No Apparent Influence,35.0,Female,West,Going Straight Ahead,Failed To Yield Right Of Way,No Apparent Influence,No Apparent Influence,33.34919917,-111.9457347,2022-12-01,00:38:00
4011366,2022,Southern Ave,Potter Dr,0.0,Not Junction Related,2.0,0.0,Possible Injury,Rear End,Dusk,Clear,Dry,71.0,Male,East,Going Straight Ahead,Speed To Fast For Conditions,No Apparent Influence,No Apparent Influence,41.0,Female,East,Stopped In Trafficway,No Improper Action,No Apparent Influence,No Apparent Influence,33.39281766,-111.9692135,2022-12-01,01:48:00
4013762,2022,Mill Ave,Hu Esta Dr,0.0,Intersection 4 Way 202,1.0,0.0,Suspected Minor Injury,Angle - Other Than Left Turn 2,Daylight,Clear,Dry,51.0,Male,West,Making Right Turn,Failed To Yield Right Of Way,No Apparent Influence,No Apparent Influence,23.0,Male,South,Going Straight Ahead,No Improper Action,No Apparent Influence,No Apparent Influence,33.40466798,-111.9397791,2022-12-01,20:47:00
4011351,2022,Broadway Rd,Los Feliz Dr,0.0,Intersection 4 Way 202,0.0,0.0,No Injury,Angle - Other Than Left Turn 2,Daylight,Clear,Dry,31.0,Female,South,Making Left Turn,Failed To Yield Right Of Way,No Apparent Influence,No Apparent Influence,73.0,Female,West,Going Straight Ahead,No Improper Action,No Apparent Influence,No Apparent Influence,33.40749396,-111.9042001,2022-12-01,22:28:00
4011376,2022,Rural Rd,Baseline Rd,-110.0,Intersection Related 206,0.0,0.0,No Injury,Rear End,Daylight,Clear,Dry,18.0,Female,North,Going Straight Ahead,Speed To Fast For Conditions,No Apparent Influence,No Apparent Influence,55.0,Male,North,Stopped In Trafficway,No Improper Action,No Apparent Influence,No Apparent Influence,33.37794693,-111.9286875,2022-12-01,23:21:00
4011355,2022,Warner Rd,Jewell St,0.0,Intersection 4 Way 202,1.0,0.0,Possible Injury,Rear End,Dusk,Clear,Dry,18.0,Female,West,Stopped In Trafficway,Speed To Fast For Conditions,No Apparent Influence,No Apparent Influence,29.0,Male,West,Going Straight Ahead,No Improper Action,No Apparent Influence,No Apparent Influence,33.3345274,-111.9682957,2022-12-02,00:11:00
4014488,2022,Rio Salado Pkwy,Rockford Dr,0.0,Intersection T Inter 203,0.0,0.0,No Injury,Left Turn,Dark Lighted,Clear,Dry,23.0,Female,West,Going Straight Ahead,Disregarded Traffic Signal,No Apparent Influence,No Apparent Influence,23.0,Female,South,Making Left Turn,No Improper Action,No Apparent Influence,No Apparent Influence,33.42935533,-111.8970398,2022-12-02,01:03:00
4013764,2022,Mill Ave,Southern Ave,0.0,Intersection 4 Way 202,0.0,0.0,No Injury,Rear End,Daylight,Clear,Dry,39.0,Female,North,Going Straight Ahead,Followed Too Closely,No Apparent Influence,No Apparent Influence,28.0,Male,North,Stopped In Trafficway,No Improper Action,No Apparent Influence,No Apparent Influence,33.3928629,-111.9396039,2022-12-02,16:37:00
4011312,2022,Rio Salado Pkwy,Perry Ln,0.0,Intersection 4 Way 202,0.0,0.0,No Injury,Angle - Other Than Left Turn 2,Daylight,Cloudy,Dry,28.0,Male,West,Going Straight Ahead,Speed To Fast For Conditions,No Apparent Influence,No Apparent Influence,40.0,Male,South,Making Left Turn,No Improper Action,No Apparent Influence,No Apparent Influence,33.42923899,-111.904765,2022-12-02,17:36:00
4013803,2022,Warner Rd,Dromedary Dr,160.0,Intersection Related 206,0.0,0.0,No Injury,Rear End,Daylight,Clear,Dry,25.0,Male,East,Going Straight Ahead,Failed To Yield Right Of Way,No Apparent Influence,No Apparent Influence,27.0,Male,East,Going Straight Ahead,No Improper Action,No Apparent Influence,No Apparent Influence,33.33461696,-111.9427536,2022-12-02,21:41:00
4013949,2022,Baseline Rd,La Rosa Dr,-150.0,Driveway Or Alley,0.0,0.0,No Injury,Angle - Other Than Left Turn 2,Daylight,Clear,Dry,40.0,Male,Northwest,Making Left Turn,Failed To Yield Right Of Way,No Apparent Influence,No Apparent Influence,51.0,Male,East,Going Straight Ahead,No Improper Action,No Apparent Influence,No Apparent Influence,33.37824099,-111.9317034,2022-12-02,22:38:00
4013824,2022,Scottsdale Rd,Concord Blvd,0.0,Intersection T Inter 203,2.0,0.0,Possible Injury,Angle - Other Than Left Turn 2,Daylight,Clear,Dry,53.0,Female,East,Making Left Turn,Failed To Yield Right Of Way,No Apparent Influence,No Apparent Influence,22.0,Male,South,Going Straight Ahead,No Improper Action,No Apparent Influence,No Apparent Influence,33.4566828,-111.9263855,2022-12-02,22:49:00
4013800,2022,Rural Rd,Cornell Dr,86.0,Intersection Related 206,1.0,0.0,Possible Injury,Rear End,Dark Lighted,Clear,Dry,78.0,Male,South,Going Straight Ahead,Followed Too Closely,No Apparent Influence,No Apparent Influence,41.0,Male,South,Stopped In Trafficway,No Improper Action,No Apparent Influence,No Apparent Influence,33.37234911,-111.9286577,2022-12-03,00:21:00
4015576,2022,McClintock Dr,Alameda Dr,-60.0,Not Junction Related,0.0,0.0,No Injury,Rear End,Dark Lighted,Clear,Dry,63.0,Male,South,Going Straight Ahead,Followed Too Closely,No Apparent Influence,No Apparent Influence,59.0,Male,South,Stopped In Trafficway,No Improper Action,No Apparent Influence,No Apparent Influence,33.39998422,-111.9091315,2022-12-03,00:39:00
4009636,2022,Rural Rd,Broadway Rd,100.0,Intersection Related 206,1.0,0.0,Suspected Minor Injury,Left Turn,Dark Lighted,Clear,Dry,21.0,Male,South,Making Left Turn,Made Improper Turn,No Apparent Influence,No Apparent Influence,21.0,Male,South,Going Straight Ahead,No Improper Action,No Apparent Influence,No Apparent Influence,33.40777656,-111.926283,2022-12-03,01:12:00
4013801,2022,University Dr,Hohokam Dr,0.0,Intersection T Inter 203,1.0,0.0,Suspected Serious Injury,Angle - Other Than Left Turn 2,Dark Lighted,Clear,Dry,18.0,Male,East,Going Straight Ahead,Exceeded Lawful Speed,No Apparent Influence,No Apparent Influence,30.0,Male,North,Making Left Turn,No Improper Action,No Apparent Influence,No Apparent Influence,33.42193125,-111.9718008,2022-12-03,01:33:00
4015542,2022,McClintock Dr,Rio Salado Pkwy,0.0,Intersection 4 Way 202,0.0,0.0,No Injury,Left Turn,Dark Lighted,Unknown,Dry,21.0,Female,South,Going Straight Ahead,Disregarded Traffic Signal,No Apparent Influence,No Apparent Influence,22.0,Male,North,Making Left Turn,No Improper Action,No Apparent Influence,No Apparent Influence,33.4292626,-111.9090694,2022-12-03,05:50:00
4013932,2022,Broadway Rd,52nd St,0.0,Intersection 4 Way 202,0.0,0.0,No Injury,Left Turn,Dark Lighted,Clear,Dry,29.0,Male,East,Making Left Turn,Failed To Yield Right Of Way,No Apparent Influence,No Apparent Influence,36.0,Male,West,Going Straight Ahead,No Improper Action,No Apparent Influence,No Apparent Influence,33.40924596,-111.9695349,2022-12-03,13:01:00
4011333,2022,Mill Ave,Broadway Rd,0.0,Intersection 4 Way 202,0.0,0.0,No Injury,Sideswipe Same Direction,Daylight,Rain,Wet,33.0,Female,North,Making Left Turn,Unknown,No Apparent Influence,No Apparent Influence,22.0,Male,North,Making Left Turn,Unknown,No Apparent Influence,No Apparent Influence,33.407398,-111.9398263,2022-12-03,20:12:00
4047257,2022,SR-101 Cardinal Frontage,Baseline Rd,0.0,Intersection 4 Way 202,0.0,0.0,No Injury,Angle - Other Than Left Turn 2,Daylight,Rain,Wet,60.0,Female,East,Going Straight Ahead,Unknown,No Apparent Influence,No Apparent Influence,47.0,Male,North,Going Straight Ahead,Unknown,No Apparent Influence,No Apparent Influence,33.37845534,-111.8936163,2022-12-03,21:37:00
4013736,2022,Priest Dr,Arizona Mills Access E,140.0,Not Junction Related,0.0,0.0,No Injury,Rear End,Daylight,Rain,Wet,20.0,Female,South,Going Straight Ahead,Speed To Fast For Conditions,No Apparent Influence,No Apparent Influence,33.0,Male,South,Stopped In Trafficway,No Improper Action,No Apparent Influence,No Apparent Influence,33.38505039,-111.9609352,2022-12-03,23:25:00
4009630,2022,Rita Ln,Elliot Rd,0.0,Intersection 201,0.0,0.0,No Injury,Angle - Other Than Left Turn 2,Dark Lighted,Rain,Wet,16.0,Male,South,Making Right Turn,Failed To Yield Right Of Way,No Apparent Influence,No Apparent Influence,18.0,Male,West,Going Straight Ahead,No Improper Action,No Apparent Influence,No Apparent Influence,33.34916658,-111.9243599,2022-12-04,00:35:00
4014417,2022,McClintock Dr,SR-202 Exit 8 J-Ramp,0.0,Intersection 4 Way 202,0.0,0.0,No Injury,Left Turn,Dusk,Rain,Dry,48.0,Female,North,Making Left Turn,Failed To Yield Right Of Way,No Apparent Influence,No Apparent Influence,20.0,Male,South,Going Straight Ahead,No Improper Action,No Apparent Influence,No Apparent Influence,33.43662129,-111.9096218,2022-12-04,00:36:00
4011813,2022,Elliot Rd,Kyrene Rd,-25.0,Intersection Related 206,0.0,0.0,No Injury,Rear End,Dark Lighted,Rain,Wet,53.0,Male,East,Going Straight Ahead,Speed To Fast For Conditions,Alcohol,No Apparent Influence,16.0,Female,East,Stopped In Trafficway,No Improper Action,No Apparent Influence,No Apparent Influence,33.34919866,-111.9458165,2022-12-04,02:01:00
4011917,2022,Ash Ave,University Dr,-95.0,Driveway Or Alley,0.0,0.0,No Injury,Other,Dark Lighted,Clear,Dry,19.0,Male,North,Backing,Other,No Apparent Influence,No Apparent Influence,34.0,Male,West,Making Right Turn,No Improper Action,No Apparent Influence,No Apparent Influence,33.42167114,-111.9423952,2022-12-04,02:53:00
4013836,2022,University Dr,Rural Rd,78.0,Intersection Related 206,0.0,0.0,No Injury,Rear End,Daylight,Cloudy,Dry,58.0,Male,West,Making Right Turn,Speed To Fast For Conditions,No Apparent Influence,No Apparent Influence,20.0,Male,West,Making Right Turn,No Improper Action,No Apparent Influence,No Apparent Influence,33.42202837,-111.9260569,2022-12-04,21:22:00
4017698,2022,McClintock Dr,Alameda Dr,195.0,Intersection Related 206,0.0,0.0,No Injury,Sideswipe Same Direction,Daylight,Clear,Dry,60.0,Female,North,Going Straight Ahead,Failed To Keep In Proper Lane,No Apparent Influence,No Apparent Influence,43.0,Male,North,Going Straight Ahead,No Improper Action,No Apparent Influence,No Apparent Influence,33.40068495,-111.9091312,2022-12-04,23:29:00
4015673,2022,McClintock Dr,E Tempe Marketplace,-25.0,Intersection Related 206,0.0,0.0,No Injury,Rear End,Dark Lighted,Clear,Dry,71.0,Female,North,Going Straight Ahead,Speed To Fast For Conditions,No Apparent Influence,No Apparent Influence,40.0,Male,North,Stopped In Trafficway,No Improper Action,No Apparent Influence,No Apparent Influence,33.43201588,-111.9092759,2022-12-05,06:06:00
4013777,2022,Baseline Rd,Wendler Dr,-90.0,Intersection Related 206,0.0,0.0,No Injury,Sideswipe Same Direction,Dark Lighted,Unknown,Dry,33.0,Male,West,Changing Lanes,Unsafe Lane Change,No Apparent Influence,No Apparent Influence,43.0,Female,West,Going Straight Ahead,No Improper Action,No Apparent Influence,No Apparent Influence,33.37825232,-111.9700802,2022-12-05,13:41:00
4015571,2022,Scottsdale Rd,Playa Del Norte Dr,-80.0,Intersection Related 206,2.0,0.0,Suspected Minor Injury,Sideswipe Same Direction,Daylight,Fog Smog Smoke,Dry,47.0,Male,North,Going Straight Ahead,Other,No Apparent Influence,No Apparent Influence,39.0,Male,North,Slowing In Trafficway,No Improper Action,No Apparent Influence,No Apparent Influence,33.43381481,-111.9262646,2022-12-05,14:51:00
4047682,2022,River Dr,Broadway Rd,-200.0,Driveway Or Alley,0.0,0.0,No Injury,Left Turn,Daylight,Cloudy,Dry,26.0,Female,East,Going Straight Ahead,Failed To Yield Right Of Way,No Apparent Influence,No Apparent Influence,33.0,Female,South,Going Straight Ahead,No Improper Action,No Apparent Influence,No Apparent Influence,33.4069461,-111.897746,2022-12-05,14:58:00
4023306,2022,Scottsdale Rd,McKellips Rd,0.0,Intersection 4 Way 202,0.0,0.0,No Injury,Angle - Other Than Left Turn 2,Daylight,Clear,Dry,81.0,Female,Southwest,Making Right Turn,Failed To Yield Right Of Way,No Apparent Influence,No Apparent Influence,56.0,Female,South,Going Straight Ahead,No Improper Action,No Apparent Influence,No Apparent Influence,33.45124082,-111.9264677,2022-12-05,16:24:00
3980113,2022,Baseline Rd,Price Rd,0.0,Intersection 4 Way 202,0.0,0.0,No Injury,Angle - Other Than Left Turn 2,Daylight,Cloudy,Dry,31.0,Male,East,Going Straight Ahead,Disregarded Traffic Signal,No Apparent Influence,No Apparent Influence,44.0,Female,North,Making Left Turn,No Improper Action,No Apparent Influence,No Apparent Influence,33.37845534,-111.8936163,2022-12-05,17:18:00
4011336,2022,Baseline Rd,Lakeshore Dr,152.0,Not Junction Related,0.0,0.0,No Injury,Rear End,Daylight,Cloudy,Dry,68.0,Male,East,Going Straight Ahead,Speed To Fast For Conditions,No Apparent Influence,No Apparent Influence,23.0,Female,East,Going Straight Ahead,No Improper Action,No Apparent Influence,No Apparent Influence,33.37832787,-111.920005,2022-12-05,17:56:00
4013715,2022,Rural Rd,Rio Salado Pkwy,-132.0,Intersection Related 206,0.0,0.0,No Injury,Sideswipe Same Direction,Daylight,Clear,Dry,22.0,Female,North,Changing Lanes,Unsafe Lane Change,No Apparent Influence,No Apparent Influence,54.0,Female,North,Making Right Turn,No Improper Action,No Apparent Influence,No Apparent Influence,33.4284857,-111.9262902,2022-12-05,19:46:00
3981937,2022,I-10 Exit 155 G-Ramp,Unknown,0.0,Entrance Exit Ramp 205,0.0,0.0,No Injury,Sideswipe Same Direction,Dark Lighted,Clear,Dry,32.0,Male,East,Making Right Turn,Failed To Keep In Proper Lane,No Apparent Influence,No Apparent Influence,25.0,Male,East,Going Straight Ahead,No Improper Action,No Apparent Influence,No Apparent Influence,33.37809042,-111.9686468,2022-12-06,02:16:00
4017695,2022,Broadway Rd,Cutler Dr,-44.0,Intersection Related 206,0.0,0.0,No Injury,Sideswipe Same Direction,Dark Lighted,Clear,Dry,18.0,Female,East,Changing Lanes,Unsafe Lane Change,No Apparent Influence,No Apparent Influence,60.0,Female,East,Going Straight Ahead,No Improper Action,No Apparent Influence,No Apparent Influence,33.40741339,-111.9585146,2022-12-06,02:44:00
4011378,2022,Southshore Dr,Lakeshore Dr,0.0,Intersection 4 Way 202,0.0,0.0,No Injury,Angle - Other Than Left Turn 2,Dark Lighted,Clear,Dry,41.0,Male,East,Making Left Turn,Unknown,No Apparent Influence,No Apparent Influence,44.0,Male,South,Going Straight Ahead,Unknown,No Apparent Influence,No Apparent Influence,33.37122376,-111.9199695,2022-12-06,03:21:00
4014533,2022,Rural Rd,Lemon St,-110.0,Intersection Related 206,0.0,0.0,No Injury,Sideswipe Same Direction,Daylight,Cloudy,Dry,29.0,Male,North,Changing Lanes,Unsafe Lane Change,No Apparent Influence,No Apparent Influence,20.0,Male,North,Going Straight Ahead,No Improper Action,No Apparent Influence,No Apparent Influence,33.41653273,-111.9262972,2022-12-06,16:39:00
4013837,2022,Mill Ave,Ash Ave,150.0,Not Junction Related,0.0,0.0,No Injury,Rear End,Daylight,Cloudy,Dry,49.0,Male,South,Going Straight Ahead,Speed To Fast For Conditions,No Apparent Influence,No Apparent Influence,48.0,Male,South,Stopped In Trafficway,No Improper Action,No Apparent Influence,No Apparent Influence,33.38369532,-111.9394671,2022-12-06,16:59:00
4014493,2022,McClintock Dr,SR-202 Exit 8 J-Ramp,0.0,Intersection T Inter 203,0.0,0.0,No Injury,Left Turn,Daylight,Cloudy,Dry,46.0,Male,North,Making Left Turn,Failed To Yield Right Of Way,No Apparent Influence,No Apparent Influence,25.0,Female,South,Going Straight Ahead,No Improper Action,No Apparent Influence,No Apparent Influence,33.43662129,-111.9096218,2022-12-06,17:02:00
4015578,2022,Priest Dr,SR-202 Exit 5 A-Ramp,-63.0,Intersection 4 Way 202,1.0,0.0,Possible Injury,Rear End,Daylight,Clear,Dry,21.0,Female,North,Going Straight Ahead,Speed To Fast For Conditions,No Apparent Influence,No Apparent Influence,49.0,Female,North,Stopped In Trafficway,No Improper Action,No Apparent Influence,No Apparent Influence,33.43697458,-111.9609511,2022-12-06,22:17:00
4012807,2022,Broadway Rd,Price Rd,90.0,Intersection Related 206,0.0,0.0,No Injury,Rear End,Daylight,Clear,Dry,63.0,Male,West,Making Right Turn,Speed To Fast For Conditions,No Apparent Influence,No Apparent Influence,29.0,Male,West,Making Right Turn,No Improper Action,No Apparent Influence,No Apparent Influence,33.40748327,-111.8900402,2022-12-06,22:21:00
4013903,2022,Scottsdale Rd,Curry Rd,0.0,Intersection 4 Way 202,0.0,0.0,No Injury,Rear End,Dark Lighted,Clear,Dry,23.0,Male,South,Going Straight Ahead,Followed Too Closely,No Apparent Influence,No Apparent Influence,23.0,Male,South,Stopped In Trafficway,No Improper Action,No Apparent Influence,No Apparent Influence,33.44029348,-111.9263369,2022-12-07,00:22:00
4013896,2022,Baseline Rd,I-10 Exit 155 C2-Ramp,0.0,Intersection 4 Way 202,1.0,0.0,Possible Injury,Angle - Other Than Left Turn 2,Daylight,Clear,Dry,21.0,Male,North,Making Right Turn,Made Improper Turn,No Apparent Influence,No Apparent Influence,33.0,Female,North,Making Right Turn,No Improper Action,No Apparent Influence,No Apparent Influence,33.37829922,-111.9673788,2022-12-07,17:14:00
4015515,2022,Broadway Rd,Hardy Dr,-112.0,Intersection Related 206,1.0,0.0,Possible Injury,Rear End,Daylight,Clear,Dry,40.0,Female,East,Going Straight Ahead,Speed To Fast For Conditions,No Apparent Influence,No Apparent Influence,54.0,Male,East,Stopped In Trafficway,No Improper Action,No Apparent Influence,No Apparent Influence,33.40739483,-111.9525319,2022-12-07,23:00:00
4015619,2022,Jewell St,Warner Rd,0.0,Intersection T Inter 203,1.0,0.0,Suspected Serious Injury,Left Turn,Daylight,Clear,Dry,24.0,Male,East,Making Left Turn,Failed To Yield Right Of Way,No Apparent Influence,No Apparent Influence,26.0,Male,West,Going Straight Ahead,No Improper Action,No Apparent Influence,No Apparent Influence,33.3345274,-111.9682957,2022-12-07,23:09:00
4015580,2022,Elliot Rd,I-10 Exit 157 C-Ramp,5.0,Entrance Exit Ramp 205,2.0,0.0,Possible Injury,Rear End,Dark Lighted,Clear,Dry,38.0,Female,North,Making Right Turn,Speed To Fast For Conditions,No Apparent Influence,No Apparent Influence,21.0,Female,North,Making Right Turn,No Improper Action,No Apparent Influence,No Apparent Influence,33.34909543,-111.9709212,2022-12-07,23:47:00
4013895,2022,Rural Rd,Baseline Rd,0.0,Intersection 4 Way 202,0.0,0.0,No Injury,Left Turn,Dark Lighted,Clear,Dry,27.0,Male,South,Making Left Turn,Unknown,No Apparent Influence,No Apparent Influence,26.0,Male,North,Going Straight Ahead,Unknown,No Apparent Influence,No Apparent Influence,33.37824921,-111.9286868,2022-12-08,02:54:00
4014897,2022,Baseline Rd,Calle Los Cerros,15.0,Intersection Related 206,0.0,0.0,No Injury,Left Turn,Daylight,Clear,Dry,84.0,Male,South,Making Left Turn,Failed To Yield Right Of Way,No Apparent Influence,No Apparent Influence,54.0,Male,East,Going Straight Ahead,Unknown,No Apparent Influence,No Apparent Influence,33.37821145,-111.9740393,2022-12-08,15:19:00
4014994,2022,Rio Salado Pkwy,Mill Ave,70.0,Intersection Related 206,0.0,0.0,No Injury,U Turn,Daylight,Clear,Unknown,28.0,Male,West,Making U Turn,Speed To Fast For Conditions,No Apparent Influence,No Apparent Influence,23.0,Female,West,Stopped In Trafficway,No Improper Action,No Apparent Influence,No Apparent Influence,33.42964846,-111.9398212,2022-12-08,16:38:00
4013891,2022,Rural Rd,University Dr,-25.0,Intersection Related 206,0.0,0.0,No Injury,Rear End,Daylight,Clear,Dry,29.0,Male,North,Going Straight Ahead,Speed To Fast For Conditions,No Apparent Influence,No Apparent Influence,19.0,Male,North,Slowing In Trafficway,No Improper Action,No Apparent Influence,No Apparent Influence,33.42196048,-111.9263123,2022-12-08,20:50:00
4013889,2022,University Dr,Ash Ave,73.0,Intersection Related 206,0.0,0.0,No Injury,Rear End,Daylight,Clear,Dry,21.0,Female,West,Going Straight Ahead,Speed To Fast For Conditions,No Apparent Influence,No Apparent Influence,57.0,Male,West,Stopped In Trafficway,No Improper Action,No Apparent Influence,No Apparent Influence,33.4219322,-111.9421606,2022-12-08,21:57:00
4013947,2022,McClintock Dr,E Tempe Marketplace,-15.0,Intersection Related 206,0.0,0.0,No Injury,Rear End,Daylight,Clear,Dry,41.0,Male,North,Going Straight Ahead,Followed Too Closely,No Apparent Influence,No Apparent Influence,41.0,Male,North,Stopped In Trafficway,No Improper Action,No Apparent Influence,No Apparent Influence,33.4320432,-111.9092781,2022-12-08,22:25:00
4013988,2022,Broadway Rd,Terrace Rd,0.0,Intersection 4 Way 202,1.0,0.0,Possible Injury,Left Turn,Daylight,Clear,Dry,55.0,Male,East,Making Left Turn,Failed To Yield Right Of Way,No Apparent Influence,No Apparent Influence,22.0,Female,West,Going Straight Ahead,No Improper Action,No Apparent Influence,No Apparent Influence,33.40751129,-111.9226148,2022-12-09,00:07:00
3980460,2022,Guadalupe Rd,SR-101 Cardinal Frontage,0.0,Intersection Related 206,0.0,0.0,No Injury,Head On,Dark Lighted,Clear,Dry,21.0,Female,South,Making Left Turn,Drove Left Of Center Line,No Apparent Influence,No Apparent Influence,26.0,Male,West,Stopped In Trafficway,No Improper Action,No Apparent Influence,No Apparent Influence,33.36389129,-111.8946674,2022-12-09,01:19:00
4015514,2022,McClintock Dr,SR-202 Exit 8 J-Ramp,0.0,Intersection T Inter 203,0.0,0.0,No Injury,Left Turn,Dark Lighted,Clear,Dry,33.0,Male,North,Making Left Turn,Failed To Yield Right Of Way,No Apparent Influence,No Apparent Influence,25.0,Male,South,Going Straight Ahead,Unknown,No Apparent Influence,No Apparent Influence,33.43662129,-111.9096218,2022-12-09,02:06:00
4014432,2022,McClintock Dr,La Vieve Ln,0.0,Intersection 4 Way 202,0.0,0.0,No Injury,Angle - Other Than Left Turn 2,Daylight,Clear,Dry,16.0,Female,West,Making Left Turn,Failed To Yield Right Of Way,No Apparent Influence,No Apparent Influence,25.0,Female,North,Going Straight Ahead,No Improper Action,No Apparent Influence,No Apparent Influence,33.3314647,-111.9111649,2022-12-09,14:10:00
4013985,2022,Apache Blvd,Rural Rd,144.0,Not Junction Related,0.0,0.0,No Injury,Sideswipe Same Direction,Daylight,Clear,Dry,56.0,Male,West,Going Straight Ahead,Failed To Keep In Proper Lane,No Apparent Influence,No Apparent Influence,54.0,Male,West,Going Straight Ahead,No Improper Action,No Apparent Influence,No Apparent Influence,33.41476024,-111.9258211,2022-12-09,14:55:00
4014929,2022,48th St,Westcourt Way,-71.0,Intersection Related 206,2.0,0.0,Suspected Serious Injury,Head On,Daylight,Clear,Dry,23.0,Male,South,Going Straight Ahead,Drove Left Of Center Line,Alcohol,No Apparent Influence,44.0,Male,North,Stopped In Trafficway,No Improper Action,No Apparent Influence,No Apparent Influence,33.40333749,-111.9783078,2022-12-09,15:51:00
4014931,2022,Baseline Rd,Hardy Dr,-99.0,Intersection Related 206,0.0,0.0,No Injury,Sideswipe Same Direction,Daylight,Clear,Dry,55.0,Male,West,Changing Lanes,Unsafe Lane Change,Alcohol,No Apparent Influence,33.0,Female,West,Going Straight Ahead,No Improper Action,No Apparent Influence,No Apparent Influence,33.37821536,-111.9528368,2022-12-09,22:39:00
4015519,2022,Broadway Rd,McClintock Dr,-150.0,Driveway Or Alley,2.0,0.0,Suspected Minor Injury,Rear End,Daylight,Clear,Dry,31.0,Male,West,Going Straight Ahead,Followed Too Closely,No Apparent Influence,No Apparent Influence,49.0,Female,West,Slowing In Trafficway,No Improper Action,No Apparent Influence,No Apparent Influence,33.40750025,-111.9096165,2022-12-09,23:50:00
4014979,2022,Southern Ave,Kyrene Rd,85.0,Intersection Related 206,1.0,0.0,Possible Injury,Sideswipe Same Direction,Daylight,Clear,Dry,52.0,Female,East,Going Straight Ahead,Unknown,No Apparent Influence,No Apparent Influence,27.0,Male,East,Going Straight Ahead,Unknown,No Apparent Influence,No Apparent Influence,33.39283682,-111.9434063,2022-12-09,23:51:00
4013969,2022,Scottsdale Rd,Playa Del Norte Dr,-78.0,Intersection Related 206,0.0,0.0,No Injury,Rear End,Daylight,Clear,Dry,21.0,Male,North,Going Straight Ahead,Followed Too Closely,No Apparent Influence,No Apparent Influence,29.0,Male,North,Stopped In Trafficway,No Improper Action,No Apparent Influence,No Apparent Influence,33.4338203,-111.9262646,2022-12-10,01:18:00
4015056,2022,Rio Salado Pkwy,Packard Dr,0.0,Intersection 4 Way 202,0.0,0.0,No Injury,Sideswipe Same Direction,Dark Lighted,Clear,Dry,47.0,Male,West,Making Left Turn,Failed To Keep In Proper Lane,No Apparent Influence,No Apparent Influence,42.0,Male,West,Going Straight Ahead,No Improper Action,No Apparent Influence,No Apparent Influence,33.42872637,-111.9292906,2022-12-10,01:23:00
4011356,2022,Dorsey Ln,Broadway Rd,-25.0,Intersection Related 206,0.0,0.0,No Injury,Rear End,Dark Not Lighted,Clear,Dry,22.0,Male,North,Going Straight Ahead,Speed To Fast For Conditions,Alcohol,No Apparent Influence,43.0,Male,North,Going Straight Ahead,No Improper Action,No Apparent Influence,No Apparent Influence,33.40743692,-111.9176972,2022-12-10,10:39:00